pheno_id	in_vcf_spelling
FC001547	FC1547
FC002108	FC2108
FC002109	FC2109
FC003548	FC3548
FC003609	FC3609
FC003654-1	FC3654-1
FC003654N	FC3654N
FC003659	FC3659
FC003981	FC3981
FC004002B	FC4002B
FC004002N	FC4002N
FC004007A	FC4007A
FC004007B	FC4007B
FC019976	FC19976
FC019976-1	FC19976-1
FC019976-2	FC19976-2
FC019979-1	FC19979-1
FC019979-2	FC19979-2
FC019979-3	FC19979-3
FC019979-4	FC19979-4
FC019979-5	FC19979-5
FC019979-6	FC19979-6
FC019979-7	FC19979-7
FC021340	FC21340
FC029219	FC29219
FC029333	FC29333
FC030233	FC30233
FC030265	FC30265
FC030267	FC30267
FC030282	FC30282
FC030683	FC30683
FC030684	FC30684
FC030685	FC30685
FC030687	FC30687
FC030689	FC30689
FC030691	FC30691
FC030692	FC30692
FC030694	FC30694
FC030967	FC30967
FC031122	FC31122
FC031408	FC31408
FC031409	FC31409
FC031416	FC31416
FC031557	FC31557
FC031571	FC31571
FC031572	FC31572
FC031572-3	FC31572-3
FC031579	FC31579
FC031592	FC31592
FC031622	FC31622
FC031630	FC31630
FC031649	FC31649
FC031665	FC31665
FC031676	FC31676
FC031677	FC31677
FC031678	FC31678
FC031683	FC31683
FC031684	FC31684
FC031685	FC31685
FC031689	FC31689
FC031697	FC31697
FC031700	FC31700
FC031702	FC31702
FC031707	FC31707
FC031709	FC31709
FC031715	FC31715
FC031719	FC31719
FC031721	FC31721
FC031731	FC31731
FC031732	FC31732
FC031737	FC31737
FC031744	FC31744
FC031745	FC31745
FC031750	FC31750
FC031918	FC31918
FC031919	FC31919
FC031921	FC31921
FC031927	FC31927
FC031933	FC31933
FC031934	FC31934
FC031935	FC31935
FC031943	FC31943
FC031946	FC31946
FC031952	FC31952
FC032033	FC32033
FC032141	FC32141
FC032175	FC32175
FC032176	FC32176
FC033123	FC33123
FC033243	FC33243
FC033243-1	FC33243-1
FC033243-2	FC33243-2
PI019986	PI19986
PI030594	PI30594
PI030599	PI30599
PI030600	PI30600
PI036653	PI36653
PI036906	PI36906
PI047131	PI47131
PI054583	PI54583
PI054591	PI54591
PI054592	PI54592
PI054600	PI54600
PI054604	PI54604
PI054606-1	PI54606-1
PI054606-2	PI54606-2
PI054607	PI54607
PI054608	PI54608
PI054608-1	PI54608-1
PI054608-2	PI54608-2
PI054608-3	PI54608-3
PI054608-4	PI54608-4
PI054608-5	PI54608-5
PI054609	PI54609
PI054610	PI54610
PI054610-1	PI54610-1
PI054610-4	PI54610-4
PI054613	PI54613
PI054614	PI54614
PI054615	PI54615
PI054615-1	PI54615-1
PI054615-2	PI54615-2
PI054617	PI54617
PI054618	PI54618
PI054619	PI54619
PI054620	PI54620
PI054620-2	PI54620-2
PI054809	PI54809
PI054818	PI54818
PI054834	PI54834
PI054853	PI54853
PI054854	PI54854
PI054855	PI54855
PI054857	PI54857
PI054859	PI54859
PI054862	PI54862
PI054865	PI54865
PI054873	PI54873
PI055089	PI55089
PI055089-1	PI55089-1
PI055887	PI55887
PI056563	PI56563
PI057334	PI57334
PI058955	PI58955
PI059845	PI59845
PI059849	PI59849
PI060269	PI60269
PI060269-2	PI60269-2
PI060272	PI60272
PI060273	PI60273
PI060279	PI60279
PI060296	PI60296
PI060296-1	PI60296-1
PI060296-2	PI60296-2
PI060970	PI60970
PI061940	PI61940
PI061944	PI61944
PI061947	PI61947
PI062199	PI62199
PI062202	PI62202
PI062202-2	PI62202-2
PI062203	PI62203
PI062204	PI62204
PI062248	PI62248
PI062483	PI62483
PI063271	PI63271
PI063468	PI63468
PI063945	PI63945
PI064698	PI64698
PI064747	PI64747
PI065338	PI65338
PI065341	PI65341
PI065342	PI65342
PI065346	PI65346
PI065354	PI65354
PI065379	PI65379
PI065388	PI65388
PI068011	PI68011
PI068398	PI68398
PI068410	PI68410
PI068421	PI68421
PI068423	PI68423
PI068427	PI68427
PI068430	PI68430
PI068436	PI68436
PI068439	PI68439
PI068443	PI68443
PI068446	PI68446
PI068448	PI68448
PI068449	PI68449
PI068454	PI68454
PI068455	PI68455
PI068457	PI68457
PI068457-1	PI68457-1
PI068461	PI68461
PI068461-1	PI68461-1
PI068465	PI68465
PI068465-1	PI68465-1
PI068466	PI68466
PI068470	PI68470
PI068474	PI68474
PI068474-2	PI68474-2
PI068475	PI68475
PI068475-1	PI68475-1
PI068479	PI68479
PI068479-1	PI68479-1
PI068480	PI68480
PI068481	PI68481
PI068483	PI68483
PI068484-1	PI68484-1
PI068484-4	PI68484-4
PI068488	PI68488
PI068494	PI68494
PI068500	PI68500
PI068503	PI68503
PI068508	PI68508
PI068516	PI68516
PI068521	PI68521
PI068521-1	PI68521-1
PI068522	PI68522
PI068523	PI68523
PI068526	PI68526
PI068528	PI68528
PI068530	PI68530
PI068530-2	PI68530-2
PI068533-1	PI68533-1
PI068533-2	PI68533-2
PI068535	PI68535
PI068543	PI68543
PI068551-2	PI68551-2
PI068551-3	PI68551-3
PI068554	PI68554
PI068555	PI68555
PI068560	PI68560
PI068562	PI68562
PI068564	PI68564
PI068572	PI68572
PI068576	PI68576
PI068585	PI68585
PI068586	PI68586
PI068587	PI68587
PI068598	PI68598
PI068599	PI68599
PI068600	PI68600
PI068604-1	PI68604-1
PI068604-2	PI68604-2
PI068609A	PI68609A
PI068609B	PI68609B
PI068610	PI68610
PI068621	PI68621
PI068622	PI68622
PI068627	PI68627
PI068629	PI68629
PI068639	PI68639
PI068642	PI68642
PI068644	PI68644
PI068648	PI68648
PI068655	PI68655
PI068658	PI68658
PI068661	PI68661
PI068663	PI68663
PI068666	PI68666
PI068670-1	PI68670-1
PI068670-2	PI68670-2
PI068671	PI68671
PI068676	PI68676
PI068679	PI68679
PI068679-2	PI68679-2
PI068680	PI68680
PI068680-2	PI68680-2
PI068683	PI68683
PI068685	PI68685
PI068687	PI68687
PI068692	PI68692
PI068692-2	PI68692-2
PI068694	PI68694
PI068696	PI68696
PI068701	PI68701
PI068704	PI68704
PI068706	PI68706
PI068708	PI68708
PI068709	PI68709
PI068710	PI68710
PI068712	PI68712
PI068713	PI68713
PI068715	PI68715
PI068718	PI68718
PI068722	PI68722
PI068725	PI68725
PI068728	PI68728
PI068729	PI68729
PI068731	PI68731
PI068732	PI68732
PI068732-1	PI68732-1
PI068736	PI68736
PI068741	PI68741
PI068746	PI68746
PI068748	PI68748
PI068748-1	PI68748-1
PI068756	PI68756
PI068759	PI68759
PI068761	PI68761
PI068761-3	PI68761-3
PI068762	PI68762
PI068763	PI68763
PI068765	PI68765
PI068768	PI68768
PI068770	PI68770
PI068778	PI68778
PI068788	PI68788
PI068795	PI68795
PI068806	PI68806
PI068815	PI68815
PI069500	PI69500
PI069501	PI69501
PI069503	PI69503
PI069507	PI69507
PI069507-1	PI69507-1
PI069512	PI69512
PI069515	PI69515
PI069532	PI69532
PI069533	PI69533
PI069991	PI69991
PI069992	PI69992
PI069993	PI69993
PI069995	PI69995
PI069996	PI69996
PI070001	PI70001
PI070009	PI70009
PI070013	PI70013
PI070014	PI70014
PI070016	PI70016
PI070017	PI70017
PI070019	PI70019
PI070021	PI70021
PI070023	PI70023
PI070027	PI70027
PI070036	PI70036
PI070076	PI70076
PI070077	PI70077
PI070078	PI70078
PI070080	PI70080
PI070084	PI70084
PI070087	PI70087
PI070089	PI70089
PI070091	PI70091
PI070188	PI70188
PI070189	PI70189
PI070192	PI70192
PI070197	PI70197
PI070199	PI70199
PI070201	PI70201
PI070202	PI70202
PI070208	PI70208
PI070212	PI70212
PI070213	PI70213
PI070224	PI70224
PI070228	PI70228
PI070229	PI70229
PI070241	PI70241
PI070242	PI70242
PI070242-2	PI70242-2
PI070242-4	PI70242-4
PI070243	PI70243
PI070247	PI70247
PI070251	PI70251
PI070253	PI70253
PI070453	PI70453
PI070456	PI70456
PI070457	PI70457
PI070458	PI70458
PI070459	PI70459
PI070460	PI70460
PI070461	PI70461
PI070462	PI70462
PI070463	PI70463
PI070466-3	PI70466-3
PI070466-4	PI70466-4
PI070467	PI70467
PI070469	PI70469
PI070469-1	PI70469-1
PI070470	PI70470
PI070471	PI70471
PI070473	PI70473
PI070473-1	PI70473-1
PI070476	PI70476
PI070478	PI70478
PI070485	PI70485
PI070490	PI70490
PI070495	PI70495
PI070500	PI70500
PI070501	PI70501
PI070503	PI70503
PI070507	PI70507
PI070515	PI70515
PI070516	PI70516
PI070519	PI70519
PI070520	PI70520
PI070528	PI70528
PI070541	PI70541
PI070559	PI70559
PI070561	PI70561
PI070566	PI70566
PI071161	PI71161
PI071444	PI71444
PI071461	PI71461
PI071463	PI71463
PI071465	PI71465
PI071506	PI71506
PI071558	PI71558
PI071564	PI71564
PI071570	PI71570
PI071667	PI71667
PI071677	PI71677
PI071845	PI71845
PI071850	PI71850
PI071850-1	PI71850-1
PI072227	PI72227
PI072232	PI72232
PI072328	PI72328
PI072337	PI72337
PI072341	PI72341
PI072342	PI72342
PI073583	PI73583
PI073585	PI73585
PI073587	PI73587
PI073772	PI73772
PI073780	PI73780
PI078242	PI78242
PI078243	PI78243
PI079583	PI79583
PI079586	PI79586
PI079587	PI79587
PI079593	PI79593
PI079596	PI79596
PI079602	PI79602
PI079609	PI79609
PI079610	PI79610
PI079613	PI79613
PI079616	PI79616
PI079617	PI79617
PI079620	PI79620
PI079627	PI79627
PI079628	PI79628
PI079645	PI79645
PI079648	PI79648
PI079691	PI79691
PI079691-4	PI79691-4
PI079692	PI79692
PI079693	PI79693
PI079694	PI79694
PI079695	PI79695
PI079696	PI79696
PI079699	PI79699
PI079703	PI79703
PI079710	PI79710
PI079712	PI79712
PI079726	PI79726
PI079727	PI79727
PI079732-3	PI79732-3
PI079732-4	PI79732-4
PI079737	PI79737
PI079739	PI79739
PI079743	PI79743
PI079745	PI79745
PI079746	PI79746
PI079747	PI79747
PI079756	PI79756
PI079760	PI79760
PI079761	PI79761
PI079773	PI79773
PI079797	PI79797
PI079825	PI79825
PI079825-1	PI79825-1
PI079832	PI79832
PI079835	PI79835
PI079846	PI79846
PI079848	PI79848
PI079848-1	PI79848-1
PI079861	PI79861
PI079862	PI79862
PI079862-1	PI79862-1
PI079863	PI79863
PI079870-1	PI79870-1
PI079870-2	PI79870-2
PI079870-4	PI79870-4
PI079870-6	PI79870-6
PI079872	PI79872
PI079874	PI79874
PI079874-1	PI79874-1
PI079885	PI79885
PI080459	PI80459
PI080461	PI80461
PI080466	PI80466
PI080466-1	PI80466-1
PI080466-2	PI80466-2
PI080468	PI80468
PI080469	PI80469
PI080470	PI80470
PI080471	PI80471
PI080471-1	PI80471-1
PI080473	PI80473
PI080476	PI80476
PI080479	PI80479
PI080480	PI80480
PI080481	PI80481
PI080485	PI80485
PI080488	PI80488
PI080488-1	PI80488-1
PI080494	PI80494
PI080498	PI80498
PI080498-1	PI80498-1
PI080536	PI80536
PI080671	PI80671
PI080822	PI80822
PI080825	PI80825
PI080828-1	PI80828-1
PI080828-2	PI80828-2
PI080831	PI80831
PI080834-1	PI80834-1
PI080834-2	PI80834-2
PI080837	PI80837
PI080841	PI80841
PI080844-2	PI80844-2
PI080844-3	PI80844-3
PI080845-1	PI80845-1
PI080845-2	PI80845-2
PI080847-1	PI80847-1
PI080847-2	PI80847-2
PI081023	PI81023
PI081027	PI81027
PI081029	PI81029
PI081029-1	PI81029-1
PI081029N	PI81029N
PI081030	PI81030
PI081030-1	PI81030-1
PI081031-1	PI81031-1
PI081031-2	PI81031-2
PI081033	PI81033
PI081034-1	PI81034-1
PI081034-2	PI81034-2
PI081035	PI81035
PI081037	PI81037
PI081037-1	PI81037-1
PI081037-2	PI81037-2
PI081037-3	PI81037-3
PI081037-4	PI81037-4
PI081037-5	PI81037-5
PI081038	PI81038
PI081040	PI81040
PI081041	PI81041
PI081041-1	PI81041-1
PI081042	PI81042
PI081042-1	PI81042-1
PI081042-2	PI81042-2
PI081044-1	PI81044-1
PI081044-2	PI81044-2
PI081667	PI81667
PI081761	PI81761
PI081763	PI81763
PI081764	PI81764
PI081765	PI81765
PI081766	PI81766
PI081767	PI81767
PI081768	PI81768
PI081770	PI81770
PI081771	PI81771
PI081772	PI81772
PI081773	PI81773
PI081774	PI81774
PI081775	PI81775
PI081777	PI81777
PI081780	PI81780
PI081780S	PI81780S
PI081785	PI81785
PI081971	PI81971
PI082183	PI82183
PI082184	PI82184
PI082184S	PI82184S
PI082210	PI82210
PI082218	PI82218
PI082232	PI82232
PI082235	PI82235
PI082246	PI82246
PI082246-1	PI82246-1
PI082259	PI82259
PI082263-1	PI82263-1
PI082263-2	PI82263-2
PI082263-3	PI82263-3
PI082264	PI82264
PI082278	PI82278
PI082286	PI82286
PI082291	PI82291
PI082295	PI82295
PI082296	PI82296
PI082302	PI82302
PI082307	PI82307
PI082308	PI82308
PI082312	PI82312
PI082312N	PI82312N
PI082315	PI82315
PI082325	PI82325
PI082326	PI82326
PI082509	PI82509
PI082527	PI82527
PI082532	PI82532
PI082534	PI82534
PI082544	PI82544
PI082554	PI82554
PI082555	PI82555
PI082558	PI82558
PI082581	PI82581
PI082588	PI82588
PI083836	PI83836
PI083853	PI83853
PI083858	PI83858
PI083868	PI83868
PI083874	PI83874
PI083881	PI83881
PI083881A	PI83881A
PI083889	PI83889
PI083891	PI83891
PI083892	PI83892
PI083893	PI83893
PI083915	PI83915
PI083923	PI83923
PI083925	PI83925
PI083940	PI83940
PI083942	PI83942
PI083944	PI83944
PI083945-1	PI83945-1
PI083945-3	PI83945-3
PI083945-4	PI83945-4
PI083946	PI83946
PI084509	PI84509
PI084578	PI84578
PI084579	PI84579
PI084580	PI84580
PI084581	PI84581
PI084594	PI84594
PI084609	PI84609
PI084610	PI84610
PI084611	PI84611
PI084619	PI84619
PI084628	PI84628
PI084631	PI84631
PI084632	PI84632
PI084632S	PI84632S
PI084633	PI84633
PI084637	PI84637
PI084639	PI84639
PI084642	PI84642
PI084644	PI84644
PI084646	PI84646
PI084646-2	PI84646-2
PI084656	PI84656
PI084657	PI84657
PI084660	PI84660
PI084662	PI84662
PI084664	PI84664
PI084665	PI84665
PI084666	PI84666
PI084666-1	PI84666-1
PI084668	PI84668
PI084668-1	PI84668-1
PI084669	PI84669
PI084669N	PI84669N
PI084671	PI84671
PI084673	PI84673
PI084673-1	PI84673-1
PI084674	PI84674
PI084679	PI84679
PI084680	PI84680
PI084681	PI84681
PI084682	PI84682
PI084683	PI84683
PI084683A	PI84683A
PI084686	PI84686
PI084713	PI84713
PI084724	PI84724
PI084734	PI84734
PI084742	PI84742
PI084750	PI84750
PI084751	PI84751
PI084757	PI84757
PI084807	PI84807
PI084810	PI84810
PI084874	PI84874
PI084896	PI84896
PI084908-1	PI84908-1
PI084908-2	PI84908-2
PI084910	PI84910
PI084912	PI84912
PI084914	PI84914
PI084921	PI84921
PI084928	PI84928
PI084939	PI84939
PI084944	PI84944
PI084946-1	PI84946-1
PI084946-2	PI84946-2
PI084949	PI84949
PI084954	PI84954
PI084957	PI84957
PI084957-1	PI84957-1
PI084959	PI84959
PI084960	PI84960
PI084964	PI84964
PI084965	PI84965
PI084967	PI84967
PI084970	PI84970
PI084973	PI84973
PI084976	PI84976
PI084976-1	PI84976-1
PI084979	PI84979
PI084985	PI84985
PI084987	PI84987
PI084987A	PI84987A
PI084992	PI84992
PI085009-1	PI85009-1
PI085009-2	PI85009-2
PI085010	PI85010
PI085012	PI85012
PI085014	PI85014
PI085019	PI85019
PI085021	PI85021
PI085089	PI85089
PI085252	PI85252
PI085272	PI85272
PI085340	PI85340
PI085342	PI85342
PI085355	PI85355
PI085356	PI85356
PI085407	PI85407
PI085416	PI85416
PI085420	PI85420
PI085420-1	PI85420-1
PI085424	PI85424
PI085437	PI85437
PI085441	PI85441
PI085456	PI85456
PI085465	PI85465
PI085469	PI85469
PI085476	PI85476
PI085490	PI85490
PI085492	PI85492
PI085505	PI85505
PI085506	PI85506
PI085508	PI85508
PI085519	PI85519
PI085550	PI85550
PI085559	PI85559
PI085590	PI85590
PI085619	PI85619
PI085624	PI85624
PI085625	PI85625
PI085626	PI85626
PI085630	PI85630
PI085658	PI85658
PI085663	PI85663
PI085665	PI85665
PI085666	PI85666
PI085666S	PI85666S
PI085668	PI85668
PI085671	PI85671
PI085878	PI85878
PI085897	PI85897
PI085903	PI85903
PI086002	PI86002
PI086004	PI86004
PI086006	PI86006
PI086007	PI86007
PI086021	PI86021
PI086022	PI86022
PI086023	PI86023
PI086024	PI86024
PI086026	PI86026
PI086026-1	PI86026-1
PI086027	PI86027
PI086028	PI86028
PI086029	PI86029
PI086031	PI86031
PI086032	PI86032
PI086038	PI86038
PI086045	PI86045
PI086045S	PI86045S
PI086046	PI86046
PI086050	PI86050
PI086053	PI86053
PI086060	PI86060
PI086062	PI86062
PI086063	PI86063
PI086069	PI86069
PI086071	PI86071
PI086073	PI86073
PI086075	PI86075
PI086078	PI86078
PI086078-1	PI86078-1
PI086081	PI86081
PI086084	PI86084
PI086089	PI86089
PI086091	PI86091
PI086091-1	PI86091-1
PI086098	PI86098
PI086102	PI86102
PI086103	PI86103
PI086109	PI86109
PI086109B	PI86109B
PI086111	PI86111
PI086112	PI86112
PI086112-1	PI86112-1
PI086113	PI86113
PI086113S	PI86113S
PI086114	PI86114
PI086115	PI86115
PI086116	PI86116
PI086122	PI86122
PI086123	PI86123
PI086128	PI86128
PI086133	PI86133
PI086134-1	PI86134-1
PI086134-2	PI86134-2
PI086134-3	PI86134-3
PI086134-4	PI86134-4
PI086136	PI86136
PI086137	PI86137
PI086137-1	PI86137-1
PI086138	PI86138
PI086138R	PI86138R
PI086142	PI86142
PI086144	PI86144
PI086145	PI86145
PI086146	PI86146
PI086150	PI86150
PI086153	PI86153
PI086154	PI86154
PI086301	PI86301
PI086410	PI86410
PI086411	PI86411
PI086416	PI86416
PI086425	PI86425
PI086443	PI86443
PI086445	PI86445
PI086449	PI86449
PI086449-0	PI86449-0
PI086449-2	PI86449-2
PI086452	PI86452
PI086454	PI86454
PI086456	PI86456
PI086457	PI86457
PI086457-1	PI86457-1
PI086463	PI86463
PI086465	PI86465
PI086469	PI86469
PI086482	PI86482
PI086482-1	PI86482-1
PI086490	PI86490
PI086490-2	PI86490-2
PI086490-3	PI86490-3
PI086490-4	PI86490-4
PI086491	PI86491
PI086502	PI86502
PI086504	PI86504
PI086510	PI86510
PI086543	PI86543
PI086736	PI86736
PI086737	PI86737
PI086740	PI86740
PI086741	PI86741
PI086876	PI86876
PI086878	PI86878
PI086878-2	PI86878-2
PI086892	PI86892
PI086903-3	PI86903-3
PI086903-4	PI86903-4
PI086904	PI86904
PI086904-1	PI86904-1
PI086908	PI86908
PI086972-1	PI86972-1
PI086972-2	PI86972-2
PI086978	PI86978
PI086982	PI86982
PI087002	PI87002
PI087005	PI87005
PI087011	PI87011
PI087013	PI87013
PI087026	PI87026
PI087029	PI87029
PI087037	PI87037
PI087047	PI87047
PI087059	PI87059
PI087065	PI87065
PI087074	PI87074
PI087076	PI87076
PI087165	PI87165
PI087167	PI87167
PI087457	PI87457
PI087465-1	PI87465-1
PI087465-2	PI87465-2
PI087524	PI87524
PI087525	PI87525
PI087530	PI87530
PI087531	PI87531
PI087540	PI87540
PI087542	PI87542
PI087561	PI87561
PI087565	PI87565
PI087571	PI87571
PI087574	PI87574
PI087575	PI87575
PI087588	PI87588
PI087600-1	PI87600-1
PI087600-2	PI87600-2
PI087606	PI87606
PI087614	PI87614
PI087615	PI87615
PI087617	PI87617
PI087618	PI87618
PI087619	PI87619
PI087619-1	PI87619-1
PI087620	PI87620
PI087620-1	PI87620-1
PI087622	PI87622
PI087623	PI87623
PI087628	PI87628
PI087629	PI87629
PI087630	PI87630
PI087631	PI87631
PI087631-1	PI87631-1
PI087631-3	PI87631-3
PI087632	PI87632
PI087634	PI87634
PI087968	PI87968
PI088282	PI88282
PI088287	PI88287
PI088288	PI88288
PI088289	PI88289
PI088290	PI88290
PI088291	PI88291
PI088292	PI88292
PI088293	PI88293
PI088293A	PI88293A
PI088294	PI88294
PI088294-1	PI88294-1
PI088295	PI88295
PI088295-1	PI88295-1
PI088296	PI88296
PI088297	PI88297
PI088298	PI88298
PI088300	PI88300
PI088301	PI88301
PI088302-1	PI88302-1
PI088302-2	PI88302-2
PI088303	PI88303
PI088303-1	PI88303-1
PI088304	PI88304
PI088305	PI88305
PI088306	PI88306
PI088306-1	PI88306-1
PI088307	PI88307
PI088308	PI88308
PI088309	PI88309
PI088310	PI88310
PI088311	PI88311
PI088312	PI88312
PI088313	PI88313
PI088349	PI88349
PI088350	PI88350
PI088351	PI88351
PI088352	PI88352
PI088353	PI88353
PI088354	PI88354
PI088355	PI88355
PI088356	PI88356
PI088357	PI88357
PI088358	PI88358
PI088359	PI88359
PI088442	PI88442
PI088443	PI88443
PI088444	PI88444
PI088445	PI88445
PI088447	PI88447
PI088447-3	PI88447-3
PI088448	PI88448
PI088452	PI88452
PI088455	PI88455
PI088458	PI88458
PI088459	PI88459
PI088461	PI88461
PI088466	PI88466
PI088466-1	PI88466-1
PI088468	PI88468
PI088479	PI88479
PI088484	PI88484
PI088486	PI88486
PI088490	PI88490
PI088490-1	PI88490-1
PI088490-2	PI88490-2
PI088491	PI88491
PI088492	PI88492
PI088495	PI88495
PI088497	PI88497
PI088499	PI88499
PI088502	PI88502
PI088508	PI88508
PI088777	PI88777
PI088780	PI88780
PI088782	PI88782
PI088783	PI88783
PI088787	PI88787
PI088788	PI88788
PI088789	PI88789
PI088790	PI88790
PI088793	PI88793
PI088797	PI88797
PI088798	PI88798
PI088799	PI88799
PI088803	PI88803
PI088803-1	PI88803-1
PI088804	PI88804
PI088805-2	PI88805-2
PI088805-4	PI88805-4
PI088806	PI88806
PI088809	PI88809
PI088810	PI88810
PI088811	PI88811
PI088813	PI88813
PI088814	PI88814
PI088815	PI88815
PI088816	PI88816
PI088816S	PI88816S
PI088818	PI88818
PI088820	PI88820
PI088820N	PI88820N
PI088823	PI88823
PI088825	PI88825
PI088826	PI88826
PI088886	PI88886
PI088965	PI88965
PI088997	PI88997
PI088998-1	PI88998-1
PI088998-2	PI88998-2
PI089000	PI89000
PI089001	PI89001
PI089002	PI89002
PI089002-2	PI89002-2
PI089003-1	PI89003-1
PI089003-2	PI89003-2
PI089004	PI89004
PI089005-4	PI89005-4
PI089005-5	PI89005-5
PI089006	PI89006
PI089006-2	PI89006-2
PI089007	PI89007
PI089008	PI89008
PI089009	PI89009
PI089009-2	PI89009-2
PI089010	PI89010
PI089012	PI89012
PI089012-1	PI89012-1
PI089013	PI89013
PI089014	PI89014
PI089053	PI89053
PI089055	PI89055
PI089055-1	PI89055-1
PI089056-2	PI89056-2
PI089056-3	PI89056-3
PI089057	PI89057
PI089058	PI89058
PI089059	PI89059
PI089060	PI89060
PI089061	PI89061
PI089061-1	PI89061-1
PI089061-2	PI89061-2
PI089061-3	PI89061-3
PI089061N	PI89061N
PI089063	PI89063
PI089064	PI89064
PI089065	PI89065
PI089065-2	PI89065-2
PI089066	PI89066
PI089067	PI89067
PI089070	PI89070
PI089072	PI89072
PI089073	PI89073
PI089074	PI89074
PI089075	PI89075
PI089117	PI89117
PI089128	PI89128
PI089130	PI89130
PI089133	PI89133
PI089134	PI89134
PI089138	PI89138
PI089143	PI89143
PI089146	PI89146
PI089150	PI89150
PI089152	PI89152
PI089153	PI89153
PI089154	PI89154
PI089154-1	PI89154-1
PI089154-2	PI89154-2
PI089154S	PI89154S
PI089156	PI89156
PI089162	PI89162
PI089167	PI89167
PI089168	PI89168
PI089170	PI89170
PI089171	PI89171
PI089469	PI89469
PI089471	PI89471
PI089769	PI89769
PI089772	PI89772
PI089773	PI89773
PI089775	PI89775
PI089783	PI89783
PI089784	PI89784
PI090138	PI90138
PI090180	PI90180
PI090208	PI90208
PI090220	PI90220
PI090221	PI90221
PI090233	PI90233
PI090241	PI90241
PI090243	PI90243
PI090245	PI90245
PI090249	PI90249
PI090251	PI90251
PI090256	PI90256
PI090258	PI90258
PI090305	PI90305
PI090354	PI90354
PI090369	PI90369
PI090392	PI90392
PI090401	PI90401
PI090402	PI90402
PI090406	PI90406
PI090406-1	PI90406-1
PI090407	PI90407
PI090463	PI90463
PI090479-1	PI90479-1
PI090479P	PI90479P
PI090481	PI90481
PI090486	PI90486
PI090490	PI90490
PI090490-2	PI90490-2
PI090495	PI90495
PI090495N	PI90495N
PI090499	PI90499
PI090499-1	PI90499-1
PI090499-2	PI90499-2
PI090560	PI90560
PI090563	PI90563
PI090566	PI90566
PI090566-1	PI90566-1
PI090567	PI90567
PI090567-1	PI90567-1
PI090570	PI90570
PI090573	PI90573
PI090574	PI90574
PI090575	PI90575
PI090576-1	PI90576-1
PI090576-2	PI90576-2
PI090577	PI90577
PI090578	PI90578
PI090579	PI90579
PI090723	PI90723
PI090760	PI90760
PI090763	PI90763
PI090768	PI90768
PI091073	PI91073
PI091082	PI91082
PI091083	PI91083
PI091089	PI91089
PI091091	PI91091
PI091100	PI91100
PI091100-1	PI91100-1
PI091100-2	PI91100-2
PI091100-3	PI91100-3
PI091100-4	PI91100-4
PI091102	PI91102
PI091103	PI91103
PI091104	PI91104
PI091107	PI91107
PI091108-1	PI91108-1
PI091108-2	PI91108-2
PI091108N	PI91108N
PI091109	PI91109
PI091110	PI91110
PI091110-1	PI91110-1
PI091113	PI91113
PI091114	PI91114
PI091115	PI91115
PI091116	PI91116
PI091117	PI91117
PI091119	PI91119
PI091120	PI91120
PI091120-2	PI91120-2
PI091120-3	PI91120-3
PI091121-1	PI91121-1
PI091121-2	PI91121-2
PI091123	PI91123
PI091124	PI91124
PI091126	PI91126
PI091127	PI91127
PI091129	PI91129
PI091132-2	PI91132-2
PI091132-3	PI91132-3
PI091133	PI91133
PI091138	PI91138
PI091141	PI91141
PI091142	PI91142
PI091144	PI91144
PI091149	PI91149
PI091150	PI91150
PI091151	PI91151
PI091152	PI91152
PI091153	PI91153
PI091153-1	PI91153-1
PI091153-7	PI91153-7
PI091154	PI91154
PI091156	PI91156
PI091159	PI91159
PI091159-4	PI91159-4
PI091159S	PI91159S
PI091160	PI91160
PI091161	PI91161
PI091162	PI91162
PI091163	PI91163
PI091164	PI91164
PI091165	PI91165
PI091166	PI91166
PI091167	PI91167
PI091169	PI91169
PI091171	PI91171
PI091174	PI91174
PI091178	PI91178
PI091178-1	PI91178-1
PI091180	PI91180
PI091340	PI91340
PI091341	PI91341
PI091343	PI91343
PI091346	PI91346
PI091349	PI91349
PI091557	PI91557
PI091559	PI91559
PI091646	PI91646
PI091679	PI91679
PI091684	PI91684
PI091702	PI91702
PI091719	PI91719
PI091725	PI91725
PI091725-2	PI91725-2
PI091725-3	PI91725-3
PI091725-4	PI91725-4
PI091729	PI91729
PI091730	PI91730
PI091730-1	PI91730-1
PI091731	PI91731
PI091731-1	PI91731-1
PI091732-1	PI91732-1
PI091732-2	PI91732-2
PI091733	PI91733
PI091733-1	PI91733-1
PI091734	PI91734
PI091750	PI91750
PI092109	PI92109
PI092460	PI92460
PI092463	PI92463
PI092464	PI92464
PI092465	PI92465
PI092466	PI92466
PI092468	PI92468
PI092469	PI92469
PI092470	PI92470
PI092557	PI92557
PI092560	PI92560
PI092561	PI92561
PI092563	PI92563
PI092565	PI92565
PI092567	PI92567
PI092568	PI92568
PI092569	PI92569
PI092570	PI92570
PI092571	PI92571
PI092572	PI92572
PI092573	PI92573
PI092576	PI92576
PI092577	PI92577
PI092580	PI92580
PI092582	PI92582
PI092583	PI92583
PI092589	PI92589
PI092590	PI92590
PI092592	PI92592
PI092593	PI92593
PI092594	PI92594
PI092595	PI92595
PI092596	PI92596
PI092598	PI92598
PI092600	PI92600
PI092601	PI92601
PI092601-1	PI92601-1
PI092601-2	PI92601-2
PI092601-5	PI92601-5
PI092602	PI92602
PI092603	PI92603
PI092604	PI92604
PI092605	PI92605
PI092606	PI92606
PI092607	PI92607
PI092608	PI92608
PI092611	PI92611
PI092617	PI92617
PI092618	PI92618
PI092619	PI92619
PI092623	PI92623
PI092625	PI92625
PI092627	PI92627
PI092629	PI92629
PI092630	PI92630
PI092633	PI92633
PI092636	PI92636
PI092639	PI92639
PI092640	PI92640
PI092641	PI92641
PI092641B	PI92641B
PI092642	PI92642
PI092643	PI92643
PI092645	PI92645
PI092649	PI92649
PI092651	PI92651
PI092654	PI92654
PI092659	PI92659
PI092660	PI92660
PI092661	PI92661
PI092662	PI92662
PI092663	PI92663
PI092671	PI92671
PI092672	PI92672
PI092677	PI92677
PI092681	PI92681
PI092683	PI92683
PI092684	PI92684
PI092686	PI92686
PI092687	PI92687
PI092688	PI92688
PI092688-2	PI92688-2
PI092689	PI92689
PI092690	PI92690
PI092691	PI92691
PI092694	PI92694
PI092696	PI92696
PI092698	PI92698
PI092702	PI92702
PI092704	PI92704
PI092705	PI92705
PI092706	PI92706
PI092707	PI92707
PI092707-2	PI92707-2
PI092707S	PI92707S
PI092713	PI92713
PI092717	PI92717
PI092718	PI92718
PI092718-2	PI92718-2
PI092719	PI92719
PI092720	PI92720
PI092722	PI92722
PI092728	PI92728
PI092733	PI92733
PI092734	PI92734
PI092743	PI92743
PI092748	PI92748
PI093055	PI93055
PI093055S	PI93055S
PI093217	PI93217
PI093559	PI93559
PI093560	PI93560
PI093563	PI93563
PI093565	PI93565
PI093565A	PI93565A
PI094159	PI94159
PI094159-3	PI94159-3
PI094159B	PI94159B
PI095740	PI95740
PI095769	PI95769
PI095780	PI95780
PI095801	PI95801
PI095853	PI95853
PI095860	PI95860
PI095887	PI95887
PI095959	PI95959
PI095960	PI95960
PI095969	PI95969
PI096035	PI96035
PI096089	PI96089
PI096093	PI96093
PI096118	PI96118
PI096152	PI96152
PI096162	PI96162
PI096169	PI96169
PI096169B	PI96169B
PI096171	PI96171
PI096188	PI96188
PI096193	PI96193
PI096194-3	PI96194-3
PI096194P	PI96194P
PI096195	PI96195
PI096199	PI96199
PI096201	PI96201
PI096257	PI96257
PI096280	PI96280
PI096321	PI96321
PI096322	PI96322
PI096333	PI96333
PI096354	PI96354
PI096549	PI96549
PI096550	PI96550
PI096783	PI96783
PI096786	PI96786
PI096786-1	PI96786-1
PI096787	PI96787
PI096808	PI96808
PI096927	PI96927
PI096978	PI96978
PI096983	PI96983
PI096984	PI96984
PI097038	PI97038
PI097066	PI97066
PI097081	PI97081
PI097094	PI97094
PI097100	PI97100
PI097139	PI97139
PI097150	PI97150
PI097155	PI97155
PI097161	PI97161
PI097220	PI97220
PI097222	PI97222
PI097225	PI97225
PI097235	PI97235
PI097605	PI97605
PI097627	PI97627
PI098243	PI98243
PI103079	PI103079
PI103080	PI103080
PI103088	PI103088
PI103091	PI103091
PI103414	PI103414
PI103415	PI103415
PI103419A	PI103419A
PI103419B	PI103419B
PI104708	PI104708
PI105579	PI105579
PI123439	PI123439
PI123440	PI123440
PI123577A	PI123577A
PI123577B	PI123577B
PI123578	PI123578
PI123587	PI123587
PI123590	PI123590
PI124871	PI124871
PI131531	PI131531
PI132201	PI132201
PI132203	PI132203
PI132204	PI132204
PI132205	PI132205
PI132206	PI132206
PI132207	PI132207
PI132214	PI132214
PI132215	PI132215
PI132217	PI132217
PI133226	PI133226
PI135589	PI135589
PI135590	PI135590
PI135624	PI135624
PI142491	PI142491
PI145079	PI145079
PI148259	PI148259
PI148260	PI148260
PI151249	PI151249
PI152361	PI152361
PI152573	PI152573
PI153203	PI153203
PI153208	PI153208
PI153209	PI153209
PI153210	PI153210
PI153211	PI153211
PI153212	PI153212
PI153213	PI153213
PI153214	PI153214
PI153215	PI153215
PI153216	PI153216
PI153217	PI153217
PI153218	PI153218
PI153219	PI153219
PI153221	PI153221
PI153222	PI153222
PI153223	PI153223
PI153225	PI153225
PI153226	PI153226
PI153227	PI153227
PI153229	PI153229
PI153230	PI153230
PI153231	PI153231
PI153233	PI153233
PI153234	PI153234
PI153235	PI153235
PI153236	PI153236
PI153237	PI153237
PI153238	PI153238
PI153239	PI153239
PI153240	PI153240
PI153241	PI153241
PI153242	PI153242
PI153243	PI153243
PI153244	PI153244
PI153245	PI153245
PI153246	PI153246
PI153247	PI153247
PI153249	PI153249
PI153250	PI153250
PI153251	PI153251
PI153252	PI153252
PI153253	PI153253
PI153255	PI153255
PI153259	PI153259
PI153261	PI153261
PI153262	PI153262
PI153263	PI153263
PI153264	PI153264
PI153265	PI153265
PI153266	PI153266
PI153267	PI153267
PI153270	PI153270
PI153271	PI153271
PI153272	PI153272
PI153273	PI153273
PI153274	PI153274
PI153275	PI153275
PI153276	PI153276
PI153277	PI153277
PI153278	PI153278
PI153279	PI153279
PI153280	PI153280
PI153281	PI153281
PI153282	PI153282
PI153283	PI153283
PI153284	PI153284
PI153285	PI153285
PI153286	PI153286
PI153287	PI153287
PI153288	PI153288
PI153289	PI153289
PI153290	PI153290
PI153291	PI153291
PI153292	PI153292
PI153293	PI153293
PI153294	PI153294
PI153296	PI153296
PI153297	PI153297
PI153299	PI153299
PI153300	PI153300
PI153301	PI153301
PI153302	PI153302
PI153303	PI153303
PI153304	PI153304
PI153305	PI153305
PI153306	PI153306
PI153308	PI153308
PI153309	PI153309
PI153310	PI153310
PI153311	PI153311
PI153313	PI153313
PI153314	PI153314
PI153315	PI153315
PI153316	PI153316
PI153317	PI153317
PI153318	PI153318
PI153319	PI153319
PI153320	PI153320
PI153321	PI153321
PI153681	PI153681
PI153682	PI153682
PI154189	PI154189
PI154190	PI154190
PI154191	PI154191
PI154192	PI154192
PI154193	PI154193
PI154194	PI154194
PI154195	PI154195
PI154196	PI154196
PI154197	PI154197
PI154198	PI154198
PI154199	PI154199
PI154200	PI154200
PI157394	PI157394
PI157395	PI157395
PI157396	PI157396
PI157397	PI157397
PI157398	PI157398
PI157401	PI157401
PI157402	PI157402
PI157404	PI157404
PI157405	PI157405
PI157406	PI157406
PI157408	PI157408
PI157409	PI157409
PI157410	PI157410
PI157413	PI157413
PI157414	PI157414
PI157416	PI157416
PI157417	PI157417
PI157419	PI157419
PI157421	PI157421
PI157422	PI157422
PI157424	PI157424
PI157428	PI157428
PI157429	PI157429
PI157430	PI157430
PI157431	PI157431
PI157432	PI157432
PI157434	PI157434
PI157435	PI157435
PI157436	PI157436
PI157437	PI157437
PI157438	PI157438
PI157439	PI157439
PI157440	PI157440
PI157441	PI157441
PI157442	PI157442
PI157443	PI157443
PI157444	PI157444
PI157445	PI157445
PI157446	PI157446
PI157447	PI157447
PI157448	PI157448
PI157449	PI157449
PI157450	PI157450
PI157451	PI157451
PI157452	PI157452
PI157453	PI157453
PI157454	PI157454
PI157456	PI157456
PI157457	PI157457
PI157458	PI157458
PI157459	PI157459
PI157460	PI157460
PI157462	PI157462
PI157468	PI157468
PI157469	PI157469
PI157470	PI157470
PI157471	PI157471
PI157472	PI157472
PI157473	PI157473
PI157474	PI157474
PI157475	PI157475
PI157476	PI157476
PI157477	PI157477
PI157478	PI157478
PI157482	PI157482
PI157483	PI157483
PI157484	PI157484
PI157485	PI157485
PI157487A	PI157487A
PI157487B	PI157487B
PI157488	PI157488
PI157490	PI157490
PI157491	PI157491
PI157492	PI157492
PI157493	PI157493
PI158751	PI158751
PI158765	PI158765
PI159093	PI159093
PI159094	PI159094
PI159095	PI159095
PI159096	PI159096
PI159097	PI159097
PI159319	PI159319
PI159321	PI159321
PI159322	PI159322
PI159764	PI159764
PI159922	PI159922
PI159923A	PI159923A
PI159923B	PI159923B
PI159924	PI159924
PI159925	PI159925
PI159926	PI159926
PI159927	PI159927
PI161431A	PI161431A
PI161431B	PI161431B
PI161988	PI161988
PI161989	PI161989
PI163308	PI163308
PI164885	PI164885
PI165524	PI165524
PI165563	PI165563
PI165578	PI165578
PI165583	PI165583
PI165671	PI165671
PI165672	PI165672
PI165673	PI165673
PI165674	PI165674
PI165675	PI165675
PI165676	PI165676
PI165896	PI165896
PI165914	PI165914
PI165926	PI165926
PI165929	PI165929
PI165943	PI165943
PI165947	PI165947
PI165989	PI165989
PI166028	PI166028
PI166032	PI166032
PI166048	PI166048
PI166105	PI166105
PI166140	PI166140
PI166141	PI166141
PI166147	PI166147
PI167240	PI167240
PI167277	PI167277
PI170380	PI170380
PI170886	PI170886
PI170887	PI170887
PI170888	PI170888
PI170889	PI170889
PI170890	PI170890
PI170891	PI170891
PI170892	PI170892
PI170893	PI170893
PI170895	PI170895
PI170896	PI170896
PI170899	PI170899
PI171421	PI171421
PI171427	PI171427
PI171428	PI171428
PI171429	PI171429
PI171430	PI171430
PI171431	PI171431
PI171432	PI171432
PI171433	PI171433
PI171434	PI171434
PI171436	PI171436
PI171437	PI171437
PI171438	PI171438
PI171439	PI171439
PI171440	PI171440
PI171441	PI171441
PI171442	PI171442
PI171443	PI171443
PI171444	PI171444
PI171445	PI171445
PI171446	PI171446
PI171449	PI171449
PI171450	PI171450
PI171451	PI171451
PI171454	PI171454
PI171652	PI171652
PI172901	PI172901
PI172902	PI172902
PI173994	PI173994
PI173995	PI173995
PI174852	PI174852
PI174853	PI174853
PI174854	PI174854
PI174855	PI174855
PI174856	PI174856
PI174857	PI174857
PI174858	PI174858
PI174859	PI174859
PI174860	PI174860
PI174861	PI174861
PI174862	PI174862
PI174863	PI174863
PI174866	PI174866
PI174867	PI174867
PI174868	PI174868
PI175174	PI175174
PI175175	PI175175
PI175176	PI175176
PI175177	PI175177
PI175178	PI175178
PI175179	PI175179
PI175180	PI175180
PI175181	PI175181
PI175182	PI175182
PI175183	PI175183
PI175184	PI175184
PI175185	PI175185
PI175186	PI175186
PI175187	PI175187
PI175189	PI175189
PI175190	PI175190
PI175191	PI175191
PI175192	PI175192
PI175193	PI175193
PI175194	PI175194
PI175195	PI175195
PI175196	PI175196
PI175197	PI175197
PI175198	PI175198
PI175199	PI175199
PI179822	PI179822
PI179823	PI179823
PI179825	PI179825
PI179826	PI179826
PI179935	PI179935
PI180051	PI180051
PI180445	PI180445
PI180499	PI180499
PI180501	PI180501
PI180502	PI180502
PI180507	PI180507
PI180508	PI180508
PI180509	PI180509
PI180516	PI180516
PI180517	PI180517
PI180519	PI180519
PI180521	PI180521
PI180524	PI180524
PI180525	PI180525
PI180529	PI180529
PI180530	PI180530
PI180532	PI180532
PI181531	PI181531
PI181532	PI181532
PI181533	PI181533
PI181534	PI181534
PI181535	PI181535
PI181536	PI181536
PI181537	PI181537
PI181538	PI181538
PI181539	PI181539
PI181540	PI181540
PI181541	PI181541
PI181542	PI181542
PI181543	PI181543
PI181544	PI181544
PI181545	PI181545
PI181546	PI181546
PI181547	PI181547
PI181548	PI181548
PI181549	PI181549
PI181550	PI181550
PI181551	PI181551
PI181552	PI181552
PI181553	PI181553
PI181554	PI181554
PI181555	PI181555
PI181556	PI181556
PI181557	PI181557
PI181558	PI181558
PI181559	PI181559
PI181560	PI181560
PI181561	PI181561
PI181562	PI181562
PI181564	PI181564
PI181565	PI181565
PI181566	PI181566
PI181567	PI181567
PI181568	PI181568
PI181569	PI181569
PI181570	PI181570
PI181571	PI181571
PI181696	PI181696
PI181697	PI181697
PI181698	PI181698
PI181699	PI181699
PI183485	PI183485
PI183900	PI183900
PI183929	PI183929
PI183930	PI183930
PI184042	PI184042
PI184043	PI184043
PI184044	PI184044
PI184045	PI184045
PI184046	PI184046
PI184047	PI184047
PI187150	PI187150
PI187152	PI187152
PI187153	PI187153
PI187154	PI187154
PI187155	PI187155
PI187156	PI187156
PI189402	PI189402
PI189857	PI189857
PI189859	PI189859
PI189860	PI189860
PI189861	PI189861
PI189862	PI189862
PI189863	PI189863
PI189864	PI189864
PI189866	PI189866
PI189867	PI189867
PI189868	PI189868
PI189869	PI189869
PI189870	PI189870
PI189871	PI189871
PI189872	PI189872
PI189873	PI189873
PI189874	PI189874
PI189875	PI189875
PI189876	PI189876
PI189877	PI189877
PI189878	PI189878
PI189879	PI189879
PI189880	PI189880
PI189881	PI189881
PI189882	PI189882
PI189883	PI189883
PI189885	PI189885
PI189886	PI189886
PI189888	PI189888
PI189890	PI189890
PI189891	PI189891
PI189892	PI189892
PI189893	PI189893
PI189894	PI189894
PI189896	PI189896
PI189897	PI189897
PI189898	PI189898
PI189899	PI189899
PI189900	PI189900
PI189901	PI189901
PI189903	PI189903
PI189904	PI189904
PI189906	PI189906
PI189907	PI189907
PI189911	PI189911
PI189913	PI189913
PI189915	PI189915
PI189916	PI189916
PI189917	PI189917
PI189918	PI189918
PI189919	PI189919
PI189920	PI189920
PI189921	PI189921
PI189922	PI189922
PI189923	PI189923
PI189924	PI189924
PI189925	PI189925
PI189926	PI189926
PI189928	PI189928
PI189929	PI189929
PI189930	PI189930
PI189931	PI189931
PI189932	PI189932
PI189935	PI189935
PI189936	PI189936
PI189937	PI189937
PI189938	PI189938
PI189939	PI189939
PI189940	PI189940
PI189941	PI189941
PI189944	PI189944
PI189945	PI189945
PI189946	PI189946
PI189947	PI189947
PI189950	PI189950
PI189951	PI189951
PI189952	PI189952
PI189955	PI189955
PI189956	PI189956
PI189958	PI189958
PI189960	PI189960
PI189961	PI189961
PI189962	PI189962
PI189963	PI189963
PI189964	PI189964
PI189965	PI189965
PI189966	PI189966
PI189967	PI189967
PI189968	PI189968
PI189969	PI189969
PI192867	PI192867
PI192868	PI192868
PI192869	PI192869
PI192870	PI192870
PI192871	PI192871
PI192872	PI192872
PI192873	PI192873
PI192874	PI192874
PI194624	PI194624
PI194625	PI194625
PI194626	PI194626
PI194627	PI194627
PI194630	PI194630
PI194631	PI194631
PI194632	PI194632
PI194633	PI194633
PI194634	PI194634
PI194635	PI194635
PI194636	PI194636
PI194638	PI194638
PI194639	PI194639
PI194640	PI194640
PI194641	PI194641
PI194643	PI194643
PI194644	PI194644
PI194645	PI194645
PI194646	PI194646
PI194647	PI194647
PI194648	PI194648
PI194653	PI194653
PI194654	PI194654
PI194655	PI194655
PI194656	PI194656
PI194773	PI194773
PI196148	PI196148
PI196149	PI196149
PI196150	PI196150
PI196151	PI196151
PI196152	PI196152
PI196153	PI196153
PI196154	PI196154
PI196155	PI196155
PI196156	PI196156
PI196157	PI196157
PI196158	PI196158
PI196159	PI196159
PI196160	PI196160
PI196161	PI196161
PI196162	PI196162
PI196163	PI196163
PI196164	PI196164
PI196165	PI196165
PI196166	PI196166
PI196167	PI196167
PI196168	PI196168
PI196170	PI196170
PI196171	PI196171
PI196172	PI196172
PI196175	PI196175
PI196177	PI196177
PI196325	PI196325
PI196485	PI196485
PI196486	PI196486
PI196491	PI196491
PI196501	PI196501
PI196502	PI196502
PI196504	PI196504
PI196525	PI196525
PI196526	PI196526
PI196527	PI196527
PI196528	PI196528
PI196529	PI196529
PI196530	PI196530
PI197182	PI197182
PI198067	PI198067
PI198078	PI198078
PI200445	PI200445
PI200446	PI200446
PI200447	PI200447
PI200448	PI200448
PI200449	PI200449
PI200450	PI200450
PI200451	PI200451
PI200452	PI200452
PI200453	PI200453
PI200454	PI200454
PI200456	PI200456
PI200457	PI200457
PI200458	PI200458
PI200459	PI200459
PI200460	PI200460
PI200461	PI200461
PI200462	PI200462
PI200463	PI200463
PI200464	PI200464
PI200465	PI200465
PI200466	PI200466
PI200468	PI200468
PI200469	PI200469
PI200470	PI200470
PI200471	PI200471
PI200472	PI200472
PI200473	PI200473
PI200474	PI200474
PI200475	PI200475
PI200476	PI200476
PI200477	PI200477
PI200478	PI200478
PI200479	PI200479
PI200480	PI200480
PI200482	PI200482
PI200483	PI200483
PI200484	PI200484
PI200485	PI200485
PI200486	PI200486
PI200487	PI200487
PI200488	PI200488
PI200490	PI200490
PI200491	PI200491
PI200492	PI200492
PI200493	PI200493
PI200494	PI200494
PI200495	PI200495
PI200496	PI200496
PI200497	PI200497
PI200498	PI200498
PI200499	PI200499
PI200500	PI200500
PI200501	PI200501
PI200502	PI200502
PI200503	PI200503
PI200504	PI200504
PI200505	PI200505
PI200506	PI200506
PI200507	PI200507
PI200508	PI200508
PI200509	PI200509
PI200510	PI200510
PI200515	PI200515
PI200516	PI200516
PI200517	PI200517
PI200518	PI200518
PI200519	PI200519
PI200520	PI200520
PI200521	PI200521
PI200522	PI200522
PI200523	PI200523
PI200524	PI200524
PI200525	PI200525
PI200526	PI200526
PI200527	PI200527
PI200528	PI200528
PI200529	PI200529
PI200530	PI200530
PI200531	PI200531
PI200532	PI200532
PI200533	PI200533
PI200534	PI200534
PI200535	PI200535
PI200536	PI200536
PI200538	PI200538
PI200539	PI200539
PI200541	PI200541
PI200542	PI200542
PI200543	PI200543
PI200544	PI200544
PI200545	PI200545
PI200546	PI200546
PI200547	PI200547
PI200548	PI200548
PI200549	PI200549
PI200550	PI200550
PI200551	PI200551
PI200552	PI200552
PI200553	PI200553
PI200592	PI200592
PI200593	PI200593
PI200594	PI200594
PI200595	PI200595
PI200596	PI200596
PI200832	PI200832
PI201421	PI201421
PI201422	PI201422
PI201423	PI201423
PI201428	PI201428
PI201431	PI201431
PI203398	PI203398
PI203399	PI203399
PI203400	PI203400
PI203402	PI203402
PI203403	PI203403
PI203404	PI203404
PI203405	PI203405
PI203406	PI203406
PI204331	PI204331
PI204332	PI204332
PI204333	PI204333
PI204334	PI204334
PI204335	PI204335
PI204336	PI204336
PI204337	PI204337
PI204338	PI204338
PI204339	PI204339
PI204340	PI204340
PI204652	PI204652
PI204653	PI204653
PI205083	PI205083
PI205085	PI205085
PI205086	PI205086
PI205087	PI205087
PI205088	PI205088
PI205089	PI205089
PI205090	PI205090
PI205092	PI205092
PI205384	PI205384
PI205899	PI205899
PI205901A	PI205901A
PI205901B	PI205901B
PI205902	PI205902
PI205903	PI205903
PI205906	PI205906
PI205907	PI205907
PI205908	PI205908
PI205909	PI205909
PI205910	PI205910
PI205911	PI205911
PI205912	PI205912
PI205913	PI205913
PI205914	PI205914
PI205915	PI205915
PI206258	PI206258
PI208203	PI208203
PI208204	PI208204
PI208429	PI208429
PI208430	PI208430
PI208431	PI208431
PI208432	PI208432
PI208433	PI208433
PI208434	PI208434
PI208435	PI208435
PI208437	PI208437
PI208438	PI208438
PI208439	PI208439
PI208782	PI208782
PI208783	PI208783
PI208784	PI208784
PI208785	PI208785
PI208788	PI208788
PI208789	PI208789
PI209331	PI209331
PI209332	PI209332
PI209333	PI209333
PI209334	PI209334
PI209335	PI209335
PI209340	PI209340
PI209577	PI209577
PI209578	PI209578
PI209833	PI209833
PI209836	PI209836
PI209837	PI209837
PI209908	PI209908
PI210178	PI210178
PI210179	PI210179
PI210348	PI210348
PI210349	PI210349
PI210350	PI210350
PI210351A	PI210351A
PI210351B	PI210351B
PI210352	PI210352
PI210353	PI210353
PI212604	PI212604
PI212605	PI212605
PI212606	PI212606
PI212716	PI212716
PI215693	PI215693
PI215755	PI215755
PI215811	PI215811
PI219652	PI219652
PI219653	PI219653
PI219654	PI219654
PI219655	PI219655
PI219656	PI219656
PI219698	PI219698
PI219732	PI219732
PI219780	PI219780
PI219782	PI219782
PI219783	PI219783
PI219784	PI219784
PI219785	PI219785
PI219787	PI219787
PI219789	PI219789
PI221713	PI221713
PI221714	PI221714
PI221715	PI221715
PI221716	PI221716
PI221717	PI221717
PI221972	PI221972
PI221973	PI221973
PI222397	PI222397
PI222546	PI222546
PI222547	PI222547
PI222548	PI222548
PI222550	PI222550
PI224268	PI224268
PI224269	PI224269
PI224270	PI224270
PI224271	PI224271
PI224272	PI224272
PI224273	PI224273
PI224275	PI224275
PI226588	PI226588
PI226589	PI226589
PI226590	PI226590
PI226591	PI226591
PI227158	PI227158
PI227159	PI227159
PI227160	PI227160
PI227212	PI227212
PI227213	PI227213
PI227214	PI227214
PI227218	PI227218
PI227219	PI227219
PI227221	PI227221
PI227222	PI227222
PI227224	PI227224
PI227320	PI227320
PI227321	PI227321
PI227322	PI227322
PI227323	PI227323
PI227324	PI227324
PI227325	PI227325
PI227326	PI227326
PI227327	PI227327
PI227328	PI227328
PI227329	PI227329
PI227330	PI227330
PI227331	PI227331
PI227333	PI227333
PI227334	PI227334
PI227555	PI227555
PI227557	PI227557
PI227558	PI227558
PI227560	PI227560
PI227563	PI227563
PI227565	PI227565
PI227566	PI227566
PI227567	PI227567
PI227684	PI227684
PI227685	PI227685
PI227686	PI227686
PI227687	PI227687
PI228056	PI228056
PI228064	PI228064
PI228065	PI228065
PI229312	PI229312
PI229313	PI229313
PI229314	PI229314
PI229315	PI229315
PI229316	PI229316
PI229317	PI229317
PI229319	PI229319
PI229320	PI229320
PI229321	PI229321
PI229322	PI229322
PI229324	PI229324
PI229325	PI229325
PI229326	PI229326
PI229327	PI229327
PI229328	PI229328
PI229330	PI229330
PI229331	PI229331
PI229333	PI229333
PI229334	PI229334
PI229335	PI229335
PI229336	PI229336
PI229337	PI229337
PI229339	PI229339
PI229340	PI229340
PI229341	PI229341
PI229342	PI229342
PI229343	PI229343
PI229344	PI229344
PI229345	PI229345
PI229346	PI229346
PI229347	PI229347
PI229349	PI229349
PI229350	PI229350
PI229351	PI229351
PI229352	PI229352
PI229353	PI229353
PI229354	PI229354
PI229356	PI229356
PI229357	PI229357
PI229358	PI229358
PI229359	PI229359
PI229360	PI229360
PI229361	PI229361
PI229362	PI229362
PI229738	PI229738
PI230970	PI230970
PI230972	PI230972
PI230973	PI230973
PI230974	PI230974
PI230975	PI230975
PI230976	PI230976
PI230977	PI230977
PI230978	PI230978
PI230979	PI230979
PI230980	PI230980
PI230981	PI230981
PI231172	PI231172
PI232899	PI232899
PI232900	PI232900
PI232901	PI232901
PI232902	PI232902
PI232987	PI232987
PI232988	PI232988
PI232989	PI232989
PI232990	PI232990
PI232991	PI232991
PI232992	PI232992
PI232993	PI232993
PI232994	PI232994
PI232995	PI232995
PI232996	PI232996
PI232997	PI232997
PI232998	PI232998
PI232999	PI232999
PI235335	PI235335
PI235339	PI235339
PI235340	PI235340
PI235344	PI235344
PI235346	PI235346
PI235347	PI235347
PI238109	PI238109
PI238920	PI238920
PI238921	PI238921
PI238922	PI238922
PI238923	PI238923
PI238924	PI238924
PI238925	PI238925
PI238926	PI238926
PI238928	PI238928
PI238929	PI238929
PI238930	PI238930
PI238931	PI238931
PI238932	PI238932
PI238933	PI238933
PI239235	PI239235
PI239236	PI239236
PI239237	PI239237
PI240079	PI240079
PI240662A	PI240662A
PI240662B	PI240662B
PI240663	PI240663
PI240664	PI240664
PI240665	PI240665
PI240666	PI240666
PI240667A	PI240667A
PI240667B	PI240667B
PI240669	PI240669
PI240670	PI240670
PI240671	PI240671
PI240672	PI240672
PI241424	PI241424
PI243514	PI243514
PI243515	PI243515
PI243516	PI243516
PI243517	PI243517
PI243518	PI243518
PI243519	PI243519
PI243520	PI243520
PI243521	PI243521
PI243522	PI243522
PI243523	PI243523
PI243524	PI243524
PI243525	PI243525
PI243526	PI243526
PI243527	PI243527
PI243528	PI243528
PI243529	PI243529
PI243530	PI243530
PI243531	PI243531
PI243532	PI243532
PI243533	PI243533
PI243535	PI243535
PI243536	PI243536
PI243537	PI243537
PI243538	PI243538
PI243540	PI243540
PI243541	PI243541
PI243543	PI243543
PI243544	PI243544
PI243545	PI243545
PI243546	PI243546
PI243547	PI243547
PI243548	PI243548
PI243549	PI243549
PI243550	PI243550
PI243551	PI243551
PI245007	PI245007
PI245008	PI245008
PI246365	PI246365
PI246366	PI246366
PI246367	PI246367
PI246368	PI246368
PI246369	PI246369
PI247678	PI247678
PI247679	PI247679
PI248395	PI248395
PI248396	PI248396
PI248397	PI248397
PI248398	PI248398
PI248399	PI248399
PI248400	PI248400
PI248401	PI248401
PI248402	PI248402
PI248403	PI248403
PI248404	PI248404
PI248405	PI248405
PI248406	PI248406
PI248407	PI248407
PI248408	PI248408
PI248409	PI248409
PI248410	PI248410
PI248509A	PI248509A
PI248509B	PI248509B
PI248510	PI248510
PI248511	PI248511
PI248512	PI248512
PI248513	PI248513
PI248514	PI248514
PI248515	PI248515
PI250002	PI250002
PI250844	PI250844
PI251585	PI251585
PI251586	PI251586
PI253650A	PI253650A
PI253650B	PI253650B
PI253651A	PI253651A
PI253651B	PI253651B
PI253651C	PI253651C
PI253651D	PI253651D
PI253652A	PI253652A
PI253652B	PI253652B
PI253652C	PI253652C
PI253652D	PI253652D
PI253653A	PI253653A
PI253653B	PI253653B
PI253653C	PI253653C
PI253653D	PI253653D
PI253654	PI253654
PI253655	PI253655
PI253656A	PI253656A
PI253656B	PI253656B
PI253657	PI253657
PI253658A	PI253658A
PI253658B	PI253658B
PI253658C	PI253658C
PI253659	PI253659
PI253660A	PI253660A
PI253660B	PI253660B
PI253661A	PI253661A
PI253661B	PI253661B
PI253661C	PI253661C
PI253662	PI253662
PI253663	PI253663
PI253664	PI253664
PI253665A	PI253665A
PI253665B	PI253665B
PI253665C	PI253665C
PI253665D	PI253665D
PI253666A	PI253666A
PI253666B	PI253666B
PI255734	PI255734
PI256376	PI256376
PI257428	PI257428
PI257429	PI257429
PI257430	PI257430
PI257431	PI257431
PI257432	PI257432
PI257433	PI257433
PI257434	PI257434
PI257435	PI257435
PI257436	PI257436
PI257437	PI257437
PI257438	PI257438
PI257439	PI257439
PI258383	PI258383
PI258384	PI258384
PI258385	PI258385
PI258386	PI258386
PI258387	PI258387
PI259538	PI259538
PI259539	PI259539
PI259540	PI259540
PI259542	PI259542
PI259543	PI259543
PI261271	PI261271
PI261272A	PI261272A
PI261272B	PI261272B
PI261272C	PI261272C
PI261272D	PI261272D
PI261466	PI261466
PI261467	PI261467
PI261468	PI261468
PI261469	PI261469
PI261472	PI261472
PI261473	PI261473
PI261474	PI261474
PI261475	PI261475
PI262180	PI262180
PI262181	PI262181
PI263044	PI263044
PI264555	PI264555
PI265491	PI265491
PI265497	PI265497
PI265498	PI265498
PI266085A	PI266085A
PI266085B	PI266085B
PI266085C	PI266085C
PI266806A	PI266806A
PI266806B	PI266806B
PI266806D	PI266806D
PI266807A	PI266807A
PI266807B	PI266807B
PI266807C	PI266807C
PI266807D	PI266807D
PI269518A	PI269518A
PI269518B	PI269518B
PI269518C	PI269518C
PI273483A	PI273483A
PI273483B	PI273483B
PI273483C	PI273483C
PI273483D	PI273483D
PI273483E	PI273483E
PI273483F	PI273483F
PI273484	PI273484
PI274205	PI274205
PI274206	PI274206
PI274207	PI274207
PI274208	PI274208
PI274209	PI274209
PI274210	PI274210
PI274211	PI274211
PI274212	PI274212
PI274420	PI274420
PI274421	PI274421
PI274422	PI274422
PI274423	PI274423
PI274455	PI274455
PI274456	PI274456
PI274506	PI274506
PI274507	PI274507
PI274508	PI274508
PI274582	PI274582
PI279081	PI279081
PI279088	PI279088
PI279648	PI279648
PI281850	PI281850
PI281885	PI281885
PI281888	PI281888
PI281889	PI281889
PI281904	PI281904
PI283326	PI283326
PI283327	PI283327
PI283328	PI283328
PI283330	PI283330
PI283331	PI283331
PI283332	PI283332
PI283334	PI283334
PI284814	PI284814
PI284815	PI284815
PI284873	PI284873
PI285089	PI285089
PI285090	PI285090
PI285091	PI285091
PI285092	PI285092
PI285093	PI285093
PI285094	PI285094
PI285095	PI285095
PI285096	PI285096
PI285097	PI285097
PI290114	PI290114
PI290115	PI290115
PI290116A	PI290116A
PI290116B	PI290116B
PI290118	PI290118
PI290119	PI290119
PI290120	PI290120
PI290121	PI290121
PI290122	PI290122
PI290123A	PI290123A
PI290123B	PI290123B
PI290124	PI290124
PI290125	PI290125
PI290126A	PI290126A
PI290126B	PI290126B
PI290127	PI290127
PI290128	PI290128
PI290129A	PI290129A
PI290129B	PI290129B
PI290130	PI290130
PI290131	PI290131
PI290132	PI290132
PI290133	PI290133
PI290134	PI290134
PI290135	PI290135
PI290136	PI290136
PI290137	PI290137
PI290138	PI290138
PI290139	PI290139
PI290140	PI290140
PI290141	PI290141
PI290142	PI290142
PI290143	PI290143
PI290144	PI290144
PI290145	PI290145
PI290148	PI290148
PI290149	PI290149
PI290150	PI290150
PI290151	PI290151
PI290152	PI290152
PI290153	PI290153
PI290154	PI290154
PI290155	PI290155
PI290156	PI290156
PI290157	PI290157
PI290158	PI290158
PI291272	PI291272
PI291273	PI291273
PI291274A	PI291274A
PI291274B	PI291274B
PI291275	PI291275
PI291276	PI291276
PI291277	PI291277
PI291278	PI291278
PI291279	PI291279
PI291281	PI291281
PI291282	PI291282
PI291283	PI291283
PI291284	PI291284
PI291286	PI291286
PI291288	PI291288
PI291290	PI291290
PI291291	PI291291
PI291293A	PI291293A
PI291293B	PI291293B
PI291294	PI291294
PI291295	PI291295
PI291296	PI291296
PI291297	PI291297
PI291298	PI291298
PI291299	PI291299
PI291300	PI291300
PI291301	PI291301
PI291302A	PI291302A
PI291302B	PI291302B
PI291302C	PI291302C
PI291303A	PI291303A
PI291303B	PI291303B
PI291304	PI291304
PI291305	PI291305
PI291306A	PI291306A
PI291306B	PI291306B
PI291309A	PI291309A
PI291309B	PI291309B
PI291309C	PI291309C
PI291309D	PI291309D
PI291310A	PI291310A
PI291310B	PI291310B
PI291310C	PI291310C
PI291311A	PI291311A
PI291311B	PI291311B
PI291312	PI291312
PI291313	PI291313
PI291315	PI291315
PI291318	PI291318
PI291319A	PI291319A
PI291319B	PI291319B
PI291320A	PI291320A
PI291320B	PI291320B
PI291321	PI291321
PI291322	PI291322
PI291323	PI291323
PI291324	PI291324
PI291325	PI291325
PI291326	PI291326
PI291327	PI291327
PI291328	PI291328
PI291329	PI291329
PI291331	PI291331
PI295947	PI295947
PI295948	PI295948
PI295949	PI295949
PI295950	PI295950
PI295951	PI295951
PI295952	PI295952
PI297498A	PI297498A
PI297498B	PI297498B
PI297499	PI297499
PI297500	PI297500
PI297501	PI297501
PI297502	PI297502
PI297503	PI297503
PI297504	PI297504
PI297505	PI297505
PI297506	PI297506
PI297507A	PI297507A
PI297507B	PI297507B
PI297508	PI297508
PI297509	PI297509
PI297510	PI297510
PI297511	PI297511
PI297512	PI297512
PI297513	PI297513
PI297514	PI297514
PI297515	PI297515
PI297516	PI297516
PI297518	PI297518
PI297519	PI297519
PI297520	PI297520
PI297521	PI297521
PI297522	PI297522
PI297523	PI297523
PI297524	PI297524
PI297525	PI297525
PI297528	PI297528
PI297529	PI297529
PI297531	PI297531
PI297532	PI297532
PI297533	PI297533
PI297534	PI297534
PI297535	PI297535
PI297536	PI297536
PI297537	PI297537
PI297538	PI297538
PI297540	PI297540
PI297541	PI297541
PI297542	PI297542
PI297543	PI297543
PI297544	PI297544
PI297545	PI297545
PI297546	PI297546
PI297547	PI297547
PI297548	PI297548
PI297549	PI297549
PI297550	PI297550
PI297551	PI297551
PI297552	PI297552
PI303650	PI303650
PI303651	PI303651
PI303652	PI303652
PI303653	PI303653
PI304217	PI304217
PI304218	PI304218
PI306702A	PI306702A
PI306702B	PI306702B
PI306702C	PI306702C
PI306704A	PI306704A
PI306704B	PI306704B
PI306712	PI306712
PI307597	PI307597
PI307836	PI307836
PI307881	PI307881
PI309655A	PI309655A
PI309655B	PI309655B
PI309655C	PI309655C
PI309655D	PI309655D
PI309655E	PI309655E
PI309658	PI309658
PI310439	PI310439
PI310441	PI310441
PI312222	PI312222
PI315701	PI315701
PI317332	PI317332
PI317333	PI317333
PI317334A	PI317334A
PI317334B	PI317334B
PI317335	PI317335
PI317336	PI317336
PI317337	PI317337
PI319525	PI319525
PI319526	PI319526
PI319527	PI319527
PI319528	PI319528
PI319529	PI319529
PI319530	PI319530
PI319531	PI319531
PI319532	PI319532
PI319533	PI319533
PI319534A	PI319534A
PI319534B	PI319534B
PI319534C	PI319534C
PI319535A	PI319535A
PI319535B	PI319535B
PI319536A	PI319536A
PI319536B	PI319536B
PI319536C	PI319536C
PI319536D	PI319536D
PI319537A	PI319537A
PI319537B	PI319537B
PI319538	PI319538
PI322689	PI322689
PI322690	PI322690
PI322691	PI322691
PI322692	PI322692
PI322693	PI322693
PI322694	PI322694
PI322695	PI322695
PI323275	PI323275
PI323276	PI323276
PI323278	PI323278
PI323550	PI323550
PI323551	PI323551
PI323552	PI323552
PI323553	PI323553
PI323554	PI323554
PI323555	PI323555
PI323556	PI323556
PI323557	PI323557
PI323558	PI323558
PI323559	PI323559
PI323560	PI323560
PI323561	PI323561
PI323562	PI323562
PI323564	PI323564
PI323565	PI323565
PI323567	PI323567
PI323568	PI323568
PI323569	PI323569
PI323570	PI323570
PI323572	PI323572
PI323573	PI323573
PI323574	PI323574
PI323575	PI323575
PI323578	PI323578
PI323579	PI323579
PI323586A	PI323586A
PI323586B	PI323586B
PI323586C	PI323586C
PI324066	PI324066
PI324067	PI324067
PI324068	PI324068
PI324187A	PI324187A
PI324187B	PI324187B
PI324188	PI324188
PI324189	PI324189
PI324190	PI324190
PI324924	PI324924
PI325779	PI325779
PI326578	PI326578
PI326579	PI326579
PI326580	PI326580
PI330633	PI330633
PI330634	PI330634
PI330635	PI330635
PI331793	PI331793
PI331794	PI331794
PI331795	PI331795
PI339734	PI339734
PI339736	PI339736
PI339863A	PI339863A
PI339863B	PI339863B
PI339864A	PI339864A
PI339864B	PI339864B
PI339865A	PI339865A
PI339865B	PI339865B
PI339866	PI339866
PI339867	PI339867
PI339868A	PI339868A
PI339868B	PI339868B
PI339868C	PI339868C
PI339868D	PI339868D
PI339868E	PI339868E
PI339868F	PI339868F
PI339869	PI339869
PI339870	PI339870
PI339977	PI339977
PI339978	PI339978
PI339979	PI339979
PI339980	PI339980
PI339981	PI339981
PI339982	PI339982
PI339983	PI339983
PI339984	PI339984
PI339985	PI339985
PI339986	PI339986
PI339987	PI339987
PI339988	PI339988
PI339989	PI339989
PI339990	PI339990
PI339991	PI339991
PI339992	PI339992
PI339993	PI339993
PI339994	PI339994
PI339995	PI339995
PI339996	PI339996
PI339997	PI339997
PI339998	PI339998
PI339999	PI339999
PI340000	PI340000
PI340001	PI340001
PI340002	PI340002
PI340003	PI340003
PI340004	PI340004
PI340005	PI340005
PI340006	PI340006
PI340007	PI340007
PI340008	PI340008
PI340009	PI340009
PI340010	PI340010
PI340011	PI340011
PI340012	PI340012
PI340013	PI340013
PI340014	PI340014
PI340015	PI340015
PI340016	PI340016
PI340017	PI340017
PI340018	PI340018
PI340019	PI340019
PI340020	PI340020
PI340021A	PI340021A
PI340021B	PI340021B
PI340022	PI340022
PI340023	PI340023
PI340024	PI340024
PI340025	PI340025
PI340026	PI340026
PI340027	PI340027
PI340028	PI340028
PI340029	PI340029
PI340030	PI340030
PI340031A	PI340031A
PI340031B	PI340031B
PI340032	PI340032
PI340033	PI340033
PI340034	PI340034
PI340035	PI340035
PI340036	PI340036
PI340037	PI340037
PI340038	PI340038
PI340039	PI340039
PI340040	PI340040
PI340041	PI340041
PI340042	PI340042
PI340043	PI340043
PI340044	PI340044
PI340045	PI340045
PI340046	PI340046
PI340047	PI340047
PI340048	PI340048
PI340049	PI340049
PI340050	PI340050
PI340051	PI340051
PI340052	PI340052
PI340053A	PI340053A
PI340053B	PI340053B
PI340054	PI340054
PI340898A	PI340898A
PI340898B	PI340898B
PI340899	PI340899
PI340900A	PI340900A
PI340900B	PI340900B
PI340901	PI340901
PI340902	PI340902
PI340903	PI340903
PI340904A	PI340904A
PI340904B	PI340904B
PI341241A	PI341241A
PI341241B	PI341241B
PI341242	PI341242
PI341243	PI341243
PI341244A	PI341244A
PI341244B	PI341244B
PI341245	PI341245
PI341246	PI341246
PI341247	PI341247
PI341248	PI341248
PI341250	PI341250
PI341251	PI341251
PI341253	PI341253
PI341254	PI341254
PI341255	PI341255
PI341256A	PI341256A
PI341256B	PI341256B
PI341256C	PI341256C
PI341257	PI341257
PI341258	PI341258
PI341259	PI341259
PI341260A	PI341260A
PI341260B	PI341260B
PI341261	PI341261
PI341262	PI341262
PI341263	PI341263
PI341264	PI341264
PI342002	PI342002
PI342003	PI342003
PI342004	PI342004
PI342005	PI342005
PI342434	PI342434
PI342435A	PI342435A
PI342435B	PI342435B
PI342436	PI342436
PI342437	PI342437
PI342438	PI342438
PI346298	PI346298
PI346300	PI346300
PI346301	PI346301
PI346302	PI346302
PI346304	PI346304
PI346305	PI346305
PI346306	PI346306
PI346307	PI346307
PI346308	PI346308
PI346309	PI346309
PI347539A	PI347539A
PI347539B	PI347539B
PI347540A	PI347540A
PI347540B	PI347540B
PI347540C	PI347540C
PI347541	PI347541
PI347542	PI347542
PI347543	PI347543
PI347544A	PI347544A
PI347544B	PI347544B
PI347545	PI347545
PI347546A	PI347546A
PI347546B	PI347546B
PI347548	PI347548
PI347549	PI347549
PI347550A	PI347550A
PI347550B	PI347550B
PI347551	PI347551
PI347552A	PI347552A
PI347552B	PI347552B
PI347552C	PI347552C
PI347554	PI347554
PI347555	PI347555
PI347556	PI347556
PI347559A	PI347559A
PI347559B	PI347559B
PI347560	PI347560
PI347561	PI347561
PI347563A	PI347563A
PI347563B	PI347563B
PI347565A	PI347565A
PI347565B	PI347565B
PI347567	PI347567
PI347568	PI347568
PI347570	PI347570
PI355067	PI355067
PI355067S	PI355067S
PI355068	PI355068
PI355069	PI355069
PI355069S	PI355069S
PI355070	PI355070
PI355070S	PI355070S
PI358313	PI358313
PI358314	PI358314
PI358315A	PI358315A
PI358315C	PI358315C
PI358316A	PI358316A
PI358316B	PI358316B
PI358316C	PI358316C
PI358317A	PI358317A
PI358317B	PI358317B
PI358318A	PI358318A
PI358318B	PI358318B
PI358319	PI358319
PI358320	PI358320
PI358321A	PI358321A
PI358321B	PI358321B
PI358321C	PI358321C
PI358322	PI358322
PI358323	PI358323
PI360834	PI360834
PI360835	PI360835
PI360836	PI360836
PI360837	PI360837
PI360838	PI360838
PI360839	PI360839
PI360841	PI360841
PI360842	PI360842
PI360843	PI360843
PI360844	PI360844
PI360845	PI360845
PI360846	PI360846
PI360847	PI360847
PI360848	PI360848
PI360850	PI360850
PI360851	PI360851
PI360952	PI360952
PI360953	PI360953
PI360954	PI360954
PI360955A	PI360955A
PI360955B	PI360955B
PI360957	PI360957
PI360958	PI360958
PI360959	PI360959
PI360962	PI360962
PI360963A	PI360963A
PI360963B	PI360963B
PI360963C	PI360963C
PI360964	PI360964
PI360965	PI360965
PI361053	PI361053
PI361055	PI361055
PI361056	PI361056
PI361057	PI361057
PI361058	PI361058
PI361059A	PI361059A
PI361059B	PI361059B
PI361060	PI361060
PI361061A	PI361061A
PI361061B	PI361061B
PI361062A	PI361062A
PI361062B	PI361062B
PI361063	PI361063
PI361064	PI361064
PI361065A	PI361065A
PI361065B	PI361065B
PI361066A	PI361066A
PI361066B	PI361066B
PI361067	PI361067
PI361068	PI361068
PI361069	PI361069
PI361070	PI361070
PI361071A	PI361071A
PI361071B	PI361071B
PI361071C	PI361071C
PI361072	PI361072
PI361073	PI361073
PI361074	PI361074
PI361075	PI361075
PI361077A	PI361077A
PI361077B	PI361077B
PI361078	PI361078
PI361080	PI361080
PI361081	PI361081
PI361082	PI361082
PI361083	PI361083
PI361084	PI361084
PI361085A	PI361085A
PI361085B	PI361085B
PI361086	PI361086
PI361087	PI361087
PI361088A	PI361088A
PI361088B	PI361088B
PI361089	PI361089
PI361090	PI361090
PI361091	PI361091
PI361092	PI361092
PI361093	PI361093
PI361094	PI361094
PI361095	PI361095
PI361096	PI361096
PI361097A	PI361097A
PI361097B	PI361097B
PI361098	PI361098
PI361099	PI361099
PI361100	PI361100
PI361101	PI361101
PI361102	PI361102
PI361103	PI361103
PI361104	PI361104
PI361107	PI361107
PI361108	PI361108
PI361109	PI361109
PI361110	PI361110
PI361111	PI361111
PI361112A	PI361112A
PI361112B	PI361112B
PI361113	PI361113
PI361114	PI361114
PI361115	PI361115
PI361116	PI361116
PI361117	PI361117
PI361118	PI361118
PI361119	PI361119
PI361120	PI361120
PI361121	PI361121
PI361122	PI361122
PI361123A	PI361123A
PI361123B	PI361123B
PI365426	PI365426
PI366036	PI366036
PI368037	PI368037
PI368038	PI368038
PI368039	PI368039
PI370055	PI370055
PI370056	PI370056
PI370057A	PI370057A
PI370057B	PI370057B
PI370058	PI370058
PI370059	PI370059
PI371607	PI371607
PI371609	PI371609
PI371610	PI371610
PI371611	PI371611
PI371612	PI371612
PI372402	PI372402
PI372403A	PI372403A
PI372403B	PI372403B
PI372403C	PI372403C
PI372404A	PI372404A
PI372404C	PI372404C
PI372406	PI372406
PI372407	PI372407
PI372408	PI372408
PI372409	PI372409
PI372410	PI372410
PI372411	PI372411
PI372412	PI372412
PI372413	PI372413
PI372414	PI372414
PI372415A	PI372415A
PI372415B	PI372415B
PI372416A	PI372416A
PI372416B	PI372416B
PI372417	PI372417
PI372418	PI372418
PI372419	PI372419
PI372420	PI372420
PI372421A	PI372421A
PI372421B	PI372421B
PI372422	PI372422
PI372423	PI372423
PI372424	PI372424
PI374154	PI374154
PI374155	PI374155
PI374156	PI374156
PI374157	PI374157
PI374158	PI374158
PI374159	PI374159
PI374160	PI374160
PI374161	PI374161
PI374162	PI374162
PI374163	PI374163
PI374164	PI374164
PI374165	PI374165
PI374166	PI374166
PI374167	PI374167
PI374168	PI374168
PI374169	PI374169
PI374171	PI374171
PI374172	PI374172
PI374173	PI374173
PI374174	PI374174
PI374175	PI374175
PI374176	PI374176
PI374177	PI374177
PI374178	PI374178
PI374179	PI374179
PI374180	PI374180
PI374181	PI374181
PI374182	PI374182
PI374183	PI374183
PI374184	PI374184
PI374186	PI374186
PI374219	PI374219
PI374220	PI374220
PI374221	PI374221
PI376069	PI376069
PI376070	PI376070
PI376843	PI376843
PI376844	PI376844
PI376845	PI376845
PI377573	PI377573
PI377574	PI377574
PI377575	PI377575
PI377576	PI377576
PI377577	PI377577
PI377578	PI377578
PI378655	PI378655
PI378656A	PI378656A
PI378656B	PI378656B
PI378657	PI378657
PI378658	PI378658
PI378659	PI378659
PI378660A	PI378660A
PI378660B	PI378660B
PI378661	PI378661
PI378662	PI378662
PI378663	PI378663
PI378664A	PI378664A
PI378664B	PI378664B
PI378664C	PI378664C
PI378665	PI378665
PI378666	PI378666
PI378667	PI378667
PI378668	PI378668
PI378669A	PI378669A
PI378669B	PI378669B
PI378669C	PI378669C
PI378669D	PI378669D
PI378670A	PI378670A
PI378670B	PI378670B
PI378671	PI378671
PI378672	PI378672
PI378673	PI378673
PI378674A	PI378674A
PI378674B	PI378674B
PI378675A	PI378675A
PI378675B	PI378675B
PI378676A	PI378676A
PI378676B	PI378676B
PI378677A	PI378677A
PI378677B	PI378677B
PI378677C	PI378677C
PI378678	PI378678
PI378679	PI378679
PI378680A	PI378680A
PI378680B	PI378680B
PI378680C	PI378680C
PI378680D	PI378680D
PI378680E	PI378680E
PI378681	PI378681
PI378682A	PI378682A
PI378682B	PI378682B
PI378682C	PI378682C
PI378693A	PI378693A
PI379556	PI379556
PI379559A	PI379559A
PI379559B	PI379559B
PI379559C	PI379559C
PI379559D	PI379559D
PI379560	PI379560
PI379561	PI379561
PI379562A	PI379562A
PI379562B	PI379562B
PI379563	PI379563
PI379618	PI379618
PI379619	PI379619
PI379620	PI379620
PI379621	PI379621
PI379622	PI379622
PI379623	PI379623
PI381656	PI381656
PI381657	PI381657
PI381659	PI381659
PI381660	PI381660
PI381661	PI381661
PI381662	PI381662
PI381663	PI381663
PI381664	PI381664
PI381665	PI381665
PI381666	PI381666
PI381667	PI381667
PI381668	PI381668
PI381669	PI381669
PI381670	PI381670
PI381671	PI381671
PI381672	PI381672
PI381673	PI381673
PI381674	PI381674
PI381675	PI381675
PI381676	PI381676
PI381677	PI381677
PI381678	PI381678
PI381679	PI381679
PI381680	PI381680
PI381681	PI381681
PI381682	PI381682
PI381683	PI381683
PI381684	PI381684
PI381685	PI381685
PI383276	PI383276
PI383277	PI383277
PI383278	PI383278
PI384467	PI384467
PI384468	PI384468
PI384469A	PI384469A
PI384469B	PI384469B
PI384469C	PI384469C
PI384470	PI384470
PI384471	PI384471
PI384473	PI384473
PI384474	PI384474
PI385942	PI385942
PI385943	PI385943
PI391577	PI391577
PI391578	PI391578
PI391581A	PI391581A
PI391581B	PI391581B
PI391583	PI391583
PI391584	PI391584
PI391585	PI391585
PI391586	PI391586
PI391587	PI391587
PI391588	PI391588
PI391589A	PI391589A
PI391589B	PI391589B
PI391594	PI391594
PI391597	PI391597
PI393535	PI393535
PI393537	PI393537
PI393538	PI393538
PI393540	PI393540
PI393541A	PI393541A
PI393541B	PI393541B
PI393542	PI393542
PI393543	PI393543
PI393544	PI393544
PI393545	PI393545
PI393546	PI393546
PI393547	PI393547
PI393548	PI393548
PI393549	PI393549
PI393550	PI393550
PI393563	PI393563
PI393999	PI393999
PI398181	PI398181
PI398182	PI398182
PI398183	PI398183
PI398184	PI398184
PI398185	PI398185
PI398186	PI398186
PI398187	PI398187
PI398188	PI398188
PI398189	PI398189
PI398190	PI398190
PI398191	PI398191
PI398192	PI398192
PI398193	PI398193
PI398194	PI398194
PI398195	PI398195
PI398196	PI398196
PI398197	PI398197
PI398198	PI398198
PI398199	PI398199
PI398200	PI398200
PI398201	PI398201
PI398202	PI398202
PI398203	PI398203
PI398204	PI398204
PI398205	PI398205
PI398206	PI398206
PI398207	PI398207
PI398208	PI398208
PI398209	PI398209
PI398210	PI398210
PI398211	PI398211
PI398212	PI398212
PI398213	PI398213
PI398214	PI398214
PI398215	PI398215
PI398216	PI398216
PI398217	PI398217
PI398218	PI398218
PI398219	PI398219
PI398220	PI398220
PI398221	PI398221
PI398222	PI398222
PI398223	PI398223
PI398224	PI398224
PI398225	PI398225
PI398226	PI398226
PI398227	PI398227
PI398228	PI398228
PI398229	PI398229
PI398230	PI398230
PI398231	PI398231
PI398232	PI398232
PI398233	PI398233
PI398234	PI398234
PI398235	PI398235
PI398236	PI398236
PI398237	PI398237
PI398238	PI398238
PI398239	PI398239
PI398240	PI398240
PI398241	PI398241
PI398242	PI398242
PI398243	PI398243
PI398244	PI398244
PI398245	PI398245
PI398246	PI398246
PI398247	PI398247
PI398248	PI398248
PI398249	PI398249
PI398250	PI398250
PI398251	PI398251
PI398252	PI398252
PI398253	PI398253
PI398254	PI398254
PI398255	PI398255
PI398256	PI398256
PI398257	PI398257
PI398258	PI398258
PI398259	PI398259
PI398260	PI398260
PI398261	PI398261
PI398262	PI398262
PI398263	PI398263
PI398264	PI398264
PI398265	PI398265
PI398266	PI398266
PI398267	PI398267
PI398268	PI398268
PI398269	PI398269
PI398270	PI398270
PI398271	PI398271
PI398272	PI398272
PI398273	PI398273
PI398274	PI398274
PI398275	PI398275
PI398276	PI398276
PI398277	PI398277
PI398278	PI398278
PI398279	PI398279
PI398280	PI398280
PI398281	PI398281
PI398282	PI398282
PI398283	PI398283
PI398284	PI398284
PI398285	PI398285
PI398286	PI398286
PI398287	PI398287
PI398288	PI398288
PI398289	PI398289
PI398290	PI398290
PI398291	PI398291
PI398292	PI398292
PI398293	PI398293
PI398294	PI398294
PI398295	PI398295
PI398296	PI398296
PI398297	PI398297
PI398298	PI398298
PI398299	PI398299
PI398300	PI398300
PI398301	PI398301
PI398302	PI398302
PI398303	PI398303
PI398304	PI398304
PI398305	PI398305
PI398306	PI398306
PI398307	PI398307
PI398308	PI398308
PI398309	PI398309
PI398310	PI398310
PI398311	PI398311
PI398312	PI398312
PI398313	PI398313
PI398314	PI398314
PI398315	PI398315
PI398316	PI398316
PI398317	PI398317
PI398318	PI398318
PI398319	PI398319
PI398320	PI398320
PI398321	PI398321
PI398322	PI398322
PI398323	PI398323
PI398324	PI398324
PI398325	PI398325
PI398326	PI398326
PI398327	PI398327
PI398328	PI398328
PI398329	PI398329
PI398330	PI398330
PI398331	PI398331
PI398332	PI398332
PI398333	PI398333
PI398334	PI398334
PI398335	PI398335
PI398336	PI398336
PI398337	PI398337
PI398338	PI398338
PI398339	PI398339
PI398340	PI398340
PI398341	PI398341
PI398342	PI398342
PI398343	PI398343
PI398344	PI398344
PI398345	PI398345
PI398346	PI398346
PI398347	PI398347
PI398348	PI398348
PI398349	PI398349
PI398350	PI398350
PI398351	PI398351
PI398352	PI398352
PI398353	PI398353
PI398354	PI398354
PI398355	PI398355
PI398356	PI398356
PI398357	PI398357
PI398358	PI398358
PI398359	PI398359
PI398360	PI398360
PI398361	PI398361
PI398362	PI398362
PI398363	PI398363
PI398364	PI398364
PI398365	PI398365
PI398366	PI398366
PI398367	PI398367
PI398368	PI398368
PI398369	PI398369
PI398370	PI398370
PI398371	PI398371
PI398372	PI398372
PI398373	PI398373
PI398374	PI398374
PI398375	PI398375
PI398376	PI398376
PI398377	PI398377
PI398378	PI398378
PI398379	PI398379
PI398380	PI398380
PI398381	PI398381
PI398382	PI398382
PI398383	PI398383
PI398384	PI398384
PI398385	PI398385
PI398386	PI398386
PI398387	PI398387
PI398388	PI398388
PI398389	PI398389
PI398390	PI398390
PI398391	PI398391
PI398392	PI398392
PI398393	PI398393
PI398394	PI398394
PI398395	PI398395
PI398396	PI398396
PI398397	PI398397
PI398398	PI398398
PI398399	PI398399
PI398400	PI398400
PI398401	PI398401
PI398402	PI398402
PI398403	PI398403
PI398404	PI398404
PI398405	PI398405
PI398406	PI398406
PI398407	PI398407
PI398408	PI398408
PI398409	PI398409
PI398410	PI398410
PI398411	PI398411
PI398412	PI398412
PI398413	PI398413
PI398414	PI398414
PI398415	PI398415
PI398416	PI398416
PI398417	PI398417
PI398418	PI398418
PI398419	PI398419
PI398420	PI398420
PI398421	PI398421
PI398422	PI398422
PI398423	PI398423
PI398424	PI398424
PI398425	PI398425
PI398426	PI398426
PI398427	PI398427
PI398428	PI398428
PI398429	PI398429
PI398430	PI398430
PI398431	PI398431
PI398432	PI398432
PI398433	PI398433
PI398434	PI398434
PI398436	PI398436
PI398437	PI398437
PI398438	PI398438
PI398439	PI398439
PI398440	PI398440
PI398441	PI398441
PI398442	PI398442
PI398443	PI398443
PI398444	PI398444
PI398445	PI398445
PI398446	PI398446
PI398447	PI398447
PI398448	PI398448
PI398449	PI398449
PI398450	PI398450
PI398451	PI398451
PI398452	PI398452
PI398453	PI398453
PI398454	PI398454
PI398455	PI398455
PI398456	PI398456
PI398457	PI398457
PI398458	PI398458
PI398459	PI398459
PI398460	PI398460
PI398461	PI398461
PI398462	PI398462
PI398463	PI398463
PI398464	PI398464
PI398465	PI398465
PI398466	PI398466
PI398467	PI398467
PI398468	PI398468
PI398469	PI398469
PI398470	PI398470
PI398471	PI398471
PI398472	PI398472
PI398473	PI398473
PI398474	PI398474
PI398475	PI398475
PI398476	PI398476
PI398477	PI398477
PI398478	PI398478
PI398479	PI398479
PI398480	PI398480
PI398481	PI398481
PI398482	PI398482
PI398483	PI398483
PI398484	PI398484
PI398485	PI398485
PI398486	PI398486
PI398487	PI398487
PI398488	PI398488
PI398489	PI398489
PI398490	PI398490
PI398492	PI398492
PI398493	PI398493
PI398494	PI398494
PI398495	PI398495
PI398496	PI398496
PI398497	PI398497
PI398498	PI398498
PI398499	PI398499
PI398500	PI398500
PI398501	PI398501
PI398502	PI398502
PI398503	PI398503
PI398504	PI398504
PI398505	PI398505
PI398506	PI398506
PI398507	PI398507
PI398508	PI398508
PI398509	PI398509
PI398510	PI398510
PI398511	PI398511
PI398512	PI398512
PI398513	PI398513
PI398514	PI398514
PI398515	PI398515
PI398516	PI398516
PI398517	PI398517
PI398518	PI398518
PI398519	PI398519
PI398520	PI398520
PI398521	PI398521
PI398522	PI398522
PI398523	PI398523
PI398524	PI398524
PI398525	PI398525
PI398526	PI398526
PI398527	PI398527
PI398528	PI398528
PI398529	PI398529
PI398530	PI398530
PI398531	PI398531
PI398532	PI398532
PI398533	PI398533
PI398534	PI398534
PI398535	PI398535
PI398536	PI398536
PI398537	PI398537
PI398538	PI398538
PI398539	PI398539
PI398540	PI398540
PI398541	PI398541
PI398542	PI398542
PI398543	PI398543
PI398544	PI398544
PI398545	PI398545
PI398546	PI398546
PI398547	PI398547
PI398548	PI398548
PI398549	PI398549
PI398550	PI398550
PI398551	PI398551
PI398552	PI398552
PI398553	PI398553
PI398554	PI398554
PI398555	PI398555
PI398556	PI398556
PI398557	PI398557
PI398558	PI398558
PI398559	PI398559
PI398560	PI398560
PI398561	PI398561
PI398562	PI398562
PI398563	PI398563
PI398564	PI398564
PI398565	PI398565
PI398566	PI398566
PI398567	PI398567
PI398568	PI398568
PI398569	PI398569
PI398570	PI398570
PI398571	PI398571
PI398572	PI398572
PI398573	PI398573
PI398574	PI398574
PI398575	PI398575
PI398576	PI398576
PI398577	PI398577
PI398578	PI398578
PI398579	PI398579
PI398580	PI398580
PI398581	PI398581
PI398582	PI398582
PI398583	PI398583
PI398584	PI398584
PI398585	PI398585
PI398586	PI398586
PI398587	PI398587
PI398588	PI398588
PI398589	PI398589
PI398590	PI398590
PI398591	PI398591
PI398592	PI398592
PI398593	PI398593
PI398594	PI398594
PI398595	PI398595
PI398596	PI398596
PI398597	PI398597
PI398598	PI398598
PI398599	PI398599
PI398600	PI398600
PI398601	PI398601
PI398602	PI398602
PI398603	PI398603
PI398604	PI398604
PI398605	PI398605
PI398606	PI398606
PI398607	PI398607
PI398608	PI398608
PI398609	PI398609
PI398610	PI398610
PI398611	PI398611
PI398612	PI398612
PI398613	PI398613
PI398614	PI398614
PI398615	PI398615
PI398616	PI398616
PI398617	PI398617
PI398618	PI398618
PI398619	PI398619
PI398620	PI398620
PI398621	PI398621
PI398622	PI398622
PI398623	PI398623
PI398624	PI398624
PI398625	PI398625
PI398626	PI398626
PI398627	PI398627
PI398629	PI398629
PI398630	PI398630
PI398631	PI398631
PI398632	PI398632
PI398633	PI398633
PI398634	PI398634
PI398635	PI398635
PI398636	PI398636
PI398637	PI398637
PI398638	PI398638
PI398639	PI398639
PI398640	PI398640
PI398641	PI398641
PI398642	PI398642
PI398643	PI398643
PI398644	PI398644
PI398646	PI398646
PI398647	PI398647
PI398648	PI398648
PI398649	PI398649
PI398650	PI398650
PI398651	PI398651
PI398652	PI398652
PI398653	PI398653
PI398654	PI398654
PI398655	PI398655
PI398656	PI398656
PI398657	PI398657
PI398658	PI398658
PI398659	PI398659
PI398660	PI398660
PI398661	PI398661
PI398662	PI398662
PI398663	PI398663
PI398664	PI398664
PI398665	PI398665
PI398666	PI398666
PI398667	PI398667
PI398668	PI398668
PI398670	PI398670
PI398671	PI398671
PI398672	PI398672
PI398673	PI398673
PI398674	PI398674
PI398675	PI398675
PI398676	PI398676
PI398677	PI398677
PI398678	PI398678
PI398679	PI398679
PI398680	PI398680
PI398681	PI398681
PI398682	PI398682
PI398683	PI398683
PI398684	PI398684
PI398685	PI398685
PI398686	PI398686
PI398687	PI398687
PI398688	PI398688
PI398689	PI398689
PI398690	PI398690
PI398692	PI398692
PI398693	PI398693
PI398694	PI398694
PI398695	PI398695
PI398696	PI398696
PI398697	PI398697
PI398698	PI398698
PI398699	PI398699
PI398700	PI398700
PI398701	PI398701
PI398702	PI398702
PI398703	PI398703
PI398704	PI398704
PI398705	PI398705
PI398706	PI398706
PI398707	PI398707
PI398708	PI398708
PI398709	PI398709
PI398710	PI398710
PI398711	PI398711
PI398712	PI398712
PI398713	PI398713
PI398714	PI398714
PI398715	PI398715
PI398716	PI398716
PI398717	PI398717
PI398718	PI398718
PI398719	PI398719
PI398720	PI398720
PI398721	PI398721
PI398722	PI398722
PI398723	PI398723
PI398724	PI398724
PI398725	PI398725
PI398726	PI398726
PI398727	PI398727
PI398728	PI398728
PI398729	PI398729
PI398730	PI398730
PI398731	PI398731
PI398732	PI398732
PI398733	PI398733
PI398734	PI398734
PI398735	PI398735
PI398736	PI398736
PI398737	PI398737
PI398738	PI398738
PI398739	PI398739
PI398740	PI398740
PI398741	PI398741
PI398742	PI398742
PI398743	PI398743
PI398744	PI398744
PI398745	PI398745
PI398746	PI398746
PI398747	PI398747
PI398748	PI398748
PI398749	PI398749
PI398750	PI398750
PI398751	PI398751
PI398752	PI398752
PI398753	PI398753
PI398754	PI398754
PI398755	PI398755
PI398756	PI398756
PI398757	PI398757
PI398758	PI398758
PI398759	PI398759
PI398760	PI398760
PI398761	PI398761
PI398762	PI398762
PI398763	PI398763
PI398764	PI398764
PI398765	PI398765
PI398766	PI398766
PI398767	PI398767
PI398768	PI398768
PI398769	PI398769
PI398770	PI398770
PI398771	PI398771
PI398772	PI398772
PI398773	PI398773
PI398774	PI398774
PI398775	PI398775
PI398776	PI398776
PI398777	PI398777
PI398778	PI398778
PI398779	PI398779
PI398780	PI398780
PI398781	PI398781
PI398782	PI398782
PI398783	PI398783
PI398784	PI398784
PI398785	PI398785
PI398786	PI398786
PI398787	PI398787
PI398788	PI398788
PI398789	PI398789
PI398790	PI398790
PI398791	PI398791
PI398792	PI398792
PI398793	PI398793
PI398794	PI398794
PI398795	PI398795
PI398796	PI398796
PI398797	PI398797
PI398798	PI398798
PI398799	PI398799
PI398800	PI398800
PI398801	PI398801
PI398802	PI398802
PI398803	PI398803
PI398804	PI398804
PI398805	PI398805
PI398806	PI398806
PI398807	PI398807
PI398808	PI398808
PI398809	PI398809
PI398810	PI398810
PI398811	PI398811
PI398812	PI398812
PI398813	PI398813
PI398814	PI398814
PI398815	PI398815
PI398816	PI398816
PI398817	PI398817
PI398818	PI398818
PI398819	PI398819
PI398820	PI398820
PI398821	PI398821
PI398822	PI398822
PI398823	PI398823
PI398824	PI398824
PI398825	PI398825
PI398826	PI398826
PI398827	PI398827
PI398828	PI398828
PI398829	PI398829
PI398830	PI398830
PI398831	PI398831
PI398832	PI398832
PI398833	PI398833
PI398834	PI398834
PI398835	PI398835
PI398836	PI398836
PI398837	PI398837
PI398838	PI398838
PI398839	PI398839
PI398840	PI398840
PI398841	PI398841
PI398842	PI398842
PI398843	PI398843
PI398844	PI398844
PI398845	PI398845
PI398846	PI398846
PI398847	PI398847
PI398848	PI398848
PI398849	PI398849
PI398850	PI398850
PI398851	PI398851
PI398852	PI398852
PI398853	PI398853
PI398854	PI398854
PI398855	PI398855
PI398856	PI398856
PI398857	PI398857
PI398858	PI398858
PI398859	PI398859
PI398860	PI398860
PI398861	PI398861
PI398862	PI398862
PI398863	PI398863
PI398865	PI398865
PI398866	PI398866
PI398867	PI398867
PI398868	PI398868
PI398869	PI398869
PI398870	PI398870
PI398871	PI398871
PI398872	PI398872
PI398873	PI398873
PI398874	PI398874
PI398875	PI398875
PI398876	PI398876
PI398877	PI398877
PI398878	PI398878
PI398879	PI398879
PI398880	PI398880
PI398881	PI398881
PI398882	PI398882
PI398883	PI398883
PI398884	PI398884
PI398885	PI398885
PI398886	PI398886
PI398887	PI398887
PI398888	PI398888
PI398889	PI398889
PI398890	PI398890
PI398891	PI398891
PI398892	PI398892
PI398893	PI398893
PI398894	PI398894
PI398895	PI398895
PI398896	PI398896
PI398897	PI398897
PI398898	PI398898
PI398899	PI398899
PI398900	PI398900
PI398901	PI398901
PI398902	PI398902
PI398903	PI398903
PI398904	PI398904
PI398905	PI398905
PI398906	PI398906
PI398907	PI398907
PI398908	PI398908
PI398909	PI398909
PI398910	PI398910
PI398911	PI398911
PI398912	PI398912
PI398913	PI398913
PI398914	PI398914
PI398915	PI398915
PI398916	PI398916
PI398917	PI398917
PI398918	PI398918
PI398919	PI398919
PI398920	PI398920
PI398921	PI398921
PI398922	PI398922
PI398923	PI398923
PI398924	PI398924
PI398925	PI398925
PI398926	PI398926
PI398927	PI398927
PI398928	PI398928
PI398929	PI398929
PI398930	PI398930
PI398931	PI398931
PI398932	PI398932
PI398933	PI398933
PI398934	PI398934
PI398935	PI398935
PI398936	PI398936
PI398937	PI398937
PI398938	PI398938
PI398939	PI398939
PI398940	PI398940
PI398941	PI398941
PI398942	PI398942
PI398943	PI398943
PI398944	PI398944
PI398945	PI398945
PI398946	PI398946
PI398947	PI398947
PI398948	PI398948
PI398949	PI398949
PI398950	PI398950
PI398951	PI398951
PI398952	PI398952
PI398953	PI398953
PI398954	PI398954
PI398955	PI398955
PI398956	PI398956
PI398957	PI398957
PI398958	PI398958
PI398959	PI398959
PI398960	PI398960
PI398961	PI398961
PI398962	PI398962
PI398963	PI398963
PI398964	PI398964
PI398965	PI398965
PI398966	PI398966
PI398967	PI398967
PI398968	PI398968
PI398969	PI398969
PI398970	PI398970
PI398971	PI398971
PI398972	PI398972
PI398973	PI398973
PI398974	PI398974
PI398975	PI398975
PI398976	PI398976
PI398977	PI398977
PI398978	PI398978
PI398979	PI398979
PI398980	PI398980
PI398981	PI398981
PI398982	PI398982
PI398983	PI398983
PI398984	PI398984
PI398985	PI398985
PI398986	PI398986
PI398987	PI398987
PI398988	PI398988
PI398989	PI398989
PI398990	PI398990
PI398991	PI398991
PI398992	PI398992
PI398993	PI398993
PI398994	PI398994
PI398995	PI398995
PI398996	PI398996
PI398997	PI398997
PI398998	PI398998
PI398999	PI398999
PI399000	PI399000
PI399001	PI399001
PI399002	PI399002
PI399003	PI399003
PI399004	PI399004
PI399005	PI399005
PI399006	PI399006
PI399007	PI399007
PI399008	PI399008
PI399009	PI399009
PI399010	PI399010
PI399011	PI399011
PI399012	PI399012
PI399013	PI399013
PI399014	PI399014
PI399015	PI399015
PI399016	PI399016
PI399017	PI399017
PI399018	PI399018
PI399019	PI399019
PI399020	PI399020
PI399021	PI399021
PI399022	PI399022
PI399023	PI399023
PI399024	PI399024
PI399025	PI399025
PI399026	PI399026
PI399027	PI399027
PI399028	PI399028
PI399029	PI399029
PI399030	PI399030
PI399031	PI399031
PI399032	PI399032
PI399033	PI399033
PI399034	PI399034
PI399035	PI399035
PI399036	PI399036
PI399037	PI399037
PI399038	PI399038
PI399039	PI399039
PI399040	PI399040
PI399041	PI399041
PI399042	PI399042
PI399043	PI399043
PI399044	PI399044
PI399045	PI399045
PI399046	PI399046
PI399047	PI399047
PI399048	PI399048
PI399049	PI399049
PI399050	PI399050
PI399051	PI399051
PI399052	PI399052
PI399053	PI399053
PI399054	PI399054
PI399055	PI399055
PI399056	PI399056
PI399057	PI399057
PI399058	PI399058
PI399059	PI399059
PI399060	PI399060
PI399061	PI399061
PI399062	PI399062
PI399063	PI399063
PI399064	PI399064
PI399065	PI399065
PI399066	PI399066
PI399067	PI399067
PI399068	PI399068
PI399069	PI399069
PI399070	PI399070
PI399071	PI399071
PI399072	PI399072
PI399073	PI399073
PI399074	PI399074
PI399075	PI399075
PI399076	PI399076
PI399077	PI399077
PI399078	PI399078
PI399079	PI399079
PI399080	PI399080
PI399081	PI399081
PI399082	PI399082
PI399083	PI399083
PI399084	PI399084
PI399085	PI399085
PI399086	PI399086
PI399087	PI399087
PI399088	PI399088
PI399089	PI399089
PI399090	PI399090
PI399091	PI399091
PI399092	PI399092
PI399093	PI399093
PI399094	PI399094
PI399095	PI399095
PI399096	PI399096
PI399097	PI399097
PI399098	PI399098
PI399099	PI399099
PI399100	PI399100
PI399101	PI399101
PI399102	PI399102
PI399103	PI399103
PI399104	PI399104
PI399105	PI399105
PI399106	PI399106
PI399107	PI399107
PI399108	PI399108
PI399109	PI399109
PI399110	PI399110
PI399111	PI399111
PI399112	PI399112
PI399113	PI399113
PI399114	PI399114
PI399115	PI399115
PI399116	PI399116
PI399117	PI399117
PI399118	PI399118
PI399119	PI399119
PI399120	PI399120
PI399121	PI399121
PI399122	PI399122
PI399123	PI399123
PI399124	PI399124
PI399125	PI399125
PI399126	PI399126
PI401418	PI401418
PI404151	PI404151
PI404152	PI404152
PI404153	PI404153
PI404154	PI404154
PI404155A	PI404155A
PI404155B	PI404155B
PI404155C	PI404155C
PI404156	PI404156
PI404157	PI404157
PI404158	PI404158
PI404159	PI404159
PI404160A	PI404160A
PI404160B	PI404160B
PI404161	PI404161
PI404162	PI404162
PI404163	PI404163
PI404164	PI404164
PI404165	PI404165
PI404166	PI404166
PI404167	PI404167
PI404168	PI404168
PI404169A	PI404169A
PI404169B	PI404169B
PI404170	PI404170
PI404171	PI404171
PI404172	PI404172
PI404173A	PI404173A
PI404173B	PI404173B
PI404174	PI404174
PI404175	PI404175
PI404176	PI404176
PI404177	PI404177
PI404178	PI404178
PI404179A	PI404179A
PI404179B	PI404179B
PI404180	PI404180
PI404181	PI404181
PI404182	PI404182
PI404183	PI404183
PI404185	PI404185
PI404186	PI404186
PI404187	PI404187
PI404188A	PI404188A
PI404188B	PI404188B
PI404189	PI404189
PI404190	PI404190
PI404191	PI404191
PI404192A	PI404192A
PI404192B	PI404192B
PI404192C	PI404192C
PI404193	PI404193
PI404194	PI404194
PI404195	PI404195
PI404196A	PI404196A
PI404196B	PI404196B
PI404197	PI404197
PI404198A	PI404198A
PI404198B	PI404198B
PI404199	PI404199
PI405690	PI405690
PI405691	PI405691
PI406684	PI406684
PI406707	PI406707
PI406708	PI406708
PI406709	PI406709
PI406710	PI406710
PI407285	PI407285
PI407286	PI407286
PI407287	PI407287
PI407386A	PI407386A
PI407386B	PI407386B
PI407386C	PI407386C
PI407386D	PI407386D
PI407653	PI407653
PI407654	PI407654
PI407655A	PI407655A
PI407655B	PI407655B
PI407655C	PI407655C
PI407656	PI407656
PI407657	PI407657
PI407658A	PI407658A
PI407658B	PI407658B
PI407658C	PI407658C
PI407659A	PI407659A
PI407659B	PI407659B
PI407701	PI407701
PI407702	PI407702
PI407704	PI407704
PI407705	PI407705
PI407706A	PI407706A
PI407706B	PI407706B
PI407707	PI407707
PI407708A	PI407708A
PI407708B	PI407708B
PI407709	PI407709
PI407710	PI407710
PI407711A	PI407711A
PI407711B	PI407711B
PI407712	PI407712
PI407713	PI407713
PI407714	PI407714
PI407715	PI407715
PI407716	PI407716
PI407717	PI407717
PI407718	PI407718
PI407719	PI407719
PI407720	PI407720
PI407721	PI407721
PI407722	PI407722
PI407723	PI407723
PI407724	PI407724
PI407725A	PI407725A
PI407725B	PI407725B
PI407726	PI407726
PI407727	PI407727
PI407729	PI407729
PI407730	PI407730
PI407731	PI407731
PI407732	PI407732
PI407733	PI407733
PI407734	PI407734
PI407735	PI407735
PI407736	PI407736
PI407737	PI407737
PI407738	PI407738
PI407739	PI407739
PI407742	PI407742
PI407743	PI407743
PI407744	PI407744
PI407746	PI407746
PI407747	PI407747
PI407748	PI407748
PI407749	PI407749
PI407750	PI407750
PI407751	PI407751
PI407752	PI407752
PI407753	PI407753
PI407755	PI407755
PI407756	PI407756
PI407757	PI407757
PI407758	PI407758
PI407759	PI407759
PI407761	PI407761
PI407762	PI407762
PI407763	PI407763
PI407764	PI407764
PI407765	PI407765
PI407766	PI407766
PI407768	PI407768
PI407769	PI407769
PI407770	PI407770
PI407771	PI407771
PI407772A	PI407772A
PI407772B	PI407772B
PI407773A	PI407773A
PI407773B	PI407773B
PI407774	PI407774
PI407775	PI407775
PI407776	PI407776
PI407777	PI407777
PI407778A	PI407778A
PI407778B	PI407778B
PI407778C	PI407778C
PI407779	PI407779
PI407781A	PI407781A
PI407781B	PI407781B
PI407781C	PI407781C
PI407783	PI407783
PI407784	PI407784
PI407785	PI407785
PI407786A	PI407786A
PI407786B	PI407786B
PI407787	PI407787
PI407788A	PI407788A
PI407788B	PI407788B
PI407788C	PI407788C
PI407789	PI407789
PI407790-1	PI407790-1
PI407790-2	PI407790-2
PI407791	PI407791
PI407792	PI407792
PI407793	PI407793
PI407794	PI407794
PI407795A	PI407795A
PI407795B	PI407795B
PI407796	PI407796
PI407797	PI407797
PI407798	PI407798
PI407799	PI407799
PI407800	PI407800
PI407801	PI407801
PI407802	PI407802
PI407803	PI407803
PI407804	PI407804
PI407805A	PI407805A
PI407805B	PI407805B
PI407805C	PI407805C
PI407805D	PI407805D
PI407806A	PI407806A
PI407806B	PI407806B
PI407807	PI407807
PI407808-1	PI407808-1
PI407808-2	PI407808-2
PI407809	PI407809
PI407810	PI407810
PI407811	PI407811
PI407812	PI407812
PI407813	PI407813
PI407814-1	PI407814-1
PI407814-2	PI407814-2
PI407815	PI407815
PI407816	PI407816
PI407817	PI407817
PI407818A	PI407818A
PI407818B	PI407818B
PI407819	PI407819
PI407820	PI407820
PI407821A	PI407821A
PI407821B	PI407821B
PI407822	PI407822
PI407823	PI407823
PI407824	PI407824
PI407825	PI407825
PI407826	PI407826
PI407827	PI407827
PI407830	PI407830
PI407832A	PI407832A
PI407832B	PI407832B
PI407833A	PI407833A
PI407833B	PI407833B
PI407833C	PI407833C
PI407834	PI407834
PI407835	PI407835
PI407836	PI407836
PI407837	PI407837
PI407838	PI407838
PI407839-1	PI407839-1
PI407839-2	PI407839-2
PI407840	PI407840
PI407841	PI407841
PI407842	PI407842
PI407843	PI407843
PI407844	PI407844
PI407845A	PI407845A
PI407845B	PI407845B
PI407846	PI407846
PI407847	PI407847
PI407848	PI407848
PI407849	PI407849
PI407850	PI407850
PI407851	PI407851
PI407852	PI407852
PI407853	PI407853
PI407854	PI407854
PI407855	PI407855
PI407856	PI407856
PI407857	PI407857
PI407858	PI407858
PI407859-1	PI407859-1
PI407859-2	PI407859-2
PI407860	PI407860
PI407861A	PI407861A
PI407861B	PI407861B
PI407861C	PI407861C
PI407862	PI407862
PI407863	PI407863
PI407864	PI407864
PI407865	PI407865
PI407866	PI407866
PI407867A	PI407867A
PI407867B	PI407867B
PI407867C	PI407867C
PI407868A	PI407868A
PI407868B	PI407868B
PI407868C	PI407868C
PI407869A	PI407869A
PI407869B	PI407869B
PI407870	PI407870
PI407871	PI407871
PI407872A	PI407872A
PI407872B	PI407872B
PI407872C	PI407872C
PI407873	PI407873
PI407874-1	PI407874-1
PI407874-2	PI407874-2
PI407875A	PI407875A
PI407875B	PI407875B
PI407876	PI407876
PI407877A	PI407877A
PI407877B	PI407877B
PI407877C	PI407877C
PI407878	PI407878
PI407879	PI407879
PI407880	PI407880
PI407881	PI407881
PI407882	PI407882
PI407883	PI407883
PI407884	PI407884
PI407885	PI407885
PI407886	PI407886
PI407887	PI407887
PI407888	PI407888
PI407889	PI407889
PI407890-1	PI407890-1
PI407890-2	PI407890-2
PI407891	PI407891
PI407892A	PI407892A
PI407892B	PI407892B
PI407892C	PI407892C
PI407893	PI407893
PI407894	PI407894
PI407895	PI407895
PI407896	PI407896
PI407897	PI407897
PI407898A	PI407898A
PI407898B	PI407898B
PI407899	PI407899
PI407900	PI407900
PI407901	PI407901
PI407902A	PI407902A
PI407902B	PI407902B
PI407903A	PI407903A
PI407903B	PI407903B
PI407904	PI407904
PI407905	PI407905
PI407906	PI407906
PI407907A	PI407907A
PI407907B	PI407907B
PI407908	PI407908
PI407909	PI407909
PI407910	PI407910
PI407911	PI407911
PI407912	PI407912
PI407913A	PI407913A
PI407913B	PI407913B
PI407914A	PI407914A
PI407914B	PI407914B
PI407914C	PI407914C
PI407914D	PI407914D
PI407915	PI407915
PI407916	PI407916
PI407917	PI407917
PI407918A	PI407918A
PI407918B	PI407918B
PI407919	PI407919
PI407920	PI407920
PI407921	PI407921
PI407922	PI407922
PI407923	PI407923
PI407924	PI407924
PI407925	PI407925
PI407926A	PI407926A
PI407926B	PI407926B
PI407927A	PI407927A
PI407927B	PI407927B
PI407928	PI407928
PI407929	PI407929
PI407930	PI407930
PI407931	PI407931
PI407932A	PI407932A
PI407932B	PI407932B
PI407933	PI407933
PI407934	PI407934
PI407935	PI407935
PI407936	PI407936
PI407937-1	PI407937-1
PI407937-2	PI407937-2
PI407938	PI407938
PI407939A	PI407939A
PI407939B	PI407939B
PI407940	PI407940
PI407941A	PI407941A
PI407941B	PI407941B
PI407942	PI407942
PI407943	PI407943
PI407944	PI407944
PI407945	PI407945
PI407946-1	PI407946-1
PI407946-2	PI407946-2
PI407947	PI407947
PI407948	PI407948
PI407949	PI407949
PI407950-1	PI407950-1
PI407950-2	PI407950-2
PI407951	PI407951
PI407952A	PI407952A
PI407952B	PI407952B
PI407953	PI407953
PI407954	PI407954
PI407955	PI407955
PI407956	PI407956
PI407957	PI407957
PI407958	PI407958
PI407959A	PI407959A
PI407959B	PI407959B
PI407960A	PI407960A
PI407960B	PI407960B
PI407961-1	PI407961-1
PI407961-2	PI407961-2
PI407962-1	PI407962-1
PI407962-2	PI407962-2
PI407963	PI407963
PI407964	PI407964
PI407965	PI407965
PI407966A	PI407966A
PI407966B	PI407966B
PI407966C	PI407966C
PI407967	PI407967
PI407968	PI407968
PI407969	PI407969
PI407970	PI407970
PI407972A	PI407972A
PI407972B	PI407972B
PI407972C	PI407972C
PI407973A	PI407973A
PI407973B	PI407973B
PI407974A	PI407974A
PI407974B	PI407974B
PI407975A	PI407975A
PI407975B	PI407975B
PI407976A	PI407976A
PI407976B	PI407976B
PI407977	PI407977
PI407978	PI407978
PI407979	PI407979
PI407980	PI407980
PI407981A	PI407981A
PI407981B	PI407981B
PI407981C	PI407981C
PI407982	PI407982
PI407983	PI407983
PI407984	PI407984
PI407985	PI407985
PI407986A	PI407986A
PI407986B	PI407986B
PI407987	PI407987
PI407988A	PI407988A
PI407988B	PI407988B
PI407989	PI407989
PI407990	PI407990
PI407991	PI407991
PI407992	PI407992
PI407993	PI407993
PI407994	PI407994
PI407995	PI407995
PI407996	PI407996
PI407997	PI407997
PI407998A	PI407998A
PI407998B	PI407998B
PI407998C	PI407998C
PI407998D	PI407998D
PI407999-1	PI407999-1
PI407999-2	PI407999-2
PI408000	PI408000
PI408001	PI408001
PI408002	PI408002
PI408003-1	PI408003-1
PI408003-2	PI408003-2
PI408004-1	PI408004-1
PI408004-2	PI408004-2
PI408005	PI408005
PI408006	PI408006
PI408007	PI408007
PI408008	PI408008
PI408009	PI408009
PI408010-1	PI408010-1
PI408010-2	PI408010-2
PI408011	PI408011
PI408012	PI408012
PI408013	PI408013
PI408014	PI408014
PI408015	PI408015
PI408016A	PI408016A
PI408016B	PI408016B
PI408017	PI408017
PI408018	PI408018
PI408019A	PI408019A
PI408019B	PI408019B
PI408019C	PI408019C
PI408020A	PI408020A
PI408020B	PI408020B
PI408020C	PI408020C
PI408020D	PI408020D
PI408021	PI408021
PI408022	PI408022
PI408023	PI408023
PI408024	PI408024
PI408025	PI408025
PI408026	PI408026
PI408027	PI408027
PI408028	PI408028
PI408029	PI408029
PI408030	PI408030
PI408031	PI408031
PI408032A	PI408032A
PI408032B	PI408032B
PI408033	PI408033
PI408034	PI408034
PI408035	PI408035
PI408036	PI408036
PI408037	PI408037
PI408038	PI408038
PI408039	PI408039
PI408040-1	PI408040-1
PI408040-2	PI408040-2
PI408041	PI408041
PI408042	PI408042
PI408043	PI408043
PI408044	PI408044
PI408045	PI408045
PI408046	PI408046
PI408047	PI408047
PI408048A	PI408048A
PI408048B	PI408048B
PI408049	PI408049
PI408050A	PI408050A
PI408050B	PI408050B
PI408051	PI408051
PI408052A	PI408052A
PI408052B	PI408052B
PI408052C	PI408052C
PI408053	PI408053
PI408054	PI408054
PI408055A	PI408055A
PI408055B	PI408055B
PI408055C	PI408055C
PI408055D	PI408055D
PI408056	PI408056
PI408057	PI408057
PI408058	PI408058
PI408059	PI408059
PI408060	PI408060
PI408061	PI408061
PI408062	PI408062
PI408063	PI408063
PI408064	PI408064
PI408065	PI408065
PI408066A	PI408066A
PI408066B	PI408066B
PI408067A	PI408067A
PI408067B	PI408067B
PI408068A	PI408068A
PI408068B	PI408068B
PI408068C	PI408068C
PI408069	PI408069
PI408070A	PI408070A
PI408070B	PI408070B
PI408071	PI408071
PI408072	PI408072
PI408073	PI408073
PI408074A	PI408074A
PI408074B	PI408074B
PI408074C	PI408074C
PI408075	PI408075
PI408076A	PI408076A
PI408076B	PI408076B
PI408076C	PI408076C
PI408077	PI408077
PI408078	PI408078
PI408079A	PI408079A
PI408079B	PI408079B
PI408080	PI408080
PI408081	PI408081
PI408082	PI408082
PI408083A	PI408083A
PI408083B	PI408083B
PI408084A	PI408084A
PI408084B	PI408084B
PI408084C	PI408084C
PI408085	PI408085
PI408086	PI408086
PI408087	PI408087
PI408088	PI408088
PI408089	PI408089
PI408090	PI408090
PI408091	PI408091
PI408092A	PI408092A
PI408092B	PI408092B
PI408092C	PI408092C
PI408093	PI408093
PI408094-1	PI408094-1
PI408094-2	PI408094-2
PI408095A	PI408095A
PI408095B	PI408095B
PI408095C	PI408095C
PI408096	PI408096
PI408097	PI408097
PI408098	PI408098
PI408099	PI408099
PI408100A	PI408100A
PI408100B	PI408100B
PI408101	PI408101
PI408102	PI408102
PI408103	PI408103
PI408104	PI408104
PI408105A	PI408105A
PI408105B	PI408105B
PI408106	PI408106
PI408107	PI408107
PI408108	PI408108
PI408109A	PI408109A
PI408109B	PI408109B
PI408110A	PI408110A
PI408110B	PI408110B
PI408111	PI408111
PI408112	PI408112
PI408113	PI408113
PI408114	PI408114
PI408115	PI408115
PI408116	PI408116
PI408117	PI408117
PI408118	PI408118
PI408119	PI408119
PI408120	PI408120
PI408121	PI408121
PI408122	PI408122
PI408123	PI408123
PI408124A	PI408124A
PI408124B	PI408124B
PI408124C	PI408124C
PI408124D	PI408124D
PI408125A	PI408125A
PI408125B	PI408125B
PI408126A	PI408126A
PI408126B	PI408126B
PI408127	PI408127
PI408128	PI408128
PI408129	PI408129
PI408130	PI408130
PI408131A	PI408131A
PI408131B	PI408131B
PI408132	PI408132
PI408133	PI408133
PI408134A	PI408134A
PI408134B	PI408134B
PI408134C	PI408134C
PI408135A	PI408135A
PI408135B	PI408135B
PI408136	PI408136
PI408137A	PI408137A
PI408137B	PI408137B
PI408138A	PI408138A
PI408138B	PI408138B
PI408138C	PI408138C
PI408138D	PI408138D
PI408139	PI408139
PI408140A	PI408140A
PI408140B	PI408140B
PI408141	PI408141
PI408142	PI408142
PI408143	PI408143
PI408144	PI408144
PI408145	PI408145
PI408146	PI408146
PI408147	PI408147
PI408148	PI408148
PI408149	PI408149
PI408150	PI408150
PI408151	PI408151
PI408152	PI408152
PI408153	PI408153
PI408154	PI408154
PI408155	PI408155
PI408156	PI408156
PI408157	PI408157
PI408158	PI408158
PI408159	PI408159
PI408160	PI408160
PI408161	PI408161
PI408162	PI408162
PI408163	PI408163
PI408164	PI408164
PI408165	PI408165
PI408166A	PI408166A
PI408166B	PI408166B
PI408166C	PI408166C
PI408167A	PI408167A
PI408167B	PI408167B
PI408167C	PI408167C
PI408168	PI408168
PI408169A	PI408169A
PI408169B	PI408169B
PI408169C	PI408169C
PI408169D	PI408169D
PI408170	PI408170
PI408171	PI408171
PI408172	PI408172
PI408173	PI408173
PI408174	PI408174
PI408175	PI408175
PI408176	PI408176
PI408177	PI408177
PI408178	PI408178
PI408179	PI408179
PI408180-1	PI408180-1
PI408180-2	PI408180-2
PI408181A	PI408181A
PI408181B	PI408181B
PI408181C	PI408181C
PI408181D	PI408181D
PI408182	PI408182
PI408183	PI408183
PI408184A	PI408184A
PI408184B	PI408184B
PI408185	PI408185
PI408186A	PI408186A
PI408186B	PI408186B
PI408186C	PI408186C
PI408187	PI408187
PI408188	PI408188
PI408189	PI408189
PI408190	PI408190
PI408191A	PI408191A
PI408191B	PI408191B
PI408192-1	PI408192-1
PI408192-2	PI408192-2
PI408194	PI408194
PI408195	PI408195
PI408196A	PI408196A
PI408196B	PI408196B
PI408197A	PI408197A
PI408197B	PI408197B
PI408198	PI408198
PI408199	PI408199
PI408200A	PI408200A
PI408200B	PI408200B
PI408201A	PI408201A
PI408201B	PI408201B
PI408202	PI408202
PI408203A	PI408203A
PI408203B	PI408203B
PI408204	PI408204
PI408205	PI408205
PI408206-1	PI408206-1
PI408206-2	PI408206-2
PI408207-1	PI408207-1
PI408207-2	PI408207-2
PI408208	PI408208
PI408209A	PI408209A
PI408209B	PI408209B
PI408209C	PI408209C
PI408210	PI408210
PI408211A	PI408211A
PI408211B	PI408211B
PI408212A	PI408212A
PI408212B	PI408212B
PI408213	PI408213
PI408214	PI408214
PI408215A	PI408215A
PI408215B	PI408215B
PI408216A	PI408216A
PI408216B	PI408216B
PI408217A	PI408217A
PI408217B	PI408217B
PI408217C	PI408217C
PI408218	PI408218
PI408219	PI408219
PI408220	PI408220
PI408221A	PI408221A
PI408221B	PI408221B
PI408221C	PI408221C
PI408222A	PI408222A
PI408222B	PI408222B
PI408222C	PI408222C
PI408223	PI408223
PI408224A	PI408224A
PI408224B	PI408224B
PI408225A	PI408225A
PI408225B	PI408225B
PI408226A	PI408226A
PI408226B	PI408226B
PI408227	PI408227
PI408228A	PI408228A
PI408228B	PI408228B
PI408229A	PI408229A
PI408229B	PI408229B
PI408229C	PI408229C
PI408230	PI408230
PI408231	PI408231
PI408232	PI408232
PI408233A	PI408233A
PI408233B	PI408233B
PI408234A	PI408234A
PI408234B	PI408234B
PI408235	PI408235
PI408236	PI408236
PI408237	PI408237
PI408238-1	PI408238-1
PI408238-2	PI408238-2
PI408239	PI408239
PI408240	PI408240
PI408241	PI408241
PI408242	PI408242
PI408243	PI408243
PI408244	PI408244
PI408245	PI408245
PI408246-1	PI408246-1
PI408246-2	PI408246-2
PI408247	PI408247
PI408248A	PI408248A
PI408248B	PI408248B
PI408249	PI408249
PI408250	PI408250
PI408251	PI408251
PI408252	PI408252
PI408253	PI408253
PI408254	PI408254
PI408255A	PI408255A
PI408255B	PI408255B
PI408256	PI408256
PI408257	PI408257
PI408258	PI408258
PI408259A	PI408259A
PI408259B	PI408259B
PI408260A	PI408260A
PI408260B	PI408260B
PI408260C	PI408260C
PI408261	PI408261
PI408262A	PI408262A
PI408262B	PI408262B
PI408262C	PI408262C
PI408262D	PI408262D
PI408263	PI408263
PI408264	PI408264
PI408265A	PI408265A
PI408265B	PI408265B
PI408265C	PI408265C
PI408266	PI408266
PI408267	PI408267
PI408268	PI408268
PI408269A	PI408269A
PI408269B	PI408269B
PI408269C	PI408269C
PI408269D	PI408269D
PI408270A	PI408270A
PI408270B	PI408270B
PI408270C	PI408270C
PI408271	PI408271
PI408272A	PI408272A
PI408272B	PI408272B
PI408272C	PI408272C
PI408273	PI408273
PI408274	PI408274
PI408275	PI408275
PI408276	PI408276
PI408277	PI408277
PI408278	PI408278
PI408279	PI408279
PI408280	PI408280
PI408281A	PI408281A
PI408281B	PI408281B
PI408282	PI408282
PI408283	PI408283
PI408284	PI408284
PI408285A	PI408285A
PI408285B	PI408285B
PI408285C	PI408285C
PI408286	PI408286
PI408287	PI408287
PI408288	PI408288
PI408289	PI408289
PI408290	PI408290
PI408291	PI408291
PI408292	PI408292
PI408293-1	PI408293-1
PI408293-2	PI408293-2
PI408294A	PI408294A
PI408294B	PI408294B
PI408295A	PI408295A
PI408295B	PI408295B
PI408296A	PI408296A
PI408296B	PI408296B
PI408298A	PI408298A
PI408298B	PI408298B
PI408299	PI408299
PI408300	PI408300
PI408301	PI408301
PI408302	PI408302
PI408303	PI408303
PI408304	PI408304
PI408305	PI408305
PI408306	PI408306
PI408307A	PI408307A
PI408307B	PI408307B
PI408307C	PI408307C
PI408308A	PI408308A
PI408308B	PI408308B
PI408309	PI408309
PI408310A	PI408310A
PI408310B	PI408310B
PI408311-1	PI408311-1
PI408311-2	PI408311-2
PI408312A	PI408312A
PI408312B	PI408312B
PI408313	PI408313
PI408314	PI408314
PI408315A	PI408315A
PI408315B	PI408315B
PI408316	PI408316
PI408317	PI408317
PI408318A	PI408318A
PI408318B	PI408318B
PI408319A	PI408319A
PI408319B	PI408319B
PI408319C	PI408319C
PI408320	PI408320
PI408321	PI408321
PI408322	PI408322
PI408323	PI408323
PI408324	PI408324
PI408325	PI408325
PI408326	PI408326
PI408327A	PI408327A
PI408327B	PI408327B
PI408328	PI408328
PI408329	PI408329
PI408330	PI408330
PI408331	PI408331
PI408332A	PI408332A
PI408332B	PI408332B
PI408332C	PI408332C
PI408333	PI408333
PI408334	PI408334
PI408335A	PI408335A
PI408335B	PI408335B
PI408336	PI408336
PI408337	PI408337
PI408338	PI408338
PI408339	PI408339
PI408340	PI408340
PI408342	PI408342
PI408343	PI408343
PI408344	PI408344
PI408345	PI408345
PI415072	PI415072
PI415073A	PI415073A
PI415073B	PI415073B
PI415074	PI415074
PI416746	PI416746
PI416747	PI416747
PI416748	PI416748
PI416749	PI416749
PI416750	PI416750
PI416751	PI416751
PI416752	PI416752
PI416753	PI416753
PI416754	PI416754
PI416755	PI416755
PI416756	PI416756
PI416757	PI416757
PI416758	PI416758
PI416759	PI416759
PI416760	PI416760
PI416761	PI416761
PI416762	PI416762
PI416763	PI416763
PI416764	PI416764
PI416765	PI416765
PI416766	PI416766
PI416767	PI416767
PI416768	PI416768
PI416769A	PI416769A
PI416769B	PI416769B
PI416769C	PI416769C
PI416770	PI416770
PI416771	PI416771
PI416772	PI416772
PI416773	PI416773
PI416774	PI416774
PI416775	PI416775
PI416776	PI416776
PI416777	PI416777
PI416778	PI416778
PI416779	PI416779
PI416780	PI416780
PI416781	PI416781
PI416782	PI416782
PI416783	PI416783
PI416784	PI416784
PI416785	PI416785
PI416786	PI416786
PI416787	PI416787
PI416788	PI416788
PI416789	PI416789
PI416790	PI416790
PI416791	PI416791
PI416792	PI416792
PI416793	PI416793
PI416794	PI416794
PI416795	PI416795
PI416796	PI416796
PI416797	PI416797
PI416798	PI416798
PI416799	PI416799
PI416800	PI416800
PI416801	PI416801
PI416802	PI416802
PI416803	PI416803
PI416804	PI416804
PI416805	PI416805
PI416806	PI416806
PI416807	PI416807
PI416808	PI416808
PI416809	PI416809
PI416810	PI416810
PI416811	PI416811
PI416812	PI416812
PI416813	PI416813
PI416814	PI416814
PI416815	PI416815
PI416816	PI416816
PI416817	PI416817
PI416818	PI416818
PI416819A	PI416819A
PI416819B	PI416819B
PI416820	PI416820
PI416821	PI416821
PI416822	PI416822
PI416823	PI416823
PI416824	PI416824
PI416825A	PI416825A
PI416825B	PI416825B
PI416825C	PI416825C
PI416826A	PI416826A
PI416826B	PI416826B
PI416827	PI416827
PI416828	PI416828
PI416829	PI416829
PI416830	PI416830
PI416831	PI416831
PI416832	PI416832
PI416833	PI416833
PI416834	PI416834
PI416835	PI416835
PI416836	PI416836
PI416837	PI416837
PI416838	PI416838
PI416839	PI416839
PI416840	PI416840
PI416841	PI416841
PI416842	PI416842
PI416843	PI416843
PI416844	PI416844
PI416845	PI416845
PI416846	PI416846
PI416847	PI416847
PI416848	PI416848
PI416849	PI416849
PI416850	PI416850
PI416851	PI416851
PI416852	PI416852
PI416853	PI416853
PI416854	PI416854
PI416855	PI416855
PI416856	PI416856
PI416857	PI416857
PI416858	PI416858
PI416859	PI416859
PI416860	PI416860
PI416861	PI416861
PI416862	PI416862
PI416863	PI416863
PI416864	PI416864
PI416865	PI416865
PI416866	PI416866
PI416867	PI416867
PI416868A	PI416868A
PI416868B	PI416868B
PI416869	PI416869
PI416870	PI416870
PI416871	PI416871
PI416872	PI416872
PI416873A	PI416873A
PI416873B	PI416873B
PI416873C	PI416873C
PI416874A	PI416874A
PI416874B	PI416874B
PI416875	PI416875
PI416876	PI416876
PI416877	PI416877
PI416878	PI416878
PI416879	PI416879
PI416880A	PI416880A
PI416880B	PI416880B
PI416881	PI416881
PI416882	PI416882
PI416883	PI416883
PI416884	PI416884
PI416885	PI416885
PI416886	PI416886
PI416887	PI416887
PI416888	PI416888
PI416889	PI416889
PI416890	PI416890
PI416891	PI416891
PI416892	PI416892
PI416893	PI416893
PI416894A	PI416894A
PI416894B	PI416894B
PI416894C	PI416894C
PI416894D	PI416894D
PI416895	PI416895
PI416896	PI416896
PI416897	PI416897
PI416898	PI416898
PI416899	PI416899
PI416900	PI416900
PI416901	PI416901
PI416902	PI416902
PI416903	PI416903
PI416904A	PI416904A
PI416904B	PI416904B
PI416904C	PI416904C
PI416905	PI416905
PI416906	PI416906
PI416907	PI416907
PI416908	PI416908
PI416909	PI416909
PI416910	PI416910
PI416911	PI416911
PI416912	PI416912
PI416913	PI416913
PI416914	PI416914
PI416915	PI416915
PI416916	PI416916
PI416917	PI416917
PI416918	PI416918
PI416919	PI416919
PI416920	PI416920
PI416921	PI416921
PI416922	PI416922
PI416923	PI416923
PI416924	PI416924
PI416925	PI416925
PI416926A	PI416926A
PI416926B	PI416926B
PI416927	PI416927
PI416928	PI416928
PI416929	PI416929
PI416930	PI416930
PI416931	PI416931
PI416932	PI416932
PI416933	PI416933
PI416934	PI416934
PI416935	PI416935
PI416936	PI416936
PI416937	PI416937
PI416938	PI416938
PI416939	PI416939
PI416940	PI416940
PI416941	PI416941
PI416942	PI416942
PI416943	PI416943
PI416944	PI416944
PI416945	PI416945
PI416946	PI416946
PI416947	PI416947
PI416948	PI416948
PI416949	PI416949
PI416950	PI416950
PI416951	PI416951
PI416952	PI416952
PI416953	PI416953
PI416954	PI416954
PI416955	PI416955
PI416956	PI416956
PI416957	PI416957
PI416958	PI416958
PI416959	PI416959
PI416960	PI416960
PI416961	PI416961
PI416962	PI416962
PI416963	PI416963
PI416964	PI416964
PI416965	PI416965
PI416966	PI416966
PI416967	PI416967
PI416968	PI416968
PI416969	PI416969
PI416970	PI416970
PI416971	PI416971
PI416972	PI416972
PI416973	PI416973
PI416974	PI416974
PI416975	PI416975
PI416976	PI416976
PI416977	PI416977
PI416978	PI416978
PI416979	PI416979
PI416980	PI416980
PI416981	PI416981
PI416982	PI416982
PI416983	PI416983
PI416984	PI416984
PI416985	PI416985
PI416986	PI416986
PI416987	PI416987
PI416988	PI416988
PI416989	PI416989
PI416990	PI416990
PI416991	PI416991
PI416992	PI416992
PI416993	PI416993
PI416994	PI416994
PI416995	PI416995
PI416996	PI416996
PI416997	PI416997
PI416998	PI416998
PI416999	PI416999
PI417000	PI417000
PI417001	PI417001
PI417002	PI417002
PI417003	PI417003
PI417004	PI417004
PI417005	PI417005
PI417006	PI417006
PI417007	PI417007
PI417008	PI417008
PI417009	PI417009
PI417010	PI417010
PI417011	PI417011
PI417012	PI417012
PI417013	PI417013
PI417014A	PI417014A
PI417014B	PI417014B
PI417015	PI417015
PI417016	PI417016
PI417017	PI417017
PI417018	PI417018
PI417019	PI417019
PI417020	PI417020
PI417021	PI417021
PI417022	PI417022
PI417023	PI417023
PI417024	PI417024
PI417025	PI417025
PI417026	PI417026
PI417027	PI417027
PI417028	PI417028
PI417029	PI417029
PI417030	PI417030
PI417031	PI417031
PI417032	PI417032
PI417033A	PI417033A
PI417033B	PI417033B
PI417034	PI417034
PI417035	PI417035
PI417036	PI417036
PI417037	PI417037
PI417038	PI417038
PI417039	PI417039
PI417040A	PI417040A
PI417040B	PI417040B
PI417041	PI417041
PI417042	PI417042
PI417043	PI417043
PI417044	PI417044
PI417045	PI417045
PI417046	PI417046
PI417047	PI417047
PI417048	PI417048
PI417049	PI417049
PI417050	PI417050
PI417051	PI417051
PI417052	PI417052
PI417053	PI417053
PI417054	PI417054
PI417055	PI417055
PI417056	PI417056
PI417057	PI417057
PI417058	PI417058
PI417059	PI417059
PI417060	PI417060
PI417061	PI417061
PI417062	PI417062
PI417063	PI417063
PI417064	PI417064
PI417065	PI417065
PI417066	PI417066
PI417067	PI417067
PI417068	PI417068
PI417069	PI417069
PI417070	PI417070
PI417071	PI417071
PI417072	PI417072
PI417073	PI417073
PI417074	PI417074
PI417075	PI417075
PI417076	PI417076
PI417077	PI417077
PI417078	PI417078
PI417079	PI417079
PI417080	PI417080
PI417081	PI417081
PI417082	PI417082
PI417083	PI417083
PI417084A	PI417084A
PI417084B	PI417084B
PI417085	PI417085
PI417086A	PI417086A
PI417086B	PI417086B
PI417087	PI417087
PI417088	PI417088
PI417089A	PI417089A
PI417089B	PI417089B
PI417090	PI417090
PI417091	PI417091
PI417092	PI417092
PI417093	PI417093
PI417094	PI417094
PI417095	PI417095
PI417096	PI417096
PI417097	PI417097
PI417098	PI417098
PI417099	PI417099
PI417100	PI417100
PI417101	PI417101
PI417102A	PI417102A
PI417102B	PI417102B
PI417103	PI417103
PI417104	PI417104
PI417105	PI417105
PI417106	PI417106
PI417107	PI417107
PI417108	PI417108
PI417109	PI417109
PI417110	PI417110
PI417111	PI417111
PI417112	PI417112
PI417113	PI417113
PI417114	PI417114
PI417115	PI417115
PI417116	PI417116
PI417117	PI417117
PI417118	PI417118
PI417119	PI417119
PI417120	PI417120
PI417121	PI417121
PI417122	PI417122
PI417123	PI417123
PI417124	PI417124
PI417125	PI417125
PI417126	PI417126
PI417127	PI417127
PI417128	PI417128
PI417129A	PI417129A
PI417129B	PI417129B
PI417130	PI417130
PI417131	PI417131
PI417132	PI417132
PI417133	PI417133
PI417134	PI417134
PI417135A	PI417135A
PI417135B	PI417135B
PI417136	PI417136
PI417137	PI417137
PI417138	PI417138
PI417139	PI417139
PI417140	PI417140
PI417141	PI417141
PI417142	PI417142
PI417143	PI417143
PI417144	PI417144
PI417145	PI417145
PI417146	PI417146
PI417147	PI417147
PI417148	PI417148
PI417149	PI417149
PI417150	PI417150
PI417151	PI417151
PI417152	PI417152
PI417153	PI417153
PI417154	PI417154
PI417156	PI417156
PI417157	PI417157
PI417158	PI417158
PI417159	PI417159
PI417160	PI417160
PI417161	PI417161
PI417162	PI417162
PI417163	PI417163
PI417164	PI417164
PI417165	PI417165
PI417166	PI417166
PI417167	PI417167
PI417168	PI417168
PI417169	PI417169
PI417170	PI417170
PI417171	PI417171
PI417172	PI417172
PI417173	PI417173
PI417174	PI417174
PI417175	PI417175
PI417176	PI417176
PI417177	PI417177
PI417178	PI417178
PI417179A	PI417179A
PI417179B	PI417179B
PI417180	PI417180
PI417181	PI417181
PI417183	PI417183
PI417184A	PI417184A
PI417184B	PI417184B
PI417184C	PI417184C
PI417185	PI417185
PI417186	PI417186
PI417187	PI417187
PI417188	PI417188
PI417189	PI417189
PI417190	PI417190
PI417191	PI417191
PI417192	PI417192
PI417193	PI417193
PI417194	PI417194
PI417195	PI417195
PI417196A	PI417196A
PI417196B	PI417196B
PI417197	PI417197
PI417198	PI417198
PI417199	PI417199
PI417200	PI417200
PI417201	PI417201
PI417202	PI417202
PI417203	PI417203
PI417204	PI417204
PI417205	PI417205
PI417206	PI417206
PI417207	PI417207
PI417208	PI417208
PI417209	PI417209
PI417210	PI417210
PI417211	PI417211
PI417212	PI417212
PI417213	PI417213
PI417214	PI417214
PI417215	PI417215
PI417216	PI417216
PI417217	PI417217
PI417218	PI417218
PI417219	PI417219
PI417220	PI417220
PI417221	PI417221
PI417222	PI417222
PI417223	PI417223
PI417224	PI417224
PI417225	PI417225
PI417226	PI417226
PI417227	PI417227
PI417228	PI417228
PI417229	PI417229
PI417230	PI417230
PI417231	PI417231
PI417232	PI417232
PI417233	PI417233
PI417234	PI417234
PI417235	PI417235
PI417236	PI417236
PI417237	PI417237
PI417238	PI417238
PI417239	PI417239
PI417240	PI417240
PI417241	PI417241
PI417242	PI417242
PI417243	PI417243
PI417244	PI417244
PI417245	PI417245
PI417246	PI417246
PI417247	PI417247
PI417248	PI417248
PI417249	PI417249
PI417250	PI417250
PI417251	PI417251
PI417252	PI417252
PI417253	PI417253
PI417254	PI417254
PI417255	PI417255
PI417256	PI417256
PI417257	PI417257
PI417258	PI417258
PI417259	PI417259
PI417260A	PI417260A
PI417260B	PI417260B
PI417261	PI417261
PI417262	PI417262
PI417263	PI417263
PI417264	PI417264
PI417265	PI417265
PI417266	PI417266
PI417267	PI417267
PI417268	PI417268
PI417269	PI417269
PI417270	PI417270
PI417271	PI417271
PI417272	PI417272
PI417273	PI417273
PI417274	PI417274
PI417275	PI417275
PI417276	PI417276
PI417277	PI417277
PI417278	PI417278
PI417279	PI417279
PI417280	PI417280
PI417281	PI417281
PI417282	PI417282
PI417283	PI417283
PI417284	PI417284
PI417285	PI417285
PI417286	PI417286
PI417287	PI417287
PI417288	PI417288
PI417289	PI417289
PI417290	PI417290
PI417291	PI417291
PI417292	PI417292
PI417293	PI417293
PI417294	PI417294
PI417295	PI417295
PI417296	PI417296
PI417297	PI417297
PI417298	PI417298
PI417299	PI417299
PI417300	PI417300
PI417301	PI417301
PI417302	PI417302
PI417303	PI417303
PI417304	PI417304
PI417305	PI417305
PI417306	PI417306
PI417307	PI417307
PI417308	PI417308
PI417309A	PI417309A
PI417309B	PI417309B
PI417310	PI417310
PI417311	PI417311
PI417312	PI417312
PI417313	PI417313
PI417314	PI417314
PI417315	PI417315
PI417316	PI417316
PI417317	PI417317
PI417318	PI417318
PI417319	PI417319
PI417320	PI417320
PI417321	PI417321
PI417322	PI417322
PI417323	PI417323
PI417324A	PI417324A
PI417324B	PI417324B
PI417325	PI417325
PI417326	PI417326
PI417327	PI417327
PI417328	PI417328
PI417329	PI417329
PI417330	PI417330
PI417331	PI417331
PI417332	PI417332
PI417333	PI417333
PI417334	PI417334
PI417335	PI417335
PI417336	PI417336
PI417337	PI417337
PI417338	PI417338
PI417339	PI417339
PI417340	PI417340
PI417341	PI417341
PI417342	PI417342
PI417343	PI417343
PI417344	PI417344
PI417345A	PI417345A
PI417345B	PI417345B
PI417346	PI417346
PI417347	PI417347
PI417348	PI417348
PI417349	PI417349
PI417350	PI417350
PI417351	PI417351
PI417352	PI417352
PI417353	PI417353
PI417354	PI417354
PI417355A	PI417355A
PI417355B	PI417355B
PI417356	PI417356
PI417357	PI417357
PI417358	PI417358
PI417359	PI417359
PI417360	PI417360
PI417361	PI417361
PI417362	PI417362
PI417363	PI417363
PI417364	PI417364
PI417365A	PI417365A
PI417365B	PI417365B
PI417366	PI417366
PI417367	PI417367
PI417368	PI417368
PI417369	PI417369
PI417370	PI417370
PI417371	PI417371
PI417372	PI417372
PI417373	PI417373
PI417374	PI417374
PI417375	PI417375
PI417376	PI417376
PI417377	PI417377
PI417378	PI417378
PI417379	PI417379
PI417380	PI417380
PI417381	PI417381
PI417382	PI417382
PI417383	PI417383
PI417384	PI417384
PI417385	PI417385
PI417386	PI417386
PI417387	PI417387
PI417388	PI417388
PI417389A	PI417389A
PI417389B	PI417389B
PI417390	PI417390
PI417391	PI417391
PI417392	PI417392
PI417393	PI417393
PI417394	PI417394
PI417395	PI417395
PI417396	PI417396
PI417397	PI417397
PI417398	PI417398
PI417399	PI417399
PI417400	PI417400
PI417401	PI417401
PI417402	PI417402
PI417403	PI417403
PI417404	PI417404
PI417405	PI417405
PI417406	PI417406
PI417407	PI417407
PI417408	PI417408
PI417409	PI417409
PI417410	PI417410
PI417411	PI417411
PI417412	PI417412
PI417413	PI417413
PI417414A	PI417414A
PI417414B	PI417414B
PI417415	PI417415
PI417416	PI417416
PI417417	PI417417
PI417418	PI417418
PI417419	PI417419
PI417420	PI417420
PI417421	PI417421
PI417422	PI417422
PI417423	PI417423
PI417424	PI417424
PI417425	PI417425
PI417426	PI417426
PI417427	PI417427
PI417428	PI417428
PI417429	PI417429
PI417430	PI417430
PI417431	PI417431
PI417432	PI417432
PI417433	PI417433
PI417434	PI417434
PI417435	PI417435
PI417436	PI417436
PI417437	PI417437
PI417438	PI417438
PI417439	PI417439
PI417440	PI417440
PI417441	PI417441
PI417442	PI417442
PI417443	PI417443
PI417444	PI417444
PI417445	PI417445
PI417446	PI417446
PI417447	PI417447
PI417448	PI417448
PI417449	PI417449
PI417450	PI417450
PI417451	PI417451
PI417452	PI417452
PI417453	PI417453
PI417454	PI417454
PI417455	PI417455
PI417456	PI417456
PI417457	PI417457
PI417458	PI417458
PI417459	PI417459
PI417460	PI417460
PI417461	PI417461
PI417462	PI417462
PI417463	PI417463
PI417464	PI417464
PI417465	PI417465
PI417466	PI417466
PI417467	PI417467
PI417468	PI417468
PI417469	PI417469
PI417470	PI417470
PI417471	PI417471
PI417472A	PI417472A
PI417472B	PI417472B
PI417472C	PI417472C
PI417472D	PI417472D
PI417473	PI417473
PI417474	PI417474
PI417475	PI417475
PI417476	PI417476
PI417477	PI417477
PI417478	PI417478
PI417479	PI417479
PI417480	PI417480
PI417481	PI417481
PI417482	PI417482
PI417483	PI417483
PI417484	PI417484
PI417485	PI417485
PI417486	PI417486
PI417487	PI417487
PI417488	PI417488
PI417489	PI417489
PI417490	PI417490
PI417491	PI417491
PI417492	PI417492
PI417493	PI417493
PI417494	PI417494
PI417495	PI417495
PI417496	PI417496
PI417497	PI417497
PI417498	PI417498
PI417499	PI417499
PI417500	PI417500
PI417501	PI417501
PI417502	PI417502
PI417503	PI417503
PI417504	PI417504
PI417505	PI417505
PI417506	PI417506
PI417507	PI417507
PI417508	PI417508
PI417509	PI417509
PI417510	PI417510
PI417511	PI417511
PI417512A	PI417512A
PI417512B	PI417512B
PI417513A	PI417513A
PI417513B	PI417513B
PI417513C	PI417513C
PI417514	PI417514
PI417515	PI417515
PI417516	PI417516
PI417517	PI417517
PI417518	PI417518
PI417519A	PI417519A
PI417519B	PI417519B
PI417520	PI417520
PI417521	PI417521
PI417522	PI417522
PI417523	PI417523
PI417524	PI417524
PI417525	PI417525
PI417526	PI417526
PI417527	PI417527
PI417528	PI417528
PI417529	PI417529
PI417530	PI417530
PI417531	PI417531
PI417532	PI417532
PI417533	PI417533
PI417534	PI417534
PI417535	PI417535
PI417536A	PI417536A
PI417536B	PI417536B
PI417537A	PI417537A
PI417537B	PI417537B
PI417538	PI417538
PI417539	PI417539
PI417540	PI417540
PI417541	PI417541
PI417542	PI417542
PI417543	PI417543
PI417544A	PI417544A
PI417544B	PI417544B
PI417545	PI417545
PI417546	PI417546
PI417547	PI417547
PI417548	PI417548
PI417549	PI417549
PI417550	PI417550
PI417551	PI417551
PI417552	PI417552
PI417553	PI417553
PI417554	PI417554
PI417555	PI417555
PI417556	PI417556
PI417557	PI417557
PI417558	PI417558
PI417559	PI417559
PI417560	PI417560
PI417561	PI417561
PI417562	PI417562
PI417563	PI417563
PI417564	PI417564
PI417565	PI417565
PI417566	PI417566
PI417567	PI417567
PI417568	PI417568
PI417569	PI417569
PI417570	PI417570
PI417572A	PI417572A
PI417572B	PI417572B
PI417573	PI417573
PI417574	PI417574
PI417575	PI417575
PI417576	PI417576
PI417577	PI417577
PI417578	PI417578
PI417579	PI417579
PI417580	PI417580
PI417581	PI417581
PI417582	PI417582
PI419043	PI419043
PI420338	PI420338
PI423705	PI423705
PI423706	PI423706
PI423707	PI423707
PI423708A	PI423708A
PI423708B	PI423708B
PI423709	PI423709
PI423710	PI423710
PI423711	PI423711
PI423712	PI423712
PI423713	PI423713
PI423714	PI423714
PI423715	PI423715
PI423716	PI423716
PI423717	PI423717
PI423718	PI423718
PI423719	PI423719
PI423720	PI423720
PI423721	PI423721
PI423722	PI423722
PI423723	PI423723
PI423724	PI423724
PI423725	PI423725
PI423726	PI423726
PI423727	PI423727
PI423728A	PI423728A
PI423728B	PI423728B
PI423729	PI423729
PI423730A	PI423730A
PI423730B	PI423730B
PI423731	PI423731
PI423732	PI423732
PI423733	PI423733
PI423734	PI423734
PI423735	PI423735
PI423736A	PI423736A
PI423736B	PI423736B
PI423737	PI423737
PI423738	PI423738
PI423739	PI423739
PI423740	PI423740
PI423741	PI423741
PI423742	PI423742
PI423743A	PI423743A
PI423743B	PI423743B
PI423743C	PI423743C
PI423744	PI423744
PI423745	PI423745
PI423746	PI423746
PI423747A	PI423747A
PI423747B	PI423747B
PI423748A	PI423748A
PI423748B	PI423748B
PI423748C	PI423748C
PI423749	PI423749
PI423750	PI423750
PI423751	PI423751
PI423752A	PI423752A
PI423752B	PI423752B
PI423753A	PI423753A
PI423753B	PI423753B
PI423754	PI423754
PI423755	PI423755
PI423756A	PI423756A
PI423756B	PI423756B
PI423757	PI423757
PI423758	PI423758
PI423759	PI423759
PI423760	PI423760
PI423761	PI423761
PI423762	PI423762
PI423763	PI423763
PI423764	PI423764
PI423765	PI423765
PI423766	PI423766
PI423767	PI423767
PI423768	PI423768
PI423769A	PI423769A
PI423769B	PI423769B
PI423770	PI423770
PI423771	PI423771
PI423772	PI423772
PI423773	PI423773
PI423774	PI423774
PI423775	PI423775
PI423776	PI423776
PI423777	PI423777
PI423778	PI423778
PI423779	PI423779
PI423780	PI423780
PI423781A	PI423781A
PI423781B	PI423781B
PI423782	PI423782
PI423783	PI423783
PI423784	PI423784
PI423785	PI423785
PI423786	PI423786
PI423787	PI423787
PI423788	PI423788
PI423789	PI423789
PI423790	PI423790
PI423791	PI423791
PI423792	PI423792
PI423793	PI423793
PI423794	PI423794
PI423795	PI423795
PI423796A	PI423796A
PI423796B	PI423796B
PI423797	PI423797
PI423798A	PI423798A
PI423798B	PI423798B
PI423799A	PI423799A
PI423799B	PI423799B
PI423799C	PI423799C
PI423800	PI423800
PI423801	PI423801
PI423802	PI423802
PI423803	PI423803
PI423804	PI423804
PI423805	PI423805
PI423806	PI423806
PI423807	PI423807
PI423808A	PI423808A
PI423808B	PI423808B
PI423809	PI423809
PI423810	PI423810
PI423811	PI423811
PI423812	PI423812
PI423813	PI423813
PI423814A	PI423814A
PI423814B	PI423814B
PI423815	PI423815
PI423816	PI423816
PI423817	PI423817
PI423818	PI423818
PI423819	PI423819
PI423820	PI423820
PI423821	PI423821
PI423822	PI423822
PI423823	PI423823
PI423824	PI423824
PI423825	PI423825
PI423826A	PI423826A
PI423826B	PI423826B
PI423826C	PI423826C
PI423827A	PI423827A
PI423827B	PI423827B
PI423828	PI423828
PI423829	PI423829
PI423830A	PI423830A
PI423830B	PI423830B
PI423831	PI423831
PI423832	PI423832
PI423833A	PI423833A
PI423833B	PI423833B
PI423834	PI423834
PI423835	PI423835
PI423836	PI423836
PI423837A	PI423837A
PI423837B	PI423837B
PI423838	PI423838
PI423839	PI423839
PI423840	PI423840
PI423841	PI423841
PI423842	PI423842
PI423843	PI423843
PI423844	PI423844
PI423845A	PI423845A
PI423845B	PI423845B
PI423846	PI423846
PI423847	PI423847
PI423848	PI423848
PI423849	PI423849
PI423850	PI423850
PI423851	PI423851
PI423852	PI423852
PI423853	PI423853
PI423854	PI423854
PI423855	PI423855
PI423856	PI423856
PI423857	PI423857
PI423858	PI423858
PI423859	PI423859
PI423860	PI423860
PI423861	PI423861
PI423862	PI423862
PI423863A	PI423863A
PI423863B	PI423863B
PI423864	PI423864
PI423865	PI423865
PI423866	PI423866
PI423867	PI423867
PI423868	PI423868
PI423869	PI423869
PI423870	PI423870
PI423871	PI423871
PI423872	PI423872
PI423873	PI423873
PI423874	PI423874
PI423875	PI423875
PI423876	PI423876
PI423877	PI423877
PI423878	PI423878
PI423879	PI423879
PI423880	PI423880
PI423881	PI423881
PI423882A	PI423882A
PI423882B	PI423882B
PI423883	PI423883
PI423884	PI423884
PI423885	PI423885
PI423886	PI423886
PI423888	PI423888
PI423889	PI423889
PI423890A	PI423890A
PI423890B	PI423890B
PI423890C	PI423890C
PI423891	PI423891
PI423892	PI423892
PI423893	PI423893
PI423895	PI423895
PI423896	PI423896
PI423897	PI423897
PI423898	PI423898
PI423899	PI423899
PI423900	PI423900
PI423901-1	PI423901-1
PI423901-2	PI423901-2
PI423902	PI423902
PI423904	PI423904
PI423905	PI423905
PI423906	PI423906
PI423907	PI423907
PI423908	PI423908
PI423909	PI423909
PI423910	PI423910
PI423911	PI423911
PI423912	PI423912
PI423913	PI423913
PI423914A	PI423914A
PI423914B	PI423914B
PI423915	PI423915
PI423916	PI423916
PI423917	PI423917
PI423918	PI423918
PI423919	PI423919
PI423920	PI423920
PI423921	PI423921
PI423922	PI423922
PI423923	PI423923
PI423924	PI423924
PI423925	PI423925
PI423926	PI423926
PI423927	PI423927
PI423928	PI423928
PI423929	PI423929
PI423930A	PI423930A
PI423930B	PI423930B
PI423931	PI423931
PI423932	PI423932
PI423933	PI423933
PI423935	PI423935
PI423936	PI423936
PI423937	PI423937
PI423938	PI423938
PI423939	PI423939
PI423940	PI423940
PI423941	PI423941
PI423942	PI423942
PI423943	PI423943
PI423944	PI423944
PI423945	PI423945
PI423946	PI423946
PI423947	PI423947
PI423948A	PI423948A
PI423948B	PI423948B
PI423949	PI423949
PI423950	PI423950
PI423951	PI423951
PI423952	PI423952
PI423953	PI423953
PI423954	PI423954
PI423955	PI423955
PI423957	PI423957
PI423958	PI423958
PI423959	PI423959
PI423960A	PI423960A
PI423960B	PI423960B
PI423961A	PI423961A
PI423961B	PI423961B
PI423962	PI423962
PI423963	PI423963
PI423964	PI423964
PI423965	PI423965
PI423966	PI423966
PI423967	PI423967
PI423968	PI423968
PI423969	PI423969
PI423970	PI423970
PI423971A	PI423971A
PI423971B	PI423971B
PI423971C	PI423971C
PI423971D	PI423971D
PI423972	PI423972
PI423973	PI423973
PI423974	PI423974
PI423975	PI423975
PI423977	PI423977
PI423978	PI423978
PI423979	PI423979
PI423980	PI423980
PI423981	PI423981
PI423982	PI423982
PI423983	PI423983
PI423984	PI423984
PI423985	PI423985
PI423986	PI423986
PI423987A	PI423987A
PI423987B	PI423987B
PI424024	PI424024
PI424078	PI424078
PI424131	PI424131
PI424134	PI424134
PI424135	PI424135
PI424136	PI424136
PI424137A	PI424137A
PI424137B	PI424137B
PI424138	PI424138
PI424139	PI424139
PI424140	PI424140
PI424141A	PI424141A
PI424141B	PI424141B
PI424142	PI424142
PI424143	PI424143
PI424144	PI424144
PI424145	PI424145
PI424146	PI424146
PI424147	PI424147
PI424148	PI424148
PI424149	PI424149
PI424150	PI424150
PI424151	PI424151
PI424152	PI424152
PI424153	PI424153
PI424154A	PI424154A
PI424154B	PI424154B
PI424155A	PI424155A
PI424155B	PI424155B
PI424156A	PI424156A
PI424156B	PI424156B
PI424156C	PI424156C
PI424156D	PI424156D
PI424157A	PI424157A
PI424157B	PI424157B
PI424158	PI424158
PI424159A	PI424159A
PI424159B	PI424159B
PI424159C	PI424159C
PI424160	PI424160
PI424161	PI424161
PI424162	PI424162
PI424163	PI424163
PI424164A	PI424164A
PI424164B	PI424164B
PI424165	PI424165
PI424166	PI424166
PI424167	PI424167
PI424168A	PI424168A
PI424168B	PI424168B
PI424168C	PI424168C
PI424169A	PI424169A
PI424169B	PI424169B
PI424170	PI424170
PI424171A	PI424171A
PI424171B	PI424171B
PI424172A	PI424172A
PI424172B	PI424172B
PI424172C	PI424172C
PI424173	PI424173
PI424174	PI424174
PI424175	PI424175
PI424176	PI424176
PI424177	PI424177
PI424178A	PI424178A
PI424178B	PI424178B
PI424178C	PI424178C
PI424179A	PI424179A
PI424179B	PI424179B
PI424180	PI424180
PI424181	PI424181
PI424182A	PI424182A
PI424182B	PI424182B
PI424182C	PI424182C
PI424183	PI424183
PI424184	PI424184
PI424185	PI424185
PI424186	PI424186
PI424187	PI424187
PI424188A	PI424188A
PI424188B	PI424188B
PI424189	PI424189
PI424190	PI424190
PI424191	PI424191
PI424192A	PI424192A
PI424192B	PI424192B
PI424193	PI424193
PI424194	PI424194
PI424195A	PI424195A
PI424195B	PI424195B
PI424196	PI424196
PI424197	PI424197
PI424198	PI424198
PI424199	PI424199
PI424201	PI424201
PI424202	PI424202
PI424204	PI424204
PI424205	PI424205
PI424206	PI424206
PI424207	PI424207
PI424208	PI424208
PI424209	PI424209
PI424210	PI424210
PI424211	PI424211
PI424212	PI424212
PI424213	PI424213
PI424214A	PI424214A
PI424214B	PI424214B
PI424214C	PI424214C
PI424215	PI424215
PI424216	PI424216
PI424217A	PI424217A
PI424217B	PI424217B
PI424218	PI424218
PI424219A	PI424219A
PI424219B	PI424219B
PI424220A	PI424220A
PI424220B	PI424220B
PI424221A	PI424221A
PI424221B	PI424221B
PI424222A	PI424222A
PI424222B	PI424222B
PI424222C	PI424222C
PI424223	PI424223
PI424224	PI424224
PI424225	PI424225
PI424226	PI424226
PI424227A	PI424227A
PI424227B	PI424227B
PI424228	PI424228
PI424229A	PI424229A
PI424229B	PI424229B
PI424230	PI424230
PI424231	PI424231
PI424232A	PI424232A
PI424232B	PI424232B
PI424233	PI424233
PI424234A	PI424234A
PI424234B	PI424234B
PI424234C	PI424234C
PI424235	PI424235
PI424236	PI424236
PI424237A	PI424237A
PI424237B	PI424237B
PI424238	PI424238
PI424239	PI424239
PI424240	PI424240
PI424241	PI424241
PI424242	PI424242
PI424243	PI424243
PI424244	PI424244
PI424245	PI424245
PI424246	PI424246
PI424247A	PI424247A
PI424247B	PI424247B
PI424248	PI424248
PI424249A	PI424249A
PI424249B	PI424249B
PI424249C	PI424249C
PI424249D	PI424249D
PI424249E	PI424249E
PI424250A	PI424250A
PI424250B	PI424250B
PI424251A	PI424251A
PI424251B	PI424251B
PI424252	PI424252
PI424253	PI424253
PI424254	PI424254
PI424255A	PI424255A
PI424255B	PI424255B
PI424255C	PI424255C
PI424256	PI424256
PI424257A	PI424257A
PI424257B	PI424257B
PI424258	PI424258
PI424259	PI424259
PI424260	PI424260
PI424261	PI424261
PI424262	PI424262
PI424263	PI424263
PI424264	PI424264
PI424265	PI424265
PI424266	PI424266
PI424267	PI424267
PI424268	PI424268
PI424269A	PI424269A
PI424269B	PI424269B
PI424269C	PI424269C
PI424270A	PI424270A
PI424270B	PI424270B
PI424270C	PI424270C
PI424271	PI424271
PI424272A	PI424272A
PI424272B	PI424272B
PI424273A	PI424273A
PI424273B	PI424273B
PI424274A	PI424274A
PI424274B	PI424274B
PI424275	PI424275
PI424276	PI424276
PI424277A	PI424277A
PI424277B	PI424277B
PI424278A	PI424278A
PI424278B	PI424278B
PI424279	PI424279
PI424280	PI424280
PI424281A	PI424281A
PI424281B	PI424281B
PI424282	PI424282
PI424283	PI424283
PI424284A	PI424284A
PI424284B	PI424284B
PI424285A	PI424285A
PI424285B	PI424285B
PI424285C	PI424285C
PI424285D	PI424285D
PI424286	PI424286
PI424287	PI424287
PI424288	PI424288
PI424289	PI424289
PI424290	PI424290
PI424291	PI424291
PI424292	PI424292
PI424293	PI424293
PI424294A	PI424294A
PI424294B	PI424294B
PI424294C	PI424294C
PI424295	PI424295
PI424296A	PI424296A
PI424296B	PI424296B
PI424296C	PI424296C
PI424297	PI424297
PI424298	PI424298
PI424299A	PI424299A
PI424299B	PI424299B
PI424299C	PI424299C
PI424300A	PI424300A
PI424300B	PI424300B
PI424301	PI424301
PI424302	PI424302
PI424303	PI424303
PI424304	PI424304
PI424305	PI424305
PI424306	PI424306
PI424307	PI424307
PI424308	PI424308
PI424309A	PI424309A
PI424309B	PI424309B
PI424310	PI424310
PI424311	PI424311
PI424312	PI424312
PI424313	PI424313
PI424314	PI424314
PI424315	PI424315
PI424316	PI424316
PI424317	PI424317
PI424318	PI424318
PI424319	PI424319
PI424320	PI424320
PI424321	PI424321
PI424322	PI424322
PI424323	PI424323
PI424324A	PI424324A
PI424324B	PI424324B
PI424325	PI424325
PI424326	PI424326
PI424327	PI424327
PI424328	PI424328
PI424329	PI424329
PI424330	PI424330
PI424331	PI424331
PI424332	PI424332
PI424333	PI424333
PI424334	PI424334
PI424335A	PI424335A
PI424335B	PI424335B
PI424336	PI424336
PI424337-1	PI424337-1
PI424337-2	PI424337-2
PI424338	PI424338
PI424339	PI424339
PI424340A	PI424340A
PI424340B	PI424340B
PI424341	PI424341
PI424342A	PI424342A
PI424342B	PI424342B
PI424343	PI424343
PI424344	PI424344
PI424345	PI424345
PI424346	PI424346
PI424347A	PI424347A
PI424347B	PI424347B
PI424348A	PI424348A
PI424348B	PI424348B
PI424348C	PI424348C
PI424349A	PI424349A
PI424349B	PI424349B
PI424349C	PI424349C
PI424350	PI424350
PI424351	PI424351
PI424352	PI424352
PI424353	PI424353
PI424354	PI424354
PI424355	PI424355
PI424356	PI424356
PI424357A	PI424357A
PI424357B	PI424357B
PI424358	PI424358
PI424359	PI424359
PI424360	PI424360
PI424361	PI424361
PI424362	PI424362
PI424363	PI424363
PI424364A	PI424364A
PI424364B	PI424364B
PI424365	PI424365
PI424366	PI424366
PI424367	PI424367
PI424368A	PI424368A
PI424368B	PI424368B
PI424369	PI424369
PI424370A	PI424370A
PI424370B	PI424370B
PI424371	PI424371
PI424372	PI424372
PI424373	PI424373
PI424374	PI424374
PI424375	PI424375
PI424376	PI424376
PI424377	PI424377
PI424378	PI424378
PI424379	PI424379
PI424380	PI424380
PI424381	PI424381
PI424382	PI424382
PI424383	PI424383
PI424384	PI424384
PI424385	PI424385
PI424386A	PI424386A
PI424386B	PI424386B
PI424387	PI424387
PI424388	PI424388
PI424389	PI424389
PI424390	PI424390
PI424391	PI424391
PI424392	PI424392
PI424393	PI424393
PI424394	PI424394
PI424395	PI424395
PI424396	PI424396
PI424397	PI424397
PI424398	PI424398
PI424399	PI424399
PI424400	PI424400
PI424401	PI424401
PI424402A	PI424402A
PI424402B	PI424402B
PI424403	PI424403
PI424404	PI424404
PI424405A	PI424405A
PI424405B	PI424405B
PI424405C	PI424405C
PI424406A	PI424406A
PI424406B	PI424406B
PI424407	PI424407
PI424408	PI424408
PI424409	PI424409
PI424410	PI424410
PI424411	PI424411
PI424412	PI424412
PI424413	PI424413
PI424414	PI424414
PI424415	PI424415
PI424416	PI424416
PI424417	PI424417
PI424418	PI424418
PI424419	PI424419
PI424420	PI424420
PI424421	PI424421
PI424422	PI424422
PI424423	PI424423
PI424424	PI424424
PI424425	PI424425
PI424426	PI424426
PI424427	PI424427
PI424428	PI424428
PI424429	PI424429
PI424430	PI424430
PI424431	PI424431
PI424432	PI424432
PI424433	PI424433
PI424434	PI424434
PI424435	PI424435
PI424436	PI424436
PI424437	PI424437
PI424438	PI424438
PI424439	PI424439
PI424440	PI424440
PI424441	PI424441
PI424442	PI424442
PI424443	PI424443
PI424444A	PI424444A
PI424444B	PI424444B
PI424444C	PI424444C
PI424445	PI424445
PI424446	PI424446
PI424447	PI424447
PI424448	PI424448
PI424449	PI424449
PI424450	PI424450
PI424451	PI424451
PI424452	PI424452
PI424453	PI424453
PI424454	PI424454
PI424455	PI424455
PI424456	PI424456
PI424457	PI424457
PI424458	PI424458
PI424459	PI424459
PI424460	PI424460
PI424461	PI424461
PI424462A	PI424462A
PI424462B	PI424462B
PI424462C	PI424462C
PI424463	PI424463
PI424464	PI424464
PI424465	PI424465
PI424466	PI424466
PI424467	PI424467
PI424468	PI424468
PI424469	PI424469
PI424470	PI424470
PI424471	PI424471
PI424472A	PI424472A
PI424472B	PI424472B
PI424473	PI424473
PI424474-1	PI424474-1
PI424474-2	PI424474-2
PI424475	PI424475
PI424476	PI424476
PI424477	PI424477
PI424478	PI424478
PI424479	PI424479
PI424480	PI424480
PI424481A	PI424481A
PI424481B	PI424481B
PI424482	PI424482
PI424483	PI424483
PI424484A	PI424484A
PI424484B	PI424484B
PI424485	PI424485
PI424486	PI424486
PI424487A	PI424487A
PI424487B	PI424487B
PI424488A	PI424488A
PI424488B	PI424488B
PI424489A	PI424489A
PI424489B	PI424489B
PI424490	PI424490
PI424491A	PI424491A
PI424491B	PI424491B
PI424492	PI424492
PI424493A	PI424493A
PI424493B	PI424493B
PI424494	PI424494
PI424495	PI424495
PI424496	PI424496
PI424497	PI424497
PI424498	PI424498
PI424499A	PI424499A
PI424499B	PI424499B
PI424499C	PI424499C
PI424499D	PI424499D
PI424500	PI424500
PI424501	PI424501
PI424502	PI424502
PI424503	PI424503
PI424504A	PI424504A
PI424504B	PI424504B
PI424505	PI424505
PI424506	PI424506
PI424507	PI424507
PI424508	PI424508
PI424509	PI424509
PI424510	PI424510
PI424511	PI424511
PI424512	PI424512
PI424513	PI424513
PI424514	PI424514
PI424515	PI424515
PI424516	PI424516
PI424517A	PI424517A
PI424517B	PI424517B
PI424518	PI424518
PI424519	PI424519
PI424520	PI424520
PI424521A	PI424521A
PI424521B	PI424521B
PI424522	PI424522
PI424523A	PI424523A
PI424523B	PI424523B
PI424524	PI424524
PI424525	PI424525
PI424526	PI424526
PI424527	PI424527
PI424528	PI424528
PI424529	PI424529
PI424530	PI424530
PI424531	PI424531
PI424532	PI424532
PI424533	PI424533
PI424534	PI424534
PI424535A	PI424535A
PI424535B	PI424535B
PI424536	PI424536
PI424537	PI424537
PI424538	PI424538
PI424539	PI424539
PI424540	PI424540
PI424541	PI424541
PI424542	PI424542
PI424543	PI424543
PI424544	PI424544
PI424545	PI424545
PI424546A	PI424546A
PI424546B	PI424546B
PI424547	PI424547
PI424548	PI424548
PI424549A	PI424549A
PI424549B	PI424549B
PI424550	PI424550
PI424551	PI424551
PI424552	PI424552
PI424553	PI424553
PI424554	PI424554
PI424555A	PI424555A
PI424555B	PI424555B
PI424556	PI424556
PI424557	PI424557
PI424558A	PI424558A
PI424558B	PI424558B
PI424559	PI424559
PI424560	PI424560
PI424561	PI424561
PI424562	PI424562
PI424563	PI424563
PI424564	PI424564
PI424565	PI424565
PI424566	PI424566
PI424567	PI424567
PI424568	PI424568
PI424569A	PI424569A
PI424569B	PI424569B
PI424570	PI424570
PI424571	PI424571
PI424572	PI424572
PI424573	PI424573
PI424574	PI424574
PI424575	PI424575
PI424576	PI424576
PI424577	PI424577
PI424578	PI424578
PI424579	PI424579
PI424580	PI424580
PI424581	PI424581
PI424582	PI424582
PI424583	PI424583
PI424584	PI424584
PI424585	PI424585
PI424586	PI424586
PI424587	PI424587
PI424588	PI424588
PI424589	PI424589
PI424590A	PI424590A
PI424590B	PI424590B
PI424591	PI424591
PI424592	PI424592
PI424593	PI424593
PI424594	PI424594
PI424595	PI424595
PI424596	PI424596
PI424597	PI424597
PI424598	PI424598
PI424599	PI424599
PI424600	PI424600
PI424601	PI424601
PI424602	PI424602
PI424603	PI424603
PI424604	PI424604
PI424605A	PI424605A
PI424605B	PI424605B
PI424606	PI424606
PI424607	PI424607
PI424608A	PI424608A
PI424608B	PI424608B
PI424609	PI424609
PI424610	PI424610
PI424611A	PI424611A
PI424611B	PI424611B
PI424612	PI424612
PI424613	PI424613
PI424614	PI424614
PI424615	PI424615
PI424616	PI424616
PI424617	PI424617
PI427088A	PI427088A
PI427088B	PI427088B
PI427088C	PI427088C
PI427088D	PI427088D
PI427088E	PI427088E
PI427088F	PI427088F
PI427088G	PI427088G
PI427088H	PI427088H
PI427088I	PI427088I
PI427088J	PI427088J
PI427099	PI427099
PI427105A	PI427105A
PI427105B	PI427105B
PI427106	PI427106
PI427107A	PI427107A
PI427107B	PI427107B
PI427107C	PI427107C
PI427136	PI427136
PI427137	PI427137
PI427138	PI427138
PI427139	PI427139
PI427140	PI427140
PI427141	PI427141
PI427142	PI427142
PI427143	PI427143
PI427276	PI427276
PI428691	PI428691
PI429328	PI429328
PI429329	PI429329
PI429330	PI429330
PI430457	PI430457
PI430460A	PI430460A
PI430460B	PI430460B
PI430491	PI430491
PI430536	PI430536
PI430594	PI430594
PI430595	PI430595
PI430596	PI430596
PI430597	PI430597
PI430598A	PI430598A
PI430598B	PI430598B
PI430599	PI430599
PI430600A	PI430600A
PI430600B	PI430600B
PI430600C	PI430600C
PI430619	PI430619
PI430620	PI430620
PI430622	PI430622
PI430623	PI430623
PI430624	PI430624
PI430625	PI430625
PI430626	PI430626
PI430736	PI430736
PI430737	PI430737
PI432359	PI432359
PI434973A	PI434973A
PI434973B	PI434973B
PI434974	PI434974
PI434975	PI434975
PI434977A	PI434977A
PI434977B	PI434977B
PI434979	PI434979
PI434980A	PI434980A
PI434980B	PI434980B
PI434981	PI434981
PI434982	PI434982
PI436562	PI436562
PI436563	PI436563
PI436565	PI436565
PI436566	PI436566
PI436567	PI436567
PI436568	PI436568
PI436611	PI436611
PI436612	PI436612
PI436613	PI436613
PI436617	PI436617
PI436618	PI436618
PI436619	PI436619
PI436620	PI436620
PI436681	PI436681
PI436682	PI436682
PI436683	PI436683
PI436684	PI436684
PI437069	PI437069
PI437070	PI437070
PI437071	PI437071
PI437072	PI437072
PI437074	PI437074
PI437075	PI437075
PI437076	PI437076
PI437077	PI437077
PI437078A	PI437078A
PI437078B	PI437078B
PI437079A	PI437079A
PI437079B	PI437079B
PI437080	PI437080
PI437081A	PI437081A
PI437081B	PI437081B
PI437082	PI437082
PI437083	PI437083
PI437084	PI437084
PI437085	PI437085
PI437086	PI437086
PI437087	PI437087
PI437088A	PI437088A
PI437088B	PI437088B
PI437089	PI437089
PI437090	PI437090
PI437091	PI437091
PI437092	PI437092
PI437093	PI437093
PI437094	PI437094
PI437095	PI437095
PI437096	PI437096
PI437097	PI437097
PI437098	PI437098
PI437099	PI437099
PI437100	PI437100
PI437101	PI437101
PI437102	PI437102
PI437103	PI437103
PI437104	PI437104
PI437105A	PI437105A
PI437105B	PI437105B
PI437105C	PI437105C
PI437105D	PI437105D
PI437106	PI437106
PI437107	PI437107
PI437108	PI437108
PI437109A	PI437109A
PI437109B	PI437109B
PI437109C	PI437109C
PI437110A	PI437110A
PI437110B	PI437110B
PI437111	PI437111
PI437112A	PI437112A
PI437112B	PI437112B
PI437113	PI437113
PI437114	PI437114
PI437115	PI437115
PI437116	PI437116
PI437117	PI437117
PI437118A	PI437118A
PI437118B	PI437118B
PI437119	PI437119
PI437120	PI437120
PI437121A	PI437121A
PI437121B	PI437121B
PI437122	PI437122
PI437123	PI437123
PI437124	PI437124
PI437126A	PI437126A
PI437126B	PI437126B
PI437126C	PI437126C
PI437127A	PI437127A
PI437127B	PI437127B
PI437128	PI437128
PI437129A	PI437129A
PI437129B	PI437129B
PI437130	PI437130
PI437131	PI437131
PI437132A	PI437132A
PI437132B	PI437132B
PI437133	PI437133
PI437134	PI437134
PI437135A	PI437135A
PI437135B	PI437135B
PI437136	PI437136
PI437137	PI437137
PI437138	PI437138
PI437139	PI437139
PI437140	PI437140
PI437141	PI437141
PI437142	PI437142
PI437143	PI437143
PI437144	PI437144
PI437145A	PI437145A
PI437145B	PI437145B
PI437146	PI437146
PI437147	PI437147
PI437148	PI437148
PI437149	PI437149
PI437150	PI437150
PI437151	PI437151
PI437152	PI437152
PI437153A	PI437153A
PI437153B	PI437153B
PI437154	PI437154
PI437155	PI437155
PI437156A	PI437156A
PI437156B	PI437156B
PI437156C	PI437156C
PI437157	PI437157
PI437158	PI437158
PI437159	PI437159
PI437160	PI437160
PI437161	PI437161
PI437162	PI437162
PI437163	PI437163
PI437164	PI437164
PI437165A	PI437165A
PI437165B	PI437165B
PI437166A	PI437166A
PI437166B	PI437166B
PI437167A	PI437167A
PI437167B	PI437167B
PI437167C	PI437167C
PI437168A	PI437168A
PI437168B	PI437168B
PI437168C	PI437168C
PI437169A	PI437169A
PI437169B	PI437169B
PI437170	PI437170
PI437171	PI437171
PI437172	PI437172
PI437173	PI437173
PI437174A	PI437174A
PI437174B	PI437174B
PI437175	PI437175
PI437176	PI437176
PI437177	PI437177
PI437178	PI437178
PI437179	PI437179
PI437180	PI437180
PI437181	PI437181
PI437182	PI437182
PI437183	PI437183
PI437184	PI437184
PI437185	PI437185
PI437186	PI437186
PI437187	PI437187
PI437188	PI437188
PI437189A	PI437189A
PI437189B	PI437189B
PI437190	PI437190
PI437191	PI437191
PI437192	PI437192
PI437193	PI437193
PI437194	PI437194
PI437195	PI437195
PI437196	PI437196
PI437197	PI437197
PI437198	PI437198
PI437199	PI437199
PI437200A	PI437200A
PI437200B	PI437200B
PI437201	PI437201
PI437202	PI437202
PI437203	PI437203
PI437204	PI437204
PI437205A	PI437205A
PI437205B	PI437205B
PI437206	PI437206
PI437207	PI437207
PI437208	PI437208
PI437209	PI437209
PI437210	PI437210
PI437211A	PI437211A
PI437211B	PI437211B
PI437212	PI437212
PI437213	PI437213
PI437214	PI437214
PI437215	PI437215
PI437216	PI437216
PI437217	PI437217
PI437218	PI437218
PI437219	PI437219
PI437220	PI437220
PI437221	PI437221
PI437222	PI437222
PI437223A	PI437223A
PI437223B	PI437223B
PI437224	PI437224
PI437225	PI437225
PI437226	PI437226
PI437227	PI437227
PI437228	PI437228
PI437229	PI437229
PI437230	PI437230
PI437231	PI437231
PI437232	PI437232
PI437233	PI437233
PI437234	PI437234
PI437235	PI437235
PI437236	PI437236
PI437237	PI437237
PI437238	PI437238
PI437239	PI437239
PI437240	PI437240
PI437241	PI437241
PI437242	PI437242
PI437243	PI437243
PI437244	PI437244
PI437245	PI437245
PI437246A	PI437246A
PI437246B	PI437246B
PI437246C	PI437246C
PI437247	PI437247
PI437248	PI437248
PI437249	PI437249
PI437250	PI437250
PI437251A	PI437251A
PI437251B	PI437251B
PI437252	PI437252
PI437253	PI437253
PI437254	PI437254
PI437255	PI437255
PI437256	PI437256
PI437257	PI437257
PI437258	PI437258
PI437259	PI437259
PI437260A	PI437260A
PI437260B	PI437260B
PI437261A	PI437261A
PI437261B	PI437261B
PI437261C	PI437261C
PI437261D	PI437261D
PI437262	PI437262
PI437263	PI437263
PI437264	PI437264
PI437265A	PI437265A
PI437265B	PI437265B
PI437265C	PI437265C
PI437265D	PI437265D
PI437266	PI437266
PI437267	PI437267
PI437268	PI437268
PI437269	PI437269
PI437270A	PI437270A
PI437270B	PI437270B
PI437271	PI437271
PI437272	PI437272
PI437273A	PI437273A
PI437273B	PI437273B
PI437274	PI437274
PI437275	PI437275
PI437276	PI437276
PI437277	PI437277
PI437278	PI437278
PI437279	PI437279
PI437280	PI437280
PI437281	PI437281
PI437282	PI437282
PI437283	PI437283
PI437284	PI437284
PI437285	PI437285
PI437286	PI437286
PI437287	PI437287
PI437288	PI437288
PI437289	PI437289
PI437290	PI437290
PI437291	PI437291
PI437292A	PI437292A
PI437292B	PI437292B
PI437293	PI437293
PI437294A	PI437294A
PI437294B	PI437294B
PI437295	PI437295
PI437296	PI437296
PI437297	PI437297
PI437298	PI437298
PI437299	PI437299
PI437300	PI437300
PI437301	PI437301
PI437302	PI437302
PI437303	PI437303
PI437304	PI437304
PI437305	PI437305
PI437306A	PI437306A
PI437306B	PI437306B
PI437307	PI437307
PI437308	PI437308
PI437309	PI437309
PI437310	PI437310
PI437311A	PI437311A
PI437311B	PI437311B
PI437312	PI437312
PI437313	PI437313
PI437314	PI437314
PI437315	PI437315
PI437316	PI437316
PI437317	PI437317
PI437318	PI437318
PI437319	PI437319
PI437320	PI437320
PI437321	PI437321
PI437322	PI437322
PI437323	PI437323
PI437324	PI437324
PI437325	PI437325
PI437326	PI437326
PI437327	PI437327
PI437328	PI437328
PI437329	PI437329
PI437330A	PI437330A
PI437330B	PI437330B
PI437331	PI437331
PI437332	PI437332
PI437333	PI437333
PI437334	PI437334
PI437335	PI437335
PI437336A	PI437336A
PI437336B	PI437336B
PI437337	PI437337
PI437338	PI437338
PI437339A	PI437339A
PI437339B	PI437339B
PI437339C	PI437339C
PI437340A	PI437340A
PI437340B	PI437340B
PI437340C	PI437340C
PI437341	PI437341
PI437342	PI437342
PI437343	PI437343
PI437344A	PI437344A
PI437344B	PI437344B
PI437344C	PI437344C
PI437344D	PI437344D
PI437345	PI437345
PI437346	PI437346
PI437347	PI437347
PI437348	PI437348
PI437350	PI437350
PI437351	PI437351
PI437352	PI437352
PI437353	PI437353
PI437354	PI437354
PI437355	PI437355
PI437356	PI437356
PI437357	PI437357
PI437358	PI437358
PI437359	PI437359
PI437360	PI437360
PI437361	PI437361
PI437362	PI437362
PI437363A	PI437363A
PI437363B	PI437363B
PI437364	PI437364
PI437365	PI437365
PI437366	PI437366
PI437367	PI437367
PI437368	PI437368
PI437369	PI437369
PI437370	PI437370
PI437371	PI437371
PI437372	PI437372
PI437373	PI437373
PI437374	PI437374
PI437375A	PI437375A
PI437375B	PI437375B
PI437376A	PI437376A
PI437376B	PI437376B
PI437377	PI437377
PI437378A	PI437378A
PI437378B	PI437378B
PI437378C	PI437378C
PI437379	PI437379
PI437380	PI437380
PI437381A	PI437381A
PI437381B	PI437381B
PI437381C	PI437381C
PI437381D	PI437381D
PI437382	PI437382
PI437383	PI437383
PI437384	PI437384
PI437385A	PI437385A
PI437385B	PI437385B
PI437386	PI437386
PI437387	PI437387
PI437388	PI437388
PI437389A	PI437389A
PI437389B	PI437389B
PI437389C	PI437389C
PI437390	PI437390
PI437391	PI437391
PI437392	PI437392
PI437393	PI437393
PI437394	PI437394
PI437395A	PI437395A
PI437395B	PI437395B
PI437396	PI437396
PI437397	PI437397
PI437398	PI437398
PI437399	PI437399
PI437400	PI437400
PI437401	PI437401
PI437402	PI437402
PI437403	PI437403
PI437404	PI437404
PI437405	PI437405
PI437406	PI437406
PI437407	PI437407
PI437408A	PI437408A
PI437408B	PI437408B
PI437408C	PI437408C
PI437409	PI437409
PI437410	PI437410
PI437411	PI437411
PI437412	PI437412
PI437413	PI437413
PI437414	PI437414
PI437415	PI437415
PI437416	PI437416
PI437417	PI437417
PI437418	PI437418
PI437419A	PI437419A
PI437419B	PI437419B
PI437420A	PI437420A
PI437420B	PI437420B
PI437420C	PI437420C
PI437421	PI437421
PI437422	PI437422
PI437423	PI437423
PI437424	PI437424
PI437425	PI437425
PI437426	PI437426
PI437427A	PI437427A
PI437427B	PI437427B
PI437427C	PI437427C
PI437428A	PI437428A
PI437428B	PI437428B
PI437429A	PI437429A
PI437429B	PI437429B
PI437430	PI437430
PI437431	PI437431
PI437432A	PI437432A
PI437432B	PI437432B
PI437433	PI437433
PI437434A	PI437434A
PI437434B	PI437434B
PI437435	PI437435
PI437436A	PI437436A
PI437436B	PI437436B
PI437437A	PI437437A
PI437437B	PI437437B
PI437438	PI437438
PI437439	PI437439
PI437440	PI437440
PI437441	PI437441
PI437442	PI437442
PI437443	PI437443
PI437444	PI437444
PI437445	PI437445
PI437446	PI437446
PI437447	PI437447
PI437448	PI437448
PI437449	PI437449
PI437450	PI437450
PI437451	PI437451
PI437452A	PI437452A
PI437452B	PI437452B
PI437453	PI437453
PI437454	PI437454
PI437455	PI437455
PI437456	PI437456
PI437457	PI437457
PI437458A	PI437458A
PI437458B	PI437458B
PI437459	PI437459
PI437460	PI437460
PI437461	PI437461
PI437462A	PI437462A
PI437462B	PI437462B
PI437462C	PI437462C
PI437462D	PI437462D
PI437463A	PI437463A
PI437463B	PI437463B
PI437464	PI437464
PI437465	PI437465
PI437466	PI437466
PI437467	PI437467
PI437468	PI437468
PI437469A	PI437469A
PI437469B	PI437469B
PI437470	PI437470
PI437471	PI437471
PI437472	PI437472
PI437473	PI437473
PI437474A	PI437474A
PI437474B	PI437474B
PI437475	PI437475
PI437476	PI437476
PI437477A	PI437477A
PI437477B	PI437477B
PI437478	PI437478
PI437479	PI437479
PI437480	PI437480
PI437481	PI437481
PI437482	PI437482
PI437483	PI437483
PI437484	PI437484
PI437485	PI437485
PI437486	PI437486
PI437487	PI437487
PI437488	PI437488
PI437489	PI437489
PI437490	PI437490
PI437491	PI437491
PI437492	PI437492
PI437493	PI437493
PI437494	PI437494
PI437495	PI437495
PI437496	PI437496
PI437497	PI437497
PI437498	PI437498
PI437499	PI437499
PI437500A	PI437500A
PI437500B	PI437500B
PI437500C	PI437500C
PI437501A	PI437501A
PI437501B	PI437501B
PI437502	PI437502
PI437503	PI437503
PI437504	PI437504
PI437505	PI437505
PI437506	PI437506
PI437507	PI437507
PI437508A	PI437508A
PI437508B	PI437508B
PI437509	PI437509
PI437510	PI437510
PI437511	PI437511
PI437512	PI437512
PI437513	PI437513
PI437514A	PI437514A
PI437514B	PI437514B
PI437515A	PI437515A
PI437515B	PI437515B
PI437516	PI437516
PI437517	PI437517
PI437518	PI437518
PI437519	PI437519
PI437520A	PI437520A
PI437520B	PI437520B
PI437521	PI437521
PI437522	PI437522
PI437523	PI437523
PI437524	PI437524
PI437525	PI437525
PI437526A	PI437526A
PI437526B	PI437526B
PI437527	PI437527
PI437528	PI437528
PI437529	PI437529
PI437530	PI437530
PI437531	PI437531
PI437532	PI437532
PI437533A	PI437533A
PI437533B	PI437533B
PI437534	PI437534
PI437535	PI437535
PI437536	PI437536
PI437537	PI437537
PI437538	PI437538
PI437539	PI437539
PI437540	PI437540
PI437541	PI437541
PI437542	PI437542
PI437543	PI437543
PI437545	PI437545
PI437546	PI437546
PI437547	PI437547
PI437548	PI437548
PI437549	PI437549
PI437550A	PI437550A
PI437550B	PI437550B
PI437550C	PI437550C
PI437551	PI437551
PI437552	PI437552
PI437553	PI437553
PI437554	PI437554
PI437556	PI437556
PI437557	PI437557
PI437558	PI437558
PI437559	PI437559
PI437560	PI437560
PI437561	PI437561
PI437562	PI437562
PI437563	PI437563
PI437564	PI437564
PI437565	PI437565
PI437566	PI437566
PI437567	PI437567
PI437568	PI437568
PI437569	PI437569
PI437570	PI437570
PI437571	PI437571
PI437572	PI437572
PI437573A	PI437573A
PI437573B	PI437573B
PI437574	PI437574
PI437576	PI437576
PI437577	PI437577
PI437578	PI437578
PI437579	PI437579
PI437580	PI437580
PI437581	PI437581
PI437582	PI437582
PI437583	PI437583
PI437584	PI437584
PI437585	PI437585
PI437586A	PI437586A
PI437586B	PI437586B
PI437586C	PI437586C
PI437587	PI437587
PI437589	PI437589
PI437590	PI437590
PI437591	PI437591
PI437592	PI437592
PI437593A	PI437593A
PI437593B	PI437593B
PI437594A	PI437594A
PI437594B	PI437594B
PI437595	PI437595
PI437596	PI437596
PI437597A	PI437597A
PI437597B	PI437597B
PI437597C	PI437597C
PI437598A	PI437598A
PI437598B	PI437598B
PI437599	PI437599
PI437600	PI437600
PI437601	PI437601
PI437602	PI437602
PI437603	PI437603
PI437604	PI437604
PI437605A	PI437605A
PI437605B	PI437605B
PI437605C	PI437605C
PI437606	PI437606
PI437607	PI437607
PI437608	PI437608
PI437609A	PI437609A
PI437609B	PI437609B
PI437610A	PI437610A
PI437610B	PI437610B
PI437611A	PI437611A
PI437611B	PI437611B
PI437612	PI437612
PI437613	PI437613
PI437614A	PI437614A
PI437614B	PI437614B
PI437615A	PI437615A
PI437615B	PI437615B
PI437615C	PI437615C
PI437616	PI437616
PI437617	PI437617
PI437618	PI437618
PI437619	PI437619
PI437620	PI437620
PI437621A	PI437621A
PI437621B	PI437621B
PI437622A	PI437622A
PI437622B	PI437622B
PI437623	PI437623
PI437624	PI437624
PI437625	PI437625
PI437626	PI437626
PI437627	PI437627
PI437628	PI437628
PI437629	PI437629
PI437630A	PI437630A
PI437630B	PI437630B
PI437630C	PI437630C
PI437630D	PI437630D
PI437631	PI437631
PI437632A	PI437632A
PI437632B	PI437632B
PI437633A	PI437633A
PI437633B	PI437633B
PI437633C	PI437633C
PI437633D	PI437633D
PI437634	PI437634
PI437635A	PI437635A
PI437635B	PI437635B
PI437635C	PI437635C
PI437635D	PI437635D
PI437635E	PI437635E
PI437636A	PI437636A
PI437636B	PI437636B
PI437637	PI437637
PI437638	PI437638
PI437639	PI437639
PI437640A	PI437640A
PI437640B	PI437640B
PI437641A	PI437641A
PI437641B	PI437641B
PI437642	PI437642
PI437643A	PI437643A
PI437643B	PI437643B
PI437644	PI437644
PI437645A	PI437645A
PI437645B	PI437645B
PI437646A	PI437646A
PI437646B	PI437646B
PI437647	PI437647
PI437648A	PI437648A
PI437648B	PI437648B
PI437649A	PI437649A
PI437649B	PI437649B
PI437650A	PI437650A
PI437650B	PI437650B
PI437651A	PI437651A
PI437651B	PI437651B
PI437652	PI437652
PI437653	PI437653
PI437654	PI437654
PI437655	PI437655
PI437656	PI437656
PI437657	PI437657
PI437658	PI437658
PI437659	PI437659
PI437660	PI437660
PI437661A	PI437661A
PI437661B	PI437661B
PI437662	PI437662
PI437663	PI437663
PI437664	PI437664
PI437665	PI437665
PI437666	PI437666
PI437667	PI437667
PI437668	PI437668
PI437669	PI437669
PI437670	PI437670
PI437671	PI437671
PI437672	PI437672
PI437673	PI437673
PI437674	PI437674
PI437675	PI437675
PI437676A	PI437676A
PI437676B	PI437676B
PI437677	PI437677
PI437678A	PI437678A
PI437678B	PI437678B
PI437679	PI437679
PI437680A	PI437680A
PI437680B	PI437680B
PI437681	PI437681
PI437682A	PI437682A
PI437682B	PI437682B
PI437683	PI437683
PI437684	PI437684
PI437685A	PI437685A
PI437685B	PI437685B
PI437685C	PI437685C
PI437685D	PI437685D
PI437686	PI437686
PI437687	PI437687
PI437689	PI437689
PI437690	PI437690
PI437692	PI437692
PI437693	PI437693
PI437694	PI437694
PI437695A	PI437695A
PI437695B	PI437695B
PI437695C	PI437695C
PI437696	PI437696
PI437697	PI437697
PI437698	PI437698
PI437699	PI437699
PI437700	PI437700
PI437701	PI437701
PI437703	PI437703
PI437704	PI437704
PI437705	PI437705
PI437706	PI437706
PI437707	PI437707
PI437708	PI437708
PI437709	PI437709
PI437710	PI437710
PI437711A	PI437711A
PI437711B	PI437711B
PI437712	PI437712
PI437713	PI437713
PI437714	PI437714
PI437715	PI437715
PI437716A	PI437716A
PI437716B	PI437716B
PI437717	PI437717
PI437718	PI437718
PI437719	PI437719
PI437720	PI437720
PI437721A	PI437721A
PI437721B	PI437721B
PI437721C	PI437721C
PI437722	PI437722
PI437723	PI437723
PI437724	PI437724
PI437725	PI437725
PI437726	PI437726
PI437728	PI437728
PI437729	PI437729
PI437730	PI437730
PI437731	PI437731
PI437733	PI437733
PI437734	PI437734
PI437735	PI437735
PI437737	PI437737
PI437738A	PI437738A
PI437738B	PI437738B
PI437739	PI437739
PI437740A	PI437740A
PI437740B	PI437740B
PI437741	PI437741
PI437742	PI437742
PI437743	PI437743
PI437745	PI437745
PI437746	PI437746
PI437748	PI437748
PI437749	PI437749
PI437750	PI437750
PI437751	PI437751
PI437752A	PI437752A
PI437752B	PI437752B
PI437752C	PI437752C
PI437753A	PI437753A
PI437753B	PI437753B
PI437754	PI437754
PI437755	PI437755
PI437756A	PI437756A
PI437756B	PI437756B
PI437757	PI437757
PI437760	PI437760
PI437762	PI437762
PI437763	PI437763
PI437765	PI437765
PI437770	PI437770
PI437771	PI437771
PI437774B	PI437774B
PI437774C	PI437774C
PI437776	PI437776
PI437777	PI437777
PI437778	PI437778
PI437779	PI437779
PI437780	PI437780
PI437781	PI437781
PI437782	PI437782
PI437783	PI437783
PI437785	PI437785
PI437786	PI437786
PI437787	PI437787
PI437788A	PI437788A
PI437788B	PI437788B
PI437789	PI437789
PI437790	PI437790
PI437791	PI437791
PI437792	PI437792
PI437793	PI437793
PI437794	PI437794
PI437795	PI437795
PI437796	PI437796
PI437797	PI437797
PI437798	PI437798
PI437799	PI437799
PI437800	PI437800
PI437801	PI437801
PI437802	PI437802
PI437803	PI437803
PI437804	PI437804
PI437805	PI437805
PI437806	PI437806
PI437807	PI437807
PI437808	PI437808
PI437809	PI437809
PI437810	PI437810
PI437811	PI437811
PI437812	PI437812
PI437813	PI437813
PI437814A	PI437814A
PI437814B	PI437814B
PI437815	PI437815
PI437816	PI437816
PI437817	PI437817
PI437818A	PI437818A
PI437818B	PI437818B
PI437819	PI437819
PI437820	PI437820
PI437821	PI437821
PI437822	PI437822
PI437823	PI437823
PI437824	PI437824
PI437825	PI437825
PI437826	PI437826
PI437827	PI437827
PI437828	PI437828
PI437829	PI437829
PI437830	PI437830
PI437831	PI437831
PI437832	PI437832
PI437833	PI437833
PI437834A	PI437834A
PI437834B	PI437834B
PI437835	PI437835
PI437836	PI437836
PI437837A	PI437837A
PI437837B	PI437837B
PI437838	PI437838
PI437839A	PI437839A
PI437839B	PI437839B
PI437840A	PI437840A
PI437840B	PI437840B
PI437841	PI437841
PI437842	PI437842
PI437843A	PI437843A
PI437843B	PI437843B
PI437844A	PI437844A
PI437844B	PI437844B
PI437845A	PI437845A
PI437845B	PI437845B
PI437845C	PI437845C
PI437845D	PI437845D
PI437846	PI437846
PI437847A	PI437847A
PI437847B	PI437847B
PI437848A	PI437848A
PI437848B	PI437848B
PI437849	PI437849
PI437850	PI437850
PI437851A	PI437851A
PI437851B	PI437851B
PI437852	PI437852
PI437853A	PI437853A
PI437853B	PI437853B
PI437854	PI437854
PI437855	PI437855
PI437856A	PI437856A
PI437856B	PI437856B
PI437857A	PI437857A
PI437857B	PI437857B
PI437857C	PI437857C
PI437858	PI437858
PI437859	PI437859
PI437860A	PI437860A
PI437860B	PI437860B
PI437861	PI437861
PI437862	PI437862
PI437863A	PI437863A
PI437863B	PI437863B
PI437864A	PI437864A
PI437864B	PI437864B
PI437865	PI437865
PI437866	PI437866
PI437867A	PI437867A
PI437867B	PI437867B
PI437868	PI437868
PI437869	PI437869
PI437870	PI437870
PI437871	PI437871
PI437872	PI437872
PI437873	PI437873
PI437874	PI437874
PI437875A	PI437875A
PI437875B	PI437875B
PI437876	PI437876
PI437877A	PI437877A
PI437877B	PI437877B
PI437877C	PI437877C
PI437878A	PI437878A
PI437878B	PI437878B
PI437879	PI437879
PI437880	PI437880
PI437881	PI437881
PI437882A	PI437882A
PI437882B	PI437882B
PI437883	PI437883
PI437884	PI437884
PI437885	PI437885
PI437886A	PI437886A
PI437886B	PI437886B
PI437887A	PI437887A
PI437887B	PI437887B
PI437887C	PI437887C
PI437888A	PI437888A
PI437888B	PI437888B
PI437889	PI437889
PI437890A	PI437890A
PI437890B	PI437890B
PI437891	PI437891
PI437892	PI437892
PI437893	PI437893
PI437894	PI437894
PI437895A	PI437895A
PI437895B	PI437895B
PI437895C	PI437895C
PI437896	PI437896
PI437897	PI437897
PI437898	PI437898
PI437899	PI437899
PI437900	PI437900
PI437901	PI437901
PI437902A	PI437902A
PI437902B	PI437902B
PI437902C	PI437902C
PI437902D	PI437902D
PI437903	PI437903
PI437904	PI437904
PI437905	PI437905
PI437906	PI437906
PI437907	PI437907
PI437908	PI437908
PI437909A	PI437909A
PI437909B	PI437909B
PI437910A	PI437910A
PI437910B	PI437910B
PI437910C	PI437910C
PI437911	PI437911
PI437912	PI437912
PI437913	PI437913
PI437914	PI437914
PI437915A	PI437915A
PI437915B	PI437915B
PI437916	PI437916
PI437917	PI437917
PI437918	PI437918
PI437919	PI437919
PI437920A	PI437920A
PI437920B	PI437920B
PI437920C	PI437920C
PI437921	PI437921
PI437922	PI437922
PI437923	PI437923
PI437924	PI437924
PI437926	PI437926
PI437927	PI437927
PI437928	PI437928
PI437929	PI437929
PI437930	PI437930
PI437931	PI437931
PI437932	PI437932
PI437933A	PI437933A
PI437933B	PI437933B
PI437934A	PI437934A
PI437934B	PI437934B
PI437935	PI437935
PI437936	PI437936
PI437937	PI437937
PI437938	PI437938
PI437939	PI437939
PI437940	PI437940
PI437941	PI437941
PI437942	PI437942
PI437943	PI437943
PI437944	PI437944
PI437945A	PI437945A
PI437945B	PI437945B
PI437946A	PI437946A
PI437946B	PI437946B
PI437947	PI437947
PI437948	PI437948
PI437949	PI437949
PI437950	PI437950
PI437951	PI437951
PI437952	PI437952
PI437953A	PI437953A
PI437953B	PI437953B
PI437954	PI437954
PI437955A	PI437955A
PI437955B	PI437955B
PI437956A	PI437956A
PI437956B	PI437956B
PI437957A	PI437957A
PI437957B	PI437957B
PI437958	PI437958
PI437959	PI437959
PI437960	PI437960
PI437961	PI437961
PI437962	PI437962
PI437963	PI437963
PI437964A	PI437964A
PI437964B	PI437964B
PI437965	PI437965
PI437966	PI437966
PI437967	PI437967
PI437968	PI437968
PI437969	PI437969
PI437970	PI437970
PI437971	PI437971
PI437972	PI437972
PI437973	PI437973
PI437974A	PI437974A
PI437974B	PI437974B
PI437975A	PI437975A
PI437975B	PI437975B
PI437976	PI437976
PI437977	PI437977
PI437978	PI437978
PI437979	PI437979
PI437980	PI437980
PI437981	PI437981
PI437982	PI437982
PI437983	PI437983
PI437984	PI437984
PI437985A	PI437985A
PI437985B	PI437985B
PI437986	PI437986
PI437987	PI437987
PI437988	PI437988
PI437989	PI437989
PI437990	PI437990
PI437991A	PI437991A
PI437991B	PI437991B
PI437992	PI437992
PI437993	PI437993
PI437994	PI437994
PI437995A	PI437995A
PI437995B	PI437995B
PI437995C	PI437995C
PI437996A	PI437996A
PI437996B	PI437996B
PI437996C	PI437996C
PI437997	PI437997
PI437998	PI437998
PI437999	PI437999
PI438000	PI438000
PI438001	PI438001
PI438002	PI438002
PI438003	PI438003
PI438004A	PI438004A
PI438004B	PI438004B
PI438005	PI438005
PI438006	PI438006
PI438007	PI438007
PI438008	PI438008
PI438009	PI438009
PI438010	PI438010
PI438011	PI438011
PI438012	PI438012
PI438013	PI438013
PI438014	PI438014
PI438015	PI438015
PI438016A	PI438016A
PI438016B	PI438016B
PI438016C	PI438016C
PI438017	PI438017
PI438018	PI438018
PI438019A	PI438019A
PI438019B	PI438019B
PI438020	PI438020
PI438021	PI438021
PI438022	PI438022
PI438023	PI438023
PI438024	PI438024
PI438025	PI438025
PI438026	PI438026
PI438027A	PI438027A
PI438027B	PI438027B
PI438028	PI438028
PI438029	PI438029
PI438030	PI438030
PI438031	PI438031
PI438032	PI438032
PI438033	PI438033
PI438034	PI438034
PI438035	PI438035
PI438036	PI438036
PI438037	PI438037
PI438038	PI438038
PI438039	PI438039
PI438040	PI438040
PI438041	PI438041
PI438042	PI438042
PI438043	PI438043
PI438044	PI438044
PI438045	PI438045
PI438046	PI438046
PI438047	PI438047
PI438048A	PI438048A
PI438048B	PI438048B
PI438049	PI438049
PI438050A	PI438050A
PI438050B	PI438050B
PI438051A	PI438051A
PI438051B	PI438051B
PI438052	PI438052
PI438053	PI438053
PI438054	PI438054
PI438055A	PI438055A
PI438055B	PI438055B
PI438056	PI438056
PI438057	PI438057
PI438058	PI438058
PI438059	PI438059
PI438060	PI438060
PI438061	PI438061
PI438062	PI438062
PI438063	PI438063
PI438064	PI438064
PI438065	PI438065
PI438066	PI438066
PI438067	PI438067
PI438068	PI438068
PI438069A	PI438069A
PI438069B	PI438069B
PI438069C	PI438069C
PI438070	PI438070
PI438071	PI438071
PI438072	PI438072
PI438073	PI438073
PI438074	PI438074
PI438075	PI438075
PI438076	PI438076
PI438077	PI438077
PI438078	PI438078
PI438079	PI438079
PI438080	PI438080
PI438081	PI438081
PI438082	PI438082
PI438083	PI438083
PI438084	PI438084
PI438085	PI438085
PI438086	PI438086
PI438087	PI438087
PI438088	PI438088
PI438089	PI438089
PI438090	PI438090
PI438091	PI438091
PI438092	PI438092
PI438093	PI438093
PI438094A	PI438094A
PI438094B	PI438094B
PI438095	PI438095
PI438096	PI438096
PI438097	PI438097
PI438098	PI438098
PI438099	PI438099
PI438100	PI438100
PI438101	PI438101
PI438102	PI438102
PI438103	PI438103
PI438104	PI438104
PI438105A	PI438105A
PI438105B	PI438105B
PI438106	PI438106
PI438107	PI438107
PI438108	PI438108
PI438109A	PI438109A
PI438109B	PI438109B
PI438109C	PI438109C
PI438110	PI438110
PI438111A	PI438111A
PI438111B	PI438111B
PI438112A	PI438112A
PI438112B	PI438112B
PI438113	PI438113
PI438114	PI438114
PI438115	PI438115
PI438116	PI438116
PI438117	PI438117
PI438118	PI438118
PI438119	PI438119
PI438120	PI438120
PI438121	PI438121
PI438122	PI438122
PI438123A	PI438123A
PI438123B	PI438123B
PI438123C	PI438123C
PI438124A	PI438124A
PI438124B	PI438124B
PI438125	PI438125
PI438126	PI438126
PI438127	PI438127
PI438128A	PI438128A
PI438128B	PI438128B
PI438129	PI438129
PI438130	PI438130
PI438131	PI438131
PI438132	PI438132
PI438133A	PI438133A
PI438133B	PI438133B
PI438134	PI438134
PI438135	PI438135
PI438136	PI438136
PI438137A	PI438137A
PI438137B	PI438137B
PI438138A	PI438138A
PI438138B	PI438138B
PI438139	PI438139
PI438140	PI438140
PI438141A	PI438141A
PI438141B	PI438141B
PI438142	PI438142
PI438143	PI438143
PI438144	PI438144
PI438145	PI438145
PI438146	PI438146
PI438147	PI438147
PI438148	PI438148
PI438149	PI438149
PI438150	PI438150
PI438151	PI438151
PI438152	PI438152
PI438153	PI438153
PI438154	PI438154
PI438155	PI438155
PI438156	PI438156
PI438157	PI438157
PI438158A	PI438158A
PI438158B	PI438158B
PI438159	PI438159
PI438160A	PI438160A
PI438160B	PI438160B
PI438160C	PI438160C
PI438161	PI438161
PI438162	PI438162
PI438163	PI438163
PI438164A	PI438164A
PI438164B	PI438164B
PI438165	PI438165
PI438166A	PI438166A
PI438166B	PI438166B
PI438167	PI438167
PI438168	PI438168
PI438169	PI438169
PI438170	PI438170
PI438171	PI438171
PI438172	PI438172
PI438173	PI438173
PI438174	PI438174
PI438175	PI438175
PI438176	PI438176
PI438177	PI438177
PI438178	PI438178
PI438179	PI438179
PI438180	PI438180
PI438181A	PI438181A
PI438181B	PI438181B
PI438182	PI438182
PI438183	PI438183
PI438184	PI438184
PI438185	PI438185
PI438186	PI438186
PI438187	PI438187
PI438188	PI438188
PI438189	PI438189
PI438190	PI438190
PI438191	PI438191
PI438192	PI438192
PI438193	PI438193
PI438194	PI438194
PI438195	PI438195
PI438196	PI438196
PI438197	PI438197
PI438198	PI438198
PI438199	PI438199
PI438200	PI438200
PI438201	PI438201
PI438202	PI438202
PI438203	PI438203
PI438204	PI438204
PI438205	PI438205
PI438206	PI438206
PI438207A	PI438207A
PI438207B	PI438207B
PI438208	PI438208
PI438209	PI438209
PI438210	PI438210
PI438211A	PI438211A
PI438211B	PI438211B
PI438212A	PI438212A
PI438212B	PI438212B
PI438212C	PI438212C
PI438213	PI438213
PI438214	PI438214
PI438215	PI438215
PI438216	PI438216
PI438217	PI438217
PI438218	PI438218
PI438219	PI438219
PI438220	PI438220
PI438221	PI438221
PI438222	PI438222
PI438223	PI438223
PI438224	PI438224
PI438225	PI438225
PI438226	PI438226
PI438227	PI438227
PI438228	PI438228
PI438229	PI438229
PI438230A	PI438230A
PI438230B	PI438230B
PI438231	PI438231
PI438232	PI438232
PI438233A	PI438233A
PI438233B	PI438233B
PI438233C	PI438233C
PI438234A	PI438234A
PI438234B	PI438234B
PI438235	PI438235
PI438236	PI438236
PI438237	PI438237
PI438238A	PI438238A
PI438238B	PI438238B
PI438239A	PI438239A
PI438239B	PI438239B
PI438240	PI438240
PI438241	PI438241
PI438242	PI438242
PI438243	PI438243
PI438244	PI438244
PI438245	PI438245
PI438246	PI438246
PI438247	PI438247
PI438248	PI438248
PI438249A	PI438249A
PI438249B	PI438249B
PI438250A	PI438250A
PI438250B	PI438250B
PI438251	PI438251
PI438252A	PI438252A
PI438252B	PI438252B
PI438252C	PI438252C
PI438253	PI438253
PI438254A	PI438254A
PI438254B	PI438254B
PI438254C	PI438254C
PI438254D	PI438254D
PI438255	PI438255
PI438256A	PI438256A
PI438256B	PI438256B
PI438257A	PI438257A
PI438257B	PI438257B
PI438258	PI438258
PI438259A	PI438259A
PI438259B	PI438259B
PI438260	PI438260
PI438261	PI438261
PI438262	PI438262
PI438263	PI438263
PI438264	PI438264
PI438265	PI438265
PI438266A	PI438266A
PI438266B	PI438266B
PI438267	PI438267
PI438268	PI438268
PI438269	PI438269
PI438270	PI438270
PI438271A	PI438271A
PI438271B	PI438271B
PI438272	PI438272
PI438273	PI438273
PI438274	PI438274
PI438276	PI438276
PI438277	PI438277
PI438278	PI438278
PI438279	PI438279
PI438280	PI438280
PI438281	PI438281
PI438282A	PI438282A
PI438282B	PI438282B
PI438284	PI438284
PI438285	PI438285
PI438286	PI438286
PI438287	PI438287
PI438289	PI438289
PI438290	PI438290
PI438291	PI438291
PI438292	PI438292
PI438293	PI438293
PI438294	PI438294
PI438295	PI438295
PI438296	PI438296
PI438297	PI438297
PI438298	PI438298
PI438299	PI438299
PI438300	PI438300
PI438301	PI438301
PI438302A	PI438302A
PI438302B	PI438302B
PI438303	PI438303
PI438304A	PI438304A
PI438304B	PI438304B
PI438305	PI438305
PI438306	PI438306
PI438307	PI438307
PI438308A	PI438308A
PI438308B	PI438308B
PI438309	PI438309
PI438310	PI438310
PI438311	PI438311
PI438312	PI438312
PI438313	PI438313
PI438314	PI438314
PI438315	PI438315
PI438316	PI438316
PI438317	PI438317
PI438318	PI438318
PI438319A	PI438319A
PI438319B	PI438319B
PI438321	PI438321
PI438322	PI438322
PI438323	PI438323
PI438324	PI438324
PI438325	PI438325
PI438326	PI438326
PI438327	PI438327
PI438329	PI438329
PI438330A	PI438330A
PI438330B	PI438330B
PI438331A	PI438331A
PI438331B	PI438331B
PI438332	PI438332
PI438333	PI438333
PI438334A	PI438334A
PI438334B	PI438334B
PI438335	PI438335
PI438336	PI438336
PI438337	PI438337
PI438338	PI438338
PI438339A	PI438339A
PI438339B	PI438339B
PI438340A	PI438340A
PI438340B	PI438340B
PI438341	PI438341
PI438342	PI438342
PI438343	PI438343
PI438344	PI438344
PI438345	PI438345
PI438346	PI438346
PI438347	PI438347
PI438348A	PI438348A
PI438348B	PI438348B
PI438349	PI438349
PI438350A	PI438350A
PI438350B	PI438350B
PI438351	PI438351
PI438352	PI438352
PI438353	PI438353
PI438355	PI438355
PI438356	PI438356
PI438357A	PI438357A
PI438357B	PI438357B
PI438358A	PI438358A
PI438358B	PI438358B
PI438359	PI438359
PI438360A	PI438360A
PI438360B	PI438360B
PI438361	PI438361
PI438363	PI438363
PI438364	PI438364
PI438365	PI438365
PI438366	PI438366
PI438367	PI438367
PI438368	PI438368
PI438369A	PI438369A
PI438369B	PI438369B
PI438370	PI438370
PI438371	PI438371
PI438372	PI438372
PI438373	PI438373
PI438374	PI438374
PI438375A	PI438375A
PI438375B	PI438375B
PI438376	PI438376
PI438377	PI438377
PI438378	PI438378
PI438379	PI438379
PI438380	PI438380
PI438381	PI438381
PI438382	PI438382
PI438383	PI438383
PI438384	PI438384
PI438385	PI438385
PI438387	PI438387
PI438389	PI438389
PI438390	PI438390
PI438391	PI438391
PI438392	PI438392
PI438393	PI438393
PI438394	PI438394
PI438395	PI438395
PI438396	PI438396
PI438397	PI438397
PI438398	PI438398
PI438399	PI438399
PI438400	PI438400
PI438401	PI438401
PI438402	PI438402
PI438403	PI438403
PI438404	PI438404
PI438405	PI438405
PI438406	PI438406
PI438407	PI438407
PI438409	PI438409
PI438410	PI438410
PI438411	PI438411
PI438412	PI438412
PI438413	PI438413
PI438414	PI438414
PI438415	PI438415
PI438416	PI438416
PI438417	PI438417
PI438418	PI438418
PI438420	PI438420
PI438421	PI438421
PI438423	PI438423
PI438424	PI438424
PI438425	PI438425
PI438426	PI438426
PI438427	PI438427
PI438428	PI438428
PI438430	PI438430
PI438431	PI438431
PI438433	PI438433
PI438434	PI438434
PI438435A	PI438435A
PI438435B	PI438435B
PI438437	PI438437
PI438438	PI438438
PI438439	PI438439
PI438440-1	PI438440-1
PI438440-2	PI438440-2
PI438441	PI438441
PI438442A	PI438442A
PI438442B	PI438442B
PI438443	PI438443
PI438444	PI438444
PI438445	PI438445
PI438446A	PI438446A
PI438446B	PI438446B
PI438447	PI438447
PI438448	PI438448
PI438449	PI438449
PI438450	PI438450
PI438452	PI438452
PI438453	PI438453
PI438454	PI438454
PI438455	PI438455
PI438456	PI438456
PI438457	PI438457
PI438458	PI438458
PI438459	PI438459
PI438460	PI438460
PI438461	PI438461
PI438462	PI438462
PI438463	PI438463
PI438464	PI438464
PI438465	PI438465
PI438466	PI438466
PI438467	PI438467
PI438468	PI438468
PI438469	PI438469
PI438470	PI438470
PI438471	PI438471
PI438472	PI438472
PI438473	PI438473
PI438474	PI438474
PI438475A	PI438475A
PI438475B	PI438475B
PI438476	PI438476
PI438477	PI438477
PI438478	PI438478
PI438479	PI438479
PI438480	PI438480
PI438481	PI438481
PI438482	PI438482
PI438483	PI438483
PI438484	PI438484
PI438485	PI438485
PI438486	PI438486
PI438487	PI438487
PI438488	PI438488
PI438489A	PI438489A
PI438489B	PI438489B
PI438490A	PI438490A
PI438490B	PI438490B
PI438491	PI438491
PI438492	PI438492
PI438493	PI438493
PI438494	PI438494
PI438495	PI438495
PI438496A	PI438496A
PI438496B	PI438496B
PI438496C	PI438496C
PI438497	PI438497
PI438498	PI438498
PI438499	PI438499
PI438500	PI438500
PI438501	PI438501
PI438502	PI438502
PI438503A	PI438503A
PI438503B	PI438503B
PI438503C	PI438503C
PI438504A	PI438504A
PI438504B	PI438504B
PI438505	PI438505
PI438506	PI438506
PI438507A	PI438507A
PI438507B	PI438507B
PI438507C	PI438507C
PI438508	PI438508
PI438509A	PI438509A
PI438509B	PI438509B
PI438510	PI438510
PI438511	PI438511
PI438513	PI438513
PI441352	PI441352
PI441353	PI441353
PI441355	PI441355
PI441358	PI441358
PI441359	PI441359
PI441360A	PI441360A
PI441360B	PI441360B
PI441373A	PI441373A
PI441373B	PI441373B
PI441377	PI441377
PI441378	PI441378
PI441380	PI441380
PI441381	PI441381
PI442003A	PI442003A
PI442003B	PI442003B
PI442004	PI442004
PI442005	PI442005
PI442006	PI442006
PI442007A	PI442007A
PI442007B	PI442007B
PI442008	PI442008
PI442009A	PI442009A
PI442009B	PI442009B
PI442010	PI442010
PI442011	PI442011
PI442012A	PI442012A
PI442012B	PI442012B
PI442013	PI442013
PI442014	PI442014
PI442016	PI442016
PI442017	PI442017
PI442018	PI442018
PI442019	PI442019
PI442020	PI442020
PI442022	PI442022
PI442023	PI442023
PI442024	PI442024
PI442025	PI442025
PI442026	PI442026
PI442027	PI442027
PI442029	PI442029
PI442030	PI442030
PI442031	PI442031
PI442032	PI442032
PI442033	PI442033
PI442034	PI442034
PI442035	PI442035
PI442036	PI442036
PI442037	PI442037
PI442038A	PI442038A
PI442038B	PI442038B
PI442040	PI442040
PI442041	PI442041
PI442042	PI442042
PI442043	PI442043
PI442044	PI442044
PI442045	PI442045
PI445683	PI445683
PI445786	PI445786
PI445787	PI445787
PI445788	PI445788
PI445789	PI445789
PI445790	PI445790
PI445791	PI445791
PI445792	PI445792
PI445793	PI445793
PI445794A	PI445794A
PI445794B	PI445794B
PI445795	PI445795
PI445796	PI445796
PI445797	PI445797
PI445798	PI445798
PI445799	PI445799
PI445800	PI445800
PI445801A	PI445801A
PI445801B	PI445801B
PI445802	PI445802
PI445803	PI445803
PI445804	PI445804
PI445805	PI445805
PI445806	PI445806
PI445807A	PI445807A
PI445807B	PI445807B
PI445808A	PI445808A
PI445808B	PI445808B
PI445809	PI445809
PI445810A	PI445810A
PI445810B	PI445810B
PI445810C	PI445810C
PI445811	PI445811
PI445812	PI445812
PI445813	PI445813
PI445814	PI445814
PI445815	PI445815
PI445816A	PI445816A
PI445816B	PI445816B
PI445817	PI445817
PI445818A	PI445818A
PI445818B	PI445818B
PI445819	PI445819
PI445820A	PI445820A
PI445820B	PI445820B
PI445821	PI445821
PI445822	PI445822
PI445823	PI445823
PI445824A	PI445824A
PI445824B	PI445824B
PI445825	PI445825
PI445826	PI445826
PI445827A	PI445827A
PI445827B	PI445827B
PI445828	PI445828
PI445829A	PI445829A
PI445829B	PI445829B
PI445830	PI445830
PI445831	PI445831
PI445832	PI445832
PI445833	PI445833
PI445834	PI445834
PI445835	PI445835
PI445836	PI445836
PI445837	PI445837
PI445842	PI445842
PI445843	PI445843
PI445844	PI445844
PI445845	PI445845
PI445846A	PI445846A
PI445846B	PI445846B
PI445847	PI445847
PI445848A	PI445848A
PI445848B	PI445848B
PI445849	PI445849
PI446893	PI446893
PI449456A	PI449456A
PI449456B	PI449456B
PI449457	PI449457
PI449458A	PI449458A
PI449458B	PI449458B
PI449459	PI449459
PI449460A	PI449460A
PI449460B	PI449460B
PI452432	PI452432
PI452433	PI452433
PI458018	PI458018
PI458019	PI458019
PI458020	PI458020
PI458021	PI458021
PI458022	PI458022
PI458023	PI458023
PI458024A	PI458024A
PI458024B	PI458024B
PI458025	PI458025
PI458026	PI458026
PI458027	PI458027
PI458028	PI458028
PI458029	PI458029
PI458030	PI458030
PI458031	PI458031
PI458032	PI458032
PI458033	PI458033
PI458034	PI458034
PI458035	PI458035
PI458036	PI458036
PI458037	PI458037
PI458038	PI458038
PI458039	PI458039
PI458040	PI458040
PI458041	PI458041
PI458042	PI458042
PI458043	PI458043
PI458044	PI458044
PI458045A	PI458045A
PI458045B	PI458045B
PI458046	PI458046
PI458047	PI458047
PI458048	PI458048
PI458049	PI458049
PI458050	PI458050
PI458051A	PI458051A
PI458051B	PI458051B
PI458052	PI458052
PI458053A	PI458053A
PI458053B	PI458053B
PI458054	PI458054
PI458055	PI458055
PI458056	PI458056
PI458057	PI458057
PI458058	PI458058
PI458059	PI458059
PI458060A	PI458060A
PI458060B	PI458060B
PI458061A	PI458061A
PI458061B	PI458061B
PI458062A	PI458062A
PI458062B	PI458062B
PI458063	PI458063
PI458064	PI458064
PI458065A	PI458065A
PI458065B	PI458065B
PI458066	PI458066
PI458067A	PI458067A
PI458067B	PI458067B
PI458068	PI458068
PI458069	PI458069
PI458070A	PI458070A
PI458070B	PI458070B
PI458070C	PI458070C
PI458070D	PI458070D
PI458071	PI458071
PI458072A	PI458072A
PI458072B	PI458072B
PI458073	PI458073
PI458074A	PI458074A
PI458074B	PI458074B
PI458075	PI458075
PI458076	PI458076
PI458077	PI458077
PI458078	PI458078
PI458079	PI458079
PI458080	PI458080
PI458081	PI458081
PI458082	PI458082
PI458083	PI458083
PI458084	PI458084
PI458085A	PI458085A
PI458085B	PI458085B
PI458086	PI458086
PI458087	PI458087
PI458088	PI458088
PI458089	PI458089
PI458090A	PI458090A
PI458090B	PI458090B
PI458091	PI458091
PI458092	PI458092
PI458093	PI458093
PI458094	PI458094
PI458095	PI458095
PI458096	PI458096
PI458097	PI458097
PI458098	PI458098
PI458099	PI458099
PI458100	PI458100
PI458101	PI458101
PI458102	PI458102
PI458103	PI458103
PI458104	PI458104
PI458105	PI458105
PI458106	PI458106
PI458107	PI458107
PI458108	PI458108
PI458109	PI458109
PI458110	PI458110
PI458111	PI458111
PI458112A	PI458112A
PI458112B	PI458112B
PI458113	PI458113
PI458114	PI458114
PI458115	PI458115
PI458116	PI458116
PI458117	PI458117
PI458118	PI458118
PI458119	PI458119
PI458120	PI458120
PI458121	PI458121
PI458122	PI458122
PI458123A	PI458123A
PI458123B	PI458123B
PI458124	PI458124
PI458125	PI458125
PI458126	PI458126
PI458127	PI458127
PI458128	PI458128
PI458129	PI458129
PI458130	PI458130
PI458131	PI458131
PI458132	PI458132
PI458134	PI458134
PI458135	PI458135
PI458136	PI458136
PI458137	PI458137
PI458138	PI458138
PI458139	PI458139
PI458140	PI458140
PI458141	PI458141
PI458142	PI458142
PI458143	PI458143
PI458144	PI458144
PI458145	PI458145
PI458146	PI458146
PI458147	PI458147
PI458148	PI458148
PI458149	PI458149
PI458150A	PI458150A
PI458150B	PI458150B
PI458150C	PI458150C
PI458151	PI458151
PI458152	PI458152
PI458153	PI458153
PI458154	PI458154
PI458155	PI458155
PI458156	PI458156
PI458157	PI458157
PI458158	PI458158
PI458159	PI458159
PI458160	PI458160
PI458161	PI458161
PI458162	PI458162
PI458163	PI458163
PI458164	PI458164
PI458165	PI458165
PI458166	PI458166
PI458167	PI458167
PI458168	PI458168
PI458169A	PI458169A
PI458169B	PI458169B
PI458170	PI458170
PI458171A	PI458171A
PI458171B	PI458171B
PI458172A	PI458172A
PI458172B	PI458172B
PI458173	PI458173
PI458174	PI458174
PI458175A	PI458175A
PI458175B	PI458175B
PI458175C	PI458175C
PI458175D	PI458175D
PI458176	PI458176
PI458177	PI458177
PI458178	PI458178
PI458179	PI458179
PI458180	PI458180
PI458181	PI458181
PI458182	PI458182
PI458183	PI458183
PI458184	PI458184
PI458185	PI458185
PI458186	PI458186
PI458187	PI458187
PI458188	PI458188
PI458189A	PI458189A
PI458189B	PI458189B
PI458190	PI458190
PI458191	PI458191
PI458192	PI458192
PI458193	PI458193
PI458194	PI458194
PI458195	PI458195
PI458196	PI458196
PI458197	PI458197
PI458198	PI458198
PI458199	PI458199
PI458200	PI458200
PI458201	PI458201
PI458202A	PI458202A
PI458202B	PI458202B
PI458203A	PI458203A
PI458203B	PI458203B
PI458204	PI458204
PI458205	PI458205
PI458206	PI458206
PI458207	PI458207
PI458208	PI458208
PI458209	PI458209
PI458210	PI458210
PI458211	PI458211
PI458212	PI458212
PI458213	PI458213
PI458214	PI458214
PI458215	PI458215
PI458216	PI458216
PI458217	PI458217
PI458218	PI458218
PI458219	PI458219
PI458220	PI458220
PI458221	PI458221
PI458222	PI458222
PI458223	PI458223
PI458224	PI458224
PI458225	PI458225
PI458226	PI458226
PI458227	PI458227
PI458228	PI458228
PI458229	PI458229
PI458230A	PI458230A
PI458230B	PI458230B
PI458231	PI458231
PI458232	PI458232
PI458233	PI458233
PI458234	PI458234
PI458235	PI458235
PI458236A	PI458236A
PI458236B	PI458236B
PI458237	PI458237
PI458238	PI458238
PI458239	PI458239
PI458240	PI458240
PI458241	PI458241
PI458242	PI458242
PI458243	PI458243
PI458244A	PI458244A
PI458244B	PI458244B
PI458244C	PI458244C
PI458245	PI458245
PI458246A	PI458246A
PI458246B	PI458246B
PI458247	PI458247
PI458248	PI458248
PI458249	PI458249
PI458250	PI458250
PI458251	PI458251
PI458252	PI458252
PI458253	PI458253
PI458254	PI458254
PI458255	PI458255
PI458256	PI458256
PI458257	PI458257
PI458258	PI458258
PI458259	PI458259
PI458260	PI458260
PI458261	PI458261
PI458262	PI458262
PI458263	PI458263
PI458264	PI458264
PI458265	PI458265
PI458266	PI458266
PI458267	PI458267
PI458268	PI458268
PI458269	PI458269
PI458270	PI458270
PI458271	PI458271
PI458272	PI458272
PI458273	PI458273
PI458274	PI458274
PI458275	PI458275
PI458276	PI458276
PI458277	PI458277
PI458278A	PI458278A
PI458278B	PI458278B
PI458279	PI458279
PI458280	PI458280
PI458281A	PI458281A
PI458281B	PI458281B
PI458282	PI458282
PI458283	PI458283
PI458284	PI458284
PI458285	PI458285
PI458286	PI458286
PI458287	PI458287
PI458288	PI458288
PI458289	PI458289
PI458290	PI458290
PI458291	PI458291
PI458292	PI458292
PI458293	PI458293
PI458294	PI458294
PI458295	PI458295
PI458296	PI458296
PI458297	PI458297
PI458298	PI458298
PI458299	PI458299
PI458300	PI458300
PI458301	PI458301
PI458302	PI458302
PI458303	PI458303
PI458304	PI458304
PI458305	PI458305
PI458306A	PI458306A
PI458306B	PI458306B
PI458307A	PI458307A
PI458307B	PI458307B
PI458505	PI458505
PI458506	PI458506
PI458507	PI458507
PI458508A	PI458508A
PI458508B	PI458508B
PI458509	PI458509
PI458510	PI458510
PI458511	PI458511
PI458512	PI458512
PI458515	PI458515
PI458517	PI458517
PI458519A	PI458519A
PI458519B	PI458519B
PI458520	PI458520
PI458521	PI458521
PI458522	PI458522
PI458523	PI458523
PI458525	PI458525
PI458529	PI458529
PI458531	PI458531
PI458532A	PI458532A
PI458532B	PI458532B
PI458541	PI458541
PI458546	PI458546
PI458824	PI458824
PI458825A	PI458825A
PI458825B	PI458825B
PI458826A	PI458826A
PI458826B	PI458826B
PI458827	PI458827
PI458828	PI458828
PI458829	PI458829
PI459024	PI459024
PI459025A	PI459025A
PI459025B	PI459025B
PI459025C	PI459025C
PI459025D	PI459025D
PI459025E	PI459025E
PI459025F	PI459025F
PI461419	PI461419
PI461508	PI461508
PI461509	PI461509
PI462312	PI462312
PI464865	PI464865
PI464866A	PI464866A
PI464866B	PI464866B
PI464867	PI464867
PI464868A	PI464868A
PI464868B	PI464868B
PI464869A	PI464869A
PI464869B	PI464869B
PI464870	PI464870
PI464871A	PI464871A
PI464871B	PI464871B
PI464871C	PI464871C
PI464875A	PI464875A
PI464875B	PI464875B
PI464876	PI464876
PI464877	PI464877
PI464878	PI464878
PI464879	PI464879
PI464880	PI464880
PI464881	PI464881
PI464882	PI464882
PI464883	PI464883
PI464884	PI464884
PI464886	PI464886
PI464887	PI464887
PI464888A	PI464888A
PI464888B	PI464888B
PI464889A	PI464889A
PI464889B	PI464889B
PI464889C	PI464889C
PI464890A	PI464890A
PI464890B	PI464890B
PI464891A	PI464891A
PI464891B	PI464891B
PI464891C	PI464891C
PI464892	PI464892
PI464893	PI464893
PI464894	PI464894
PI464895	PI464895
PI464896	PI464896
PI464897	PI464897
PI464898	PI464898
PI464899	PI464899
PI464900	PI464900
PI464901	PI464901
PI464902	PI464902
PI464904	PI464904
PI464905	PI464905
PI464909	PI464909
PI464910	PI464910
PI464911	PI464911
PI464912	PI464912
PI464913	PI464913
PI464914A	PI464914A
PI464914B	PI464914B
PI464915A	PI464915A
PI464915B	PI464915B
PI464916	PI464916
PI464917	PI464917
PI464920A	PI464920A
PI464920B	PI464920B
PI464921	PI464921
PI464922	PI464922
PI464923	PI464923
PI464924	PI464924
PI464925A	PI464925A
PI464925B	PI464925B
PI464925C	PI464925C
PI464926	PI464926
PI464927A	PI464927A
PI464927B	PI464927B
PI464927C	PI464927C
PI464928	PI464928
PI464929A	PI464929A
PI464929B	PI464929B
PI464931	PI464931
PI464932	PI464932
PI464933	PI464933
PI464934	PI464934
PI464935	PI464935
PI464936A	PI464936A
PI464936B	PI464936B
PI464937A	PI464937A
PI464937B	PI464937B
PI464938	PI464938
PI464939A	PI464939A
PI464939B	PI464939B
PI464940	PI464940
PI464941	PI464941
PI466749A	PI466749A
PI466749B	PI466749B
PI467307	PI467307
PI467308A	PI467308A
PI467308B	PI467308B
PI467309	PI467309
PI467310	PI467310
PI467311A	PI467311A
PI467311B	PI467311B
PI467311C	PI467311C
PI467311D	PI467311D
PI467311E	PI467311E
PI467312	PI467312
PI467313	PI467313
PI467314	PI467314
PI467315	PI467315
PI467316	PI467316
PI467317	PI467317
PI467318A	PI467318A
PI467318B	PI467318B
PI467319	PI467319
PI467320	PI467320
PI467321	PI467321
PI467322A	PI467322A
PI467322B	PI467322B
PI467323A	PI467323A
PI467323B	PI467323B
PI467324	PI467324
PI467325	PI467325
PI467326	PI467326
PI467327	PI467327
PI467328	PI467328
PI467329	PI467329
PI467330	PI467330
PI467331	PI467331
PI467332	PI467332
PI467333	PI467333
PI467334A	PI467334A
PI467334B	PI467334B
PI467335A	PI467335A
PI467335B	PI467335B
PI467336	PI467336
PI467337	PI467337
PI467338	PI467338
PI467339	PI467339
PI467340	PI467340
PI467341	PI467341
PI467342	PI467342
PI467343	PI467343
PI467344	PI467344
PI467345	PI467345
PI467346	PI467346
PI467347	PI467347
PI468130	PI468130
PI468131	PI468131
PI468374A	PI468374A
PI468374B	PI468374B
PI468375	PI468375
PI468376	PI468376
PI468377	PI468377
PI468378	PI468378
PI468381	PI468381
PI468382	PI468382
PI468383	PI468383
PI468384	PI468384
PI468385	PI468385
PI468408A	PI468408A
PI468408B	PI468408B
PI468408C	PI468408C
PI468903	PI468903
PI468914	PI468914
PI468915	PI468915
PI468920	PI468920
PI468921	PI468921
PI468922	PI468922
PI468923	PI468923
PI468964	PI468964
PI468965	PI468965
PI468966	PI468966
PI468967	PI468967
PI468969	PI468969
PI468970	PI468970
PI468971	PI468971
PI468972	PI468972
PI468973	PI468973
PI470221	PI470221
PI470222	PI470222
PI470223	PI470223
PI470224	PI470224
PI470225	PI470225
PI470226	PI470226
PI470227A	PI470227A
PI470227B	PI470227B
PI470929	PI470929
PI470930	PI470930
PI471899	PI471899
PI471900	PI471900
PI471901	PI471901
PI471903	PI471903
PI471904	PI471904
PI471925	PI471925
PI471926	PI471926
PI471927	PI471927
PI471928	PI471928
PI471930	PI471930
PI471931	PI471931
PI471932	PI471932
PI471933	PI471933
PI471934	PI471934
PI471935	PI471935
PI471936	PI471936
PI471938	PI471938
PI471940	PI471940
PI471941	PI471941
PI471942	PI471942
PI473572	PI473572
PI473573	PI473573
PI475783A	PI475783A
PI475783B	PI475783B
PI475784	PI475784
PI475785	PI475785
PI475810	PI475810
PI475811A	PI475811A
PI475811B	PI475811B
PI475812A	PI475812A
PI475812B	PI475812B
PI475813A	PI475813A
PI475813B	PI475813B
PI475814	PI475814
PI475815	PI475815
PI475816	PI475816
PI475817	PI475817
PI475818	PI475818
PI475819	PI475819
PI475820	PI475820
PI475821	PI475821
PI475822A	PI475822A
PI475822B	PI475822B
PI475822C	PI475822C
PI475823	PI475823
PI475824A	PI475824A
PI475824B	PI475824B
PI475825	PI475825
PI475826	PI475826
PI475827	PI475827
PI475828	PI475828
PI475829A	PI475829A
PI475829B	PI475829B
PI475830	PI475830
PI475831	PI475831
PI476344	PI476344
PI476345	PI476345
PI476347	PI476347
PI476348	PI476348
PI476349	PI476349
PI476350A	PI476350A
PI476350B	PI476350B
PI476350C	PI476350C
PI476351	PI476351
PI476352A	PI476352A
PI476352B	PI476352B
PI476352C	PI476352C
PI476878	PI476878
PI476879	PI476879
PI476880	PI476880
PI476881	PI476881
PI476882	PI476882
PI476883	PI476883
PI476884	PI476884
PI476885	PI476885
PI476887	PI476887
PI476888	PI476888
PI476889	PI476889
PI476890	PI476890
PI476891	PI476891
PI476892	PI476892
PI476894	PI476894
PI476895	PI476895
PI476896	PI476896
PI476897	PI476897
PI476898	PI476898
PI476899	PI476899
PI476900	PI476900
PI476901	PI476901
PI476903	PI476903
PI476904	PI476904
PI476905A	PI476905A
PI476905B	PI476905B
PI476907	PI476907
PI476908	PI476908
PI476909	PI476909
PI476910	PI476910
PI476911	PI476911
PI476912	PI476912
PI476913	PI476913
PI476914	PI476914
PI476915	PI476915
PI476916	PI476916
PI476917	PI476917
PI476918	PI476918
PI476919	PI476919
PI476920	PI476920
PI476921	PI476921
PI476922	PI476922
PI476923	PI476923
PI476924	PI476924
PI476925	PI476925
PI476926	PI476926
PI476927	PI476927
PI476928	PI476928
PI476929	PI476929
PI476930	PI476930
PI476931	PI476931
PI476932	PI476932
PI476933	PI476933
PI476934	PI476934
PI476936	PI476936
PI476938	PI476938
PI476939	PI476939
PI476942	PI476942
PI476943	PI476943
PI479709	PI479709
PI479710	PI479710
PI479711	PI479711
PI479712	PI479712
PI479713	PI479713
PI479714	PI479714
PI479715	PI479715
PI479716	PI479716
PI479717	PI479717
PI479718A	PI479718A
PI479718B	PI479718B
PI479719	PI479719
PI479720	PI479720
PI479721	PI479721
PI479722	PI479722
PI479723	PI479723
PI479724A	PI479724A
PI479724B	PI479724B
PI479725A	PI479725A
PI479725B	PI479725B
PI479726	PI479726
PI479727	PI479727
PI479728A	PI479728A
PI479728B	PI479728B
PI479729	PI479729
PI479730	PI479730
PI479731	PI479731
PI479732	PI479732
PI479734	PI479734
PI479735	PI479735
PI479736	PI479736
PI479737	PI479737
PI479738	PI479738
PI479740	PI479740
PI479741	PI479741
PI479742	PI479742
PI479743	PI479743
PI479757	PI479757
PI479758	PI479758
PI479759	PI479759
PI479761	PI479761
PI479762	PI479762
PI481676	PI481676
PI481679	PI481679
PI481683	PI481683
PI481686	PI481686
PI481688	PI481688
PI481690	PI481690
PI481691	PI481691
PI482602	PI482602
PI483082A	PI483082A
PI483082B	PI483082B
PI483083	PI483083
PI483084	PI483084
PI483251	PI483251
PI483252	PI483252
PI483253	PI483253
PI486328	PI486328
PI486329	PI486329
PI486330	PI486330
PI486331	PI486331
PI486332	PI486332
PI486335	PI486335
PI486353	PI486353
PI486354A	PI486354A
PI486354B	PI486354B
PI486355	PI486355
PI490765	PI490765
PI490766	PI490766
PI490767	PI490767
PI490768	PI490768
PI490769	PI490769
PI491548	PI491548
PI491578	PI491578
PI491579	PI491579
PI494181	PI494181
PI494182	PI494182
PI494525	PI494525
PI494526	PI494526
PI494752	PI494752
PI494851	PI494851
PI495016	PI495016
PI495017A	PI495017A
PI495017B	PI495017B
PI495017C	PI495017C
PI495018	PI495018
PI495019	PI495019
PI495020	PI495020
PI495831	PI495831
PI495832	PI495832
PI497958	PI497958
PI497960	PI497960
PI497961	PI497961
PI497962	PI497962
PI497966	PI497966
PI497967	PI497967
PI497968	PI497968
PI499955	PI499955
PI499957	PI499957
PI500648	PI500648
PI503333	PI503333
PI503334	PI503334
PI503335	PI503335
PI503336	PI503336
PI503337	PI503337
PI503338	PI503338
PI503339A	PI503339A
PI503339B	PI503339B
PI503340	PI503340
PI504286	PI504286
PI504288	PI504288
PI504480	PI504480
PI504481	PI504481
PI504482	PI504482
PI504483A	PI504483A
PI504483B	PI504483B
PI504484	PI504484
PI504485	PI504485
PI504486	PI504486
PI504487	PI504487
PI504488	PI504488
PI504489	PI504489
PI504490	PI504490
PI504492	PI504492
PI504493	PI504493
PI504494	PI504494
PI504495	PI504495
PI504496	PI504496
PI504497	PI504497
PI504498	PI504498
PI504499	PI504499
PI504500	PI504500
PI504501	PI504501
PI504502	PI504502
PI504503	PI504503
PI504504	PI504504
PI504505	PI504505
PI504506	PI504506
PI504507	PI504507
PI504508	PI504508
PI504509	PI504509
PI504510	PI504510
PI504812	PI504812
PI506417	PI506417
PI506420	PI506420
PI506471	PI506471
PI506472	PI506472
PI506473	PI506473
PI506474	PI506474
PI506475	PI506475
PI506476	PI506476
PI506477	PI506477
PI506478	PI506478
PI506479	PI506479
PI506480	PI506480
PI506481	PI506481
PI506482	PI506482
PI506483	PI506483
PI506484	PI506484
PI506485	PI506485
PI506486	PI506486
PI506487	PI506487
PI506488	PI506488
PI506489	PI506489
PI506490	PI506490
PI506491	PI506491
PI506492	PI506492
PI506493	PI506493
PI506494	PI506494
PI506495	PI506495
PI506496	PI506496
PI506497	PI506497
PI506498	PI506498
PI506499	PI506499
PI506500	PI506500
PI506501	PI506501
PI506502	PI506502
PI506503	PI506503
PI506504	PI506504
PI506505	PI506505
PI506506	PI506506
PI506507	PI506507
PI506508	PI506508
PI506509	PI506509
PI506510	PI506510
PI506511	PI506511
PI506512	PI506512
PI506513	PI506513
PI506514	PI506514
PI506515	PI506515
PI506516	PI506516
PI506517	PI506517
PI506518	PI506518
PI506519	PI506519
PI506520	PI506520
PI506521	PI506521
PI506522	PI506522
PI506523	PI506523
PI506524	PI506524
PI506525	PI506525
PI506526	PI506526
PI506527	PI506527
PI506528	PI506528
PI506529	PI506529
PI506530	PI506530
PI506531	PI506531
PI506532	PI506532
PI506533	PI506533
PI506534	PI506534
PI506535	PI506535
PI506536	PI506536
PI506537	PI506537
PI506538	PI506538
PI506539	PI506539
PI506540	PI506540
PI506541	PI506541
PI506542	PI506542
PI506543	PI506543
PI506544	PI506544
PI506545	PI506545
PI506546	PI506546
PI506547	PI506547
PI506548	PI506548
PI506549	PI506549
PI506550A	PI506550A
PI506550B	PI506550B
PI506551	PI506551
PI506552	PI506552
PI506553	PI506553
PI506554	PI506554
PI506555	PI506555
PI506556	PI506556
PI506557	PI506557
PI506558	PI506558
PI506559	PI506559
PI506560	PI506560
PI506561	PI506561
PI506562	PI506562
PI506563	PI506563
PI506564	PI506564
PI506565	PI506565
PI506566	PI506566
PI506567	PI506567
PI506568	PI506568
PI506569	PI506569
PI506570	PI506570
PI506571	PI506571
PI506572	PI506572
PI506573	PI506573
PI506574	PI506574
PI506575A	PI506575A
PI506575B	PI506575B
PI506576	PI506576
PI506577	PI506577
PI506578	PI506578
PI506579	PI506579
PI506580	PI506580
PI506581A	PI506581A
PI506581B	PI506581B
PI506581C	PI506581C
PI506582	PI506582
PI506583	PI506583
PI506584	PI506584
PI506585A	PI506585A
PI506585B	PI506585B
PI506586	PI506586
PI506587	PI506587
PI506588	PI506588
PI506589	PI506589
PI506590A	PI506590A
PI506590B	PI506590B
PI506590C	PI506590C
PI506590D	PI506590D
PI506590E	PI506590E
PI506591	PI506591
PI506592	PI506592
PI506593	PI506593
PI506594	PI506594
PI506595A	PI506595A
PI506595B	PI506595B
PI506596	PI506596
PI506597	PI506597
PI506598	PI506598
PI506599	PI506599
PI506600	PI506600
PI506601	PI506601
PI506602	PI506602
PI506603	PI506603
PI506604	PI506604
PI506605	PI506605
PI506606	PI506606
PI506607	PI506607
PI506608	PI506608
PI506609	PI506609
PI506610	PI506610
PI506611	PI506611
PI506612	PI506612
PI506613	PI506613
PI506614	PI506614
PI506615	PI506615
PI506616	PI506616
PI506617	PI506617
PI506618	PI506618
PI506619	PI506619
PI506620	PI506620
PI506621	PI506621
PI506622	PI506622
PI506623	PI506623
PI506624	PI506624
PI506625	PI506625
PI506626	PI506626
PI506627	PI506627
PI506628	PI506628
PI506629	PI506629
PI506630	PI506630
PI506631	PI506631
PI506632	PI506632
PI506633	PI506633
PI506634	PI506634
PI506635	PI506635
PI506636	PI506636
PI506637	PI506637
PI506638	PI506638
PI506639	PI506639
PI506640	PI506640
PI506641	PI506641
PI506642	PI506642
PI506643	PI506643
PI506644	PI506644
PI506645	PI506645
PI506646	PI506646
PI506647	PI506647
PI506648	PI506648
PI506649	PI506649
PI506650	PI506650
PI506651	PI506651
PI506652	PI506652
PI506653	PI506653
PI506654	PI506654
PI506655	PI506655
PI506656	PI506656
PI506657	PI506657
PI506658	PI506658
PI506660	PI506660
PI506661	PI506661
PI506663	PI506663
PI506664	PI506664
PI506665	PI506665
PI506666	PI506666
PI506667	PI506667
PI506668	PI506668
PI506669	PI506669
PI506670	PI506670
PI506671	PI506671
PI506673	PI506673
PI506674	PI506674
PI506675	PI506675
PI506676	PI506676
PI506677	PI506677
PI506678	PI506678
PI506679	PI506679
PI506680	PI506680
PI506681	PI506681
PI506682	PI506682
PI506685	PI506685
PI506686	PI506686
PI506687	PI506687
PI506688	PI506688
PI506689	PI506689
PI506690	PI506690
PI506691	PI506691
PI506692	PI506692
PI506693	PI506693
PI506694	PI506694
PI506695	PI506695
PI506696	PI506696
PI506697	PI506697
PI506698	PI506698
PI506699	PI506699
PI506700	PI506700
PI506701	PI506701
PI506702	PI506702
PI506703	PI506703
PI506704	PI506704
PI506705	PI506705
PI506706	PI506706
PI506707	PI506707
PI506708	PI506708
PI506709	PI506709
PI506710	PI506710
PI506711A	PI506711A
PI506711B	PI506711B
PI506712	PI506712
PI506713	PI506713
PI506714	PI506714
PI506715	PI506715
PI506716	PI506716
PI506717	PI506717
PI506718	PI506718
PI506719	PI506719
PI506720	PI506720
PI506721	PI506721
PI506722	PI506722
PI506723	PI506723
PI506724	PI506724
PI506725	PI506725
PI506726	PI506726
PI506727	PI506727
PI506728	PI506728
PI506729	PI506729
PI506730	PI506730
PI506731	PI506731
PI506732	PI506732
PI506733A	PI506733A
PI506733B	PI506733B
PI506734	PI506734
PI506735A	PI506735A
PI506735B	PI506735B
PI506736	PI506736
PI506737	PI506737
PI506738	PI506738
PI506739	PI506739
PI506740	PI506740
PI506741	PI506741
PI506742	PI506742
PI506743	PI506743
PI506744	PI506744
PI506745	PI506745
PI506746	PI506746
PI506747	PI506747
PI506748	PI506748
PI506749	PI506749
PI506750	PI506750
PI506751	PI506751
PI506752	PI506752
PI506753	PI506753
PI506754	PI506754
PI506755	PI506755
PI506756	PI506756
PI506757	PI506757
PI506758	PI506758
PI506759	PI506759
PI506760	PI506760
PI506761	PI506761
PI506762A	PI506762A
PI506762B	PI506762B
PI506763	PI506763
PI506764	PI506764
PI506765	PI506765
PI506766	PI506766
PI506767	PI506767
PI506768	PI506768
PI506769	PI506769
PI506770	PI506770
PI506771	PI506771
PI506772	PI506772
PI506773	PI506773
PI506774	PI506774
PI506775	PI506775
PI506776	PI506776
PI506777	PI506777
PI506778	PI506778
PI506779	PI506779
PI506780	PI506780
PI506781	PI506781
PI506782	PI506782
PI506783	PI506783
PI506784	PI506784
PI506785	PI506785
PI506786	PI506786
PI506787	PI506787
PI506788	PI506788
PI506789	PI506789
PI506790	PI506790
PI506791	PI506791
PI506792	PI506792
PI506793	PI506793
PI506794	PI506794
PI506795	PI506795
PI506796	PI506796
PI506797	PI506797
PI506798	PI506798
PI506799	PI506799
PI506800A	PI506800A
PI506800B	PI506800B
PI506801A	PI506801A
PI506801B	PI506801B
PI506802	PI506802
PI506803	PI506803
PI506804	PI506804
PI506805	PI506805
PI506806	PI506806
PI506807	PI506807
PI506808	PI506808
PI506809	PI506809
PI506810	PI506810
PI506811	PI506811
PI506812	PI506812
PI506813	PI506813
PI506814	PI506814
PI506815	PI506815
PI506816	PI506816
PI506817	PI506817
PI506818	PI506818
PI506819	PI506819
PI506820	PI506820
PI506821	PI506821
PI506822	PI506822
PI506823	PI506823
PI506824	PI506824
PI506825	PI506825
PI506826	PI506826
PI506827	PI506827
PI506828	PI506828
PI506829	PI506829
PI506830	PI506830
PI506831	PI506831
PI506832	PI506832
PI506833	PI506833
PI506834	PI506834
PI506835	PI506835
PI506836	PI506836
PI506837	PI506837
PI506838A	PI506838A
PI506838B	PI506838B
PI506839	PI506839
PI506840A	PI506840A
PI506840B	PI506840B
PI506841	PI506841
PI506842	PI506842
PI506843	PI506843
PI506844	PI506844
PI506845	PI506845
PI506846	PI506846
PI506847	PI506847
PI506848	PI506848
PI506849	PI506849
PI506850	PI506850
PI506851	PI506851
PI506852	PI506852
PI506853	PI506853
PI506854	PI506854
PI506855	PI506855
PI506856	PI506856
PI506857	PI506857
PI506858	PI506858
PI506859	PI506859
PI506860	PI506860
PI506862	PI506862
PI506863	PI506863
PI506864A	PI506864A
PI506864B	PI506864B
PI506865	PI506865
PI506866	PI506866
PI506867	PI506867
PI506868	PI506868
PI506869	PI506869
PI506870	PI506870
PI506871	PI506871
PI506872	PI506872
PI506873	PI506873
PI506874	PI506874
PI506875	PI506875
PI506876	PI506876
PI506877	PI506877
PI506878	PI506878
PI506879	PI506879
PI506880	PI506880
PI506881	PI506881
PI506883	PI506883
PI506884	PI506884
PI506885	PI506885
PI506886	PI506886
PI506887	PI506887
PI506888	PI506888
PI506889	PI506889
PI506890	PI506890
PI506891	PI506891
PI506892	PI506892
PI506893	PI506893
PI506894	PI506894
PI506895	PI506895
PI506896	PI506896
PI506897	PI506897
PI506900	PI506900
PI506901	PI506901
PI506902	PI506902
PI506903	PI506903
PI506904	PI506904
PI506905	PI506905
PI506906	PI506906
PI506907	PI506907
PI506908	PI506908
PI506910	PI506910
PI506911	PI506911
PI506912	PI506912
PI506913	PI506913
PI506914	PI506914
PI506915	PI506915
PI506916	PI506916
PI506917	PI506917
PI506918	PI506918
PI506919	PI506919
PI506920	PI506920
PI506921	PI506921
PI506922	PI506922
PI506923	PI506923
PI506924	PI506924
PI506925	PI506925
PI506926	PI506926
PI506927	PI506927
PI506928	PI506928
PI506929	PI506929
PI506930	PI506930
PI506931	PI506931
PI506932	PI506932
PI506933	PI506933
PI506934	PI506934
PI506935	PI506935
PI506936	PI506936
PI506937	PI506937
PI506938	PI506938
PI506939	PI506939
PI506940	PI506940
PI506941	PI506941
PI506942	PI506942
PI506943	PI506943
PI506944	PI506944
PI506945	PI506945
PI506946	PI506946
PI506947	PI506947
PI506948	PI506948
PI506949	PI506949
PI506950	PI506950
PI506951	PI506951
PI506952	PI506952
PI506953	PI506953
PI506954	PI506954
PI506955	PI506955
PI506956	PI506956
PI506957	PI506957
PI506958	PI506958
PI506959	PI506959
PI506960	PI506960
PI506961	PI506961
PI506962	PI506962
PI506963	PI506963
PI506964	PI506964
PI506965	PI506965
PI506966	PI506966
PI506967	PI506967
PI506968	PI506968
PI506969	PI506969
PI506970	PI506970
PI506971	PI506971
PI506972	PI506972
PI506973	PI506973
PI506974	PI506974
PI506975	PI506975
PI506976	PI506976
PI506977	PI506977
PI506978	PI506978
PI506979	PI506979
PI506980	PI506980
PI506981	PI506981
PI506982	PI506982
PI506983	PI506983
PI506984	PI506984
PI506985	PI506985
PI506986	PI506986
PI506987	PI506987
PI506988	PI506988
PI506989	PI506989
PI506990	PI506990
PI506991	PI506991
PI506992	PI506992
PI506993	PI506993
PI506994	PI506994
PI506995	PI506995
PI506996	PI506996
PI506997	PI506997
PI506998	PI506998
PI506999	PI506999
PI507000	PI507000
PI507001	PI507001
PI507002	PI507002
PI507003	PI507003
PI507004	PI507004
PI507005	PI507005
PI507006	PI507006
PI507007	PI507007
PI507008	PI507008
PI507009	PI507009
PI507010	PI507010
PI507011	PI507011
PI507012	PI507012
PI507013	PI507013
PI507014	PI507014
PI507015	PI507015
PI507016	PI507016
PI507017	PI507017
PI507018	PI507018
PI507019	PI507019
PI507020	PI507020
PI507021	PI507021
PI507022	PI507022
PI507023	PI507023
PI507024	PI507024
PI507025	PI507025
PI507026	PI507026
PI507027	PI507027
PI507028	PI507028
PI507029	PI507029
PI507030	PI507030
PI507031	PI507031
PI507032	PI507032
PI507033	PI507033
PI507034	PI507034
PI507035	PI507035
PI507036	PI507036
PI507037	PI507037
PI507038	PI507038
PI507039	PI507039
PI507040	PI507040
PI507041	PI507041
PI507042	PI507042
PI507043	PI507043
PI507044	PI507044
PI507045	PI507045
PI507046	PI507046
PI507047	PI507047
PI507048	PI507048
PI507049	PI507049
PI507050	PI507050
PI507051	PI507051
PI507052	PI507052
PI507053	PI507053
PI507054	PI507054
PI507055	PI507055
PI507056	PI507056
PI507057	PI507057
PI507058	PI507058
PI507059	PI507059
PI507060	PI507060
PI507061	PI507061
PI507062A	PI507062A
PI507062B	PI507062B
PI507063	PI507063
PI507064	PI507064
PI507065	PI507065
PI507066	PI507066
PI507067	PI507067
PI507068	PI507068
PI507069	PI507069
PI507070	PI507070
PI507071A	PI507071A
PI507071B	PI507071B
PI507072	PI507072
PI507073	PI507073
PI507074	PI507074
PI507075	PI507075
PI507076	PI507076
PI507077	PI507077
PI507078	PI507078
PI507079	PI507079
PI507080	PI507080
PI507081	PI507081
PI507082A	PI507082A
PI507082B	PI507082B
PI507082C	PI507082C
PI507084	PI507084
PI507085	PI507085
PI507086	PI507086
PI507087	PI507087
PI507088	PI507088
PI507089A	PI507089A
PI507089B	PI507089B
PI507090	PI507090
PI507091	PI507091
PI507092	PI507092
PI507093	PI507093
PI507094	PI507094
PI507095A	PI507095A
PI507095B	PI507095B
PI507096	PI507096
PI507097	PI507097
PI507098	PI507098
PI507099	PI507099
PI507100	PI507100
PI507102	PI507102
PI507103	PI507103
PI507104	PI507104
PI507105	PI507105
PI507106	PI507106
PI507107	PI507107
PI507108	PI507108
PI507109	PI507109
PI507110	PI507110
PI507111	PI507111
PI507112	PI507112
PI507113	PI507113
PI507114	PI507114
PI507115	PI507115
PI507116	PI507116
PI507117A	PI507117A
PI507117B	PI507117B
PI507118	PI507118
PI507119	PI507119
PI507120	PI507120
PI507121	PI507121
PI507122	PI507122
PI507123	PI507123
PI507124	PI507124
PI507125	PI507125
PI507126	PI507126
PI507127	PI507127
PI507128	PI507128
PI507130	PI507130
PI507131	PI507131
PI507132A	PI507132A
PI507132B	PI507132B
PI507133	PI507133
PI507134	PI507134
PI507135	PI507135
PI507136	PI507136
PI507137	PI507137
PI507138	PI507138
PI507139	PI507139
PI507140	PI507140
PI507141	PI507141
PI507142	PI507142
PI507143	PI507143
PI507144	PI507144
PI507145	PI507145
PI507146	PI507146
PI507147	PI507147
PI507148	PI507148
PI507149	PI507149
PI507150	PI507150
PI507151	PI507151
PI507152	PI507152
PI507153	PI507153
PI507154	PI507154
PI507155	PI507155
PI507156	PI507156
PI507157	PI507157
PI507158	PI507158
PI507159	PI507159
PI507160	PI507160
PI507161	PI507161
PI507162	PI507162
PI507163	PI507163
PI507164	PI507164
PI507165	PI507165
PI507166	PI507166
PI507167A	PI507167A
PI507167B	PI507167B
PI507168	PI507168
PI507169	PI507169
PI507170	PI507170
PI507171	PI507171
PI507172	PI507172
PI507173	PI507173
PI507174	PI507174
PI507175	PI507175
PI507176	PI507176
PI507177	PI507177
PI507178	PI507178
PI507179	PI507179
PI507180	PI507180
PI507181	PI507181
PI507182	PI507182
PI507183	PI507183
PI507184A	PI507184A
PI507184B	PI507184B
PI507185	PI507185
PI507186	PI507186
PI507187	PI507187
PI507188	PI507188
PI507189A	PI507189A
PI507189B	PI507189B
PI507190	PI507190
PI507191	PI507191
PI507192	PI507192
PI507193	PI507193
PI507194	PI507194
PI507195	PI507195
PI507196	PI507196
PI507197A	PI507197A
PI507197B	PI507197B
PI507198	PI507198
PI507199	PI507199
PI507200	PI507200
PI507201	PI507201
PI507202	PI507202
PI507203	PI507203
PI507204	PI507204
PI507205	PI507205
PI507206	PI507206
PI507207	PI507207
PI507208	PI507208
PI507209	PI507209
PI507210	PI507210
PI507211	PI507211
PI507212	PI507212
PI507213	PI507213
PI507214	PI507214
PI507215	PI507215
PI507216A	PI507216A
PI507216B	PI507216B
PI507217	PI507217
PI507218	PI507218
PI507219	PI507219
PI507220	PI507220
PI507221	PI507221
PI507222	PI507222
PI507223	PI507223
PI507224	PI507224
PI507225	PI507225
PI507226A	PI507226A
PI507226B	PI507226B
PI507227	PI507227
PI507228	PI507228
PI507229	PI507229
PI507230	PI507230
PI507231	PI507231
PI507232	PI507232
PI507233	PI507233
PI507234	PI507234
PI507235	PI507235
PI507236	PI507236
PI507237	PI507237
PI507238	PI507238
PI507239	PI507239
PI507240	PI507240
PI507241	PI507241
PI507242	PI507242
PI507243	PI507243
PI507244	PI507244
PI507245	PI507245
PI507246	PI507246
PI507247	PI507247
PI507248	PI507248
PI507249	PI507249
PI507250	PI507250
PI507251	PI507251
PI507252	PI507252
PI507253	PI507253
PI507254	PI507254
PI507255	PI507255
PI507256	PI507256
PI507257	PI507257
PI507258	PI507258
PI507259	PI507259
PI507260	PI507260
PI507261	PI507261
PI507262	PI507262
PI507263	PI507263
PI507264	PI507264
PI507265	PI507265
PI507266	PI507266
PI507267	PI507267
PI507268	PI507268
PI507269	PI507269
PI507270	PI507270
PI507271	PI507271
PI507272	PI507272
PI507273	PI507273
PI507275	PI507275
PI507276	PI507276
PI507277	PI507277
PI507278	PI507278
PI507279	PI507279
PI507280	PI507280
PI507281	PI507281
PI507282	PI507282
PI507283	PI507283
PI507284	PI507284
PI507285	PI507285
PI507286A	PI507286A
PI507286B	PI507286B
PI507286C	PI507286C
PI507287	PI507287
PI507288	PI507288
PI507290	PI507290
PI507291	PI507291
PI507292	PI507292
PI507293A	PI507293A
PI507293B	PI507293B
PI507294A	PI507294A
PI507294B	PI507294B
PI507295	PI507295
PI507296	PI507296
PI507297	PI507297
PI507298	PI507298
PI507299	PI507299
PI507300	PI507300
PI507301	PI507301
PI507302	PI507302
PI507303	PI507303
PI507304	PI507304
PI507305	PI507305
PI507306	PI507306
PI507307	PI507307
PI507308	PI507308
PI507309	PI507309
PI507310	PI507310
PI507311	PI507311
PI507312	PI507312
PI507313	PI507313
PI507314	PI507314
PI507315	PI507315
PI507316	PI507316
PI507317	PI507317
PI507318	PI507318
PI507319	PI507319
PI507320A	PI507320A
PI507320B	PI507320B
PI507321	PI507321
PI507322	PI507322
PI507323	PI507323
PI507324	PI507324
PI507325	PI507325
PI507326	PI507326
PI507327	PI507327
PI507329	PI507329
PI507330	PI507330
PI507331	PI507331
PI507332	PI507332
PI507333	PI507333
PI507334	PI507334
PI507335	PI507335
PI507336	PI507336
PI507337	PI507337
PI507338	PI507338
PI507339	PI507339
PI507340	PI507340
PI507341	PI507341
PI507342	PI507342
PI507343	PI507343
PI507344	PI507344
PI507345	PI507345
PI507346	PI507346
PI507347	PI507347
PI507348	PI507348
PI507349	PI507349
PI507350	PI507350
PI507351	PI507351
PI507352	PI507352
PI507353	PI507353
PI507354	PI507354
PI507355	PI507355
PI507356	PI507356
PI507357	PI507357
PI507358	PI507358
PI507359	PI507359
PI507360	PI507360
PI507361	PI507361
PI507362	PI507362
PI507363	PI507363
PI507364	PI507364
PI507365	PI507365
PI507366	PI507366
PI507367	PI507367
PI507368	PI507368
PI507369	PI507369
PI507370	PI507370
PI507371	PI507371
PI507372	PI507372
PI507373	PI507373
PI507374	PI507374
PI507375	PI507375
PI507376	PI507376
PI507377	PI507377
PI507378	PI507378
PI507379	PI507379
PI507380	PI507380
PI507381	PI507381
PI507382	PI507382
PI507383	PI507383
PI507384	PI507384
PI507385	PI507385
PI507386	PI507386
PI507387	PI507387
PI507388	PI507388
PI507389	PI507389
PI507390	PI507390
PI507391	PI507391
PI507392	PI507392
PI507393	PI507393
PI507394	PI507394
PI507395	PI507395
PI507396	PI507396
PI507397	PI507397
PI507398	PI507398
PI507399	PI507399
PI507400	PI507400
PI507401	PI507401
PI507402	PI507402
PI507403	PI507403
PI507404	PI507404
PI507405	PI507405
PI507406A	PI507406A
PI507406B	PI507406B
PI507407	PI507407
PI507408	PI507408
PI507409	PI507409
PI507410	PI507410
PI507411	PI507411
PI507412	PI507412
PI507413	PI507413
PI507414	PI507414
PI507415	PI507415
PI507416	PI507416
PI507417	PI507417
PI507418	PI507418
PI507419	PI507419
PI507420	PI507420
PI507421	PI507421
PI507422	PI507422
PI507423	PI507423
PI507424	PI507424
PI507425	PI507425
PI507426	PI507426
PI507427	PI507427
PI507428	PI507428
PI507429	PI507429
PI507430	PI507430
PI507431	PI507431
PI507432	PI507432
PI507433	PI507433
PI507434	PI507434
PI507435	PI507435
PI507436	PI507436
PI507437	PI507437
PI507438	PI507438
PI507439	PI507439
PI507440	PI507440
PI507441A	PI507441A
PI507441B	PI507441B
PI507442A	PI507442A
PI507442B	PI507442B
PI507443	PI507443
PI507444	PI507444
PI507445	PI507445
PI507446	PI507446
PI507447	PI507447
PI507448	PI507448
PI507449	PI507449
PI507450	PI507450
PI507451	PI507451
PI507452	PI507452
PI507453	PI507453
PI507454	PI507454
PI507455	PI507455
PI507456	PI507456
PI507457	PI507457
PI507458	PI507458
PI507459	PI507459
PI507460	PI507460
PI507461	PI507461
PI507462	PI507462
PI507463	PI507463
PI507464	PI507464
PI507465	PI507465
PI507466	PI507466
PI507467	PI507467
PI507468	PI507468
PI507469	PI507469
PI507470	PI507470
PI507471	PI507471
PI507472	PI507472
PI507473	PI507473
PI507474	PI507474
PI507475	PI507475
PI507476	PI507476
PI507477	PI507477
PI507478	PI507478
PI507479	PI507479
PI507480	PI507480
PI507481	PI507481
PI507482	PI507482
PI507483	PI507483
PI507484	PI507484
PI507485	PI507485
PI507486	PI507486
PI507487	PI507487
PI507488	PI507488
PI507489	PI507489
PI507490	PI507490
PI507491	PI507491
PI507492	PI507492
PI507493	PI507493
PI507494	PI507494
PI507495	PI507495
PI507496	PI507496
PI507497	PI507497
PI507498	PI507498
PI507499	PI507499
PI507500	PI507500
PI507501	PI507501
PI507502	PI507502
PI507503	PI507503
PI507504	PI507504
PI507505	PI507505
PI507506	PI507506
PI507507	PI507507
PI507508	PI507508
PI507509A	PI507509A
PI507509B	PI507509B
PI507510	PI507510
PI507511	PI507511
PI507512	PI507512
PI507513	PI507513
PI507514	PI507514
PI507515	PI507515
PI507516	PI507516
PI507517	PI507517
PI507518	PI507518
PI507519	PI507519
PI507520	PI507520
PI507521	PI507521
PI507522	PI507522
PI507523	PI507523
PI507524	PI507524
PI507525A	PI507525A
PI507525B	PI507525B
PI507526	PI507526
PI507527	PI507527
PI507528	PI507528
PI507530	PI507530
PI507531	PI507531
PI507532	PI507532
PI507533	PI507533
PI507534	PI507534
PI507535	PI507535
PI507536	PI507536
PI507537	PI507537
PI507538	PI507538
PI507539	PI507539
PI507540	PI507540
PI507541	PI507541
PI507542	PI507542
PI507543	PI507543
PI507544	PI507544
PI507545	PI507545
PI507546	PI507546
PI507547	PI507547
PI507548	PI507548
PI507549	PI507549
PI507550	PI507550
PI507551	PI507551
PI507552	PI507552
PI507553	PI507553
PI507554	PI507554
PI507555	PI507555
PI507556	PI507556
PI507557	PI507557
PI507558	PI507558
PI507559	PI507559
PI507560	PI507560
PI507561	PI507561
PI507562	PI507562
PI507563	PI507563
PI507564	PI507564
PI507565	PI507565
PI507566	PI507566
PI507567	PI507567
PI507568	PI507568
PI507569	PI507569
PI507570	PI507570
PI507571	PI507571
PI507572	PI507572
PI507573	PI507573
PI507574	PI507574
PI507575	PI507575
PI507576	PI507576
PI507577	PI507577
PI507578	PI507578
PI507579	PI507579
PI507580	PI507580
PI507670	PI507670
PI507671	PI507671
PI507672	PI507672
PI507673	PI507673
PI507674	PI507674
PI507675	PI507675
PI507676	PI507676
PI507677	PI507677
PI507678	PI507678
PI507679A	PI507679A
PI507679B	PI507679B
PI507680	PI507680
PI507681A	PI507681A
PI507681B	PI507681B
PI507682	PI507682
PI507683	PI507683
PI507684	PI507684
PI507685A	PI507685A
PI507685B	PI507685B
PI507686A	PI507686A
PI507686B	PI507686B
PI507686C	PI507686C
PI507687A	PI507687A
PI507687B	PI507687B
PI507688	PI507688
PI507689	PI507689
PI507690	PI507690
PI507691	PI507691
PI507692A	PI507692A
PI507692B	PI507692B
PI507693	PI507693
PI507694	PI507694
PI507695	PI507695
PI507696A	PI507696A
PI507696B	PI507696B
PI507696C	PI507696C
PI507697	PI507697
PI507698	PI507698
PI507699	PI507699
PI507700	PI507700
PI507701	PI507701
PI507702	PI507702
PI507703	PI507703
PI507704A	PI507704A
PI507704B	PI507704B
PI507705	PI507705
PI507706	PI507706
PI507707	PI507707
PI507708	PI507708
PI507709	PI507709
PI507710	PI507710
PI507711A	PI507711A
PI507711B	PI507711B
PI507712	PI507712
PI507713	PI507713
PI507714	PI507714
PI507715A	PI507715A
PI507715B	PI507715B
PI507716	PI507716
PI507717	PI507717
PI507718A	PI507718A
PI507718B	PI507718B
PI507847	PI507847
PI508083	PI508083
PI508084	PI508084
PI508266	PI508266
PI508267	PI508267
PI508268	PI508268
PI508269	PI508269
PI508293	PI508293
PI508294	PI508294
PI508295	PI508295
PI508296A	PI508296A
PI508296B	PI508296B
PI508296C	PI508296C
PI508296D	PI508296D
PI508296E	PI508296E
PI508296F	PI508296F
PI508296G	PI508296G
PI508296H	PI508296H
PI508297	PI508297
PI508298	PI508298
PI509044	PI509044
PI509075	PI509075
PI509076	PI509076
PI509077	PI509077
PI509078	PI509078
PI509079	PI509079
PI509080	PI509080
PI509081	PI509081
PI509082	PI509082
PI509083	PI509083
PI509084	PI509084
PI509085	PI509085
PI509086	PI509086
PI509087	PI509087
PI509088	PI509088
PI509089	PI509089
PI509090	PI509090
PI509091A	PI509091A
PI509091B	PI509091B
PI509092	PI509092
PI509093	PI509093
PI509094	PI509094
PI509095	PI509095
PI509096	PI509096
PI509097	PI509097
PI509098	PI509098
PI509099	PI509099
PI509100	PI509100
PI509101	PI509101
PI509102	PI509102
PI509103	PI509103
PI509104	PI509104
PI509105	PI509105
PI509106	PI509106
PI509107	PI509107
PI509108	PI509108
PI509109	PI509109
PI509110A	PI509110A
PI509110B	PI509110B
PI509111	PI509111
PI509112	PI509112
PI509113	PI509113
PI509547	PI509547
PI510670	PI510670
PI510675	PI510675
PI511356	PI511356
PI511357	PI511357
PI511361	PI511361
PI511813	PI511813
PI511866	PI511866
PI511867	PI511867
PI511868	PI511868
PI511869	PI511869
PI512039	PI512039
PI512322A	PI512322A
PI512322B	PI512322B
PI512322C	PI512322C
PI512322D	PI512322D
PI512323	PI512323
PI512324	PI512324
PI513382	PI513382
PI514671	PI514671
PI514672	PI514672
PI515960	PI515960
PI515961	PI515961
PI518281	PI518281
PI518282	PI518282
PI518283	PI518283
PI518284	PI518284
PI518285	PI518285
PI518286	PI518286
PI518287	PI518287
PI518288	PI518288
PI518290	PI518290
PI518291A	PI518291A
PI518291B	PI518291B
PI518291C	PI518291C
PI518295	PI518295
PI518296	PI518296
PI518297	PI518297
PI518663	PI518663
PI518664	PI518664
PI518665	PI518665
PI518667	PI518667
PI518668	PI518668
PI518669	PI518669
PI518670	PI518670
PI518671	PI518671
PI518672	PI518672
PI518673	PI518673
PI518674	PI518674
PI518675	PI518675
PI518676	PI518676
PI518677	PI518677
PI518702	PI518702
PI518703	PI518703
PI518704	PI518704
PI518705	PI518705
PI518706A	PI518706A
PI518706B	PI518706B
PI518706C	PI518706C
PI518707	PI518707
PI518708	PI518708
PI518709	PI518709
PI518710	PI518710
PI518711	PI518711
PI518712	PI518712
PI518715	PI518715
PI518716	PI518716
PI518718A	PI518718A
PI518718B	PI518718B
PI518719	PI518719
PI518720	PI518720
PI518721	PI518721
PI518722	PI518722
PI518723	PI518723
PI518726	PI518726
PI518727	PI518727
PI518728	PI518728
PI518729	PI518729
PI518750	PI518750
PI518751	PI518751
PI518752	PI518752
PI518753	PI518753
PI518754	PI518754
PI518756	PI518756
PI518757	PI518757
PI518758	PI518758
PI518759	PI518759
PI518771	PI518771
PI518772	PI518772
PI518825	PI518825
PI518829	PI518829
PI518830	PI518830
PI518831	PI518831
PI518833	PI518833
PI520732	PI520732
PI522186	PI522186
PI522187	PI522187
PI522188A	PI522188A
PI522188B	PI522188B
PI522189	PI522189
PI522190	PI522190
PI522191	PI522191
PI522192A	PI522192A
PI522192B	PI522192B
PI522206	PI522206
PI522236	PI522236
PI524993	PI524993
PI524994	PI524994
PI525453	PI525453
PI525454	PI525454
PI525492	PI525492
PI527704	PI527704
PI531068	PI531068
PI531519	PI531519
PI531520	PI531520
PI532434	PI532434
PI532436A	PI532436A
PI532436B	PI532436B
PI532437	PI532437
PI532438	PI532438
PI532439	PI532439
PI532441A	PI532441A
PI532441B	PI532441B
PI532442	PI532442
PI532443	PI532443
PI532444A	PI532444A
PI532444B	PI532444B
PI532445	PI532445
PI532446	PI532446
PI532447	PI532447
PI532448	PI532448
PI532454	PI532454
PI532455A	PI532455A
PI532455B	PI532455B
PI532456	PI532456
PI532457	PI532457
PI532458	PI532458
PI532459	PI532459
PI532460A	PI532460A
PI532460B	PI532460B
PI532461	PI532461
PI532462A	PI532462A
PI532462B	PI532462B
PI532463A	PI532463A
PI532463B	PI532463B
PI532464	PI532464
PI532465	PI532465
PI532466A	PI532466A
PI532466B	PI532466B
PI532467	PI532467
PI532468	PI532468
PI532469	PI532469
PI532471	PI532471
PI532472	PI532472
PI532473	PI532473
PI532833	PI532833
PI532834	PI532834
PI533601	PI533601
PI533602	PI533602
PI533604	PI533604
PI533605	PI533605
PI533654	PI533654
PI533655	PI533655
PI533656	PI533656
PI533657	PI533657
PI534645	PI534645
PI534646	PI534646
PI534647	PI534647
PI534648	PI534648
PI535807	PI535807
PI536009	PI536009
PI536521	PI536521
PI536547A	PI536547A
PI536547B	PI536547B
PI536547C	PI536547C
PI536635	PI536635
PI536636	PI536636
PI536637	PI536637
PI537094	PI537094
PI537095	PI537095
PI537096	PI537096
PI538375	PI538375
PI538376	PI538376
PI538377	PI538377
PI538378	PI538378
PI538380	PI538380
PI538381	PI538381
PI538382	PI538382
PI538383	PI538383
PI538385A	PI538385A
PI538385B	PI538385B
PI538386A	PI538386A
PI538386B	PI538386B
PI538387	PI538387
PI538388	PI538388
PI538389	PI538389
PI538390	PI538390
PI538391	PI538391
PI538392	PI538392
PI538393	PI538393
PI538394	PI538394
PI538395	PI538395
PI538397	PI538397
PI538398	PI538398
PI538400	PI538400
PI538401A	PI538401A
PI538401B	PI538401B
PI538402A	PI538402A
PI538402B	PI538402B
PI538403	PI538403
PI538404	PI538404
PI538405	PI538405
PI538406	PI538406
PI538407	PI538407
PI538408	PI538408
PI538409	PI538409
PI538410A	PI538410A
PI538410B	PI538410B
PI539860	PI539860
PI539861	PI539861
PI539862	PI539862
PI539863	PI539863
PI539864	PI539864
PI539865	PI539865
PI539866	PI539866
PI539867	PI539867
PI539936	PI539936
PI540452	PI540452
PI540551	PI540551
PI540552	PI540552
PI540553	PI540553
PI540554	PI540554
PI540555	PI540555
PI540556	PI540556
PI540739	PI540739
PI540740	PI540740
PI542042	PI542042
PI542043	PI542043
PI542044	PI542044
PI542045	PI542045
PI542046	PI542046
PI542402	PI542402
PI542403	PI542403
PI542404	PI542404
PI542709	PI542709
PI542710	PI542710
PI542711	PI542711
PI542712	PI542712
PI542768	PI542768
PI542769	PI542769
PI542972	PI542972
PI543793	PI543793
PI543794	PI543794
PI543795	PI543795
PI543832	PI543832
PI543855	PI543855
PI543856	PI543856
PI543857	PI543857
PI544354	PI544354
PI546038	PI546038
PI546039	PI546039
PI546040	PI546040
PI546041	PI546041
PI546042	PI546042
PI546043	PI546043
PI546044	PI546044
PI546045	PI546045
PI546046	PI546046
PI546047	PI546047
PI546048	PI546048
PI546049	PI546049
PI546050	PI546050
PI546051	PI546051
PI546052	PI546052
PI546053	PI546053
PI546373	PI546373
PI546374	PI546374
PI546375	PI546375
PI546487	PI546487
PI547094	PI547094
PI547402	PI547402
PI547403	PI547403
PI547404	PI547404
PI547405	PI547405
PI547406	PI547406
PI547407	PI547407
PI547408	PI547408
PI547409	PI547409
PI547410	PI547410
PI547411	PI547411
PI547412	PI547412
PI547413	PI547413
PI547414	PI547414
PI547415	PI547415
PI547416	PI547416
PI547417	PI547417
PI547418	PI547418
PI547419	PI547419
PI547420	PI547420
PI547421	PI547421
PI547422	PI547422
PI547423	PI547423
PI547424	PI547424
PI547425	PI547425
PI547426	PI547426
PI547427	PI547427
PI547428	PI547428
PI547429	PI547429
PI547430	PI547430
PI547431	PI547431
PI547432	PI547432
PI547433	PI547433
PI547434	PI547434
PI547435	PI547435
PI547436	PI547436
PI547437	PI547437
PI547438	PI547438
PI547439	PI547439
PI547440	PI547440
PI547441	PI547441
PI547442	PI547442
PI547443	PI547443
PI547444	PI547444
PI547445	PI547445
PI547446	PI547446
PI547447	PI547447
PI547448	PI547448
PI547449	PI547449
PI547450	PI547450
PI547451	PI547451
PI547452	PI547452
PI547453	PI547453
PI547454	PI547454
PI547455	PI547455
PI547456	PI547456
PI547457	PI547457
PI547458	PI547458
PI547459	PI547459
PI547460	PI547460
PI547461	PI547461
PI547462	PI547462
PI547463	PI547463
PI547464	PI547464
PI547465	PI547465
PI547466	PI547466
PI547467	PI547467
PI547468	PI547468
PI547469	PI547469
PI547470	PI547470
PI547471	PI547471
PI547472	PI547472
PI547473	PI547473
PI547474	PI547474
PI547475	PI547475
PI547476	PI547476
PI547477	PI547477
PI547478	PI547478
PI547479	PI547479
PI547480	PI547480
PI547481	PI547481
PI547482	PI547482
PI547483	PI547483
PI547484	PI547484
PI547485	PI547485
PI547486	PI547486
PI547487	PI547487
PI547488	PI547488
PI547489	PI547489
PI547490	PI547490
PI547491	PI547491
PI547492	PI547492
PI547493	PI547493
PI547494	PI547494
PI547495	PI547495
PI547496	PI547496
PI547497	PI547497
PI547498	PI547498
PI547499	PI547499
PI547500	PI547500
PI547501	PI547501
PI547502	PI547502
PI547503	PI547503
PI547504	PI547504
PI547505	PI547505
PI547506	PI547506
PI547507	PI547507
PI547508	PI547508
PI547509	PI547509
PI547510	PI547510
PI547511	PI547511
PI547512	PI547512
PI547513	PI547513
PI547514	PI547514
PI547515	PI547515
PI547516	PI547516
PI547517	PI547517
PI547518	PI547518
PI547519	PI547519
PI547520	PI547520
PI547521	PI547521
PI547522	PI547522
PI547523	PI547523
PI547524	PI547524
PI547525	PI547525
PI547526	PI547526
PI547527	PI547527
PI547528	PI547528
PI547529	PI547529
PI547530	PI547530
PI547531	PI547531
PI547532	PI547532
PI547533	PI547533
PI547534	PI547534
PI547535	PI547535
PI547536	PI547536
PI547537	PI547537
PI547538	PI547538
PI547539	PI547539
PI547540	PI547540
PI547541	PI547541
PI547542	PI547542
PI547543	PI547543
PI547544	PI547544
PI547545	PI547545
PI547546	PI547546
PI547547	PI547547
PI547548	PI547548
PI547549	PI547549
PI547550	PI547550
PI547551	PI547551
PI547552	PI547552
PI547553	PI547553
PI547554	PI547554
PI547555	PI547555
PI547556	PI547556
PI547557	PI547557
PI547558	PI547558
PI547559	PI547559
PI547560	PI547560
PI547561	PI547561
PI547562	PI547562
PI547563	PI547563
PI547564	PI547564
PI547565	PI547565
PI547566	PI547566
PI547567	PI547567
PI547568	PI547568
PI547569	PI547569
PI547570	PI547570
PI547571	PI547571
PI547572	PI547572
PI547573	PI547573
PI547574	PI547574
PI547575	PI547575
PI547576	PI547576
PI547577	PI547577
PI547578	PI547578
PI547579	PI547579
PI547580	PI547580
PI547581	PI547581
PI547582	PI547582
PI547583	PI547583
PI547584	PI547584
PI547585	PI547585
PI547586	PI547586
PI547587	PI547587
PI547588	PI547588
PI547589	PI547589
PI547590	PI547590
PI547591	PI547591
PI547592	PI547592
PI547593	PI547593
PI547594	PI547594
PI547595	PI547595
PI547596	PI547596
PI547597	PI547597
PI547598	PI547598
PI547599	PI547599
PI547600	PI547600
PI547601	PI547601
PI547602	PI547602
PI547603	PI547603
PI547604	PI547604
PI547605	PI547605
PI547606	PI547606
PI547607	PI547607
PI547608	PI547608
PI547609	PI547609
PI547610	PI547610
PI547611	PI547611
PI547612	PI547612
PI547613	PI547613
PI547614	PI547614
PI547615	PI547615
PI547616	PI547616
PI547617	PI547617
PI547618	PI547618
PI547619	PI547619
PI547620	PI547620
PI547621	PI547621
PI547622	PI547622
PI547623	PI547623
PI547624	PI547624
PI547625	PI547625
PI547626	PI547626
PI547627	PI547627
PI547628	PI547628
PI547629	PI547629
PI547630	PI547630
PI547631	PI547631
PI547632	PI547632
PI547633	PI547633
PI547634	PI547634
PI547635	PI547635
PI547636	PI547636
PI547637	PI547637
PI547638	PI547638
PI547639	PI547639
PI547640	PI547640
PI547641	PI547641
PI547642	PI547642
PI547643	PI547643
PI547644	PI547644
PI547645	PI547645
PI547646	PI547646
PI547647	PI547647
PI547648	PI547648
PI547649	PI547649
PI547650	PI547650
PI547651	PI547651
PI547652	PI547652
PI547653	PI547653
PI547654	PI547654
PI547655	PI547655
PI547656	PI547656
PI547657	PI547657
PI547658	PI547658
PI547659	PI547659
PI547660	PI547660
PI547661	PI547661
PI547662	PI547662
PI547663	PI547663
PI547664	PI547664
PI547665	PI547665
PI547666	PI547666
PI547668	PI547668
PI547669	PI547669
PI547670	PI547670
PI547671	PI547671
PI547672	PI547672
PI547673	PI547673
PI547674	PI547674
PI547675	PI547675
PI547676	PI547676
PI547677	PI547677
PI547678	PI547678
PI547679	PI547679
PI547680	PI547680
PI547681	PI547681
PI547682	PI547682
PI547683	PI547683
PI547684	PI547684
PI547685	PI547685
PI547686	PI547686
PI547687	PI547687
PI547688	PI547688
PI547689	PI547689
PI547690	PI547690
PI547691	PI547691
PI547692	PI547692
PI547693	PI547693
PI547694	PI547694
PI547695	PI547695
PI547696	PI547696
PI547697	PI547697
PI547698	PI547698
PI547699	PI547699
PI547700	PI547700
PI547701	PI547701
PI547702	PI547702
PI547703	PI547703
PI547704	PI547704
PI547705	PI547705
PI547706	PI547706
PI547707	PI547707
PI547708	PI547708
PI547709	PI547709
PI547710	PI547710
PI547711	PI547711
PI547712	PI547712
PI547713	PI547713
PI547714	PI547714
PI547715	PI547715
PI547716	PI547716
PI547717	PI547717
PI547718	PI547718
PI547719	PI547719
PI547720	PI547720
PI547721	PI547721
PI547722	PI547722
PI547723	PI547723
PI547724	PI547724
PI547725	PI547725
PI547726	PI547726
PI547727	PI547727
PI547728	PI547728
PI547729	PI547729
PI547730	PI547730
PI547731	PI547731
PI547732	PI547732
PI547733	PI547733
PI547734	PI547734
PI547735	PI547735
PI547736	PI547736
PI547737	PI547737
PI547738	PI547738
PI547739	PI547739
PI547740	PI547740
PI547741	PI547741
PI547742	PI547742
PI547743	PI547743
PI547744	PI547744
PI547745	PI547745
PI547746	PI547746
PI547747	PI547747
PI547748	PI547748
PI547749	PI547749
PI547750	PI547750
PI547751	PI547751
PI547752	PI547752
PI547753	PI547753
PI547754	PI547754
PI547755	PI547755
PI547756	PI547756
PI547757	PI547757
PI547758	PI547758
PI547759	PI547759
PI547760	PI547760
PI547761	PI547761
PI547762	PI547762
PI547763	PI547763
PI547764	PI547764
PI547765	PI547765
PI547766	PI547766
PI547767	PI547767
PI547768	PI547768
PI547769	PI547769
PI547770	PI547770
PI547771	PI547771
PI547772	PI547772
PI547773	PI547773
PI547774	PI547774
PI547775	PI547775
PI547776	PI547776
PI547777	PI547777
PI547778	PI547778
PI547779	PI547779
PI547780	PI547780
PI547781	PI547781
PI547782	PI547782
PI547783	PI547783
PI547784	PI547784
PI547785	PI547785
PI547786	PI547786
PI547787	PI547787
PI547788	PI547788
PI547789	PI547789
PI547791	PI547791
PI547792	PI547792
PI547793	PI547793
PI547794	PI547794
PI547795	PI547795
PI547796	PI547796
PI547797	PI547797
PI547798	PI547798
PI547799	PI547799
PI547800	PI547800
PI547801	PI547801
PI547802	PI547802
PI547803	PI547803
PI547804	PI547804
PI547805	PI547805
PI547806	PI547806
PI547807	PI547807
PI547808	PI547808
PI547809	PI547809
PI547810	PI547810
PI547811	PI547811
PI547812	PI547812
PI547813	PI547813
PI547814	PI547814
PI547815	PI547815
PI547816	PI547816
PI547817	PI547817
PI547818	PI547818
PI547819	PI547819
PI547820	PI547820
PI547821	PI547821
PI547822	PI547822
PI547823	PI547823
PI547824	PI547824
PI547825	PI547825
PI547826	PI547826
PI547827	PI547827
PI547828	PI547828
PI547829	PI547829
PI547830	PI547830
PI547831	PI547831
PI547832	PI547832
PI547833	PI547833
PI547834	PI547834
PI547835	PI547835
PI547836	PI547836
PI547837	PI547837
PI547838	PI547838
PI547839	PI547839
PI547840	PI547840
PI547841	PI547841
PI547842	PI547842
PI547843	PI547843
PI547844	PI547844
PI547845	PI547845
PI547846	PI547846
PI547847	PI547847
PI547848	PI547848
PI547849	PI547849
PI547850	PI547850
PI547851	PI547851
PI547852	PI547852
PI547853	PI547853
PI547854	PI547854
PI547855	PI547855
PI547856	PI547856
PI547857	PI547857
PI547858	PI547858
PI547859	PI547859
PI547860	PI547860
PI547861	PI547861
PI547862	PI547862
PI547863	PI547863
PI547864	PI547864
PI547865	PI547865
PI547866	PI547866
PI547867	PI547867
PI547868	PI547868
PI547869	PI547869
PI547870	PI547870
PI547871	PI547871
PI547872	PI547872
PI547873	PI547873
PI547874	PI547874
PI547875	PI547875
PI547876	PI547876
PI547877	PI547877
PI547878	PI547878
PI547879	PI547879
PI547880	PI547880
PI547881	PI547881
PI547882	PI547882
PI547883	PI547883
PI547884	PI547884
PI547885	PI547885
PI547886	PI547886
PI547887	PI547887
PI547888	PI547888
PI547889	PI547889
PI547890	PI547890
PI547891	PI547891
PI547892	PI547892
PI547893	PI547893
PI547894	PI547894
PI547895	PI547895
PI548158	PI548158
PI548159	PI548159
PI548160	PI548160
PI548161	PI548161
PI548162	PI548162
PI548163	PI548163
PI548164	PI548164
PI548165	PI548165
PI548166	PI548166
PI548167	PI548167
PI548168	PI548168
PI548169	PI548169
PI548170	PI548170
PI548171	PI548171
PI548172	PI548172
PI548173	PI548173
PI548174	PI548174
PI548175	PI548175
PI548176	PI548176
PI548177	PI548177
PI548178	PI548178
PI548179	PI548179
PI548180	PI548180
PI548181	PI548181
PI548182	PI548182
PI548183	PI548183
PI548184	PI548184
PI548185	PI548185
PI548186	PI548186
PI548187	PI548187
PI548188	PI548188
PI548189	PI548189
PI548190	PI548190
PI548191	PI548191
PI548192	PI548192
PI548193	PI548193
PI548194	PI548194
PI548195	PI548195
PI548196	PI548196
PI548197	PI548197
PI548198	PI548198
PI548199	PI548199
PI548200	PI548200
PI548201	PI548201
PI548202	PI548202
PI548203	PI548203
PI548204	PI548204
PI548205	PI548205
PI548206	PI548206
PI548207	PI548207
PI548208	PI548208
PI548209	PI548209
PI548210	PI548210
PI548211	PI548211
PI548212	PI548212
PI548213	PI548213
PI548214	PI548214
PI548215	PI548215
PI548216	PI548216
PI548217	PI548217
PI548218	PI548218
PI548219	PI548219
PI548220	PI548220
PI548221	PI548221
PI548222	PI548222
PI548223	PI548223
PI548224	PI548224
PI548225	PI548225
PI548226	PI548226
PI548227	PI548227
PI548228	PI548228
PI548229	PI548229
PI548230	PI548230
PI548231	PI548231
PI548232	PI548232
PI548233	PI548233
PI548234	PI548234
PI548235	PI548235
PI548236	PI548236
PI548237	PI548237
PI548238	PI548238
PI548239	PI548239
PI548240	PI548240
PI548241	PI548241
PI548242	PI548242
PI548243	PI548243
PI548244	PI548244
PI548245	PI548245
PI548246	PI548246
PI548247	PI548247
PI548248	PI548248
PI548249	PI548249
PI548250	PI548250
PI548251	PI548251
PI548252	PI548252
PI548253	PI548253
PI548254	PI548254
PI548255	PI548255
PI548256	PI548256
PI548257	PI548257
PI548258	PI548258
PI548259	PI548259
PI548260	PI548260
PI548261	PI548261
PI548262	PI548262
PI548263	PI548263
PI548264	PI548264
PI548265	PI548265
PI548266	PI548266
PI548267	PI548267
PI548268	PI548268
PI548270	PI548270
PI548271	PI548271
PI548272	PI548272
PI548275	PI548275
PI548276	PI548276
PI548277	PI548277
PI548279	PI548279
PI548280	PI548280
PI548281	PI548281
PI548282	PI548282
PI548283	PI548283
PI548284	PI548284
PI548285	PI548285
PI548286	PI548286
PI548287	PI548287
PI548288	PI548288
PI548289	PI548289
PI548290	PI548290
PI548291	PI548291
PI548292	PI548292
PI548293	PI548293
PI548294	PI548294
PI548295	PI548295
PI548296	PI548296
PI548297	PI548297
PI548298	PI548298
PI548299	PI548299
PI548300	PI548300
PI548301	PI548301
PI548302	PI548302
PI548303	PI548303
PI548304	PI548304
PI548305	PI548305
PI548306	PI548306
PI548307	PI548307
PI548308	PI548308
PI548309	PI548309
PI548310	PI548310
PI548311	PI548311
PI548312	PI548312
PI548313	PI548313
PI548314	PI548314
PI548315	PI548315
PI548316	PI548316
PI548317	PI548317
PI548318	PI548318
PI548319	PI548319
PI548320	PI548320
PI548321	PI548321
PI548322	PI548322
PI548323	PI548323
PI548324	PI548324
PI548325	PI548325
PI548326	PI548326
PI548327	PI548327
PI548328	PI548328
PI548329	PI548329
PI548330	PI548330
PI548331	PI548331
PI548332	PI548332
PI548333	PI548333
PI548334	PI548334
PI548335	PI548335
PI548336	PI548336
PI548337	PI548337
PI548338	PI548338
PI548339	PI548339
PI548340	PI548340
PI548341	PI548341
PI548342	PI548342
PI548343	PI548343
PI548344	PI548344
PI548345	PI548345
PI548346	PI548346
PI548347	PI548347
PI548348	PI548348
PI548349	PI548349
PI548350	PI548350
PI548351	PI548351
PI548352	PI548352
PI548353	PI548353
PI548354	PI548354
PI548355	PI548355
PI548356	PI548356
PI548357	PI548357
PI548358	PI548358
PI548359	PI548359
PI548360	PI548360
PI548361	PI548361
PI548362	PI548362
PI548363	PI548363
PI548364	PI548364
PI548365	PI548365
PI548366	PI548366
PI548367	PI548367
PI548368	PI548368
PI548369	PI548369
PI548370	PI548370
PI548371	PI548371
PI548372	PI548372
PI548373	PI548373
PI548374	PI548374
PI548375	PI548375
PI548376	PI548376
PI548377	PI548377
PI548378	PI548378
PI548379	PI548379
PI548380	PI548380
PI548381	PI548381
PI548382	PI548382
PI548383	PI548383
PI548384	PI548384
PI548385	PI548385
PI548386	PI548386
PI548387	PI548387
PI548388	PI548388
PI548389	PI548389
PI548390	PI548390
PI548391	PI548391
PI548392	PI548392
PI548393	PI548393
PI548394	PI548394
PI548395	PI548395
PI548396	PI548396
PI548397	PI548397
PI548398	PI548398
PI548399	PI548399
PI548400	PI548400
PI548401	PI548401
PI548402	PI548402
PI548402S	PI548402S
PI548403	PI548403
PI548404	PI548404
PI548405	PI548405
PI548406	PI548406
PI548407	PI548407
PI548408	PI548408
PI548409	PI548409
PI548410	PI548410
PI548411	PI548411
PI548412	PI548412
PI548413	PI548413
PI548414	PI548414
PI548415	PI548415
PI548416	PI548416
PI548417	PI548417
PI548418	PI548418
PI548419	PI548419
PI548420	PI548420
PI548421	PI548421
PI548422	PI548422
PI548422S	PI548422S
PI548423	PI548423
PI548424	PI548424
PI548425	PI548425
PI548426	PI548426
PI548427	PI548427
PI548428	PI548428
PI548429	PI548429
PI548430	PI548430
PI548431	PI548431
PI548432	PI548432
PI548433	PI548433
PI548434	PI548434
PI548435	PI548435
PI548436	PI548436
PI548437	PI548437
PI548438	PI548438
PI548439	PI548439
PI548440	PI548440
PI548441	PI548441
PI548442	PI548442
PI548443	PI548443
PI548444	PI548444
PI548445	PI548445
PI548446	PI548446
PI548447	PI548447
PI548448	PI548448
PI548449	PI548449
PI548450	PI548450
PI548451	PI548451
PI548452	PI548452
PI548453	PI548453
PI548454	PI548454
PI548455	PI548455
PI548456	PI548456
PI548457	PI548457
PI548458	PI548458
PI548459	PI548459
PI548460	PI548460
PI548461	PI548461
PI548462	PI548462
PI548463	PI548463
PI548464	PI548464
PI548465	PI548465
PI548466	PI548466
PI548467	PI548467
PI548468	PI548468
PI548469	PI548469
PI548470	PI548470
PI548471	PI548471
PI548472	PI548472
PI548473	PI548473
PI548474	PI548474
PI548475	PI548475
PI548476	PI548476
PI548477	PI548477
PI548478	PI548478
PI548479	PI548479
PI548480	PI548480
PI548481	PI548481
PI548482	PI548482
PI548483	PI548483
PI548484	PI548484
PI548485	PI548485
PI548486	PI548486
PI548487	PI548487
PI548488	PI548488
PI548489	PI548489
PI548490	PI548490
PI548491	PI548491
PI548492	PI548492
PI548493	PI548493
PI548494	PI548494
PI548495	PI548495
PI548496	PI548496
PI548497	PI548497
PI548498	PI548498
PI548499	PI548499
PI548500	PI548500
PI548501	PI548501
PI548502	PI548502
PI548503	PI548503
PI548504	PI548504
PI548505	PI548505
PI548506	PI548506
PI548507	PI548507
PI548508	PI548508
PI548509	PI548509
PI548510	PI548510
PI548511	PI548511
PI548512	PI548512
PI548513	PI548513
PI548514	PI548514
PI548515	PI548515
PI548516	PI548516
PI548517	PI548517
PI548518	PI548518
PI548519	PI548519
PI548520	PI548520
PI548521	PI548521
PI548522	PI548522
PI548523	PI548523
PI548524	PI548524
PI548525	PI548525
PI548526	PI548526
PI548527	PI548527
PI548528	PI548528
PI548529	PI548529
PI548530	PI548530
PI548531	PI548531
PI548532	PI548532
PI548533	PI548533
PI548534	PI548534
PI548535	PI548535
PI548536	PI548536
PI548537	PI548537
PI548538	PI548538
PI548539	PI548539
PI548540	PI548540
PI548541	PI548541
PI548542	PI548542
PI548543	PI548543
PI548544	PI548544
PI548545	PI548545
PI548546	PI548546
PI548547	PI548547
PI548548	PI548548
PI548549	PI548549
PI548550	PI548550
PI548551	PI548551
PI548552	PI548552
PI548553	PI548553
PI548554	PI548554
PI548555	PI548555
PI548556	PI548556
PI548557	PI548557
PI548558	PI548558
PI548559	PI548559
PI548560	PI548560
PI548561	PI548561
PI548562	PI548562
PI548563	PI548563
PI548564	PI548564
PI548565	PI548565
PI548566	PI548566
PI548567	PI548567
PI548568	PI548568
PI548569	PI548569
PI548570	PI548570
PI548571	PI548571
PI548572	PI548572
PI548573	PI548573
PI548574	PI548574
PI548575	PI548575
PI548576	PI548576
PI548577	PI548577
PI548578	PI548578
PI548579	PI548579
PI548580	PI548580
PI548581	PI548581
PI548582	PI548582
PI548583	PI548583
PI548584	PI548584
PI548585	PI548585
PI548586	PI548586
PI548587	PI548587
PI548588	PI548588
PI548589	PI548589
PI548590	PI548590
PI548591	PI548591
PI548592	PI548592
PI548593	PI548593
PI548594	PI548594
PI548595	PI548595
PI548596	PI548596
PI548597	PI548597
PI548598	PI548598
PI548599	PI548599
PI548600	PI548600
PI548601	PI548601
PI548602	PI548602
PI548603	PI548603
PI548604	PI548604
PI548605	PI548605
PI548606	PI548606
PI548607	PI548607
PI548608	PI548608
PI548609	PI548609
PI548610	PI548610
PI548611	PI548611
PI548612	PI548612
PI548613	PI548613
PI548614	PI548614
PI548615	PI548615
PI548616	PI548616
PI548617	PI548617
PI548618	PI548618
PI548619	PI548619
PI548620	PI548620
PI548621	PI548621
PI548622	PI548622
PI548623	PI548623
PI548624	PI548624
PI548625	PI548625
PI548626	PI548626
PI548627	PI548627
PI548628	PI548628
PI548629	PI548629
PI548630	PI548630
PI548631	PI548631
PI548632	PI548632
PI548633	PI548633
PI548634	PI548634
PI548635	PI548635
PI548636	PI548636
PI548637	PI548637
PI548638	PI548638
PI548639	PI548639
PI548640	PI548640
PI548641	PI548641
PI548642	PI548642
PI548643	PI548643
PI548644	PI548644
PI548645	PI548645
PI548646	PI548646
PI548647	PI548647
PI548648	PI548648
PI548649	PI548649
PI548650	PI548650
PI548651	PI548651
PI548652	PI548652
PI548653	PI548653
PI548654	PI548654
PI548655	PI548655
PI548656	PI548656
PI548657	PI548657
PI548658	PI548658
PI548659	PI548659
PI548660	PI548660
PI548661	PI548661
PI548662	PI548662
PI548663	PI548663
PI548664	PI548664
PI548665	PI548665
PI548666	PI548666
PI548667	PI548667
PI548668	PI548668
PI548669	PI548669
PI548670	PI548670
PI548671	PI548671
PI548672	PI548672
PI548673	PI548673
PI548674	PI548674
PI548675	PI548675
PI548676	PI548676
PI548677	PI548677
PI548678	PI548678
PI548679	PI548679
PI548680	PI548680
PI548681	PI548681
PI548682	PI548682
PI548683	PI548683
PI548684	PI548684
PI548685	PI548685
PI548686	PI548686
PI548689	PI548689
PI548690	PI548690
PI548691	PI548691
PI548692	PI548692
PI548693	PI548693
PI548694	PI548694
PI548695	PI548695
PI548696	PI548696
PI548697	PI548697
PI548698	PI548698
PI548779	PI548779
PI548969	PI548969
PI548970	PI548970
PI548971	PI548971
PI548972	PI548972
PI548973	PI548973
PI548974	PI548974
PI548975	PI548975
PI548976	PI548976
PI548977	PI548977
PI548978	PI548978
PI548979	PI548979
PI548980	PI548980
PI548981	PI548981
PI548982	PI548982
PI548983	PI548983
PI548984	PI548984
PI548985	PI548985
PI548986	PI548986
PI548987	PI548987
PI548988	PI548988
PI548989	PI548989
PI548990	PI548990
PI548991	PI548991
PI549017	PI549017
PI549018	PI549018
PI549019	PI549019
PI549020	PI549020
PI549021A	PI549021A
PI549021B	PI549021B
PI549022	PI549022
PI549023A	PI549023A
PI549023B	PI549023B
PI549024	PI549024
PI549025	PI549025
PI549026	PI549026
PI549027A	PI549027A
PI549028	PI549028
PI549029	PI549029
PI549030A	PI549030A
PI549030B	PI549030B
PI549031	PI549031
PI549040	PI549040
PI549041A	PI549041A
PI549041B	PI549041B
PI549042A	PI549042A
PI549042B	PI549042B
PI549043	PI549043
PI549045A	PI549045A
PI549045B	PI549045B
PI549047	PI549047
PI549049A	PI549049A
PI549049B	PI549049B
PI549050	PI549050
PI549051A	PI549051A
PI549051B	PI549051B
PI549052	PI549052
PI549053	PI549053
PI549054	PI549054
PI549055	PI549055
PI549056	PI549056
PI549057A	PI549057A
PI549057B	PI549057B
PI549058	PI549058
PI549060	PI549060
PI549061	PI549061
PI549063	PI549063
PI549064	PI549064
PI549065	PI549065
PI549066	PI549066
PI549067	PI549067
PI549068	PI549068
PI549069	PI549069
PI549070	PI549070
PI549071	PI549071
PI549072	PI549072
PI549073	PI549073
PI549074	PI549074
PI549075	PI549075
PI549076A	PI549076A
PI549076B	PI549076B
PI549077	PI549077
PI549078	PI549078
PI549079	PI549079
PI549080	PI549080
PI550740	PI550740
PI552538	PI552538
PI553038	PI553038
PI553039	PI553039
PI553040	PI553040
PI553041	PI553041
PI553042	PI553042
PI553043	PI553043
PI553044	PI553044
PI553045	PI553045
PI553046	PI553046
PI553047	PI553047
PI553048	PI553048
PI553049	PI553049
PI553050	PI553050
PI553051	PI553051
PI553052	PI553052
PI555396	PI555396
PI555397	PI555397
PI555398	PI555398
PI555399	PI555399
PI555453	PI555453
PI556511	PI556511
PI556572	PI556572
PI556637	PI556637
PI556687	PI556687
PI556689	PI556689
PI556729	PI556729
PI556738	PI556738
PI556776	PI556776
PI556778	PI556778
PI556779	PI556779
PI556780	PI556780
PI556781	PI556781
PI556783	PI556783
PI556805	PI556805
PI556814	PI556814
PI556816	PI556816
PI556850	PI556850
PI556857	PI556857
PI556859	PI556859
PI556888	PI556888
PI556889	PI556889
PI556928	PI556928
PI556929	PI556929
PI556931	PI556931
PI556932	PI556932
PI556948	PI556948
PI556949	PI556949
PI556950	PI556950
PI556989	PI556989
PI557010	PI557010
PI557011	PI557011
PI557535	PI557535
PI557536	PI557536
PI559369	PI559369
PI559370	PI559370
PI559371	PI559371
PI559931	PI559931
PI559932	PI559932
PI559934	PI559934
PI560206	PI560206
PI560207	PI560207
PI560909	PI560909
PI560910	PI560910
PI560911	PI560911
PI561201	PI561201
PI561218	PI561218
PI561227	PI561227
PI561228	PI561228
PI561229	PI561229
PI561230	PI561230
PI561231	PI561231
PI561232	PI561232
PI561233A	PI561233A
PI561233B	PI561233B
PI561233C	PI561233C
PI561234	PI561234
PI561235	PI561235
PI561236	PI561236
PI561237	PI561237
PI561238	PI561238
PI561239	PI561239
PI561240	PI561240
PI561241	PI561241
PI561242	PI561242
PI561271	PI561271
PI561272	PI561272
PI561273	PI561273
PI561274	PI561274
PI561275	PI561275
PI561276	PI561276
PI561277	PI561277
PI561278A	PI561278A
PI561278B	PI561278B
PI561279	PI561279
PI561280	PI561280
PI561282A	PI561282A
PI561282B	PI561282B
PI561282C	PI561282C
PI561282D	PI561282D
PI561282E	PI561282E
PI561283	PI561283
PI561284	PI561284
PI561285A	PI561285A
PI561285B	PI561285B
PI561286	PI561286
PI561287A	PI561287A
PI561287B	PI561287B
PI561288	PI561288
PI561289	PI561289
PI561290	PI561290
PI561291	PI561291
PI561292A	PI561292A
PI561292B	PI561292B
PI561293	PI561293
PI561294	PI561294
PI561295	PI561295
PI561296A	PI561296A
PI561296B	PI561296B
PI561296C	PI561296C
PI561297	PI561297
PI561298	PI561298
PI561299A	PI561299A
PI561299B	PI561299B
PI561300A	PI561300A
PI561300B	PI561300B
PI561301	PI561301
PI561302A	PI561302A
PI561302B	PI561302B
PI561302C	PI561302C
PI561302D	PI561302D
PI561303	PI561303
PI561304A	PI561304A
PI561304B	PI561304B
PI561305	PI561305
PI561306	PI561306
PI561307	PI561307
PI561308	PI561308
PI561309A	PI561309A
PI561309B	PI561309B
PI561310	PI561310
PI561311A	PI561311A
PI561311B	PI561311B
PI561312	PI561312
PI561313	PI561313
PI561314A	PI561314A
PI561314B	PI561314B
PI561315	PI561315
PI561316	PI561316
PI561317	PI561317
PI561318A	PI561318A
PI561318B	PI561318B
PI561319A	PI561319A
PI561319B	PI561319B
PI561320	PI561320
PI561321	PI561321
PI561322	PI561322
PI561323	PI561323
PI561324	PI561324
PI561325	PI561325
PI561326	PI561326
PI561327A	PI561327A
PI561327B	PI561327B
PI561327C	PI561327C
PI561327D	PI561327D
PI561328	PI561328
PI561329	PI561329
PI561330A	PI561330A
PI561330B	PI561330B
PI561331	PI561331
PI561332	PI561332
PI561333	PI561333
PI561334	PI561334
PI561335	PI561335
PI561336	PI561336
PI561337	PI561337
PI561338A	PI561338A
PI561338B	PI561338B
PI561339	PI561339
PI561340	PI561340
PI561341A	PI561341A
PI561341B	PI561341B
PI561342	PI561342
PI561343	PI561343
PI561344	PI561344
PI561345	PI561345
PI561346	PI561346
PI561347	PI561347
PI561348	PI561348
PI561349	PI561349
PI561350A	PI561350A
PI561350B	PI561350B
PI561351	PI561351
PI561353	PI561353
PI561354	PI561354
PI561356	PI561356
PI561357	PI561357
PI561358A	PI561358A
PI561358B	PI561358B
PI561359	PI561359
PI561360	PI561360
PI561361	PI561361
PI561362	PI561362
PI561363	PI561363
PI561364	PI561364
PI561365	PI561365
PI561366	PI561366
PI561367	PI561367
PI561368	PI561368
PI561369	PI561369
PI561370	PI561370
PI561371	PI561371
PI561372	PI561372
PI561373	PI561373
PI561374	PI561374
PI561375	PI561375
PI561377	PI561377
PI561378	PI561378
PI561379A	PI561379A
PI561379B	PI561379B
PI561380	PI561380
PI561381	PI561381
PI561382	PI561382
PI561383	PI561383
PI561387	PI561387
PI561389A	PI561389A
PI561389B	PI561389B
PI561390	PI561390
PI561391	PI561391
PI561392	PI561392
PI561393	PI561393
PI561394	PI561394
PI561395	PI561395
PI561396	PI561396
PI561397	PI561397
PI561398	PI561398
PI561400	PI561400
PI561401	PI561401
PI561404	PI561404
PI561405	PI561405
PI561406	PI561406
PI561407	PI561407
PI561408	PI561408
PI561470	PI561470
PI561570	PI561570
PI561571	PI561571
PI561572	PI561572
PI561573	PI561573
PI561574	PI561574
PI561575	PI561575
PI561698	PI561698
PI561699	PI561699
PI561700	PI561700
PI561701	PI561701
PI561702	PI561702
PI561717	PI561717
PI561858	PI561858
PI561860	PI561860
PI562372	PI562372
PI562373	PI562373
PI562374	PI562374
PI562387	PI562387
PI562531	PI562531
PI562532	PI562532
PI562533	PI562533
PI562534	PI562534
PI562535	PI562535
PI562536	PI562536
PI562537	PI562537
PI562538	PI562538
PI562539	PI562539
PI562540	PI562540
PI562541	PI562541
PI562542	PI562542
PI562543	PI562543
PI562544	PI562544
PI562545	PI562545
PI562546	PI562546
PI562547	PI562547
PI562548	PI562548
PI562549	PI562549
PI562550	PI562550
PI562551	PI562551
PI562552	PI562552
PI562553	PI562553
PI562554	PI562554
PI562555	PI562555
PI562556	PI562556
PI562557	PI562557
PI562558	PI562558
PI562559	PI562559
PI562560	PI562560
PI562561	PI562561
PI562562	PI562562
PI562563	PI562563
PI562564	PI562564
PI562565	PI562565
PI562566	PI562566
PI562567	PI562567
PI562568	PI562568
PI562611	PI562611
PI562694	PI562694
PI564261	PI564261
PI564276	PI564276
PI564281	PI564281
PI564524	PI564524
PI564718	PI564718
PI564849	PI564849
PI564999	PI564999
PI566960	PI566960
PI566961	PI566961
PI566967A	PI566967A
PI566968A	PI566968A
PI566971A	PI566971A
PI566976	PI566976
PI566977A	PI566977A
PI566977B	PI566977B
PI566978	PI566978
PI566981	PI566981
PI566984	PI566984
PI566985A	PI566985A
PI566985B	PI566985B
PI566987A	PI566987A
PI566988A	PI566988A
PI566989A	PI566989A
PI566989B	PI566989B
PI566989C	PI566989C
PI566990A	PI566990A
PI566991	PI566991
PI566992A	PI566992A
PI566992B	PI566992B
PI566993A	PI566993A
PI566993B	PI566993B
PI566994	PI566994
PI566995A	PI566995A
PI566995B	PI566995B
PI566996	PI566996
PI566998A	PI566998A
PI566998B	PI566998B
PI566999A	PI566999A
PI566999C	PI566999C
PI567000A	PI567000A
PI567001A	PI567001A
PI567002A	PI567002A
PI567002B	PI567002B
PI567003A	PI567003A
PI567004	PI567004
PI567006A	PI567006A
PI567007A	PI567007A
PI567007B	PI567007B
PI567009A	PI567009A
PI567010A	PI567010A
PI567011A	PI567011A
PI567013	PI567013
PI567014A	PI567014A
PI567014B	PI567014B
PI567016	PI567016
PI567017A	PI567017A
PI567020A	PI567020A
PI567021	PI567021
PI567022A	PI567022A
PI567023A	PI567023A
PI567023B	PI567023B
PI567024	PI567024
PI567025A	PI567025A
PI567027A	PI567027A
PI567027B	PI567027B
PI567029A	PI567029A
PI567031A	PI567031A
PI567031B	PI567031B
PI567031C	PI567031C
PI567032A	PI567032A
PI567032B	PI567032B
PI567033A	PI567033A
PI567034	PI567034
PI567035A	PI567035A
PI567035B	PI567035B
PI567039	PI567039
PI567041A	PI567041A
PI567041C	PI567041C
PI567042	PI567042
PI567043A	PI567043A
PI567046A	PI567046A
PI567046B	PI567046B
PI567046C	PI567046C
PI567048A	PI567048A
PI567049A	PI567049A
PI567050	PI567050
PI567054A	PI567054A
PI567054B	PI567054B
PI567055	PI567055
PI567056A	PI567056A
PI567056B	PI567056B
PI567058A	PI567058A
PI567058B	PI567058B
PI567059	PI567059
PI567060A	PI567060A
PI567060B	PI567060B
PI567061	PI567061
PI567062	PI567062
PI567063	PI567063
PI567064A	PI567064A
PI567064B	PI567064B
PI567065	PI567065
PI567066	PI567066
PI567067A	PI567067A
PI567069A	PI567069A
PI567069B	PI567069B
PI567070A	PI567070A
PI567070B	PI567070B
PI567072A	PI567072A
PI567072B	PI567072B
PI567073B	PI567073B
PI567078	PI567078
PI567079	PI567079
PI567082A	PI567082A
PI567082B	PI567082B
PI567083A	PI567083A
PI567084	PI567084
PI567085A	PI567085A
PI567085B	PI567085B
PI567086A	PI567086A
PI567087A	PI567087A
PI567087B	PI567087B
PI567088A	PI567088A
PI567088B	PI567088B
PI567089A	PI567089A
PI567089B	PI567089B
PI567091	PI567091
PI567092A	PI567092A
PI567093A	PI567093A
PI567093B	PI567093B
PI567094	PI567094
PI567095A	PI567095A
PI567097A	PI567097A
PI567098A	PI567098A
PI567105	PI567105
PI567107A	PI567107A
PI567108A	PI567108A
PI567108B	PI567108B
PI567110A	PI567110A
PI567111	PI567111
PI567114	PI567114
PI567115A	PI567115A
PI567116A	PI567116A
PI567116B	PI567116B
PI567117A	PI567117A
PI567120	PI567120
PI567122A	PI567122A
PI567122B	PI567122B
PI567123A	PI567123A
PI567124	PI567124
PI567132A	PI567132A
PI567132B	PI567132B
PI567133A	PI567133A
PI567134	PI567134
PI567136A	PI567136A
PI567137A	PI567137A
PI567145A	PI567145A
PI567148	PI567148
PI567149	PI567149
PI567150A	PI567150A
PI567150B	PI567150B
PI567151	PI567151
PI567152	PI567152
PI567153	PI567153
PI567154	PI567154
PI567155A	PI567155A
PI567155B	PI567155B
PI567155C	PI567155C
PI567156A	PI567156A
PI567156B	PI567156B
PI567157A	PI567157A
PI567157B	PI567157B
PI567158	PI567158
PI567159A	PI567159A
PI567159B	PI567159B
PI567160	PI567160
PI567161	PI567161
PI567162	PI567162
PI567163	PI567163
PI567164	PI567164
PI567165	PI567165
PI567166	PI567166
PI567167	PI567167
PI567168	PI567168
PI567169	PI567169
PI567170A	PI567170A
PI567170B	PI567170B
PI567171	PI567171
PI567173	PI567173
PI567174A	PI567174A
PI567174B	PI567174B
PI567174C	PI567174C
PI567175A	PI567175A
PI567175B	PI567175B
PI567175C	PI567175C
PI567175D	PI567175D
PI567176	PI567176
PI567177	PI567177
PI567178	PI567178
PI567179	PI567179
PI567180	PI567180
PI567181A	PI567181A
PI567181B	PI567181B
PI567182	PI567182
PI567183	PI567183
PI567184	PI567184
PI567185	PI567185
PI567186	PI567186
PI567187	PI567187
PI567188	PI567188
PI567189A	PI567189A
PI567189B	PI567189B
PI567190	PI567190
PI567191	PI567191
PI567192	PI567192
PI567193	PI567193
PI567194	PI567194
PI567195	PI567195
PI567196	PI567196
PI567197	PI567197
PI567198	PI567198
PI567199	PI567199
PI567200A	PI567200A
PI567200B	PI567200B
PI567201A	PI567201A
PI567201B	PI567201B
PI567201C	PI567201C
PI567201D	PI567201D
PI567202	PI567202
PI567203	PI567203
PI567204	PI567204
PI567205	PI567205
PI567206	PI567206
PI567207	PI567207
PI567208	PI567208
PI567209A	PI567209A
PI567209B	PI567209B
PI567210	PI567210
PI567211A	PI567211A
PI567211B	PI567211B
PI567212A	PI567212A
PI567212B	PI567212B
PI567212C	PI567212C
PI567212D	PI567212D
PI567213A	PI567213A
PI567213B	PI567213B
PI567213C	PI567213C
PI567213D	PI567213D
PI567214A	PI567214A
PI567214B	PI567214B
PI567215A	PI567215A
PI567215B	PI567215B
PI567215C	PI567215C
PI567216A	PI567216A
PI567216B	PI567216B
PI567216C	PI567216C
PI567217A	PI567217A
PI567217B	PI567217B
PI567217C	PI567217C
PI567218	PI567218
PI567219	PI567219
PI567220A	PI567220A
PI567220B	PI567220B
PI567220C	PI567220C
PI567221	PI567221
PI567222	PI567222
PI567223	PI567223
PI567224A	PI567224A
PI567224B	PI567224B
PI567224C	PI567224C
PI567224D	PI567224D
PI567225	PI567225
PI567226	PI567226
PI567227	PI567227
PI567228	PI567228
PI567229A	PI567229A
PI567229B	PI567229B
PI567230	PI567230
PI567231	PI567231
PI567232A	PI567232A
PI567232B	PI567232B
PI567233	PI567233
PI567234A	PI567234A
PI567234B	PI567234B
PI567234C	PI567234C
PI567235A	PI567235A
PI567235B	PI567235B
PI567236	PI567236
PI567237	PI567237
PI567239	PI567239
PI567240	PI567240
PI567241	PI567241
PI567242	PI567242
PI567243	PI567243
PI567244	PI567244
PI567245	PI567245
PI567246	PI567246
PI567247	PI567247
PI567248	PI567248
PI567249	PI567249
PI567250A	PI567250A
PI567250B	PI567250B
PI567251	PI567251
PI567252	PI567252
PI567253	PI567253
PI567254	PI567254
PI567255A	PI567255A
PI567255B	PI567255B
PI567256	PI567256
PI567257A	PI567257A
PI567257B	PI567257B
PI567257C	PI567257C
PI567258	PI567258
PI567259	PI567259
PI567260	PI567260
PI567261A	PI567261A
PI567261B	PI567261B
PI567261C	PI567261C
PI567261D	PI567261D
PI567261E	PI567261E
PI567262A	PI567262A
PI567262B	PI567262B
PI567262C	PI567262C
PI567262D	PI567262D
PI567262E	PI567262E
PI567263	PI567263
PI567264A	PI567264A
PI567264B	PI567264B
PI567264C	PI567264C
PI567264D	PI567264D
PI567265	PI567265
PI567266A	PI567266A
PI567266B	PI567266B
PI567266C	PI567266C
PI567266D	PI567266D
PI567267A	PI567267A
PI567267B	PI567267B
PI567268	PI567268
PI567269A	PI567269A
PI567269B	PI567269B
PI567269C	PI567269C
PI567269D	PI567269D
PI567270A	PI567270A
PI567270B	PI567270B
PI567270C	PI567270C
PI567271	PI567271
PI567272A	PI567272A
PI567272B	PI567272B
PI567273A	PI567273A
PI567273B	PI567273B
PI567274	PI567274
PI567275	PI567275
PI567276	PI567276
PI567277	PI567277
PI567278	PI567278
PI567279A	PI567279A
PI567279B	PI567279B
PI567280	PI567280
PI567281A	PI567281A
PI567281B	PI567281B
PI567282A	PI567282A
PI567282B	PI567282B
PI567283	PI567283
PI567284	PI567284
PI567285	PI567285
PI567286	PI567286
PI567287	PI567287
PI567288A	PI567288A
PI567288B	PI567288B
PI567289A	PI567289A
PI567289B	PI567289B
PI567290A	PI567290A
PI567290B	PI567290B
PI567291	PI567291
PI567292	PI567292
PI567293	PI567293
PI567294	PI567294
PI567295	PI567295
PI567296A	PI567296A
PI567296B	PI567296B
PI567296C	PI567296C
PI567297	PI567297
PI567298	PI567298
PI567299A	PI567299A
PI567299B	PI567299B
PI567300A	PI567300A
PI567300B	PI567300B
PI567301A	PI567301A
PI567301B	PI567301B
PI567302	PI567302
PI567303A	PI567303A
PI567303B	PI567303B
PI567304	PI567304
PI567305	PI567305
PI567306A	PI567306A
PI567306B	PI567306B
PI567307	PI567307
PI567308	PI567308
PI567309	PI567309
PI567310A	PI567310A
PI567310B	PI567310B
PI567311A	PI567311A
PI567311B	PI567311B
PI567312	PI567312
PI567313	PI567313
PI567314	PI567314
PI567315	PI567315
PI567316A	PI567316A
PI567316B	PI567316B
PI567317	PI567317
PI567318	PI567318
PI567319A	PI567319A
PI567319B	PI567319B
PI567320	PI567320
PI567321A	PI567321A
PI567321B	PI567321B
PI567322	PI567322
PI567323A	PI567323A
PI567323B	PI567323B
PI567323C	PI567323C
PI567324	PI567324
PI567325A	PI567325A
PI567325B	PI567325B
PI567326A	PI567326A
PI567326B	PI567326B
PI567327	PI567327
PI567328	PI567328
PI567329	PI567329
PI567330	PI567330
PI567331	PI567331
PI567332	PI567332
PI567333A	PI567333A
PI567333B	PI567333B
PI567334	PI567334
PI567335A	PI567335A
PI567335B	PI567335B
PI567336A	PI567336A
PI567336B	PI567336B
PI567336C	PI567336C
PI567337	PI567337
PI567338	PI567338
PI567339	PI567339
PI567340	PI567340
PI567341	PI567341
PI567342	PI567342
PI567343	PI567343
PI567344A	PI567344A
PI567344B	PI567344B
PI567345	PI567345
PI567346	PI567346
PI567347	PI567347
PI567348	PI567348
PI567349A	PI567349A
PI567349B	PI567349B
PI567350A	PI567350A
PI567350B	PI567350B
PI567351A	PI567351A
PI567351B	PI567351B
PI567352A	PI567352A
PI567352B	PI567352B
PI567352C	PI567352C
PI567353	PI567353
PI567354	PI567354
PI567355A	PI567355A
PI567355B	PI567355B
PI567356	PI567356
PI567357	PI567357
PI567358	PI567358
PI567359	PI567359
PI567360	PI567360
PI567361	PI567361
PI567362A	PI567362A
PI567362B	PI567362B
PI567363A	PI567363A
PI567363B	PI567363B
PI567364	PI567364
PI567365	PI567365
PI567366A	PI567366A
PI567366B	PI567366B
PI567367	PI567367
PI567368	PI567368
PI567369A	PI567369A
PI567369B	PI567369B
PI567370A	PI567370A
PI567370B	PI567370B
PI567371A	PI567371A
PI567371B	PI567371B
PI567372A	PI567372A
PI567372B	PI567372B
PI567373A	PI567373A
PI567373B	PI567373B
PI567374	PI567374
PI567375A	PI567375A
PI567375B	PI567375B
PI567375C	PI567375C
PI567375D	PI567375D
PI567376A	PI567376A
PI567376B	PI567376B
PI567377A	PI567377A
PI567377B	PI567377B
PI567378	PI567378
PI567379A	PI567379A
PI567379B	PI567379B
PI567379C	PI567379C
PI567380	PI567380
PI567381A	PI567381A
PI567381B	PI567381B
PI567382A	PI567382A
PI567382B	PI567382B
PI567382C	PI567382C
PI567383	PI567383
PI567384	PI567384
PI567385	PI567385
PI567386	PI567386
PI567387	PI567387
PI567388	PI567388
PI567389A	PI567389A
PI567389B	PI567389B
PI567390	PI567390
PI567391	PI567391
PI567392	PI567392
PI567393	PI567393
PI567394A	PI567394A
PI567394B	PI567394B
PI567394C	PI567394C
PI567395	PI567395
PI567396A	PI567396A
PI567396B	PI567396B
PI567396C	PI567396C
PI567396D	PI567396D
PI567397	PI567397
PI567398	PI567398
PI567399	PI567399
PI567400	PI567400
PI567401	PI567401
PI567402	PI567402
PI567403A	PI567403A
PI567403B	PI567403B
PI567404A	PI567404A
PI567404B	PI567404B
PI567404C	PI567404C
PI567404D	PI567404D
PI567404E	PI567404E
PI567404F	PI567404F
PI567405	PI567405
PI567406A	PI567406A
PI567406B	PI567406B
PI567407	PI567407
PI567408	PI567408
PI567409A	PI567409A
PI567409B	PI567409B
PI567410A	PI567410A
PI567410B	PI567410B
PI567410C	PI567410C
PI567411	PI567411
PI567412	PI567412
PI567413	PI567413
PI567414	PI567414
PI567415A	PI567415A
PI567415B	PI567415B
PI567416	PI567416
PI567417A	PI567417A
PI567417B	PI567417B
PI567417C	PI567417C
PI567418A	PI567418A
PI567418B	PI567418B
PI567418C	PI567418C
PI567419A	PI567419A
PI567419B	PI567419B
PI567420	PI567420
PI567421	PI567421
PI567422	PI567422
PI567423	PI567423
PI567424A	PI567424A
PI567424B	PI567424B
PI567425A	PI567425A
PI567425B	PI567425B
PI567426	PI567426
PI567427	PI567427
PI567428	PI567428
PI567429A	PI567429A
PI567429B	PI567429B
PI567429C	PI567429C
PI567429D	PI567429D
PI567429E	PI567429E
PI567430	PI567430
PI567431	PI567431
PI567432A	PI567432A
PI567432B	PI567432B
PI567432C	PI567432C
PI567433A	PI567433A
PI567433B	PI567433B
PI567434	PI567434
PI567435A	PI567435A
PI567435B	PI567435B
PI567436	PI567436
PI567437	PI567437
PI567438	PI567438
PI567439	PI567439
PI567440	PI567440
PI567441A	PI567441A
PI567441B	PI567441B
PI567441C	PI567441C
PI567442	PI567442
PI567443	PI567443
PI567444	PI567444
PI567445A	PI567445A
PI567445B	PI567445B
PI567445C	PI567445C
PI567446	PI567446
PI567447A	PI567447A
PI567447B	PI567447B
PI567447C	PI567447C
PI567447D	PI567447D
PI567448	PI567448
PI567449	PI567449
PI567450	PI567450
PI567451	PI567451
PI567452	PI567452
PI567453	PI567453
PI567454	PI567454
PI567455	PI567455
PI567456	PI567456
PI567457	PI567457
PI567458	PI567458
PI567459	PI567459
PI567460	PI567460
PI567461	PI567461
PI567462	PI567462
PI567463	PI567463
PI567464	PI567464
PI567465	PI567465
PI567466A	PI567466A
PI567466B	PI567466B
PI567467	PI567467
PI567468	PI567468
PI567469A	PI567469A
PI567469B	PI567469B
PI567470	PI567470
PI567471	PI567471
PI567472	PI567472
PI567473A	PI567473A
PI567473B	PI567473B
PI567473C	PI567473C
PI567473D	PI567473D
PI567474	PI567474
PI567475	PI567475
PI567476	PI567476
PI567477	PI567477
PI567478	PI567478
PI567479	PI567479
PI567480A	PI567480A
PI567480B	PI567480B
PI567481	PI567481
PI567482A	PI567482A
PI567482B	PI567482B
PI567482C	PI567482C
PI567484	PI567484
PI567485	PI567485
PI567486A	PI567486A
PI567486B	PI567486B
PI567487	PI567487
PI567488A	PI567488A
PI567488B	PI567488B
PI567488C	PI567488C
PI567489A	PI567489A
PI567489B	PI567489B
PI567490	PI567490
PI567491A	PI567491A
PI567491B	PI567491B
PI567492	PI567492
PI567493	PI567493
PI567494	PI567494
PI567496	PI567496
PI567497	PI567497
PI567498	PI567498
PI567499	PI567499
PI567500	PI567500
PI567501	PI567501
PI567502	PI567502
PI567503	PI567503
PI567504	PI567504
PI567505	PI567505
PI567506	PI567506
PI567507A	PI567507A
PI567507B	PI567507B
PI567507C	PI567507C
PI567507D	PI567507D
PI567507E	PI567507E
PI567508A	PI567508A
PI567508B	PI567508B
PI567509	PI567509
PI567510A	PI567510A
PI567510B	PI567510B
PI567511	PI567511
PI567512A	PI567512A
PI567512B	PI567512B
PI567512C	PI567512C
PI567513	PI567513
PI567514A	PI567514A
PI567514B	PI567514B
PI567515	PI567515
PI567516A	PI567516A
PI567516B	PI567516B
PI567516C	PI567516C
PI567517	PI567517
PI567518	PI567518
PI567519	PI567519
PI567520A	PI567520A
PI567520B	PI567520B
PI567521	PI567521
PI567522A	PI567522A
PI567522B	PI567522B
PI567523	PI567523
PI567524	PI567524
PI567525	PI567525
PI567526	PI567526
PI567527	PI567527
PI567528A	PI567528A
PI567528B	PI567528B
PI567529	PI567529
PI567530	PI567530
PI567531	PI567531
PI567532	PI567532
PI567533	PI567533
PI567534	PI567534
PI567535A	PI567535A
PI567535B	PI567535B
PI567536	PI567536
PI567537	PI567537
PI567538A	PI567538A
PI567538B	PI567538B
PI567539	PI567539
PI567540A	PI567540A
PI567540B	PI567540B
PI567541A	PI567541A
PI567541B	PI567541B
PI567541C	PI567541C
PI567542	PI567542
PI567543A	PI567543A
PI567543B	PI567543B
PI567543C	PI567543C
PI567544	PI567544
PI567545	PI567545
PI567546	PI567546
PI567547	PI567547
PI567548	PI567548
PI567549A	PI567549A
PI567549B	PI567549B
PI567550	PI567550
PI567551	PI567551
PI567552	PI567552
PI567553	PI567553
PI567554A	PI567554A
PI567554B	PI567554B
PI567555	PI567555
PI567556	PI567556
PI567557	PI567557
PI567558	PI567558
PI567559	PI567559
PI567560	PI567560
PI567561	PI567561
PI567562A	PI567562A
PI567562B	PI567562B
PI567563A	PI567563A
PI567563B	PI567563B
PI567564	PI567564
PI567565	PI567565
PI567566	PI567566
PI567567	PI567567
PI567568A	PI567568A
PI567568B	PI567568B
PI567569	PI567569
PI567570	PI567570
PI567571	PI567571
PI567572A	PI567572A
PI567572B	PI567572B
PI567573A	PI567573A
PI567573B	PI567573B
PI567574A	PI567574A
PI567574B	PI567574B
PI567575	PI567575
PI567576	PI567576
PI567577	PI567577
PI567578A	PI567578A
PI567578B	PI567578B
PI567579	PI567579
PI567580A	PI567580A
PI567580B	PI567580B
PI567581	PI567581
PI567582A	PI567582A
PI567582B	PI567582B
PI567583A	PI567583A
PI567583B	PI567583B
PI567583C	PI567583C
PI567583D	PI567583D
PI567584	PI567584
PI567585A	PI567585A
PI567585B	PI567585B
PI567586A	PI567586A
PI567586B	PI567586B
PI567587A	PI567587A
PI567587B	PI567587B
PI567588A	PI567588A
PI567588B	PI567588B
PI567589	PI567589
PI567590A	PI567590A
PI567590B	PI567590B
PI567591	PI567591
PI567592	PI567592
PI567593A	PI567593A
PI567593B	PI567593B
PI567594A	PI567594A
PI567594B	PI567594B
PI567595A	PI567595A
PI567595B	PI567595B
PI567596	PI567596
PI567597A	PI567597A
PI567597B	PI567597B
PI567597C	PI567597C
PI567598A	PI567598A
PI567598B	PI567598B
PI567599	PI567599
PI567600	PI567600
PI567601	PI567601
PI567602A	PI567602A
PI567602B	PI567602B
PI567602C	PI567602C
PI567602D	PI567602D
PI567603A	PI567603A
PI567603B	PI567603B
PI567604A	PI567604A
PI567604B	PI567604B
PI567605	PI567605
PI567606	PI567606
PI567607A	PI567607A
PI567607B	PI567607B
PI567608	PI567608
PI567609	PI567609
PI567610A	PI567610A
PI567610B	PI567610B
PI567611	PI567611
PI567612	PI567612
PI567613	PI567613
PI567614A	PI567614A
PI567614B	PI567614B
PI567614C	PI567614C
PI567614D	PI567614D
PI567615	PI567615
PI567616	PI567616
PI567617A	PI567617A
PI567617B	PI567617B
PI567617C	PI567617C
PI567618A	PI567618A
PI567618B	PI567618B
PI567619	PI567619
PI567620A	PI567620A
PI567620B	PI567620B
PI567621A	PI567621A
PI567621B	PI567621B
PI567622	PI567622
PI567623	PI567623
PI567624	PI567624
PI567625	PI567625
PI567626	PI567626
PI567627A	PI567627A
PI567627B	PI567627B
PI567627C	PI567627C
PI567628A	PI567628A
PI567628B	PI567628B
PI567629A	PI567629A
PI567629B	PI567629B
PI567630A	PI567630A
PI567630B	PI567630B
PI567631	PI567631
PI567632A	PI567632A
PI567632B	PI567632B
PI567633	PI567633
PI567634	PI567634
PI567635	PI567635
PI567636	PI567636
PI567637	PI567637
PI567638	PI567638
PI567639	PI567639
PI567640	PI567640
PI567641	PI567641
PI567642A	PI567642A
PI567642B	PI567642B
PI567642C	PI567642C
PI567643	PI567643
PI567644	PI567644
PI567645A	PI567645A
PI567645B	PI567645B
PI567646A	PI567646A
PI567646B	PI567646B
PI567647A	PI567647A
PI567647B	PI567647B
PI567648A	PI567648A
PI567648B	PI567648B
PI567648C	PI567648C
PI567649	PI567649
PI567650A	PI567650A
PI567650B	PI567650B
PI567650C	PI567650C
PI567650D	PI567650D
PI567651	PI567651
PI567652	PI567652
PI567653	PI567653
PI567654	PI567654
PI567655	PI567655
PI567656	PI567656
PI567657	PI567657
PI567658	PI567658
PI567659	PI567659
PI567660A	PI567660A
PI567660B	PI567660B
PI567661A	PI567661A
PI567661B	PI567661B
PI567662	PI567662
PI567663	PI567663
PI567664	PI567664
PI567665	PI567665
PI567666	PI567666
PI567667A	PI567667A
PI567667B	PI567667B
PI567667C	PI567667C
PI567668	PI567668
PI567669	PI567669
PI567670	PI567670
PI567671A	PI567671A
PI567671B	PI567671B
PI567671C	PI567671C
PI567672	PI567672
PI567673A	PI567673A
PI567673B	PI567673B
PI567674	PI567674
PI567675	PI567675
PI567676A	PI567676A
PI567676B	PI567676B
PI567677	PI567677
PI567678	PI567678
PI567679A	PI567679A
PI567679B	PI567679B
PI567679C	PI567679C
PI567680	PI567680
PI567681	PI567681
PI567682A	PI567682A
PI567682B	PI567682B
PI567683A	PI567683A
PI567683B	PI567683B
PI567684A	PI567684A
PI567684B	PI567684B
PI567685	PI567685
PI567686	PI567686
PI567687	PI567687
PI567688A	PI567688A
PI567688B	PI567688B
PI567689	PI567689
PI567690	PI567690
PI567691	PI567691
PI567692	PI567692
PI567693	PI567693
PI567694	PI567694
PI567695	PI567695
PI567696A	PI567696A
PI567696B	PI567696B
PI567696C	PI567696C
PI567697	PI567697
PI567698A	PI567698A
PI567698B	PI567698B
PI567699	PI567699
PI567700	PI567700
PI567701	PI567701
PI567702A	PI567702A
PI567702B	PI567702B
PI567703	PI567703
PI567704	PI567704
PI567705	PI567705
PI567706A	PI567706A
PI567706B	PI567706B
PI567707	PI567707
PI567708	PI567708
PI567709	PI567709
PI567710	PI567710
PI567711A	PI567711A
PI567711B	PI567711B
PI567712	PI567712
PI567713A	PI567713A
PI567713B	PI567713B
PI567713C	PI567713C
PI567713D	PI567713D
PI567713E	PI567713E
PI567714	PI567714
PI567715	PI567715
PI567716A	PI567716A
PI567716B	PI567716B
PI567717A	PI567717A
PI567717B	PI567717B
PI567717C	PI567717C
PI567718	PI567718
PI567719	PI567719
PI567720A	PI567720A
PI567720B	PI567720B
PI567721	PI567721
PI567722	PI567722
PI567723	PI567723
PI567724	PI567724
PI567725	PI567725
PI567726	PI567726
PI567727A	PI567727A
PI567727B	PI567727B
PI567728	PI567728
PI567729	PI567729
PI567730	PI567730
PI567731	PI567731
PI567732	PI567732
PI567733	PI567733
PI567734	PI567734
PI567735	PI567735
PI567736	PI567736
PI567737	PI567737
PI567738A	PI567738A
PI567738B	PI567738B
PI567739A	PI567739A
PI567739B	PI567739B
PI567740	PI567740
PI567741	PI567741
PI567742A	PI567742A
PI567742B	PI567742B
PI567743	PI567743
PI567744A	PI567744A
PI567744B	PI567744B
PI567744C	PI567744C
PI567745	PI567745
PI567746	PI567746
PI567747	PI567747
PI567748	PI567748
PI567749A	PI567749A
PI567749B	PI567749B
PI567750	PI567750
PI567751A	PI567751A
PI567751B	PI567751B
PI567751C	PI567751C
PI567752	PI567752
PI567753A	PI567753A
PI567753B	PI567753B
PI567753C	PI567753C
PI567754	PI567754
PI567755A	PI567755A
PI567755B	PI567755B
PI567755C	PI567755C
PI567757	PI567757
PI567758	PI567758
PI567759	PI567759
PI567760	PI567760
PI567761	PI567761
PI567762A	PI567762A
PI567762B	PI567762B
PI567762C	PI567762C
PI567763	PI567763
PI567764	PI567764
PI567765A	PI567765A
PI567765B	PI567765B
PI567765C	PI567765C
PI567765D	PI567765D
PI567766	PI567766
PI567767A	PI567767A
PI567767B	PI567767B
PI567767C	PI567767C
PI567767D	PI567767D
PI567768	PI567768
PI567769	PI567769
PI567770A	PI567770A
PI567770B	PI567770B
PI567770C	PI567770C
PI567771A	PI567771A
PI567771B	PI567771B
PI567771C	PI567771C
PI567771D	PI567771D
PI567771E	PI567771E
PI567772	PI567772
PI567773	PI567773
PI567774A	PI567774A
PI567774B	PI567774B
PI567775A	PI567775A
PI567775B	PI567775B
PI567776	PI567776
PI567777	PI567777
PI567778	PI567778
PI567779A	PI567779A
PI567779B	PI567779B
PI567779C	PI567779C
PI567780A	PI567780A
PI567780B	PI567780B
PI567781	PI567781
PI567782	PI567782
PI567783	PI567783
PI567784	PI567784
PI567785	PI567785
PI567786	PI567786
PI567787	PI567787
PI567788	PI567788
PI567789	PI567789
PI567790	PI567790
PI567791	PI567791
PI567902	PI567902
PI568236	PI568236
PI568245	PI568245
PI568254	PI568254
PI568260	PI568260
PI568261	PI568261
PI568262	PI568262
PI570668	PI570668
PI572237	PI572237
PI572238	PI572238
PI572239	PI572239
PI572240	PI572240
PI572241	PI572241
PI572242	PI572242
PI572243	PI572243
PI572244	PI572244
PI572245	PI572245
PI572265A	PI572265A
PI572265B	PI572265B
PI572265C	PI572265C
PI572265D	PI572265D
PI572270	PI572270
PI572294	PI572294
PI572295	PI572295
PI572296	PI572296
PI572297	PI572297
PI573008	PI573008
PI573188	PI573188
PI573285	PI573285
PI573286	PI573286
PI574476A	PI574476A
PI574476B	PI574476B
PI574476C	PI574476C
PI574477	PI574477
PI574478A	PI574478A
PI574478B	PI574478B
PI574478C	PI574478C
PI574479A	PI574479A
PI574479B	PI574479B
PI574480A	PI574480A
PI574480B	PI574480B
PI574481	PI574481
PI574482	PI574482
PI574483	PI574483
PI574484	PI574484
PI574485	PI574485
PI574486	PI574486
PI574532	PI574532
PI574533	PI574533
PI574534	PI574534
PI574541	PI574541
PI576145	PI576145
PI576146	PI576146
PI576154	PI576154
PI576160	PI576160
PI576161	PI576161
PI576162	PI576162
PI576166	PI576166
PI576440	PI576440
PI576446	PI576446
PI576857	PI576857
PI577798	PI577798
PI578002	PI578002
PI578003	PI578003
PI578057	PI578057
PI578058	PI578058
PI578246	PI578246
PI578247	PI578247
PI578305A	PI578305A
PI578305B	PI578305B
PI578306A	PI578306A
PI578306B	PI578306B
PI578307A	PI578307A
PI578307C	PI578307C
PI578308A	PI578308A
PI578308B	PI578308B
PI578309	PI578309
PI578310	PI578310
PI578311A	PI578311A
PI578311C	PI578311C
PI578312	PI578312
PI578313B	PI578313B
PI578314	PI578314
PI578315A	PI578315A
PI578315B	PI578315B
PI578316C	PI578316C
PI578317	PI578317
PI578318A	PI578318A
PI578318D	PI578318D
PI578318E	PI578318E
PI578319A	PI578319A
PI578319C	PI578319C
PI578319E	PI578319E
PI578319F	PI578319F
PI578320	PI578320
PI578321	PI578321
PI578323A	PI578323A
PI578323B	PI578323B
PI578324A	PI578324A
PI578324B	PI578324B
PI578324C	PI578324C
PI578324D	PI578324D
PI578324E	PI578324E
PI578324F	PI578324F
PI578324G	PI578324G
PI578324H	PI578324H
PI578325	PI578325
PI578326	PI578326
PI578328A	PI578328A
PI578328B	PI578328B
PI578328C	PI578328C
PI578329A	PI578329A
PI578329B	PI578329B
PI578329C	PI578329C
PI578330	PI578330
PI578331	PI578331
PI578332A	PI578332A
PI578332B	PI578332B
PI578332C	PI578332C
PI578333	PI578333
PI578334	PI578334
PI578335A	PI578335A
PI578335B	PI578335B
PI578336	PI578336
PI578337	PI578337
PI578338A	PI578338A
PI578338B	PI578338B
PI578339A	PI578339A
PI578339B	PI578339B
PI578340A	PI578340A
PI578340B	PI578340B
PI578341	PI578341
PI578342A	PI578342A
PI578342B	PI578342B
PI578343	PI578343
PI578344A	PI578344A
PI578344B	PI578344B
PI578345	PI578345
PI578346A	PI578346A
PI578346B	PI578346B
PI578346C	PI578346C
PI578351	PI578351
PI578352	PI578352
PI578353A	PI578353A
PI578353B	PI578353B
PI578354	PI578354
PI578355	PI578355
PI578356	PI578356
PI578357	PI578357
PI578358	PI578358
PI578359	PI578359
PI578360	PI578360
PI578361	PI578361
PI578362	PI578362
PI578363	PI578363
PI578364	PI578364
PI578365	PI578365
PI578366	PI578366
PI578367	PI578367
PI578368	PI578368
PI578369	PI578369
PI578370	PI578370
PI578371	PI578371
PI578372	PI578372
PI578373	PI578373
PI578374	PI578374
PI578375A	PI578375A
PI578375B	PI578375B
PI578376	PI578376
PI578377	PI578377
PI578378	PI578378
PI578379	PI578379
PI578380A	PI578380A
PI578380B	PI578380B
PI578381	PI578381
PI578382	PI578382
PI578383	PI578383
PI578384	PI578384
PI578385	PI578385
PI578386	PI578386
PI578387	PI578387
PI578388A	PI578388A
PI578388B	PI578388B
PI578389	PI578389
PI578390	PI578390
PI578391	PI578391
PI578392A	PI578392A
PI578392B	PI578392B
PI578393	PI578393
PI578394	PI578394
PI578395	PI578395
PI578396	PI578396
PI578397	PI578397
PI578398	PI578398
PI578399	PI578399
PI578400	PI578400
PI578401A	PI578401A
PI578401B	PI578401B
PI578401C	PI578401C
PI578401D	PI578401D
PI578402	PI578402
PI578403	PI578403
PI578404	PI578404
PI578405	PI578405
PI578406	PI578406
PI578407	PI578407
PI578408	PI578408
PI578409A	PI578409A
PI578409B	PI578409B
PI578410	PI578410
PI578411	PI578411
PI578412	PI578412
PI578413	PI578413
PI578414	PI578414
PI578415	PI578415
PI578416	PI578416
PI578417A	PI578417A
PI578417B	PI578417B
PI578418	PI578418
PI578419A	PI578419A
PI578419B	PI578419B
PI578420	PI578420
PI578421	PI578421
PI578422	PI578422
PI578423	PI578423
PI578424	PI578424
PI578425	PI578425
PI578426	PI578426
PI578427	PI578427
PI578428A	PI578428A
PI578428B	PI578428B
PI578429	PI578429
PI578431	PI578431
PI578432A	PI578432A
PI578432B	PI578432B
PI578433	PI578433
PI578435	PI578435
PI578436	PI578436
PI578437A	PI578437A
PI578437B	PI578437B
PI578438	PI578438
PI578439	PI578439
PI578440	PI578440
PI578441	PI578441
PI578442	PI578442
PI578443	PI578443
PI578444A	PI578444A
PI578444B	PI578444B
PI578445	PI578445
PI578446A	PI578446A
PI578446B	PI578446B
PI578447	PI578447
PI578448	PI578448
PI578449	PI578449
PI578450	PI578450
PI578451	PI578451
PI578452	PI578452
PI578453	PI578453
PI578454	PI578454
PI578455A	PI578455A
PI578455B	PI578455B
PI578456	PI578456
PI578457A	PI578457A
PI578457B	PI578457B
PI578458	PI578458
PI578459	PI578459
PI578460	PI578460
PI578461	PI578461
PI578462	PI578462
PI578463	PI578463
PI578464A	PI578464A
PI578464B	PI578464B
PI578465	PI578465
PI578466	PI578466
PI578467	PI578467
PI578470	PI578470
PI578471A	PI578471A
PI578471B	PI578471B
PI578471C	PI578471C
PI578472	PI578472
PI578473A	PI578473A
PI578473B	PI578473B
PI578473C	PI578473C
PI578473D	PI578473D
PI578474	PI578474
PI578475	PI578475
PI578476	PI578476
PI578477A	PI578477A
PI578477B	PI578477B
PI578477C	PI578477C
PI578478A	PI578478A
PI578478B	PI578478B
PI578479	PI578479
PI578480	PI578480
PI578481	PI578481
PI578482A	PI578482A
PI578482B	PI578482B
PI578482C	PI578482C
PI578484	PI578484
PI578485A	PI578485A
PI578485B	PI578485B
PI578486	PI578486
PI578487	PI578487
PI578488A	PI578488A
PI578488B	PI578488B
PI578490	PI578490
PI578491A	PI578491A
PI578491B	PI578491B
PI578492	PI578492
PI578493	PI578493
PI578494A	PI578494A
PI578494B	PI578494B
PI578495	PI578495
PI578496	PI578496
PI578497A	PI578497A
PI578497B	PI578497B
PI578498A	PI578498A
PI578498B	PI578498B
PI578499A	PI578499A
PI578499B	PI578499B
PI578499C	PI578499C
PI578500	PI578500
PI578501	PI578501
PI578502	PI578502
PI578503	PI578503
PI578504	PI578504
PI578505	PI578505
PI578506	PI578506
PI583295	PI583295
PI583364	PI583364
PI583365	PI583365
PI583366	PI583366
PI583367	PI583367
PI583835	PI583835
PI583837	PI583837
PI584441	PI584441
PI584469	PI584469
PI584470	PI584470
PI584506	PI584506
PI584527	PI584527
PI586980	PI586980
PI586981	PI586981
PI587091	PI587091
PI587185	PI587185
PI587550A	PI587550A
PI587550B	PI587550B
PI587550C	PI587550C
PI587551	PI587551
PI587552	PI587552
PI587553A	PI587553A
PI587553B	PI587553B
PI587554	PI587554
PI587555A	PI587555A
PI587555B	PI587555B
PI587556A	PI587556A
PI587556B	PI587556B
PI587557A	PI587557A
PI587557B	PI587557B
PI587557C	PI587557C
PI587558A	PI587558A
PI587558B	PI587558B
PI587558C	PI587558C
PI587559A	PI587559A
PI587559B	PI587559B
PI587560A	PI587560A
PI587560B	PI587560B
PI587560C	PI587560C
PI587561	PI587561
PI587562	PI587562
PI587563A	PI587563A
PI587563B	PI587563B
PI587563C	PI587563C
PI587563D	PI587563D
PI587564A	PI587564A
PI587564B	PI587564B
PI587564C	PI587564C
PI587565A	PI587565A
PI587565B	PI587565B
PI587565C	PI587565C
PI587566A	PI587566A
PI587566B	PI587566B
PI587567A	PI587567A
PI587567B	PI587567B
PI587567C	PI587567C
PI587568A	PI587568A
PI587568B	PI587568B
PI587569	PI587569
PI587570A	PI587570A
PI587570B	PI587570B
PI587571	PI587571
PI587572A	PI587572A
PI587572B	PI587572B
PI587573A	PI587573A
PI587573B	PI587573B
PI587574A	PI587574A
PI587574B	PI587574B
PI587575A	PI587575A
PI587575B	PI587575B
PI587575C	PI587575C
PI587576	PI587576
PI587577A	PI587577A
PI587577B	PI587577B
PI587577C	PI587577C
PI587577D	PI587577D
PI587577E	PI587577E
PI587577F	PI587577F
PI587577G	PI587577G
PI587577H	PI587577H
PI587577I	PI587577I
PI587578	PI587578
PI587579A	PI587579A
PI587579B	PI587579B
PI587579C	PI587579C
PI587580A	PI587580A
PI587580B	PI587580B
PI587581	PI587581
PI587582	PI587582
PI587583A	PI587583A
PI587583B	PI587583B
PI587583C	PI587583C
PI587583D	PI587583D
PI587584	PI587584
PI587585A	PI587585A
PI587585B	PI587585B
PI587585C	PI587585C
PI587585D	PI587585D
PI587586	PI587586
PI587587A	PI587587A
PI587587B	PI587587B
PI587588A	PI587588A
PI587588B	PI587588B
PI587589	PI587589
PI587590	PI587590
PI587591	PI587591
PI587592A	PI587592A
PI587592B	PI587592B
PI587593	PI587593
PI587594	PI587594
PI587595A	PI587595A
PI587595B	PI587595B
PI587595C	PI587595C
PI587596A	PI587596A
PI587596B	PI587596B
PI587596C	PI587596C
PI587597A	PI587597A
PI587597B	PI587597B
PI587597C	PI587597C
PI587598A	PI587598A
PI587598B	PI587598B
PI587599	PI587599
PI587600A	PI587600A
PI587600B	PI587600B
PI587600C	PI587600C
PI587601A	PI587601A
PI587601B	PI587601B
PI587601C	PI587601C
PI587601D	PI587601D
PI587601E	PI587601E
PI587601F	PI587601F
PI587602	PI587602
PI587603A	PI587603A
PI587603B	PI587603B
PI587603C	PI587603C
PI587603D	PI587603D
PI587604A	PI587604A
PI587604B	PI587604B
PI587604C	PI587604C
PI587604D	PI587604D
PI587605	PI587605
PI587606A	PI587606A
PI587606B	PI587606B
PI587606C	PI587606C
PI587606D	PI587606D
PI587606E	PI587606E
PI587607A	PI587607A
PI587607B	PI587607B
PI587608A	PI587608A
PI587608B	PI587608B
PI587608C	PI587608C
PI587609A	PI587609A
PI587609B	PI587609B
PI587610	PI587610
PI587611	PI587611
PI587612A	PI587612A
PI587612B	PI587612B
PI587612C	PI587612C
PI587612D	PI587612D
PI587612F	PI587612F
PI587613	PI587613
PI587614	PI587614
PI587615	PI587615
PI587616	PI587616
PI587617	PI587617
PI587618A	PI587618A
PI587618B	PI587618B
PI587618C	PI587618C
PI587618D	PI587618D
PI587619	PI587619
PI587620A	PI587620A
PI587620B	PI587620B
PI587620C	PI587620C
PI587620D	PI587620D
PI587621	PI587621
PI587622A	PI587622A
PI587622B	PI587622B
PI587623	PI587623
PI587624	PI587624
PI587625A	PI587625A
PI587625B	PI587625B
PI587626	PI587626
PI587627A	PI587627A
PI587627B	PI587627B
PI587627C	PI587627C
PI587628	PI587628
PI587629	PI587629
PI587630A	PI587630A
PI587630B	PI587630B
PI587630C	PI587630C
PI587631A	PI587631A
PI587631B	PI587631B
PI587632A	PI587632A
PI587632B	PI587632B
PI587633A	PI587633A
PI587633B	PI587633B
PI587633C	PI587633C
PI587633D	PI587633D
PI587634A	PI587634A
PI587634B	PI587634B
PI587634C	PI587634C
PI587635	PI587635
PI587636	PI587636
PI587637	PI587637
PI587638	PI587638
PI587639	PI587639
PI587640	PI587640
PI587641A	PI587641A
PI587641B	PI587641B
PI587641C	PI587641C
PI587642A	PI587642A
PI587642B	PI587642B
PI587643A	PI587643A
PI587643B	PI587643B
PI587644	PI587644
PI587645	PI587645
PI587646	PI587646
PI587647A	PI587647A
PI587647B	PI587647B
PI587648	PI587648
PI587649	PI587649
PI587650	PI587650
PI587651	PI587651
PI587652	PI587652
PI587653	PI587653
PI587654	PI587654
PI587655	PI587655
PI587656	PI587656
PI587657	PI587657
PI587658A	PI587658A
PI587658B	PI587658B
PI587658C	PI587658C
PI587659A	PI587659A
PI587659B	PI587659B
PI587660A	PI587660A
PI587660B	PI587660B
PI587661A	PI587661A
PI587661B	PI587661B
PI587662A	PI587662A
PI587662B	PI587662B
PI587663	PI587663
PI587664A	PI587664A
PI587664B	PI587664B
PI587665	PI587665
PI587666	PI587666
PI587667	PI587667
PI587668A	PI587668A
PI587668B	PI587668B
PI587668C	PI587668C
PI587669	PI587669
PI587670A	PI587670A
PI587670B	PI587670B
PI587671	PI587671
PI587672	PI587672
PI587673	PI587673
PI587674A	PI587674A
PI587674B	PI587674B
PI587675	PI587675
PI587676	PI587676
PI587677	PI587677
PI587678	PI587678
PI587679	PI587679
PI587680	PI587680
PI587681	PI587681
PI587682A	PI587682A
PI587682B	PI587682B
PI587682C	PI587682C
PI587683	PI587683
PI587684A	PI587684A
PI587684B	PI587684B
PI587685	PI587685
PI587686A	PI587686A
PI587686B	PI587686B
PI587687A	PI587687A
PI587687B	PI587687B
PI587687C	PI587687C
PI587687D	PI587687D
PI587687E	PI587687E
PI587688	PI587688
PI587689	PI587689
PI587690	PI587690
PI587691	PI587691
PI587692A	PI587692A
PI587692B	PI587692B
PI587693	PI587693
PI587694	PI587694
PI587695	PI587695
PI587696	PI587696
PI587697	PI587697
PI587698A	PI587698A
PI587698B	PI587698B
PI587698C	PI587698C
PI587699	PI587699
PI587700A	PI587700A
PI587700B	PI587700B
PI587700C	PI587700C
PI587700D	PI587700D
PI587701	PI587701
PI587702	PI587702
PI587703A	PI587703A
PI587703B	PI587703B
PI587704	PI587704
PI587705A	PI587705A
PI587705B	PI587705B
PI587706	PI587706
PI587707	PI587707
PI587708	PI587708
PI587709A	PI587709A
PI587709B	PI587709B
PI587710	PI587710
PI587711	PI587711
PI587712A	PI587712A
PI587712B	PI587712B
PI587713	PI587713
PI587714A	PI587714A
PI587714B	PI587714B
PI587715	PI587715
PI587716A	PI587716A
PI587716B	PI587716B
PI587716C	PI587716C
PI587717	PI587717
PI587718	PI587718
PI587719A	PI587719A
PI587719B	PI587719B
PI587719C	PI587719C
PI587720	PI587720
PI587721A	PI587721A
PI587721B	PI587721B
PI587721C	PI587721C
PI587722	PI587722
PI587723A	PI587723A
PI587723B	PI587723B
PI587724	PI587724
PI587725A	PI587725A
PI587725B	PI587725B
PI587725C	PI587725C
PI587726A	PI587726A
PI587726B	PI587726B
PI587727	PI587727
PI587728	PI587728
PI587729	PI587729
PI587730A	PI587730A
PI587730B	PI587730B
PI587730C	PI587730C
PI587731	PI587731
PI587732	PI587732
PI587733	PI587733
PI587734	PI587734
PI587735	PI587735
PI587736A	PI587736A
PI587736B	PI587736B
PI587737	PI587737
PI587738	PI587738
PI587739A	PI587739A
PI587739B	PI587739B
PI587740	PI587740
PI587741	PI587741
PI587742A	PI587742A
PI587742B	PI587742B
PI587742C	PI587742C
PI587743	PI587743
PI587744	PI587744
PI587745	PI587745
PI587746	PI587746
PI587747	PI587747
PI587748	PI587748
PI587749	PI587749
PI587750	PI587750
PI587751	PI587751
PI587752	PI587752
PI587753A	PI587753A
PI587753B	PI587753B
PI587754	PI587754
PI587755	PI587755
PI587756	PI587756
PI587757A	PI587757A
PI587757B	PI587757B
PI587758	PI587758
PI587759	PI587759
PI587760	PI587760
PI587761	PI587761
PI587762	PI587762
PI587763	PI587763
PI587764	PI587764
PI587765	PI587765
PI587766	PI587766
PI587767A	PI587767A
PI587767B	PI587767B
PI587768	PI587768
PI587769	PI587769
PI587770	PI587770
PI587771	PI587771
PI587772	PI587772
PI587773	PI587773
PI587774	PI587774
PI587775	PI587775
PI587776	PI587776
PI587777	PI587777
PI587778	PI587778
PI587779	PI587779
PI587780	PI587780
PI587781	PI587781
PI587782	PI587782
PI587783	PI587783
PI587784	PI587784
PI587785	PI587785
PI587786	PI587786
PI587787	PI587787
PI587788A	PI587788A
PI587788B	PI587788B
PI587788C	PI587788C
PI587789	PI587789
PI587790A	PI587790A
PI587790B	PI587790B
PI587791	PI587791
PI587792	PI587792
PI587793	PI587793
PI587794	PI587794
PI587795	PI587795
PI587796	PI587796
PI587797	PI587797
PI587798	PI587798
PI587799	PI587799
PI587800	PI587800
PI587801	PI587801
PI587802	PI587802
PI587803	PI587803
PI587804	PI587804
PI587805	PI587805
PI587806A	PI587806A
PI587806B	PI587806B
PI587807	PI587807
PI587808A	PI587808A
PI587808B	PI587808B
PI587809A	PI587809A
PI587809B	PI587809B
PI587810	PI587810
PI587811A	PI587811A
PI587811B	PI587811B
PI587812A	PI587812A
PI587812B	PI587812B
PI587813	PI587813
PI587814A	PI587814A
PI587814B	PI587814B
PI587814C	PI587814C
PI587814D	PI587814D
PI587814E	PI587814E
PI587814F	PI587814F
PI587814G	PI587814G
PI587815A	PI587815A
PI587815B	PI587815B
PI587815C	PI587815C
PI587816	PI587816
PI587817	PI587817
PI587818	PI587818
PI587819	PI587819
PI587820A	PI587820A
PI587820B	PI587820B
PI587821A	PI587821A
PI587821B	PI587821B
PI587822A	PI587822A
PI587822B	PI587822B
PI587823	PI587823
PI587824	PI587824
PI587825A	PI587825A
PI587825B	PI587825B
PI587826	PI587826
PI587827	PI587827
PI587828	PI587828
PI587829	PI587829
PI587830A	PI587830A
PI587830B	PI587830B
PI587831	PI587831
PI587832	PI587832
PI587833	PI587833
PI587834	PI587834
PI587835	PI587835
PI587836	PI587836
PI587837	PI587837
PI587838	PI587838
PI587839A	PI587839A
PI587839B	PI587839B
PI587839C	PI587839C
PI587840	PI587840
PI587841A	PI587841A
PI587841B	PI587841B
PI587842	PI587842
PI587843	PI587843
PI587844A	PI587844A
PI587844B	PI587844B
PI587844C	PI587844C
PI587845	PI587845
PI587846A	PI587846A
PI587846B	PI587846B
PI587847	PI587847
PI587848	PI587848
PI587849	PI587849
PI587850	PI587850
PI587851A	PI587851A
PI587851B	PI587851B
PI587851C	PI587851C
PI587852	PI587852
PI587853	PI587853
PI587854A	PI587854A
PI587854B	PI587854B
PI587855	PI587855
PI587856A	PI587856A
PI587856B	PI587856B
PI587857	PI587857
PI587858	PI587858
PI587859	PI587859
PI587860	PI587860
PI587861	PI587861
PI587862A	PI587862A
PI587862B	PI587862B
PI587862C	PI587862C
PI587862D	PI587862D
PI587863A	PI587863A
PI587863B	PI587863B
PI587864A	PI587864A
PI587864B	PI587864B
PI587865	PI587865
PI587866	PI587866
PI587867	PI587867
PI587868	PI587868
PI587869	PI587869
PI587870	PI587870
PI587871	PI587871
PI587872	PI587872
PI587873	PI587873
PI587874	PI587874
PI587875	PI587875
PI587876	PI587876
PI587877A	PI587877A
PI587877B	PI587877B
PI587878	PI587878
PI587879	PI587879
PI587880A	PI587880A
PI587880B	PI587880B
PI587881	PI587881
PI587882	PI587882
PI587883A	PI587883A
PI587883B	PI587883B
PI587884	PI587884
PI587886	PI587886
PI587887A	PI587887A
PI587887B	PI587887B
PI587887C	PI587887C
PI587888	PI587888
PI587889	PI587889
PI587890A	PI587890A
PI587890B	PI587890B
PI587891A	PI587891A
PI587891B	PI587891B
PI587892A	PI587892A
PI587892B	PI587892B
PI587892C	PI587892C
PI587893	PI587893
PI587894	PI587894
PI587895	PI587895
PI587896	PI587896
PI587897	PI587897
PI587898	PI587898
PI587899	PI587899
PI587900A	PI587900A
PI587900B	PI587900B
PI587900C	PI587900C
PI587900D	PI587900D
PI587901	PI587901
PI587902A	PI587902A
PI587902B	PI587902B
PI587903A	PI587903A
PI587903B	PI587903B
PI587904	PI587904
PI587905	PI587905
PI587906	PI587906
PI587907	PI587907
PI587908	PI587908
PI587909	PI587909
PI587910	PI587910
PI587911A	PI587911A
PI587911B	PI587911B
PI587911C	PI587911C
PI587912	PI587912
PI587913A	PI587913A
PI587913B	PI587913B
PI587914A	PI587914A
PI587914B	PI587914B
PI587915A	PI587915A
PI587915B	PI587915B
PI587915C	PI587915C
PI587915D	PI587915D
PI587916A	PI587916A
PI587916B	PI587916B
PI587916C	PI587916C
PI587916D	PI587916D
PI587917	PI587917
PI587918	PI587918
PI587919	PI587919
PI587920	PI587920
PI587921	PI587921
PI587922A	PI587922A
PI587922B	PI587922B
PI587924	PI587924
PI587925	PI587925
PI587926	PI587926
PI587927	PI587927
PI587928	PI587928
PI587929	PI587929
PI587930	PI587930
PI587931	PI587931
PI587932	PI587932
PI587933	PI587933
PI587934	PI587934
PI587935A	PI587935A
PI587935B	PI587935B
PI587936	PI587936
PI587937	PI587937
PI587938	PI587938
PI587939	PI587939
PI587940	PI587940
PI587941	PI587941
PI587942	PI587942
PI587943	PI587943
PI587944	PI587944
PI587945	PI587945
PI587946A	PI587946A
PI587946B	PI587946B
PI587947	PI587947
PI587948	PI587948
PI587949	PI587949
PI587950	PI587950
PI587951A	PI587951A
PI587951B	PI587951B
PI587952	PI587952
PI587953	PI587953
PI587954	PI587954
PI587955	PI587955
PI587956	PI587956
PI587957	PI587957
PI587958	PI587958
PI587959	PI587959
PI587960	PI587960
PI587961	PI587961
PI587962	PI587962
PI587963	PI587963
PI587964	PI587964
PI587965	PI587965
PI587966A	PI587966A
PI587966B	PI587966B
PI587966C	PI587966C
PI587966D	PI587966D
PI587967	PI587967
PI587968A	PI587968A
PI587968B	PI587968B
PI587968C	PI587968C
PI587969	PI587969
PI587970A	PI587970A
PI587970B	PI587970B
PI587971	PI587971
PI587972	PI587972
PI587973A	PI587973A
PI587973B	PI587973B
PI587974	PI587974
PI587975	PI587975
PI587976A	PI587976A
PI587976B	PI587976B
PI587976C	PI587976C
PI587976D	PI587976D
PI587977	PI587977
PI587978A	PI587978A
PI587978B	PI587978B
PI587979A	PI587979A
PI587979B	PI587979B
PI587980A	PI587980A
PI587980B	PI587980B
PI587980C	PI587980C
PI587981	PI587981
PI587982A	PI587982A
PI587982B	PI587982B
PI587983A	PI587983A
PI587983B	PI587983B
PI587984A	PI587984A
PI587984B	PI587984B
PI587985A	PI587985A
PI587985B	PI587985B
PI587986A	PI587986A
PI587986B	PI587986B
PI587987A	PI587987A
PI587987B	PI587987B
PI587987C	PI587987C
PI587988A	PI587988A
PI587988B	PI587988B
PI587989A	PI587989A
PI587989B	PI587989B
PI587990	PI587990
PI587991	PI587991
PI587992A	PI587992A
PI587992B	PI587992B
PI587992C	PI587992C
PI587992D	PI587992D
PI587992E	PI587992E
PI587992F	PI587992F
PI587992G	PI587992G
PI587993	PI587993
PI587994A	PI587994A
PI587994B	PI587994B
PI587995	PI587995
PI587996A	PI587996A
PI587996B	PI587996B
PI587996C	PI587996C
PI587996D	PI587996D
PI587997A	PI587997A
PI587997B	PI587997B
PI587998A	PI587998A
PI587998B	PI587998B
PI587998C	PI587998C
PI587998D	PI587998D
PI587998E	PI587998E
PI587998F	PI587998F
PI587998G	PI587998G
PI587998H	PI587998H
PI587999A	PI587999A
PI587999B	PI587999B
PI587999C	PI587999C
PI587999D	PI587999D
PI588000	PI588000
PI588001	PI588001
PI588002	PI588002
PI588003	PI588003
PI588004	PI588004
PI588005A	PI588005A
PI588005B	PI588005B
PI588005C	PI588005C
PI588006A	PI588006A
PI588006B	PI588006B
PI588007A	PI588007A
PI588007B	PI588007B
PI588008A	PI588008A
PI588008B	PI588008B
PI588008C	PI588008C
PI588008D	PI588008D
PI588009	PI588009
PI588010A	PI588010A
PI588010B	PI588010B
PI588011A	PI588011A
PI588011B	PI588011B
PI588011C	PI588011C
PI588011D	PI588011D
PI588011E	PI588011E
PI588012	PI588012
PI588013	PI588013
PI588014A	PI588014A
PI588014B	PI588014B
PI588014C	PI588014C
PI588014D	PI588014D
PI588015A	PI588015A
PI588015B	PI588015B
PI588015C	PI588015C
PI588015D	PI588015D
PI588016	PI588016
PI588017A	PI588017A
PI588017B	PI588017B
PI588017C	PI588017C
PI588018	PI588018
PI588019A	PI588019A
PI588019B	PI588019B
PI588019C	PI588019C
PI588020	PI588020
PI588021A	PI588021A
PI588021B	PI588021B
PI588022A	PI588022A
PI588022B	PI588022B
PI588023A	PI588023A
PI588023B	PI588023B
PI588024A	PI588024A
PI588024B	PI588024B
PI588025	PI588025
PI588026A	PI588026A
PI588026B	PI588026B
PI588026C	PI588026C
PI588027A	PI588027A
PI588027B	PI588027B
PI588027C	PI588027C
PI588027D	PI588027D
PI588028	PI588028
PI588029	PI588029
PI588030	PI588030
PI588031	PI588031
PI588032A	PI588032A
PI588032B	PI588032B
PI588032C	PI588032C
PI588032D	PI588032D
PI588033A	PI588033A
PI588033B	PI588033B
PI588033C	PI588033C
PI588033D	PI588033D
PI588034	PI588034
PI588035	PI588035
PI588036	PI588036
PI588037	PI588037
PI588038	PI588038
PI588039	PI588039
PI588040	PI588040
PI588041	PI588041
PI588042	PI588042
PI588043	PI588043
PI588044	PI588044
PI588045	PI588045
PI588046	PI588046
PI588047	PI588047
PI588048	PI588048
PI588049	PI588049
PI588050A	PI588050A
PI588050B	PI588050B
PI588051	PI588051
PI588052A	PI588052A
PI588052B	PI588052B
PI588052C	PI588052C
PI588053A	PI588053A
PI588053B	PI588053B
PI590579	PI590579
PI590931	PI590931
PI590932	PI590932
PI591429	PI591429
PI591430	PI591430
PI591431	PI591431
PI591432	PI591432
PI591433	PI591433
PI591434	PI591434
PI591435	PI591435
PI591484	PI591484
PI591485	PI591485
PI591486	PI591486
PI591487	PI591487
PI591488	PI591488
PI591490	PI591490
PI591491	PI591491
PI591492	PI591492
PI591493	PI591493
PI591494	PI591494
PI591495	PI591495
PI591496	PI591496
PI591497	PI591497
PI591498	PI591498
PI591499	PI591499
PI591500	PI591500
PI591501	PI591501
PI591502	PI591502
PI591503	PI591503
PI591504	PI591504
PI591505	PI591505
PI591506	PI591506
PI591507	PI591507
PI591508	PI591508
PI591509	PI591509
PI591510	PI591510
PI591511	PI591511
PI591512	PI591512
PI591513	PI591513
PI591514	PI591514
PI591515	PI591515
PI591516	PI591516
PI591517	PI591517
PI591518	PI591518
PI591519	PI591519
PI591520	PI591520
PI591521	PI591521
PI591522	PI591522
PI591523	PI591523
PI591524	PI591524
PI591525	PI591525
PI591526	PI591526
PI591527	PI591527
PI591528	PI591528
PI591529	PI591529
PI591530	PI591530
PI591531	PI591531
PI591532	PI591532
PI591533	PI591533
PI591534	PI591534
PI591535	PI591535
PI591536	PI591536
PI591537	PI591537
PI591538	PI591538
PI591539	PI591539
PI591540	PI591540
PI591541	PI591541
PI591542	PI591542
PI591543	PI591543
PI591544	PI591544
PI591545	PI591545
PI591546	PI591546
PI591547	PI591547
PI591548	PI591548
PI591561	PI591561
PI591825	PI591825
PI592389	PI592389
PI592523	PI592523
PI592524	PI592524
PI592560	PI592560
PI592756	PI592756
PI592899	PI592899
PI592901	PI592901
PI592903	PI592903
PI592904	PI592904
PI592905	PI592905
PI592906	PI592906
PI592907C	PI592907C
PI592907D	PI592907D
PI592908	PI592908
PI592909	PI592909
PI592910	PI592910
PI592911B	PI592911B
PI592912B	PI592912B
PI592914	PI592914
PI592915	PI592915
PI592916	PI592916
PI592917	PI592917
PI592918	PI592918
PI592919	PI592919
PI592920	PI592920
PI592921	PI592921
PI592922	PI592922
PI592923	PI592923
PI592924	PI592924
PI592925	PI592925
PI592926	PI592926
PI592927	PI592927
PI592928	PI592928
PI592929	PI592929
PI592930	PI592930
PI592931	PI592931
PI592932	PI592932
PI592933	PI592933
PI592934	PI592934
PI592935	PI592935
PI592936	PI592936
PI592937	PI592937
PI592938	PI592938
PI592939	PI592939
PI592940	PI592940
PI592941	PI592941
PI592942	PI592942
PI592943	PI592943
PI592944	PI592944
PI592945	PI592945
PI592946	PI592946
PI592947	PI592947
PI592948	PI592948
PI592949	PI592949
PI592950	PI592950
PI592951	PI592951
PI592952	PI592952
PI592953	PI592953
PI592954	PI592954
PI592956A	PI592956A
PI592956B	PI592956B
PI592956C	PI592956C
PI592957	PI592957
PI592958	PI592958
PI592959	PI592959
PI592960	PI592960
PI592961	PI592961
PI592962A	PI592962A
PI592962B	PI592962B
PI592963	PI592963
PI592964	PI592964
PI592967	PI592967
PI592968	PI592968
PI592969	PI592969
PI592970	PI592970
PI592971	PI592971
PI592972	PI592972
PI592973	PI592973
PI592974	PI592974
PI592975	PI592975
PI592976	PI592976
PI592977	PI592977
PI592978	PI592978
PI592979	PI592979
PI592980	PI592980
PI592981	PI592981
PI593238	PI593238
PI593256	PI593256
PI593257	PI593257
PI593258	PI593258
PI593259	PI593259
PI593463	PI593463
PI593647	PI593647
PI593648	PI593648
PI593653	PI593653
PI593654	PI593654
PI593655	PI593655
PI593938	PI593938
PI593939	PI593939
PI593940	PI593940
PI593941	PI593941
PI593942	PI593942
PI593943	PI593943
PI593944	PI593944
PI593946	PI593946
PI593948	PI593948
PI593949A	PI593949A
PI593949B	PI593949B
PI593950A	PI593950A
PI593950B	PI593950B
PI593951	PI593951
PI593953	PI593953
PI593955	PI593955
PI593956A	PI593956A
PI593956B	PI593956B
PI593956C	PI593956C
PI593956D	PI593956D
PI593956E	PI593956E
PI593957	PI593957
PI593958	PI593958
PI593959	PI593959
PI593960	PI593960
PI593961	PI593961
PI593962	PI593962
PI593963	PI593963
PI593964	PI593964
PI593966	PI593966
PI593967	PI593967
PI593968	PI593968
PI593969	PI593969
PI593970	PI593970
PI593971	PI593971
PI593972	PI593972
PI593973	PI593973
PI593975	PI593975
PI593976	PI593976
PI593979	PI593979
PI593982	PI593982
PI593983	PI593983
PI593984	PI593984
PI593985	PI593985
PI593986	PI593986
PI593987	PI593987
PI593988	PI593988
PI593989	PI593989
PI593990	PI593990
PI593992	PI593992
PI593993A	PI593993A
PI593993B	PI593993B
PI593994	PI593994
PI593995A	PI593995A
PI593995B	PI593995B
PI593996	PI593996
PI593997	PI593997
PI593998	PI593998
PI593999A	PI593999A
PI593999B	PI593999B
PI594000	PI594000
PI594001	PI594001
PI594002	PI594002
PI594003	PI594003
PI594004A	PI594004A
PI594004B	PI594004B
PI594004C	PI594004C
PI594005A	PI594005A
PI594005B	PI594005B
PI594005C	PI594005C
PI594005D	PI594005D
PI594005E	PI594005E
PI594006	PI594006
PI594007	PI594007
PI594008	PI594008
PI594009	PI594009
PI594010	PI594010
PI594011	PI594011
PI594012	PI594012
PI594013	PI594013
PI594014A	PI594014A
PI594014B	PI594014B
PI594015	PI594015
PI594016	PI594016
PI594017	PI594017
PI594018	PI594018
PI594019	PI594019
PI594020	PI594020
PI594021	PI594021
PI594022	PI594022
PI594023A	PI594023A
PI594023B	PI594023B
PI594142	PI594142
PI594146	PI594146
PI594148	PI594148
PI594149	PI594149
PI594152	PI594152
PI594153	PI594153
PI594156	PI594156
PI594158	PI594158
PI594160	PI594160
PI594164	PI594164
PI594166	PI594166
PI594167	PI594167
PI594170A	PI594170A
PI594170B	PI594170B
PI594172A	PI594172A
PI594172B	PI594172B
PI594172C	PI594172C
PI594177	PI594177
PI594178	PI594178
PI594188	PI594188
PI594191	PI594191
PI594193	PI594193
PI594196	PI594196
PI594198	PI594198
PI594200	PI594200
PI594208	PI594208
PI594212	PI594212
PI594215	PI594215
PI594217A	PI594217A
PI594217B	PI594217B
PI594217C	PI594217C
PI594219	PI594219
PI594225A	PI594225A
PI594225B	PI594225B
PI594227A	PI594227A
PI594227B	PI594227B
PI594233A	PI594233A
PI594233B	PI594233B
PI594235	PI594235
PI594238	PI594238
PI594240	PI594240
PI594245A	PI594245A
PI594245B	PI594245B
PI594247	PI594247
PI594249	PI594249
PI594250	PI594250
PI594252A	PI594252A
PI594252B	PI594252B
PI594254	PI594254
PI594255	PI594255
PI594261	PI594261
PI594267	PI594267
PI594268A	PI594268A
PI594268B	PI594268B
PI594276	PI594276
PI594279	PI594279
PI594280A	PI594280A
PI594280B	PI594280B
PI594280C	PI594280C
PI594280D	PI594280D
PI594280E	PI594280E
PI594282	PI594282
PI594283	PI594283
PI594286	PI594286
PI594288	PI594288
PI594289	PI594289
PI594295	PI594295
PI594296	PI594296
PI594297	PI594297
PI594298	PI594298
PI594301	PI594301
PI594302	PI594302
PI594304A	PI594304A
PI594304B	PI594304B
PI594305	PI594305
PI594307	PI594307
PI594308	PI594308
PI594314	PI594314
PI594319	PI594319
PI594386	PI594386
PI594392	PI594392
PI594393	PI594393
PI594394	PI594394
PI594395	PI594395
PI594397A	PI594397A
PI594397B	PI594397B
PI594398A	PI594398A
PI594398B	PI594398B
PI594399A	PI594399A
PI594399C	PI594399C
PI594400	PI594400
PI594401A	PI594401A
PI594401B	PI594401B
PI594401C	PI594401C
PI594401D	PI594401D
PI594401E	PI594401E
PI594402	PI594402
PI594403	PI594403
PI594404	PI594404
PI594405	PI594405
PI594406	PI594406
PI594407	PI594407
PI594408	PI594408
PI594409A	PI594409A
PI594409B	PI594409B
PI594410	PI594410
PI594411	PI594411
PI594412	PI594412
PI594413	PI594413
PI594414A	PI594414A
PI594414B	PI594414B
PI594415A	PI594415A
PI594415B	PI594415B
PI594416	PI594416
PI594417	PI594417
PI594418A	PI594418A
PI594418B	PI594418B
PI594418C	PI594418C
PI594418D	PI594418D
PI594418E	PI594418E
PI594419	PI594419
PI594420	PI594420
PI594421	PI594421
PI594422	PI594422
PI594423	PI594423
PI594424	PI594424
PI594425	PI594425
PI594426A	PI594426A
PI594426B	PI594426B
PI594427A	PI594427A
PI594427B	PI594427B
PI594427C	PI594427C
PI594428	PI594428
PI594429	PI594429
PI594430A	PI594430A
PI594430B	PI594430B
PI594430C	PI594430C
PI594430D	PI594430D
PI594430E	PI594430E
PI594431	PI594431
PI594432	PI594432
PI594433A	PI594433A
PI594433B	PI594433B
PI594433C	PI594433C
PI594434	PI594434
PI594435	PI594435
PI594436	PI594436
PI594437	PI594437
PI594438	PI594438
PI594439A	PI594439A
PI594439B	PI594439B
PI594440	PI594440
PI594441	PI594441
PI594442A	PI594442A
PI594442B	PI594442B
PI594443	PI594443
PI594444A	PI594444A
PI594444B	PI594444B
PI594445	PI594445
PI594446	PI594446
PI594447	PI594447
PI594448A	PI594448A
PI594448B	PI594448B
PI594449	PI594449
PI594450	PI594450
PI594451	PI594451
PI594452	PI594452
PI594453	PI594453
PI594454A	PI594454A
PI594454B	PI594454B
PI594455A	PI594455A
PI594455B	PI594455B
PI594456A	PI594456A
PI594456B	PI594456B
PI594457A	PI594457A
PI594457B	PI594457B
PI594458A	PI594458A
PI594458B	PI594458B
PI594459	PI594459
PI594460	PI594460
PI594461A	PI594461A
PI594461B	PI594461B
PI594462	PI594462
PI594463A	PI594463A
PI594463B	PI594463B
PI594464	PI594464
PI594465	PI594465
PI594466	PI594466
PI594467	PI594467
PI594468	PI594468
PI594469A	PI594469A
PI594469B	PI594469B
PI594470A	PI594470A
PI594470B	PI594470B
PI594470C	PI594470C
PI594470D	PI594470D
PI594471A	PI594471A
PI594471B	PI594471B
PI594471C	PI594471C
PI594471D	PI594471D
PI594471E	PI594471E
PI594473	PI594473
PI594474	PI594474
PI594475A	PI594475A
PI594475B	PI594475B
PI594476	PI594476
PI594477	PI594477
PI594478	PI594478
PI594479	PI594479
PI594480A	PI594480A
PI594480B	PI594480B
PI594480C	PI594480C
PI594481	PI594481
PI594482	PI594482
PI594483	PI594483
PI594484	PI594484
PI594485	PI594485
PI594486A	PI594486A
PI594486B	PI594486B
PI594486C	PI594486C
PI594487	PI594487
PI594488	PI594488
PI594489	PI594489
PI594490	PI594490
PI594491	PI594491
PI594492A	PI594492A
PI594492B	PI594492B
PI594493	PI594493
PI594494A	PI594494A
PI594494B	PI594494B
PI594495	PI594495
PI594496	PI594496
PI594497	PI594497
PI594498A	PI594498A
PI594498B	PI594498B
PI594499	PI594499
PI594500A	PI594500A
PI594500B	PI594500B
PI594500C	PI594500C
PI594500D	PI594500D
PI594501A	PI594501A
PI594501B	PI594501B
PI594502	PI594502
PI594503	PI594503
PI594504	PI594504
PI594505A	PI594505A
PI594505B	PI594505B
PI594506	PI594506
PI594507	PI594507
PI594508	PI594508
PI594509A	PI594509A
PI594509B	PI594509B
PI594510A	PI594510A
PI594510B	PI594510B
PI594510C	PI594510C
PI594511A	PI594511A
PI594511B	PI594511B
PI594511C	PI594511C
PI594512A	PI594512A
PI594512B	PI594512B
PI594512C	PI594512C
PI594512D	PI594512D
PI594513	PI594513
PI594514	PI594514
PI594515	PI594515
PI594516	PI594516
PI594517	PI594517
PI594518	PI594518
PI594519	PI594519
PI594520	PI594520
PI594521	PI594521
PI594522	PI594522
PI594523	PI594523
PI594524	PI594524
PI594525	PI594525
PI594526	PI594526
PI594527	PI594527
PI594528	PI594528
PI594529	PI594529
PI594530	PI594530
PI594531	PI594531
PI594532	PI594532
PI594533A	PI594533A
PI594533B	PI594533B
PI594534	PI594534
PI594535	PI594535
PI594536	PI594536
PI594537	PI594537
PI594538A	PI594538A
PI594538B	PI594538B
PI594539	PI594539
PI594540	PI594540
PI594541	PI594541
PI594542	PI594542
PI594543	PI594543
PI594544	PI594544
PI594545	PI594545
PI594546	PI594546
PI594547	PI594547
PI594548	PI594548
PI594549A	PI594549A
PI594549B	PI594549B
PI594549C	PI594549C
PI594550	PI594550
PI594551	PI594551
PI594552A	PI594552A
PI594552B	PI594552B
PI594553	PI594553
PI594554	PI594554
PI594555A	PI594555A
PI594555B	PI594555B
PI594556	PI594556
PI594557A	PI594557A
PI594557B	PI594557B
PI594558	PI594558
PI594559	PI594559
PI594560A	PI594560A
PI594560B	PI594560B
PI594560C	PI594560C
PI594561	PI594561
PI594562A	PI594562A
PI594562B	PI594562B
PI594563	PI594563
PI594564	PI594564
PI594566	PI594566
PI594567A	PI594567A
PI594567B	PI594567B
PI594567C	PI594567C
PI594567D	PI594567D
PI594568A	PI594568A
PI594568B	PI594568B
PI594568C	PI594568C
PI594569	PI594569
PI594570A	PI594570A
PI594570B	PI594570B
PI594571	PI594571
PI594572A	PI594572A
PI594572B	PI594572B
PI594573	PI594573
PI594574	PI594574
PI594575	PI594575
PI594576	PI594576
PI594577	PI594577
PI594578	PI594578
PI594579	PI594579
PI594580	PI594580
PI594581	PI594581
PI594582	PI594582
PI594583	PI594583
PI594584	PI594584
PI594585	PI594585
PI594586A	PI594586A
PI594586B	PI594586B
PI594586C	PI594586C
PI594587	PI594587
PI594588	PI594588
PI594589	PI594589
PI594590	PI594590
PI594591A	PI594591A
PI594591B	PI594591B
PI594592	PI594592
PI594593	PI594593
PI594594	PI594594
PI594595	PI594595
PI594596	PI594596
PI594597	PI594597
PI594598A	PI594598A
PI594598B	PI594598B
PI594599	PI594599
PI594600	PI594600
PI594601	PI594601
PI594602	PI594602
PI594603A	PI594603A
PI594603B	PI594603B
PI594604	PI594604
PI594605A	PI594605A
PI594605B	PI594605B
PI594606	PI594606
PI594607	PI594607
PI594608A	PI594608A
PI594608B	PI594608B
PI594609	PI594609
PI594610	PI594610
PI594611	PI594611
PI594612	PI594612
PI594613	PI594613
PI594614A	PI594614A
PI594614B	PI594614B
PI594615	PI594615
PI594616	PI594616
PI594617	PI594617
PI594618A	PI594618A
PI594618B	PI594618B
PI594618C	PI594618C
PI594618D	PI594618D
PI594619	PI594619
PI594620	PI594620
PI594621	PI594621
PI594622	PI594622
PI594623	PI594623
PI594624	PI594624
PI594625	PI594625
PI594626	PI594626
PI594627A	PI594627A
PI594627B	PI594627B
PI594628	PI594628
PI594629	PI594629
PI594630	PI594630
PI594631A	PI594631A
PI594631B	PI594631B
PI594632	PI594632
PI594633	PI594633
PI594634	PI594634
PI594635A	PI594635A
PI594635B	PI594635B
PI594635C	PI594635C
PI594635D	PI594635D
PI594636	PI594636
PI594637	PI594637
PI594638A	PI594638A
PI594638B	PI594638B
PI594639	PI594639
PI594640	PI594640
PI594641	PI594641
PI594642	PI594642
PI594643	PI594643
PI594644A	PI594644A
PI594644B	PI594644B
PI594645	PI594645
PI594646	PI594646
PI594647A	PI594647A
PI594647B	PI594647B
PI594648A	PI594648A
PI594648B	PI594648B
PI594649	PI594649
PI594650A	PI594650A
PI594650B	PI594650B
PI594651	PI594651
PI594652A	PI594652A
PI594652B	PI594652B
PI594653	PI594653
PI594654	PI594654
PI594655	PI594655
PI594656	PI594656
PI594657	PI594657
PI594658	PI594658
PI594659A	PI594659A
PI594659B	PI594659B
PI594659C	PI594659C
PI594660A	PI594660A
PI594660B	PI594660B
PI594660C	PI594660C
PI594660D	PI594660D
PI594661	PI594661
PI594662A	PI594662A
PI594662B	PI594662B
PI594663	PI594663
PI594664	PI594664
PI594665	PI594665
PI594666A	PI594666A
PI594666B	PI594666B
PI594667	PI594667
PI594668	PI594668
PI594669	PI594669
PI594670A	PI594670A
PI594670B	PI594670B
PI594670C	PI594670C
PI594670D	PI594670D
PI594671	PI594671
PI594672	PI594672
PI594673	PI594673
PI594674A	PI594674A
PI594674B	PI594674B
PI594674C	PI594674C
PI594675	PI594675
PI594676	PI594676
PI594677	PI594677
PI594678	PI594678
PI594679	PI594679
PI594680	PI594680
PI594681	PI594681
PI594682A	PI594682A
PI594682B	PI594682B
PI594683A	PI594683A
PI594683B	PI594683B
PI594683C	PI594683C
PI594684	PI594684
PI594685A	PI594685A
PI594685B	PI594685B
PI594686	PI594686
PI594687	PI594687
PI594688	PI594688
PI594689	PI594689
PI594690A	PI594690A
PI594690B	PI594690B
PI594691	PI594691
PI594692	PI594692
PI594693A	PI594693A
PI594693B	PI594693B
PI594694	PI594694
PI594695	PI594695
PI594696A	PI594696A
PI594696B	PI594696B
PI594697	PI594697
PI594698	PI594698
PI594699	PI594699
PI594700A	PI594700A
PI594700B	PI594700B
PI594701	PI594701
PI594702	PI594702
PI594703	PI594703
PI594704	PI594704
PI594705	PI594705
PI594706	PI594706
PI594707	PI594707
PI594708A	PI594708A
PI594708B	PI594708B
PI594709	PI594709
PI594710	PI594710
PI594711A	PI594711A
PI594711B	PI594711B
PI594712	PI594712
PI594713	PI594713
PI594714	PI594714
PI594715	PI594715
PI594716A	PI594716A
PI594716B	PI594716B
PI594717A	PI594717A
PI594717B	PI594717B
PI594718A	PI594718A
PI594718B	PI594718B
PI594719	PI594719
PI594720	PI594720
PI594721	PI594721
PI594722	PI594722
PI594723	PI594723
PI594724	PI594724
PI594725	PI594725
PI594726	PI594726
PI594727	PI594727
PI594728A	PI594728A
PI594728B	PI594728B
PI594729	PI594729
PI594730A	PI594730A
PI594730B	PI594730B
PI594731	PI594731
PI594732	PI594732
PI594733	PI594733
PI594734	PI594734
PI594735	PI594735
PI594736	PI594736
PI594737	PI594737
PI594738A	PI594738A
PI594738B	PI594738B
PI594739A	PI594739A
PI594739B	PI594739B
PI594740A	PI594740A
PI594740B	PI594740B
PI594740C	PI594740C
PI594741A	PI594741A
PI594741B	PI594741B
PI594742	PI594742
PI594743	PI594743
PI594744	PI594744
PI594745A	PI594745A
PI594745B	PI594745B
PI594746	PI594746
PI594747A	PI594747A
PI594747B	PI594747B
PI594748A	PI594748A
PI594748B	PI594748B
PI594749	PI594749
PI594750	PI594750
PI594751A	PI594751A
PI594751B	PI594751B
PI594751C	PI594751C
PI594751D	PI594751D
PI594752	PI594752
PI594753A	PI594753A
PI594753B	PI594753B
PI594753C	PI594753C
PI594754	PI594754
PI594755	PI594755
PI594756	PI594756
PI594757	PI594757
PI594758A	PI594758A
PI594758B	PI594758B
PI594758C	PI594758C
PI594759A	PI594759A
PI594759B	PI594759B
PI594759C	PI594759C
PI594759D	PI594759D
PI594760A	PI594760A
PI594760B	PI594760B
PI594761	PI594761
PI594762	PI594762
PI594763A	PI594763A
PI594763B	PI594763B
PI594764	PI594764
PI594765	PI594765
PI594766	PI594766
PI594767A	PI594767A
PI594767B	PI594767B
PI594768	PI594768
PI594769	PI594769
PI594770A	PI594770A
PI594770B	PI594770B
PI594771	PI594771
PI594772A	PI594772A
PI594772B	PI594772B
PI594773	PI594773
PI594774	PI594774
PI594775	PI594775
PI594776	PI594776
PI594777	PI594777
PI594778	PI594778
PI594779	PI594779
PI594780	PI594780
PI594781	PI594781
PI594782	PI594782
PI594783	PI594783
PI594784A	PI594784A
PI594784B	PI594784B
PI594785	PI594785
PI594786A	PI594786A
PI594786B	PI594786B
PI594787	PI594787
PI594788	PI594788
PI594789A	PI594789A
PI594789B	PI594789B
PI594790A	PI594790A
PI594790C	PI594790C
PI594791	PI594791
PI594792A	PI594792A
PI594792B	PI594792B
PI594793	PI594793
PI594794A	PI594794A
PI594794B	PI594794B
PI594795	PI594795
PI594796	PI594796
PI594797	PI594797
PI594798	PI594798
PI594799A	PI594799A
PI594799B	PI594799B
PI594800	PI594800
PI594801A	PI594801A
PI594801B	PI594801B
PI594802A	PI594802A
PI594802B	PI594802B
PI594802C	PI594802C
PI594802D	PI594802D
PI594803A	PI594803A
PI594803B	PI594803B
PI594804	PI594804
PI594805A	PI594805A
PI594805B	PI594805B
PI594806	PI594806
PI594807A	PI594807A
PI594807B	PI594807B
PI594808	PI594808
PI594809A	PI594809A
PI594809B	PI594809B
PI594810A	PI594810A
PI594810B	PI594810B
PI594811	PI594811
PI594812	PI594812
PI594813	PI594813
PI594814	PI594814
PI594815	PI594815
PI594816	PI594816
PI594817	PI594817
PI594818	PI594818
PI594819	PI594819
PI594820A	PI594820A
PI594820B	PI594820B
PI594820C	PI594820C
PI594821A	PI594821A
PI594821B	PI594821B
PI594822	PI594822
PI594823	PI594823
PI594824	PI594824
PI594825	PI594825
PI594826A	PI594826A
PI594826B	PI594826B
PI594827	PI594827
PI594828A	PI594828A
PI594828B	PI594828B
PI594829	PI594829
PI594830	PI594830
PI594831	PI594831
PI594832A	PI594832A
PI594832B	PI594832B
PI594833	PI594833
PI594834A	PI594834A
PI594834B	PI594834B
PI594835A	PI594835A
PI594835B	PI594835B
PI594836	PI594836
PI594837A	PI594837A
PI594837B	PI594837B
PI594837C	PI594837C
PI594838	PI594838
PI594839A	PI594839A
PI594839B	PI594839B
PI594840	PI594840
PI594841A	PI594841A
PI594841B	PI594841B
PI594842	PI594842
PI594843	PI594843
PI594844	PI594844
PI594845	PI594845
PI594846	PI594846
PI594847	PI594847
PI594848	PI594848
PI594849	PI594849
PI594850	PI594850
PI594851	PI594851
PI594852A	PI594852A
PI594852B	PI594852B
PI594852C	PI594852C
PI594853	PI594853
PI594854	PI594854
PI594855	PI594855
PI594856	PI594856
PI594857	PI594857
PI594858A	PI594858A
PI594858B	PI594858B
PI594859	PI594859
PI594860	PI594860
PI594861	PI594861
PI594862	PI594862
PI594863A	PI594863A
PI594863B	PI594863B
PI594864	PI594864
PI594865	PI594865
PI594866	PI594866
PI594867	PI594867
PI594868	PI594868
PI594869	PI594869
PI594870	PI594870
PI594871	PI594871
PI594872	PI594872
PI594873	PI594873
PI594874	PI594874
PI594875A	PI594875A
PI594875B	PI594875B
PI594876	PI594876
PI594877	PI594877
PI594878	PI594878
PI594879	PI594879
PI594880	PI594880
PI594881	PI594881
PI594882A	PI594882A
PI594882B	PI594882B
PI594883	PI594883
PI594884	PI594884
PI594885A	PI594885A
PI594885B	PI594885B
PI594885C	PI594885C
PI594886	PI594886
PI594887	PI594887
PI594888	PI594888
PI594889	PI594889
PI594890	PI594890
PI594891	PI594891
PI594892	PI594892
PI594894	PI594894
PI594895	PI594895
PI594896	PI594896
PI594897	PI594897
PI594898	PI594898
PI594899A	PI594899A
PI594899B	PI594899B
PI594900A	PI594900A
PI594900B	PI594900B
PI594901	PI594901
PI594902	PI594902
PI594903	PI594903
PI594904	PI594904
PI594908	PI594908
PI594922	PI594922
PI595081	PI595081
PI595099	PI595099
PI595363	PI595363
PI595645	PI595645
PI595753	PI595753
PI595754	PI595754
PI595765	PI595765
PI595843	PI595843
PI595926	PI595926
PI596407	PI596407
PI596412	PI596412
PI596413	PI596413
PI596414	PI596414
PI596525	PI596525
PI596526	PI596526
PI596527	PI596527
PI596540	PI596540
PI596541	PI596541
PI596752	PI596752
PI597380	PI597380
PI597381	PI597381
PI597382	PI597382
PI597383	PI597383
PI597384	PI597384
PI597385	PI597385
PI597386	PI597386
PI597387	PI597387
PI597388	PI597388
PI597389	PI597389
PI597390	PI597390
PI597391A	PI597391A
PI597391B	PI597391B
PI597391C	PI597391C
PI597393	PI597393
PI597394	PI597394
PI597395	PI597395
PI597397A	PI597397A
PI597397B	PI597397B
PI597398	PI597398
PI597399	PI597399
PI597400	PI597400
PI597402	PI597402
PI597403A	PI597403A
PI597403B	PI597403B
PI597404	PI597404
PI597405A	PI597405A
PI597405B	PI597405B
PI597405C	PI597405C
PI597405D	PI597405D
PI597406	PI597406
PI597407A	PI597407A
PI597407B	PI597407B
PI597408	PI597408
PI597409	PI597409
PI597411A	PI597411A
PI597411B	PI597411B
PI597412	PI597412
PI597413	PI597413
PI597415	PI597415
PI597416	PI597416
PI597417	PI597417
PI597419	PI597419
PI597420	PI597420
PI597421	PI597421
PI597422	PI597422
PI597423	PI597423
PI597425	PI597425
PI597426	PI597426
PI597427A	PI597427A
PI597427B	PI597427B
PI597428	PI597428
PI597429	PI597429
PI597430A	PI597430A
PI597430B	PI597430B
PI597431	PI597431
PI597432	PI597432
PI597433	PI597433
PI597434	PI597434
PI597435	PI597435
PI597436	PI597436
PI597439	PI597439
PI597440A	PI597440A
PI597440B	PI597440B
PI597440C	PI597440C
PI597441	PI597441
PI597442	PI597442
PI597443	PI597443
PI597444	PI597444
PI597445	PI597445
PI597446	PI597446
PI597447	PI597447
PI597464	PI597464
PI597465	PI597465
PI597467	PI597467
PI597468	PI597468
PI597469	PI597469
PI597470	PI597470
PI597471A	PI597471A
PI597471B	PI597471B
PI597471D	PI597471D
PI597471E	PI597471E
PI597472	PI597472
PI597473	PI597473
PI597474	PI597474
PI597475A	PI597475A
PI597475B	PI597475B
PI597476	PI597476
PI597477	PI597477
PI597478A	PI597478A
PI597478B	PI597478B
PI597479	PI597479
PI597480A	PI597480A
PI597480B	PI597480B
PI597481	PI597481
PI597482	PI597482
PI597483	PI597483
PI597484	PI597484
PI597485	PI597485
PI597486	PI597486
PI597487	PI597487
PI597649	PI597649
PI597651	PI597651
PI597652	PI597652
PI597653	PI597653
PI597654	PI597654
PI597655	PI597655
PI597656	PI597656
PI597657	PI597657
PI597658	PI597658
PI597659	PI597659
PI597660	PI597660
PI597661	PI597661
PI597662	PI597662
PI597663	PI597663
PI597664	PI597664
PI598124	PI598124
PI598222	PI598222
PI598358	PI598358
PI599299	PI599299
PI599300	PI599300
PI599333	PI599333
PI599508	PI599508
PI599509	PI599509
PI599811	PI599811
PI601982	PI601982
PI601983	PI601983
PI601984	PI601984
PI602059	PI602059
PI602060	PI602060
PI602447	PI602447
PI602448	PI602448
PI602449	PI602449
PI602450	PI602450
PI602451	PI602451
PI602452	PI602452
PI602453	PI602453
PI602455	PI602455
PI602490	PI602490
PI602491	PI602491
PI602492	PI602492
PI602493	PI602493
PI602496	PI602496
PI602497A	PI602497A
PI602497B	PI602497B
PI602498	PI602498
PI602499	PI602499
PI602500A	PI602500A
PI602500B	PI602500B
PI602501	PI602501
PI602502A	PI602502A
PI602502B	PI602502B
PI602593	PI602593
PI602594	PI602594
PI602597	PI602597
PI602896	PI602896
PI602897	PI602897
PI602991	PI602991
PI602992	PI602992
PI602993	PI602993
PI602994	PI602994
PI602996	PI602996
PI603147	PI603147
PI603148	PI603148
PI603149	PI603149
PI603150	PI603150
PI603151A	PI603151A
PI603151B	PI603151B
PI603153	PI603153
PI603154	PI603154
PI603155	PI603155
PI603156	PI603156
PI603157	PI603157
PI603158	PI603158
PI603159	PI603159
PI603160	PI603160
PI603161	PI603161
PI603162	PI603162
PI603163	PI603163
PI603164	PI603164
PI603165A	PI603165A
PI603165B	PI603165B
PI603166	PI603166
PI603167	PI603167
PI603168	PI603168
PI603169	PI603169
PI603170	PI603170
PI603171	PI603171
PI603172	PI603172
PI603173	PI603173
PI603174A	PI603174A
PI603174B	PI603174B
PI603175	PI603175
PI603176A	PI603176A
PI603176B	PI603176B
PI603178	PI603178
PI603180	PI603180
PI603181	PI603181
PI603182	PI603182
PI603183	PI603183
PI603184	PI603184
PI603185	PI603185
PI603186	PI603186
PI603187	PI603187
PI603188	PI603188
PI603189	PI603189
PI603190	PI603190
PI603191	PI603191
PI603192	PI603192
PI603193	PI603193
PI603194	PI603194
PI603195	PI603195
PI603196	PI603196
PI603197	PI603197
PI603198	PI603198
PI603199	PI603199
PI603200	PI603200
PI603201	PI603201
PI603202	PI603202
PI603203	PI603203
PI603204	PI603204
PI603205	PI603205
PI603218	PI603218
PI603290	PI603290
PI603291	PI603291
PI603292	PI603292
PI603293A	PI603293A
PI603293B	PI603293B
PI603294	PI603294
PI603295	PI603295
PI603296	PI603296
PI603297	PI603297
PI603298	PI603298
PI603299	PI603299
PI603300	PI603300
PI603301A	PI603301A
PI603301B	PI603301B
PI603302	PI603302
PI603303	PI603303
PI603304	PI603304
PI603305	PI603305
PI603306	PI603306
PI603307	PI603307
PI603308A	PI603308A
PI603308B	PI603308B
PI603309	PI603309
PI603310	PI603310
PI603311	PI603311
PI603312	PI603312
PI603313	PI603313
PI603314	PI603314
PI603315	PI603315
PI603316	PI603316
PI603317	PI603317
PI603318	PI603318
PI603319	PI603319
PI603320	PI603320
PI603321	PI603321
PI603322	PI603322
PI603323	PI603323
PI603324A	PI603324A
PI603324B	PI603324B
PI603325	PI603325
PI603326	PI603326
PI603327	PI603327
PI603328	PI603328
PI603329	PI603329
PI603330	PI603330
PI603331	PI603331
PI603332	PI603332
PI603333	PI603333
PI603334	PI603334
PI603335A	PI603335A
PI603335B	PI603335B
PI603336	PI603336
PI603337A	PI603337A
PI603337B	PI603337B
PI603338	PI603338
PI603339A	PI603339A
PI603339B	PI603339B
PI603340	PI603340
PI603341	PI603341
PI603342	PI603342
PI603343A	PI603343A
PI603343B	PI603343B
PI603344	PI603344
PI603345	PI603345
PI603346A	PI603346A
PI603346B	PI603346B
PI603347	PI603347
PI603348A	PI603348A
PI603348B	PI603348B
PI603348C	PI603348C
PI603349	PI603349
PI603350	PI603350
PI603351	PI603351
PI603352	PI603352
PI603353	PI603353
PI603354	PI603354
PI603355	PI603355
PI603356	PI603356
PI603357	PI603357
PI603358A	PI603358A
PI603358B	PI603358B
PI603359	PI603359
PI603360	PI603360
PI603361	PI603361
PI603362	PI603362
PI603363A	PI603363A
PI603363B	PI603363B
PI603364	PI603364
PI603365	PI603365
PI603366	PI603366
PI603367	PI603367
PI603368	PI603368
PI603369	PI603369
PI603370	PI603370
PI603371	PI603371
PI603372	PI603372
PI603373	PI603373
PI603374	PI603374
PI603375	PI603375
PI603376	PI603376
PI603377	PI603377
PI603378A	PI603378A
PI603378B	PI603378B
PI603379	PI603379
PI603380	PI603380
PI603381A	PI603381A
PI603381B	PI603381B
PI603381C	PI603381C
PI603382A	PI603382A
PI603382B	PI603382B
PI603383	PI603383
PI603384	PI603384
PI603385	PI603385
PI603386	PI603386
PI603387	PI603387
PI603388	PI603388
PI603389	PI603389
PI603390A	PI603390A
PI603390B	PI603390B
PI603391	PI603391
PI603392	PI603392
PI603393	PI603393
PI603394	PI603394
PI603395	PI603395
PI603396	PI603396
PI603397	PI603397
PI603398A	PI603398A
PI603398B	PI603398B
PI603399	PI603399
PI603400	PI603400
PI603401	PI603401
PI603402	PI603402
PI603403	PI603403
PI603404	PI603404
PI603405A	PI603405A
PI603405B	PI603405B
PI603406	PI603406
PI603407	PI603407
PI603408	PI603408
PI603409	PI603409
PI603410	PI603410
PI603411	PI603411
PI603412A	PI603412A
PI603412B	PI603412B
PI603413	PI603413
PI603414	PI603414
PI603415	PI603415
PI603416	PI603416
PI603417	PI603417
PI603418A	PI603418A
PI603418B	PI603418B
PI603418C	PI603418C
PI603418D	PI603418D
PI603419A	PI603419A
PI603419B	PI603419B
PI603419C	PI603419C
PI603420	PI603420
PI603421A	PI603421A
PI603421B	PI603421B
PI603422A	PI603422A
PI603422B	PI603422B
PI603422C	PI603422C
PI603422D	PI603422D
PI603423A	PI603423A
PI603423B	PI603423B
PI603424A	PI603424A
PI603424B	PI603424B
PI603424C	PI603424C
PI603424D	PI603424D
PI603425	PI603425
PI603426A	PI603426A
PI603426B	PI603426B
PI603426C	PI603426C
PI603426D	PI603426D
PI603426E	PI603426E
PI603426F	PI603426F
PI603426G	PI603426G
PI603427A	PI603427A
PI603427B	PI603427B
PI603427C	PI603427C
PI603428A	PI603428A
PI603428B	PI603428B
PI603428C	PI603428C
PI603428D	PI603428D
PI603429A	PI603429A
PI603429B	PI603429B
PI603429C	PI603429C
PI603429D	PI603429D
PI603430A	PI603430A
PI603430B	PI603430B
PI603431	PI603431
PI603432A	PI603432A
PI603432B	PI603432B
PI603432C	PI603432C
PI603433A	PI603433A
PI603433B	PI603433B
PI603434	PI603434
PI603435A	PI603435A
PI603435B	PI603435B
PI603436A	PI603436A
PI603436B	PI603436B
PI603437A	PI603437A
PI603437B	PI603437B
PI603437C	PI603437C
PI603438A	PI603438A
PI603438B	PI603438B
PI603438C	PI603438C
PI603438D	PI603438D
PI603438E	PI603438E
PI603439	PI603439
PI603440A	PI603440A
PI603440B	PI603440B
PI603440C	PI603440C
PI603441	PI603441
PI603442	PI603442
PI603443A	PI603443A
PI603443B	PI603443B
PI603443C	PI603443C
PI603444A	PI603444A
PI603444B	PI603444B
PI603444C	PI603444C
PI603444D	PI603444D
PI603444E	PI603444E
PI603445A	PI603445A
PI603445B	PI603445B
PI603446	PI603446
PI603447	PI603447
PI603448	PI603448
PI603449	PI603449
PI603450	PI603450
PI603451A	PI603451A
PI603451B	PI603451B
PI603452	PI603452
PI603453	PI603453
PI603454	PI603454
PI603455A	PI603455A
PI603455B	PI603455B
PI603456	PI603456
PI603457A	PI603457A
PI603457B	PI603457B
PI603457C	PI603457C
PI603458A	PI603458A
PI603458B	PI603458B
PI603458C	PI603458C
PI603459	PI603459
PI603460	PI603460
PI603461	PI603461
PI603462	PI603462
PI603463	PI603463
PI603464	PI603464
PI603465A	PI603465A
PI603465B	PI603465B
PI603465C	PI603465C
PI603465D	PI603465D
PI603466A	PI603466A
PI603466B	PI603466B
PI603467	PI603467
PI603468	PI603468
PI603469	PI603469
PI603470	PI603470
PI603471	PI603471
PI603472A	PI603472A
PI603472B	PI603472B
PI603472C	PI603472C
PI603472D	PI603472D
PI603473	PI603473
PI603474	PI603474
PI603475	PI603475
PI603476	PI603476
PI603477A	PI603477A
PI603477B	PI603477B
PI603478	PI603478
PI603479	PI603479
PI603480	PI603480
PI603481	PI603481
PI603482	PI603482
PI603483	PI603483
PI603484	PI603484
PI603485	PI603485
PI603486	PI603486
PI603487A	PI603487A
PI603487B	PI603487B
PI603487C	PI603487C
PI603488	PI603488
PI603489	PI603489
PI603490	PI603490
PI603491	PI603491
PI603492	PI603492
PI603493	PI603493
PI603494	PI603494
PI603495A	PI603495A
PI603495B	PI603495B
PI603496A	PI603496A
PI603496B	PI603496B
PI603497	PI603497
PI603498A	PI603498A
PI603498B	PI603498B
PI603499	PI603499
PI603500	PI603500
PI603501	PI603501
PI603502A	PI603502A
PI603502B	PI603502B
PI603502C	PI603502C
PI603502D	PI603502D
PI603503	PI603503
PI603504	PI603504
PI603505	PI603505
PI603506	PI603506
PI603507	PI603507
PI603508	PI603508
PI603509	PI603509
PI603510	PI603510
PI603511A	PI603511A
PI603511B	PI603511B
PI603511C	PI603511C
PI603512	PI603512
PI603513A	PI603513A
PI603513B	PI603513B
PI603514	PI603514
PI603515	PI603515
PI603516	PI603516
PI603517A	PI603517A
PI603517B	PI603517B
PI603518	PI603518
PI603519	PI603519
PI603520	PI603520
PI603521	PI603521
PI603522	PI603522
PI603523	PI603523
PI603524	PI603524
PI603525	PI603525
PI603526	PI603526
PI603527A	PI603527A
PI603527B	PI603527B
PI603528	PI603528
PI603529	PI603529
PI603530A	PI603530A
PI603530B	PI603530B
PI603530C	PI603530C
PI603531A	PI603531A
PI603531B	PI603531B
PI603532	PI603532
PI603533	PI603533
PI603534A	PI603534A
PI603534B	PI603534B
PI603535	PI603535
PI603536	PI603536
PI603537A	PI603537A
PI603537B	PI603537B
PI603537C	PI603537C
PI603537D	PI603537D
PI603538A	PI603538A
PI603538B	PI603538B
PI603538C	PI603538C
PI603538D	PI603538D
PI603538E	PI603538E
PI603538F	PI603538F
PI603539A	PI603539A
PI603539B	PI603539B
PI603539C	PI603539C
PI603539D	PI603539D
PI603540A	PI603540A
PI603540B	PI603540B
PI603541A	PI603541A
PI603541B	PI603541B
PI603542	PI603542
PI603543A	PI603543A
PI603543B	PI603543B
PI603543C	PI603543C
PI603543D	PI603543D
PI603543E	PI603543E
PI603544A	PI603544A
PI603544B	PI603544B
PI603545A	PI603545A
PI603545B	PI603545B
PI603546A	PI603546A
PI603546B	PI603546B
PI603547	PI603547
PI603548A	PI603548A
PI603548B	PI603548B
PI603549	PI603549
PI603550	PI603550
PI603551A	PI603551A
PI603551B	PI603551B
PI603551C	PI603551C
PI603552	PI603552
PI603553	PI603553
PI603554A	PI603554A
PI603554B	PI603554B
PI603555	PI603555
PI603556	PI603556
PI603557	PI603557
PI603558	PI603558
PI603559	PI603559
PI603560	PI603560
PI603561	PI603561
PI603562A	PI603562A
PI603562B	PI603562B
PI603563A	PI603563A
PI603563B	PI603563B
PI603563C	PI603563C
PI603564A	PI603564A
PI603564B	PI603564B
PI603564C	PI603564C
PI603565	PI603565
PI603566	PI603566
PI603567A	PI603567A
PI603567B	PI603567B
PI603568	PI603568
PI603569A	PI603569A
PI603569B	PI603569B
PI603570A	PI603570A
PI603570B	PI603570B
PI603570C	PI603570C
PI603570D	PI603570D
PI603571A	PI603571A
PI603571B	PI603571B
PI603571C	PI603571C
PI603572	PI603572
PI603573A	PI603573A
PI603573B	PI603573B
PI603574	PI603574
PI603575	PI603575
PI603576A	PI603576A
PI603576B	PI603576B
PI603577	PI603577
PI603578	PI603578
PI603579	PI603579
PI603580	PI603580
PI603581	PI603581
PI603582	PI603582
PI603583	PI603583
PI603584	PI603584
PI603585A	PI603585A
PI603585B	PI603585B
PI603586	PI603586
PI603587A	PI603587A
PI603587B	PI603587B
PI603587C	PI603587C
PI603588	PI603588
PI603589	PI603589
PI603590	PI603590
PI603591	PI603591
PI603592	PI603592
PI603593	PI603593
PI603594	PI603594
PI603595	PI603595
PI603596	PI603596
PI603597	PI603597
PI603598A	PI603598A
PI603598B	PI603598B
PI603599A	PI603599A
PI603599B	PI603599B
PI603600	PI603600
PI603601	PI603601
PI603602	PI603602
PI603603	PI603603
PI603604	PI603604
PI603605	PI603605
PI603606	PI603606
PI603608	PI603608
PI603609	PI603609
PI603610A	PI603610A
PI603610B	PI603610B
PI603611A	PI603611A
PI603611B	PI603611B
PI603612	PI603612
PI603613	PI603613
PI603614A	PI603614A
PI603614B	PI603614B
PI603615A	PI603615A
PI603615B	PI603615B
PI603616	PI603616
PI603617	PI603617
PI603618	PI603618
PI603619	PI603619
PI603620	PI603620
PI603621	PI603621
PI603622	PI603622
PI603623	PI603623
PI603624	PI603624
PI603625	PI603625
PI603626	PI603626
PI603627	PI603627
PI603628	PI603628
PI603629A	PI603629A
PI603629B	PI603629B
PI603630	PI603630
PI603631	PI603631
PI603632	PI603632
PI603633	PI603633
PI603634	PI603634
PI603635	PI603635
PI603636	PI603636
PI603637A	PI603637A
PI603637B	PI603637B
PI603638	PI603638
PI603639	PI603639
PI603640	PI603640
PI603641	PI603641
PI603642	PI603642
PI603643	PI603643
PI603644	PI603644
PI603645	PI603645
PI603646	PI603646
PI603647	PI603647
PI603648	PI603648
PI603649	PI603649
PI603650	PI603650
PI603651	PI603651
PI603652	PI603652
PI603653	PI603653
PI603654	PI603654
PI603655	PI603655
PI603656	PI603656
PI603658	PI603658
PI603659	PI603659
PI603660	PI603660
PI603661A	PI603661A
PI603661B	PI603661B
PI603662A	PI603662A
PI603662B	PI603662B
PI603663	PI603663
PI603664	PI603664
PI603665	PI603665
PI603666	PI603666
PI603667A	PI603667A
PI603667B	PI603667B
PI603668A	PI603668A
PI603668B	PI603668B
PI603669	PI603669
PI603670	PI603670
PI603671	PI603671
PI603672A	PI603672A
PI603672B	PI603672B
PI603673A	PI603673A
PI603673B	PI603673B
PI603673C	PI603673C
PI603673D	PI603673D
PI603673E	PI603673E
PI603673F	PI603673F
PI603673G	PI603673G
PI603674	PI603674
PI603675	PI603675
PI603676	PI603676
PI603677A	PI603677A
PI603677B	PI603677B
PI603678A	PI603678A
PI603678B	PI603678B
PI603679	PI603679
PI603680	PI603680
PI603681A	PI603681A
PI603681B	PI603681B
PI603682	PI603682
PI603683	PI603683
PI603684	PI603684
PI603685A	PI603685A
PI603685B	PI603685B
PI603686	PI603686
PI603687A	PI603687A
PI603687B	PI603687B
PI603688	PI603688
PI603689	PI603689
PI603690	PI603690
PI603691	PI603691
PI603692	PI603692
PI603693A	PI603693A
PI603693B	PI603693B
PI603694A	PI603694A
PI603694B	PI603694B
PI603695	PI603695
PI603696	PI603696
PI603697	PI603697
PI603698A	PI603698A
PI603698B	PI603698B
PI603698C	PI603698C
PI603698D	PI603698D
PI603698E	PI603698E
PI603698F	PI603698F
PI603698G	PI603698G
PI603698H	PI603698H
PI603698I	PI603698I
PI603698J	PI603698J
PI603700	PI603700
PI603701	PI603701
PI603702A	PI603702A
PI603702B	PI603702B
PI603703A	PI603703A
PI603703B	PI603703B
PI603704A	PI603704A
PI603704B	PI603704B
PI603705A	PI603705A
PI603705B	PI603705B
PI603706A	PI603706A
PI603706B	PI603706B
PI603707	PI603707
PI603708	PI603708
PI603709	PI603709
PI603711A	PI603711A
PI603711B	PI603711B
PI603712	PI603712
PI603713	PI603713
PI603714	PI603714
PI603715	PI603715
PI603716	PI603716
PI603717	PI603717
PI603718A	PI603718A
PI603718B	PI603718B
PI603719A	PI603719A
PI603719B	PI603719B
PI603719C	PI603719C
PI603720	PI603720
PI603721	PI603721
PI603722	PI603722
PI603723	PI603723
PI603724A	PI603724A
PI603724B	PI603724B
PI603724C	PI603724C
PI603724D	PI603724D
PI603724E	PI603724E
PI603725	PI603725
PI603726	PI603726
PI603727	PI603727
PI603728	PI603728
PI603729	PI603729
PI603730A	PI603730A
PI603730B	PI603730B
PI603730C	PI603730C
PI603730D	PI603730D
PI603730E	PI603730E
PI603731A	PI603731A
PI603731B	PI603731B
PI603732A	PI603732A
PI603732B	PI603732B
PI603733	PI603733
PI603734	PI603734
PI603735A	PI603735A
PI603735B	PI603735B
PI603736	PI603736
PI603737A	PI603737A
PI603737B	PI603737B
PI603737C	PI603737C
PI603738	PI603738
PI603739	PI603739
PI603740A	PI603740A
PI603740B	PI603740B
PI603741A	PI603741A
PI603741B	PI603741B
PI603742A	PI603742A
PI603742B	PI603742B
PI603742C	PI603742C
PI603742D	PI603742D
PI603743A	PI603743A
PI603743B	PI603743B
PI603744	PI603744
PI603745	PI603745
PI603746	PI603746
PI603747	PI603747
PI603748	PI603748
PI603749	PI603749
PI603750A	PI603750A
PI603750B	PI603750B
PI603751A	PI603751A
PI603751B	PI603751B
PI603752	PI603752
PI603753A	PI603753A
PI603753B	PI603753B
PI603754	PI603754
PI603755A	PI603755A
PI603755B	PI603755B
PI603755C	PI603755C
PI603755D	PI603755D
PI603755E	PI603755E
PI603756	PI603756
PI603757A	PI603757A
PI603757B	PI603757B
PI603757C	PI603757C
PI603758A	PI603758A
PI603758B	PI603758B
PI603758C	PI603758C
PI603758D	PI603758D
PI603758E	PI603758E
PI603759A	PI603759A
PI603759B	PI603759B
PI603760	PI603760
PI603761	PI603761
PI603764A	PI603764A
PI603764B	PI603764B
PI603764C	PI603764C
PI603765	PI603765
PI603767	PI603767
PI603768	PI603768
PI603769	PI603769
PI603770	PI603770
PI603772	PI603772
PI603774	PI603774
PI603775A	PI603775A
PI603775B	PI603775B
PI603776	PI603776
PI603777	PI603777
PI603778	PI603778
PI603780	PI603780
PI603781	PI603781
PI603782	PI603782
PI603783	PI603783
PI603784	PI603784
PI603785	PI603785
PI603786	PI603786
PI603787	PI603787
PI603900	PI603900
PI603907	PI603907
PI603908	PI603908
PI603909A	PI603909A
PI603909B	PI603909B
PI603909C	PI603909C
PI603910A	PI603910A
PI603910B	PI603910B
PI603910C	PI603910C
PI603910D	PI603910D
PI603911A	PI603911A
PI603911B	PI603911B
PI603911C	PI603911C
PI603912	PI603912
PI603913A	PI603913A
PI603913B	PI603913B
PI603913C	PI603913C
PI603913D	PI603913D
PI603914	PI603914
PI603915A	PI603915A
PI603915B	PI603915B
PI603915C	PI603915C
PI603915D	PI603915D
PI603915E	PI603915E
PI603916	PI603916
PI603917	PI603917
PI603953	PI603953
PI604100	PI604100
PI604464	PI604464
PI605411	PI605411
PI605743A	PI605743A
PI605743B	PI605743B
PI605745A	PI605745A
PI605745B	PI605745B
PI605745C	PI605745C
PI605752	PI605752
PI605753	PI605753
PI605754	PI605754
PI605755	PI605755
PI605757	PI605757
PI605758A	PI605758A
PI605758B	PI605758B
PI605758D	PI605758D
PI605759	PI605759
PI605760	PI605760
PI605761	PI605761
PI605763	PI605763
PI605764A	PI605764A
PI605764B	PI605764B
PI605765A	PI605765A
PI605765B	PI605765B
PI605767B	PI605767B
PI605772	PI605772
PI605773	PI605773
PI605774	PI605774
PI605775	PI605775
PI605776	PI605776
PI605777	PI605777
PI605778A	PI605778A
PI605778B	PI605778B
PI605779A	PI605779A
PI605779B	PI605779B
PI605779C	PI605779C
PI605779E	PI605779E
PI605780A	PI605780A
PI605780C	PI605780C
PI605781A	PI605781A
PI605781B	PI605781B
PI605781C	PI605781C
PI605781D	PI605781D
PI605781E	PI605781E
PI605783	PI605783
PI605785	PI605785
PI605786A	PI605786A
PI605786B	PI605786B
PI605786D	PI605786D
PI605787A	PI605787A
PI605787B	PI605787B
PI605787C	PI605787C
PI605787D	PI605787D
PI605789A	PI605789A
PI605789B	PI605789B
PI605789C	PI605789C
PI605789D	PI605789D
PI605790	PI605790
PI605791A	PI605791A
PI605791B	PI605791B
PI605792B	PI605792B
PI605792D	PI605792D
PI605793	PI605793
PI605799A	PI605799A
PI605804A	PI605804A
PI605804B	PI605804B
PI605805A	PI605805A
PI605805B	PI605805B
PI605806A	PI605806A
PI605806B	PI605806B
PI605808	PI605808
PI605809A	PI605809A
PI605809B	PI605809B
PI605810A	PI605810A
PI605810B	PI605810B
PI605810C	PI605810C
PI605812	PI605812
PI605813	PI605813
PI605814	PI605814
PI605817A	PI605817A
PI605817C	PI605817C
PI605817D	PI605817D
PI605818B	PI605818B
PI605821A	PI605821A
PI605821B	PI605821B
PI605821C	PI605821C
PI605824A	PI605824A
PI605824B	PI605824B
PI605825A	PI605825A
PI605825B	PI605825B
PI605825C	PI605825C
PI605826A	PI605826A
PI605826B	PI605826B
PI605826C	PI605826C
PI605826D	PI605826D
PI605826E	PI605826E
PI605827A	PI605827A
PI605827B	PI605827B
PI605827C	PI605827C
PI605828A	PI605828A
PI605828B	PI605828B
PI605828C	PI605828C
PI605829	PI605829
PI605830A	PI605830A
PI605830B	PI605830B
PI605831A	PI605831A
PI605831B	PI605831B
PI605831C	PI605831C
PI605832A	PI605832A
PI605832B	PI605832B
PI605834A	PI605834A
PI605834B	PI605834B
PI605834C	PI605834C
PI605835	PI605835
PI605836	PI605836
PI605837A	PI605837A
PI605837B	PI605837B
PI605837C	PI605837C
PI605838	PI605838
PI605839A	PI605839A
PI605839B	PI605839B
PI605839C	PI605839C
PI605840A	PI605840A
PI605840B	PI605840B
PI605840C	PI605840C
PI605840D	PI605840D
PI605840E	PI605840E
PI605840F	PI605840F
PI605840G	PI605840G
PI605841A	PI605841A
PI605841B	PI605841B
PI605842A	PI605842A
PI605842C	PI605842C
PI605844C	PI605844C
PI605844D	PI605844D
PI605844E	PI605844E
PI605844F	PI605844F
PI605845C	PI605845C
PI605846C	PI605846C
PI605846E	PI605846E
PI605846F	PI605846F
PI605848	PI605848
PI605850A	PI605850A
PI605850B	PI605850B
PI605853A	PI605853A
PI605853B	PI605853B
PI605853C	PI605853C
PI605854A	PI605854A
PI605854B	PI605854B
PI605856	PI605856
PI605857B	PI605857B
PI605858	PI605858
PI605859A	PI605859A
PI605859B	PI605859B
PI605860	PI605860
PI605861A	PI605861A
PI605861B	PI605861B
PI605862A	PI605862A
PI605862B	PI605862B
PI605862C	PI605862C
PI605863A	PI605863A
PI605863B	PI605863B
PI605864	PI605864
PI605865A	PI605865A
PI605865B	PI605865B
PI605866	PI605866
PI605867	PI605867
PI605868	PI605868
PI605869A	PI605869A
PI605869B	PI605869B
PI605870A	PI605870A
PI605870B	PI605870B
PI605871A	PI605871A
PI605871B	PI605871B
PI605871C	PI605871C
PI605872	PI605872
PI605873	PI605873
PI605874A	PI605874A
PI605874B	PI605874B
PI605874C	PI605874C
PI605875	PI605875
PI605876A	PI605876A
PI605876B	PI605876B
PI605876C	PI605876C
PI605876D	PI605876D
PI605876E	PI605876E
PI605877A	PI605877A
PI605877B	PI605877B
PI605877C	PI605877C
PI605877D	PI605877D
PI605877E	PI605877E
PI605877F	PI605877F
PI605879	PI605879
PI605880	PI605880
PI605882A	PI605882A
PI605882B	PI605882B
PI605883	PI605883
PI605884A	PI605884A
PI605884B	PI605884B
PI605884C	PI605884C
PI605884D	PI605884D
PI605884E	PI605884E
PI605884F	PI605884F
PI605885A	PI605885A
PI605885B	PI605885B
PI605885C	PI605885C
PI605886A	PI605886A
PI605886B	PI605886B
PI605886C	PI605886C
PI605886D	PI605886D
PI605886E	PI605886E
PI605887A	PI605887A
PI605888	PI605888
PI605889	PI605889
PI605890A	PI605890A
PI605891A	PI605891A
PI605891B	PI605891B
PI605891C	PI605891C
PI605891D	PI605891D
PI605895	PI605895
PI605896B	PI605896B
PI605896C	PI605896C
PI605897A	PI605897A
PI605897C	PI605897C
PI605899A	PI605899A
PI605899B	PI605899B
PI605901	PI605901
PI605906	PI605906
PI605909A	PI605909A
PI605909B	PI605909B
PI605909C	PI605909C
PI606362	PI606362
PI606363	PI606363
PI606364	PI606364
PI606365	PI606365
PI606366	PI606366
PI606367	PI606367
PI606368	PI606368
PI606369A	PI606369A
PI606369B	PI606369B
PI606370	PI606370
PI606371	PI606371
PI606372	PI606372
PI606373	PI606373
PI606374	PI606374
PI606375	PI606375
PI606376	PI606376
PI606377	PI606377
PI606378	PI606378
PI606379	PI606379
PI606380A	PI606380A
PI606380B	PI606380B
PI606382A	PI606382A
PI606382B	PI606382B
PI606383	PI606383
PI606384	PI606384
PI606386	PI606386
PI606387	PI606387
PI606388	PI606388
PI606389	PI606389
PI606390A	PI606390A
PI606390B	PI606390B
PI606391	PI606391
PI606392	PI606392
PI606393	PI606393
PI606394	PI606394
PI606395	PI606395
PI606396	PI606396
PI606397A	PI606397A
PI606397B	PI606397B
PI606398	PI606398
PI606399	PI606399
PI606400	PI606400
PI606401	PI606401
PI606402	PI606402
PI606403	PI606403
PI606404	PI606404
PI606405	PI606405
PI606406	PI606406
PI606407	PI606407
PI606408	PI606408
PI606409	PI606409
PI606410	PI606410
PI606411	PI606411
PI606412	PI606412
PI606413	PI606413
PI606414	PI606414
PI606415	PI606415
PI606416A	PI606416A
PI606416B	PI606416B
PI606417	PI606417
PI606418A	PI606418A
PI606418B	PI606418B
PI606419	PI606419
PI606420	PI606420
PI606421	PI606421
PI606422	PI606422
PI606423	PI606423
PI606424	PI606424
PI606425	PI606425
PI606426	PI606426
PI606427	PI606427
PI606428	PI606428
PI606429	PI606429
PI606430	PI606430
PI606431	PI606431
PI606432A	PI606432A
PI606432B	PI606432B
PI606433	PI606433
PI606434	PI606434
PI606435	PI606435
PI606436	PI606436
PI606437	PI606437
PI606438A	PI606438A
PI606438B	PI606438B
PI606439	PI606439
PI606440A	PI606440A
PI606440B	PI606440B
PI606440C	PI606440C
PI606441	PI606441
PI606442	PI606442
PI606443	PI606443
PI606444	PI606444
PI606748	PI606748
PI606749	PI606749
PI607380	PI607380
PI607385	PI607385
PI607528	PI607528
PI607835	PI607835
PI608033	PI608033
PI608357	PI608357
PI608438	PI608438
PI608726	PI608726
PI610670	PI610670
PI610671	PI610671
PI611112	PI611112
PI612146	PI612146
PI612157	PI612157
PI612344	PI612344
PI612594	PI612594
PI612608	PI612608
PI612609	PI612609
PI612610	PI612610
PI612611	PI612611
PI612612A	PI612612A
PI612612B	PI612612B
PI612613	PI612613
PI612614	PI612614
PI612615	PI612615
PI612616	PI612616
PI612617A	PI612617A
PI612617B	PI612617B
PI612705	PI612705
PI612706A	PI612706A
PI612706B	PI612706B
PI612707A	PI612707A
PI612707B	PI612707B
PI612708A	PI612708A
PI612708B	PI612708B
PI612708C	PI612708C
PI612708D	PI612708D
PI612709A	PI612709A
PI612709B	PI612709B
PI612709C	PI612709C
PI612710	PI612710
PI612711A	PI612711A
PI612711B	PI612711B
PI612712	PI612712
PI612713A	PI612713A
PI612713B	PI612713B
PI612714A	PI612714A
PI612714B	PI612714B
PI612715	PI612715
PI612716	PI612716
PI612717	PI612717
PI612718	PI612718
PI612719	PI612719
PI612720A	PI612720A
PI612720B	PI612720B
PI612721A	PI612721A
PI612721B	PI612721B
PI612722	PI612722
PI612723	PI612723
PI612724	PI612724
PI612725	PI612725
PI612726	PI612726
PI612727	PI612727
PI612728	PI612728
PI612729	PI612729
PI612730	PI612730
PI612731	PI612731
PI612732	PI612732
PI612733	PI612733
PI612734	PI612734
PI612735	PI612735
PI612736	PI612736
PI612737	PI612737
PI612738	PI612738
PI612739	PI612739
PI612740	PI612740
PI612741	PI612741
PI612742	PI612742
PI612743	PI612743
PI612744	PI612744
PI612745	PI612745
PI612746	PI612746
PI612747	PI612747
PI612748	PI612748
PI612749	PI612749
PI612750	PI612750
PI612751	PI612751
PI612752	PI612752
PI612753A	PI612753A
PI612753B	PI612753B
PI612754	PI612754
PI612756	PI612756
PI612757	PI612757
PI612758A	PI612758A
PI612758B	PI612758B
PI612759A	PI612759A
PI612759B	PI612759B
PI612759C	PI612759C
PI612759D	PI612759D
PI612760	PI612760
PI612761A	PI612761A
PI612761B	PI612761B
PI612762	PI612762
PI612763	PI612763
PI612764	PI612764
PI612930	PI612930
PI612931	PI612931
PI612932	PI612932
PI613055	PI613055
PI613056	PI613056
PI613195	PI613195
PI613558A	PI613558A
PI613558B	PI613558B
PI613559A	PI613559A
PI613559B	PI613559B
PI613559C	PI613559C
PI613559D	PI613559D
PI613559E	PI613559E
PI613559F	PI613559F
PI613560	PI613560
PI613561	PI613561
PI613562	PI613562
PI614088	PI614088
PI614153	PI614153
PI614154	PI614154
PI614155	PI614155
PI614156	PI614156
PI614673	PI614673
PI614674	PI614674
PI614702	PI614702
PI614732	PI614732
PI614806	PI614806
PI614807	PI614807
PI614808	PI614808
PI614831	PI614831
PI614832	PI614832
PI614833	PI614833
PI615435	PI615435
PI615436	PI615436
PI615437	PI615437
PI615438	PI615438
PI615442	PI615442
PI615443	PI615443
PI615444	PI615444
PI615445	PI615445
PI615446	PI615446
PI615447	PI615447
PI615448	PI615448
PI615449	PI615449
PI615450	PI615450
PI615451A	PI615451A
PI615451B	PI615451B
PI615452	PI615452
PI615454	PI615454
PI615455	PI615455
PI615456	PI615456
PI615457	PI615457
PI615458	PI615458
PI615461	PI615461
PI615462	PI615462
PI615464	PI615464
PI615466	PI615466
PI615467	PI615467
PI615469	PI615469
PI615470	PI615470
PI615471A	PI615471A
PI615471B	PI615471B
PI615472	PI615472
PI615473	PI615473
PI615474	PI615474
PI615475	PI615475
PI615476	PI615476
PI615477	PI615477
PI615478	PI615478
PI615481	PI615481
PI615482	PI615482
PI615483	PI615483
PI615484	PI615484
PI615485	PI615485
PI615487	PI615487
PI615488	PI615488
PI615489	PI615489
PI615491	PI615491
PI615493	PI615493
PI615494	PI615494
PI615495	PI615495
PI615496	PI615496
PI615497	PI615497
PI615498	PI615498
PI615499	PI615499
PI615500	PI615500
PI615501	PI615501
PI615502	PI615502
PI615504	PI615504
PI615505	PI615505
PI615507	PI615507
PI615508	PI615508
PI615509A	PI615509A
PI615509B	PI615509B
PI615510A	PI615510A
PI615510B	PI615510B
PI615510C	PI615510C
PI615511	PI615511
PI615512	PI615512
PI615513	PI615513
PI615514	PI615514
PI615515	PI615515
PI615516	PI615516
PI615517	PI615517
PI615553	PI615553
PI615554	PI615554
PI615555	PI615555
PI615556	PI615556
PI615582	PI615582
PI615585	PI615585
PI615586	PI615586
PI615694	PI615694
PI615695	PI615695
PI616498	PI616498
PI617041	PI617041
PI617045	PI617045
PI618613	PI618613
PI618808	PI618808
PI618809	PI618809
PI619083	PI619083
PI619232	PI619232
PI619615	PI619615
PI619616	PI619616
PI619617	PI619617
PI620883	PI620883
PI628271	PI628271
PI628797	PI628797
PI628799	PI628799
PI628800	PI628800
PI628801	PI628801
PI628802	PI628802
PI628803	PI628803
PI628804	PI628804
PI628805	PI628805
PI628806	PI628806
PI628807	PI628807
PI628808	PI628808
PI628809	PI628809
PI628810	PI628810
PI628811	PI628811
PI628812	PI628812
PI628813	PI628813
PI628814	PI628814
PI628815	PI628815
PI628816	PI628816
PI628817	PI628817
PI628819	PI628819
PI628820	PI628820
PI628821	PI628821
PI628822	PI628822
PI628823	PI628823
PI628824	PI628824
PI628825	PI628825
PI628826	PI628826
PI628827	PI628827
PI628828	PI628828
PI628829	PI628829
PI628830	PI628830
PI628831	PI628831
PI628832	PI628832
PI628833	PI628833
PI628834	PI628834
PI628835	PI628835
PI628836	PI628836
PI628837	PI628837
PI628838	PI628838
PI628839	PI628839
PI628840	PI628840
PI628841	PI628841
PI628842	PI628842
PI628843	PI628843
PI628844	PI628844
PI628845	PI628845
PI628846	PI628846
PI628847	PI628847
PI628848A	PI628848A
PI628848B	PI628848B
PI628848C	PI628848C
PI628849	PI628849
PI628850	PI628850
PI628851	PI628851
PI628852	PI628852
PI628853	PI628853
PI628854	PI628854
PI628855	PI628855
PI628856	PI628856
PI628857	PI628857
PI628858	PI628858
PI628859	PI628859
PI628860	PI628860
PI628861	PI628861
PI628862	PI628862
PI628863	PI628863
PI628864	PI628864
PI628865	PI628865
PI628866	PI628866
PI628867	PI628867
PI628868	PI628868
PI628869	PI628869
PI628870	PI628870
PI628871	PI628871
PI628872	PI628872
PI628873	PI628873
PI628874	PI628874
PI628875	PI628875
PI628876	PI628876
PI628877	PI628877
PI628878	PI628878
PI628879	PI628879
PI628880	PI628880
PI628881	PI628881
PI628882	PI628882
PI628883	PI628883
PI628884	PI628884
PI628885	PI628885
PI628886	PI628886
PI628887	PI628887
PI628888	PI628888
PI628889	PI628889
PI628890	PI628890
PI628891	PI628891
PI628892	PI628892
PI628893	PI628893
PI628894	PI628894
PI628895	PI628895
PI628896	PI628896
PI628897	PI628897
PI628898	PI628898
PI628899	PI628899
PI628900	PI628900
PI628901	PI628901
PI628902	PI628902
PI628903	PI628903
PI628904	PI628904
PI628905	PI628905
PI628906	PI628906
PI628907	PI628907
PI628908	PI628908
PI628909	PI628909
PI628910	PI628910
PI628911	PI628911
PI628912	PI628912
PI628913	PI628913
PI628914	PI628914
PI628915	PI628915
PI628916	PI628916
PI628917	PI628917
PI628918	PI628918
PI628919	PI628919
PI628920	PI628920
PI628923	PI628923
PI628924	PI628924
PI628925	PI628925
PI628926	PI628926
PI628927	PI628927
PI628928	PI628928
PI628929	PI628929
PI628930	PI628930
PI628931	PI628931
PI628932	PI628932
PI628933	PI628933
PI628934	PI628934
PI628935	PI628935
PI628936	PI628936
PI628937	PI628937
PI628938	PI628938
PI628939	PI628939
PI628940	PI628940
PI628941	PI628941
PI628942	PI628942
PI628943	PI628943
PI628945	PI628945
PI628946	PI628946
PI628947	PI628947
PI628948	PI628948
PI628949	PI628949
PI628950	PI628950
PI628951	PI628951
PI628952	PI628952
PI628953	PI628953
PI628954	PI628954
PI628957	PI628957
PI628958	PI628958
PI628959	PI628959
PI628960	PI628960
PI628961	PI628961
PI628962	PI628962
PI628963	PI628963
PI628964	PI628964
PI628965	PI628965
PI628966	PI628966
PI629004	PI629004
PI629005	PI629005
PI629008	PI629008
PI629013	PI629013
PI629014	PI629014
PI629015	PI629015
PI630984	PI630984
PI631122	PI631122
PI631123	PI631123
PI631157	PI631157
PI631437	PI631437
PI631438	PI631438
PI632352	PI632352
PI632401	PI632401
PI632402	PI632402
PI632405	PI632405
PI632418	PI632418
PI632420	PI632420
PI632421	PI632421
PI632422	PI632422
PI632423	PI632423
PI632424	PI632424
PI632425	PI632425
PI632426	PI632426
PI632427	PI632427
PI632428	PI632428
PI632429	PI632429
PI632430	PI632430
PI632431	PI632431
PI632636A	PI632636A
PI632636B	PI632636B
PI632637	PI632637
PI632638	PI632638
PI632639A	PI632639A
PI632639B	PI632639B
PI632639C	PI632639C
PI632639D	PI632639D
PI632640A	PI632640A
PI632640B	PI632640B
PI632640C	PI632640C
PI632641A	PI632641A
PI632641B	PI632641B
PI632642	PI632642
PI632643	PI632643
PI632644	PI632644
PI632645	PI632645
PI632646	PI632646
PI632647	PI632647
PI632648	PI632648
PI632649	PI632649
PI632650	PI632650
PI632652	PI632652
PI632654	PI632654
PI632655	PI632655
PI632656A	PI632656A
PI632656B	PI632656B
PI632657	PI632657
PI632658	PI632658
PI632659	PI632659
PI632660	PI632660
PI632661A	PI632661A
PI632661B	PI632661B
PI632662	PI632662
PI632663A	PI632663A
PI632663B	PI632663B
PI632664	PI632664
PI632665	PI632665
PI632666	PI632666
PI632667	PI632667
PI632668	PI632668
PI632747	PI632747
PI632748	PI632748
PI632749	PI632749
PI632905	PI632905
PI632933	PI632933
PI632935A	PI632935A
PI632935B	PI632935B
PI632936	PI632936
PI632937	PI632937
PI632939	PI632939
PI632940	PI632940
PI632941	PI632941
PI632942A	PI632942A
PI632942B	PI632942B
PI632943A	PI632943A
PI632943B	PI632943B
PI632944A	PI632944A
PI632944B	PI632944B
PI632944C	PI632944C
PI632944D	PI632944D
PI632945A	PI632945A
PI632945B	PI632945B
PI632946	PI632946
PI632947	PI632947
PI632948	PI632948
PI632949	PI632949
PI632950	PI632950
PI632961	PI632961
PI632962	PI632962
PI632963	PI632963
PI632964	PI632964
PI633049	PI633049
PI633424	PI633424
PI633541	PI633541
PI633567	PI633567
PI633608	PI633608
PI633609	PI633609
PI633610	PI633610
PI633620	PI633620
PI633621	PI633621
PI633622	PI633622
PI633729	PI633729
PI633730	PI633730
PI633731	PI633731
PI633732	PI633732
PI633735	PI633735
PI633736	PI633736
PI633970	PI633970
PI633983	PI633983
PI634193	PI634193
PI634335	PI634335
PI634365	PI634365
PI634757	PI634757
PI634758	PI634758
PI634759	PI634759
PI634760	PI634760
PI634761	PI634761
PI634762	PI634762
PI634763	PI634763
PI634764	PI634764
PI634765	PI634765
PI634813	PI634813
PI634827	PI634827
PI634867	PI634867
PI634868	PI634868
PI634869	PI634869
PI634870	PI634870
PI634871	PI634871
PI634872	PI634872
PI634873	PI634873
PI634874	PI634874
PI634875	PI634875
PI634876	PI634876
PI634877	PI634877
PI634878	PI634878
PI634879	PI634879
PI634880	PI634880
PI634881	PI634881
PI634882	PI634882
PI634883	PI634883
PI634884	PI634884
PI634885	PI634885
PI634886	PI634886
PI634887	PI634887
PI634888	PI634888
PI634889	PI634889
PI634890	PI634890
PI634891	PI634891
PI634892	PI634892
PI634893	PI634893
PI634894	PI634894
PI634895	PI634895
PI634896	PI634896
PI634897	PI634897
PI634898	PI634898
PI634899	PI634899
PI634900	PI634900
PI634901	PI634901
PI634902	PI634902
PI634903	PI634903
PI634904	PI634904
PI634905	PI634905
PI634906	PI634906
PI634907	PI634907
PI634908	PI634908
PI634909	PI634909
PI634910	PI634910
PI634911	PI634911
PI634912	PI634912
PI634913	PI634913
PI635039	PI635039
PI635053	PI635053
PI635998	PI635998
PI635999	PI635999
PI636000	PI636000
PI636002	PI636002
PI636444	PI636444
PI636460	PI636460
PI636461	PI636461
PI636462	PI636462
PI636463	PI636463
PI636464	PI636464
PI636474	PI636474
PI636691	PI636691
PI636694	PI636694
PI636695	PI636695
PI636696	PI636696
PI638510	PI638510
PI638511	PI638511
PI639187	PI639187
PI639282	PI639282
PI639283	PI639283
PI639284	PI639284
PI639285	PI639285
PI639545A	PI639545A
PI639545B	PI639545B
PI639546A	PI639546A
PI639546B	PI639546B
PI639547	PI639547
PI639548	PI639548
PI639549	PI639549
PI639550A	PI639550A
PI639550B	PI639550B
PI639550C	PI639550C
PI639550D	PI639550D
PI639550E	PI639550E
PI639551	PI639551
PI639552	PI639552
PI639553	PI639553
PI639558	PI639558
PI639559A	PI639559A
PI639559B	PI639559B
PI639560A	PI639560A
PI639560B	PI639560B
PI639569	PI639569
PI639572	PI639572
PI639573	PI639573
PI639574	PI639574
PI639575	PI639575
PI639576	PI639576
PI639577	PI639577
PI639578	PI639578
PI639580A	PI639580A
PI639580B	PI639580B
PI639581	PI639581
PI639582A	PI639582A
PI639582B	PI639582B
PI639583	PI639583
PI639584	PI639584
PI639585	PI639585
PI639586	PI639586
PI639587	PI639587
PI639588A	PI639588A
PI639588B	PI639588B
PI639589	PI639589
PI639590A	PI639590A
PI639590B	PI639590B
PI639591	PI639591
PI639592	PI639592
PI639593	PI639593
PI639594	PI639594
PI639595	PI639595
PI639596	PI639596
PI639597A	PI639597A
PI639597B	PI639597B
PI639597C	PI639597C
PI639598	PI639598
PI639599	PI639599
PI639600A	PI639600A
PI639600B	PI639600B
PI639601A	PI639601A
PI639601B	PI639601B
PI639602	PI639602
PI639603	PI639603
PI639604	PI639604
PI639605	PI639605
PI639606	PI639606
PI639607	PI639607
PI639608	PI639608
PI639609	PI639609
PI639610	PI639610
PI639611	PI639611
PI639612A	PI639612A
PI639612B	PI639612B
PI639613	PI639613
PI639614	PI639614
PI639615	PI639615
PI639616	PI639616
PI639617A	PI639617A
PI639617B	PI639617B
PI639618	PI639618
PI639619	PI639619
PI639620	PI639620
PI639621	PI639621
PI639622	PI639622
PI639623A	PI639623A
PI639623B	PI639623B
PI639624	PI639624
PI639625	PI639625
PI639626	PI639626
PI639627	PI639627
PI639628	PI639628
PI639629	PI639629
PI639630A	PI639630A
PI639630B	PI639630B
PI639631	PI639631
PI639632A	PI639632A
PI639632B	PI639632B
PI639632C	PI639632C
PI639633A	PI639633A
PI639633B	PI639633B
PI639634	PI639634
PI639635	PI639635
PI639693	PI639693
PI639740	PI639740
PI640432	PI640432
PI640433	PI640433
PI640911	PI640911
PI641156	PI641156
PI641937	PI641937
PI641938	PI641938
PI642055	PI642055
PI642732	PI642732
PI642768	PI642768
PI643146	PI643146
PI643913	PI643913
PI643914	PI643914
PI644024	PI644024
PI644025	PI644025
PI644042	PI644042
PI644043	PI644043
PI644044	PI644044
PI644045	PI644045
PI644046	PI644046
PI644047	PI644047
PI644048	PI644048
PI644049	PI644049
PI644050	PI644050
PI644051	PI644051
PI644052	PI644052
PI644053	PI644053
PI644054	PI644054
PI644055	PI644055
PI644056	PI644056
PI644057	PI644057
PI644058	PI644058
PI644059	PI644059
PI644103	PI644103
PI646156	PI646156
PI646157	PI646157
PI647081	PI647081
PI647082	PI647082
PI647083	PI647083
PI647084	PI647084
PI647085	PI647085
PI647086	PI647086
PI647960	PI647960
PI647961	PI647961
PI647962	PI647962
PI648270	PI648270
PI652442	PI652442
PI652443	PI652443
PI652935	PI652935
PI653109	PI653109
PI653847	PI653847
PI653848	PI653848
PI653851	PI653851
PI653852	PI653852
PI653853	PI653853
PI653854	PI653854
PI653856	PI653856
PI653857	PI653857
PI653858	PI653858
PI653860	PI653860
PI653862	PI653862
PI653863	PI653863
PI653865	PI653865
PI653868	PI653868
PI653870	PI653870
PI653873	PI653873
PI653874A	PI653874A
PI653874B	PI653874B
PI653877A	PI653877A
PI653877B	PI653877B
PI653881	PI653881
PI653883	PI653883
PI653886	PI653886
PI653887	PI653887
PI653889	PI653889
PI653890A	PI653890A
PI653890B	PI653890B
PI653890C	PI653890C
PI653892	PI653892
PI653895	PI653895
PI653896	PI653896
PI653897	PI653897
PI653898	PI653898
PI653899A	PI653899A
PI653899B	PI653899B
PI653900	PI653900
PI653901	PI653901
PI653902A	PI653902A
PI653902B	PI653902B
PI653904A	PI653904A
PI653904B	PI653904B
PI653906	PI653906
PI653907	PI653907
PI653908	PI653908
PI653909	PI653909
PI653910	PI653910
PI653913A	PI653913A
PI653913B	PI653913B
PI653914	PI653914
PI653915	PI653915
PI653916A	PI653916A
PI653916B	PI653916B
PI653916C	PI653916C
PI653917	PI653917
PI653918	PI653918
PI653919	PI653919
PI653922	PI653922
PI653923	PI653923
PI653925	PI653925
PI653927	PI653927
PI653928	PI653928
PI653929	PI653929
PI653930	PI653930
PI653931	PI653931
PI653932	PI653932
PI653933A	PI653933A
PI653933B	PI653933B
PI653934A	PI653934A
PI653934B	PI653934B
PI653935	PI653935
PI653936	PI653936
PI653937	PI653937
PI653939	PI653939
PI653941A	PI653941A
PI653941B	PI653941B
PI653942	PI653942
PI653945	PI653945
PI653946	PI653946
PI653947	PI653947
PI653948	PI653948
PI653949	PI653949
PI653951	PI653951
PI653952	PI653952
PI653954	PI653954
PI653955	PI653955
PI653958	PI653958
PI653959	PI653959
PI653960A	PI653960A
PI653960B	PI653960B
PI653961	PI653961
PI653962	PI653962
PI653963	PI653963
PI653966	PI653966
PI653968A	PI653968A
PI653968B	PI653968B
PI653973	PI653973
PI653974	PI653974
PI653976	PI653976
PI653983	PI653983
PI653984	PI653984
PI653985	PI653985
PI653987	PI653987
PI653988	PI653988
PI653990	PI653990
PI653994	PI653994
PI653995	PI653995
PI653997	PI653997
PI653998	PI653998
PI653999	PI653999
PI654000	PI654000
PI654002	PI654002
PI654004	PI654004
PI654005	PI654005
PI654009	PI654009
PI654010	PI654010
PI654012	PI654012
PI654014	PI654014
PI654020	PI654020
PI654021	PI654021
PI654024	PI654024
PI654028	PI654028
PI654029	PI654029
PI654030A	PI654030A
PI654030B	PI654030B
PI654031	PI654031
PI654033	PI654033
PI654036	PI654036
PI654038	PI654038
PI654039	PI654039
PI654040	PI654040
PI654041	PI654041
PI654042	PI654042
PI654044A	PI654044A
PI654044B	PI654044B
PI654355	PI654355
PI654356	PI654356
PI654825A	PI654825A
PI654825B	PI654825B
PI654826A	PI654826A
PI654826B	PI654826B
PI654827	PI654827
PI654828	PI654828
PI654829	PI654829
PI654830A	PI654830A
PI654830B	PI654830B
PI654831	PI654831
PI654832	PI654832
PI655521	PI655521
PI656647	PI656647
PI657626	PI657626
PI657701	PI657701
PI657702	PI657702
PI657703	PI657703
PI658491	PI658491
PI658498	PI658498
PI658519	PI658519
PI659348	PI659348
PI659987	PI659987
PI659988	PI659988
PI659989	PI659989
