sample_id	in_vcf	in_phenotype	matched_id	match_rule	bucket
AC-2001	Y	N		none	vcf_only
AC-Albatros	Y	N		none	vcf_only
AC-Brant	Y	N		none	vcf_only
AC-Bravor	Y	N		none	vcf_only
AC-Cormoran	Y	N		none	vcf_only
AC-Harmony	Y	N		none	vcf_only
AC-Orford	Y	N		none	vcf_only
AYR	Y	N		none	vcf_only
Accord	Y	N		none	vcf_only
Alta	Y	N		none	vcf_only
Archer	Y	N		none	vcf_only
Blackjack-21	Y	N		none	vcf_only
CF492	Y	N		none	vcf_only
CK-01	Y	N		none	vcf_only
CS126	Y	N		none	vcf_only
Conrad-94	Y	N		none	vcf_only
Dwight	Y	N		none	vcf_only
E00003	Y	N		none	vcf_only
Essex	Y	N		none	vcf_only
Evans	Y	N		none	vcf_only
FC001547	N	Y	FC1547	zero_pad_candidate	ambiguous
FC002108	N	Y	FC2108	zero_pad_candidate	ambiguous
FC002109	N	Y	FC2109	zero_pad_candidate	ambiguous
FC003548	N	Y	FC3548	zero_pad_candidate	ambiguous
FC003609	N	Y	FC3609	zero_pad_candidate	ambiguous
FC003654-1	N	Y	FC3654-1	zero_pad_candidate	ambiguous
FC003654N	N	Y	FC3654N	zero_pad_candidate	ambiguous
FC003659	N	Y	FC3659	zero_pad_candidate	ambiguous
FC003981	N	Y	FC3981	zero_pad_candidate	ambiguous
FC004002B	N	Y	FC4002B	zero_pad_candidate	ambiguous
FC004002N	N	Y	FC4002N	zero_pad_candidate	ambiguous
FC004007A	N	Y	FC4007A	zero_pad_candidate	ambiguous
FC004007B	N	Y	FC4007B	zero_pad_candidate	ambiguous
FC019976	N	Y	FC19976	zero_pad_candidate	ambiguous
FC019976-1	N	Y	FC19976-1	zero_pad_candidate	ambiguous
FC019976-2	N	Y	FC19976-2	zero_pad_candidate	ambiguous
FC019979-1	N	Y	FC19979-1	zero_pad_candidate	ambiguous
FC019979-2	N	Y	FC19979-2	zero_pad_candidate	ambiguous
FC019979-3	N	Y	FC19979-3	zero_pad_candidate	ambiguous
FC019979-4	N	Y	FC19979-4	zero_pad_candidate	ambiguous
FC019979-5	N	Y	FC19979-5	zero_pad_candidate	ambiguous
FC019979-6	N	Y	FC19979-6	zero_pad_candidate	ambiguous
FC019979-7	N	Y	FC19979-7	zero_pad_candidate	ambiguous
FC021340	N	Y	FC21340	zero_pad_candidate	ambiguous
FC029219	N	Y	FC29219	zero_pad_candidate	ambiguous
FC029333	N	Y	FC29333	zero_pad_candidate	ambiguous
FC030233	N	Y	FC30233	zero_pad_candidate	ambiguous
FC030265	N	Y	FC30265	zero_pad_candidate	ambiguous
FC030267	N	Y	FC30267	zero_pad_candidate	ambiguous
FC030282	N	Y	FC30282	zero_pad_candidate	ambiguous
FC030683	N	Y	FC30683	zero_pad_candidate	ambiguous
FC030684	N	Y	FC30684	zero_pad_candidate	ambiguous
FC030685	N	Y	FC30685	zero_pad_candidate	ambiguous
FC030687	N	Y	FC30687	zero_pad_candidate	ambiguous
FC030689	N	Y	FC30689	zero_pad_candidate	ambiguous
FC030691	N	Y	FC30691	zero_pad_candidate	ambiguous
FC030692	N	Y	FC30692	zero_pad_candidate	ambiguous
FC030694	N	Y	FC30694	zero_pad_candidate	ambiguous
FC030967	N	Y	FC30967	zero_pad_candidate	ambiguous
FC031122	N	Y	FC31122	zero_pad_candidate	ambiguous
FC031408	N	Y	FC31408	zero_pad_candidate	ambiguous
FC031409	N	Y	FC31409	zero_pad_candidate	ambiguous
FC031416	N	Y	FC31416	zero_pad_candidate	ambiguous
FC031557	N	Y	FC31557	zero_pad_candidate	ambiguous
FC031571	N	Y	FC31571	zero_pad_candidate	ambiguous
FC031572	N	Y	FC31572	zero_pad_candidate	ambiguous
FC031572-3	N	Y	FC31572-3	zero_pad_candidate	ambiguous
FC031579	N	Y	FC31579	zero_pad_candidate	ambiguous
FC031592	N	Y	FC31592	zero_pad_candidate	ambiguous
FC031622	N	Y	FC31622	zero_pad_candidate	ambiguous
FC031630	N	Y	FC31630	zero_pad_candidate	ambiguous
FC031649	N	Y	FC31649	zero_pad_candidate	ambiguous
FC031665	N	Y	FC31665	zero_pad_candidate	ambiguous
FC031676	N	Y	FC31676	zero_pad_candidate	ambiguous
FC031677	N	Y	FC31677	zero_pad_candidate	ambiguous
FC031678	N	Y	FC31678	zero_pad_candidate	ambiguous
FC031683	N	Y	FC31683	zero_pad_candidate	ambiguous
FC031684	N	Y	FC31684	zero_pad_candidate	ambiguous
FC031685	N	Y	FC31685	zero_pad_candidate	ambiguous
FC031689	N	Y	FC31689	zero_pad_candidate	ambiguous
FC031697	N	Y	FC31697	zero_pad_candidate	ambiguous
FC031700	N	Y	FC31700	zero_pad_candidate	ambiguous
FC031702	N	Y	FC31702	zero_pad_candidate	ambiguous
FC031707	N	Y	FC31707	zero_pad_candidate	ambiguous
FC031709	N	Y	FC31709	zero_pad_candidate	ambiguous
FC031715	N	Y	FC31715	zero_pad_candidate	ambiguous
FC031719	N	Y	FC31719	zero_pad_candidate	ambiguous
FC031721	N	Y	FC31721	zero_pad_candidate	ambiguous
FC031731	N	Y	FC31731	zero_pad_candidate	ambiguous
FC031732	N	Y	FC31732	zero_pad_candidate	ambiguous
FC031737	N	Y	FC31737	zero_pad_candidate	ambiguous
FC031744	N	Y	FC31744	zero_pad_candidate	ambiguous
FC031745	N	Y	FC31745	zero_pad_candidate	ambiguous
FC031750	N	Y	FC31750	zero_pad_candidate	ambiguous
FC031918	N	Y	FC31918	zero_pad_candidate	ambiguous
FC031919	N	Y	FC31919	zero_pad_candidate	ambiguous
FC031921	N	Y	FC31921	zero_pad_candidate	ambiguous
FC031927	N	Y	FC31927	zero_pad_candidate	ambiguous
FC031933	N	Y	FC31933	zero_pad_candidate	ambiguous
FC031934	N	Y	FC31934	zero_pad_candidate	ambiguous
FC031935	N	Y	FC31935	zero_pad_candidate	ambiguous
FC031943	N	Y	FC31943	zero_pad_candidate	ambiguous
FC031946	N	Y	FC31946	zero_pad_candidate	ambiguous
FC031952	N	Y	FC31952	zero_pad_candidate	ambiguous
FC032033	N	Y	FC32033	zero_pad_candidate	ambiguous
FC032141	N	Y	FC32141	zero_pad_candidate	ambiguous
FC032175	N	Y	FC32175	zero_pad_candidate	ambiguous
FC032176	N	Y	FC32176	zero_pad_candidate	ambiguous
FC033123	N	Y	FC33123	zero_pad_candidate	ambiguous
FC033243	N	Y	FC33243	zero_pad_candidate	ambiguous
FC033243-1	N	Y	FC33243-1	zero_pad_candidate	ambiguous
FC033243-2	N	Y	FC33243-2	zero_pad_candidate	ambiguous
FC1547	Y	N	FC001547	zero_pad_candidate	ambiguous
FC19976	Y	N	FC019976	zero_pad_candidate	ambiguous
FC19976-1	Y	N	FC019976-1	zero_pad_candidate	ambiguous
FC19976-2	Y	N	FC019976-2	zero_pad_candidate	ambiguous
FC19979-1	Y	N	FC019979-1	zero_pad_candidate	ambiguous
FC19979-2	Y	N	FC019979-2	zero_pad_candidate	ambiguous
FC19979-3	Y	N	FC019979-3	zero_pad_candidate	ambiguous
FC19979-4	Y	N	FC019979-4	zero_pad_candidate	ambiguous
FC19979-5	Y	N	FC019979-5	zero_pad_candidate	ambiguous
FC19979-6	Y	N	FC019979-6	zero_pad_candidate	ambiguous
FC19979-7	Y	N	FC019979-7	zero_pad_candidate	ambiguous
FC2108	Y	N	FC002108	zero_pad_candidate	ambiguous
FC2109	Y	N	FC002109	zero_pad_candidate	ambiguous
FC21340	Y	N	FC021340	zero_pad_candidate	ambiguous
FC29219	Y	N	FC029219	zero_pad_candidate	ambiguous
FC29333	Y	N	FC029333	zero_pad_candidate	ambiguous
FC30233	Y	N	FC030233	zero_pad_candidate	ambiguous
FC30265	Y	N	FC030265	zero_pad_candidate	ambiguous
FC30267	Y	N	FC030267	zero_pad_candidate	ambiguous
FC30282	Y	N	FC030282	zero_pad_candidate	ambiguous
FC30683	Y	N	FC030683	zero_pad_candidate	ambiguous
FC30684	Y	N	FC030684	zero_pad_candidate	ambiguous
FC30685	Y	N	FC030685	zero_pad_candidate	ambiguous
FC30687	Y	N	FC030687	zero_pad_candidate	ambiguous
FC30689	Y	N	FC030689	zero_pad_candidate	ambiguous
FC30691	Y	N	FC030691	zero_pad_candidate	ambiguous
FC30692	Y	N	FC030692	zero_pad_candidate	ambiguous
FC30694	Y	N	FC030694	zero_pad_candidate	ambiguous
FC30967	Y	N	FC030967	zero_pad_candidate	ambiguous
FC31122	Y	N	FC031122	zero_pad_candidate	ambiguous
FC31408	Y	N	FC031408	zero_pad_candidate	ambiguous
FC31409	Y	N	FC031409	zero_pad_candidate	ambiguous
FC31416	Y	N	FC031416	zero_pad_candidate	ambiguous
FC31557	Y	N	FC031557	zero_pad_candidate	ambiguous
FC31571	Y	N	FC031571	zero_pad_candidate	ambiguous
FC31572	Y	N	FC031572	zero_pad_candidate	ambiguous
FC31572-3	Y	N	FC031572-3	zero_pad_candidate	ambiguous
FC31579	Y	N	FC031579	zero_pad_candidate	ambiguous
FC31592	Y	N	FC031592	zero_pad_candidate	ambiguous
FC31622	Y	N	FC031622	zero_pad_candidate	ambiguous
FC31630	Y	N	FC031630	zero_pad_candidate	ambiguous
FC31649	Y	N	FC031649	zero_pad_candidate	ambiguous
FC31665	Y	N	FC031665	zero_pad_candidate	ambiguous
FC31676	Y	N	FC031676	zero_pad_candidate	ambiguous
FC31677	Y	N	FC031677	zero_pad_candidate	ambiguous
FC31678	Y	N	FC031678	zero_pad_candidate	ambiguous
FC31683	Y	N	FC031683	zero_pad_candidate	ambiguous
FC31684	Y	N	FC031684	zero_pad_candidate	ambiguous
FC31685	Y	N	FC031685	zero_pad_candidate	ambiguous
FC31689	Y	N	FC031689	zero_pad_candidate	ambiguous
FC31697	Y	N	FC031697	zero_pad_candidate	ambiguous
FC31700	Y	N	FC031700	zero_pad_candidate	ambiguous
FC31702	Y	N	FC031702	zero_pad_candidate	ambiguous
FC31707	Y	N	FC031707	zero_pad_candidate	ambiguous
FC31709	Y	N	FC031709	zero_pad_candidate	ambiguous
FC31715	Y	N	FC031715	zero_pad_candidate	ambiguous
FC31719	Y	N	FC031719	zero_pad_candidate	ambiguous
FC31721	Y	N	FC031721	zero_pad_candidate	ambiguous
FC31731	Y	N	FC031731	zero_pad_candidate	ambiguous
FC31732	Y	N	FC031732	zero_pad_candidate	ambiguous
FC31737	Y	N	FC031737	zero_pad_candidate	ambiguous
FC31744	Y	N	FC031744	zero_pad_candidate	ambiguous
FC31745	Y	N	FC031745	zero_pad_candidate	ambiguous
FC31750	Y	N	FC031750	zero_pad_candidate	ambiguous
FC31918	Y	N	FC031918	zero_pad_candidate	ambiguous
FC31919	Y	N	FC031919	zero_pad_candidate	ambiguous
FC31921	Y	N	FC031921	zero_pad_candidate	ambiguous
FC31927	Y	N	FC031927	zero_pad_candidate	ambiguous
FC31933	Y	N	FC031933	zero_pad_candidate	ambiguous
FC31934	Y	N	FC031934	zero_pad_candidate	ambiguous
FC31935	Y	N	FC031935	zero_pad_candidate	ambiguous
FC31943	Y	N	FC031943	zero_pad_candidate	ambiguous
FC31946	Y	N	FC031946	zero_pad_candidate	ambiguous
FC31952	Y	N	FC031952	zero_pad_candidate	ambiguous
FC32033	Y	N	FC032033	zero_pad_candidate	ambiguous
FC32141	Y	N	FC032141	zero_pad_candidate	ambiguous
FC32175	Y	N	FC032175	zero_pad_candidate	ambiguous
FC32176	Y	N	FC032176	zero_pad_candidate	ambiguous
FC33123	Y	N	FC033123	zero_pad_candidate	ambiguous
FC33243	Y	N	FC033243	zero_pad_candidate	ambiguous
FC33243-1	Y	N	FC033243-1	zero_pad_candidate	ambiguous
FC33243-2	Y	N	FC033243-2	zero_pad_candidate	ambiguous
FC3548	Y	N	FC003548	zero_pad_candidate	ambiguous
FC3609	Y	N	FC003609	zero_pad_candidate	ambiguous
FC3654-1	Y	N	FC003654-1	zero_pad_candidate	ambiguous
FC3654N	Y	N	FC003654N	zero_pad_candidate	ambiguous
FC3659	Y	N	FC003659	zero_pad_candidate	ambiguous
FC3981	Y	N	FC003981	zero_pad_candidate	ambiguous
FC4002B	Y	N	FC004002B	zero_pad_candidate	ambiguous
FC4002N	Y	N	FC004002N	zero_pad_candidate	ambiguous
FC4007A	Y	N	FC004007A	zero_pad_candidate	ambiguous
FC4007B	Y	N	FC004007B	zero_pad_candidate	ambiguous
HS4N5681	Y	N		none	vcf_only
HS5N3417A	Y	N		none	vcf_only
Hallmark	Y	N		none	vcf_only
Hutcheson	Y	N		none	vcf_only
IA1008	Y	N		none	vcf_only
IA2007	Y	N		none	vcf_only
IA2022	Y	N		none	vcf_only
IA2050	Y	N		none	vcf_only
IA3003	Y	N		none	vcf_only
IA3004	Y	N		none	vcf_only
IA3005	Y	N		none	vcf_only
IA3010	Y	N		none	vcf_only
King	Y	N		none	vcf_only
LG01N4758	Y	N		none	vcf_only
LG91N7350R	Y	N		none	vcf_only
LS92-4173	Y	N		none	vcf_only
Medallion	Y	N		none	vcf_only
Minsoy	Y	N		none	vcf_only
Noir	Y	N		none	vcf_only
OAC-Salem	Y	N		none	vcf_only
OAC-Sparta	Y	N		none	vcf_only
OAC-Stratford	Y	N		none	vcf_only
OAC-Thames	Y	N		none	vcf_only
OHS305	Y	N		none	vcf_only
P5M19N2N9N2	Y	N		none	vcf_only
PI019986	N	Y	PI19986	zero_pad_candidate	ambiguous
PI030594	N	Y	PI30594	zero_pad_candidate	ambiguous
PI030599	N	Y	PI30599	zero_pad_candidate	ambiguous
PI030600	N	Y	PI30600	zero_pad_candidate	ambiguous
PI036653	N	Y	PI36653	zero_pad_candidate	ambiguous
PI036906	N	Y	PI36906	zero_pad_candidate	ambiguous
PI047131	N	Y	PI47131	zero_pad_candidate	ambiguous
PI054583	N	Y	PI54583	zero_pad_candidate	ambiguous
PI054591	N	Y	PI54591	zero_pad_candidate	ambiguous
PI054592	N	Y	PI54592	zero_pad_candidate	ambiguous
PI054600	N	Y	PI54600	zero_pad_candidate	ambiguous
PI054604	N	Y	PI54604	zero_pad_candidate	ambiguous
PI054606-1	N	Y	PI54606-1	zero_pad_candidate	ambiguous
PI054606-2	N	Y	PI54606-2	zero_pad_candidate	ambiguous
PI054607	N	Y	PI54607	zero_pad_candidate	ambiguous
PI054608	N	Y	PI54608	zero_pad_candidate	ambiguous
PI054608-1	N	Y	PI54608-1	zero_pad_candidate	ambiguous
PI054608-2	N	Y	PI54608-2	zero_pad_candidate	ambiguous
PI054608-3	N	Y	PI54608-3	zero_pad_candidate	ambiguous
PI054608-4	N	Y	PI54608-4	zero_pad_candidate	ambiguous
PI054608-5	N	Y	PI54608-5	zero_pad_candidate	ambiguous
PI054609	N	Y	PI54609	zero_pad_candidate	ambiguous
PI054610	N	Y	PI54610	zero_pad_candidate	ambiguous
PI054610-1	N	Y	PI54610-1	zero_pad_candidate	ambiguous
PI054610-4	N	Y	PI54610-4	zero_pad_candidate	ambiguous
PI054613	N	Y	PI54613	zero_pad_candidate	ambiguous
PI054614	N	Y	PI54614	zero_pad_candidate	ambiguous
PI054615	N	Y	PI54615	zero_pad_candidate	ambiguous
PI054615-1	N	Y	PI54615-1	zero_pad_candidate	ambiguous
PI054615-2	N	Y	PI54615-2	zero_pad_candidate	ambiguous
PI054617	N	Y	PI54617	zero_pad_candidate	ambiguous
PI054618	N	Y	PI54618	zero_pad_candidate	ambiguous
PI054619	N	Y	PI54619	zero_pad_candidate	ambiguous
PI054620	N	Y	PI54620	zero_pad_candidate	ambiguous
PI054620-2	N	Y	PI54620-2	zero_pad_candidate	ambiguous
PI054809	N	Y	PI54809	zero_pad_candidate	ambiguous
PI054818	N	Y	PI54818	zero_pad_candidate	ambiguous
PI054834	N	Y	PI54834	zero_pad_candidate	ambiguous
PI054853	N	Y	PI54853	zero_pad_candidate	ambiguous
PI054854	N	Y	PI54854	zero_pad_candidate	ambiguous
PI054855	N	Y	PI54855	zero_pad_candidate	ambiguous
PI054857	N	Y	PI54857	zero_pad_candidate	ambiguous
PI054859	N	Y	PI54859	zero_pad_candidate	ambiguous
PI054862	N	Y	PI54862	zero_pad_candidate	ambiguous
PI054865	N	Y	PI54865	zero_pad_candidate	ambiguous
PI054873	N	Y	PI54873	zero_pad_candidate	ambiguous
PI055089	N	Y	PI55089	zero_pad_candidate	ambiguous
PI055089-1	N	Y	PI55089-1	zero_pad_candidate	ambiguous
PI055887	N	Y	PI55887	zero_pad_candidate	ambiguous
PI056563	N	Y	PI56563	zero_pad_candidate	ambiguous
PI057334	N	Y	PI57334	zero_pad_candidate	ambiguous
PI058955	N	Y	PI58955	zero_pad_candidate	ambiguous
PI059845	N	Y	PI59845	zero_pad_candidate	ambiguous
PI059849	N	Y	PI59849	zero_pad_candidate	ambiguous
PI060269	N	Y	PI60269	zero_pad_candidate	ambiguous
PI060269-2	N	Y	PI60269-2	zero_pad_candidate	ambiguous
PI060272	N	Y	PI60272	zero_pad_candidate	ambiguous
PI060273	N	Y	PI60273	zero_pad_candidate	ambiguous
PI060279	N	Y	PI60279	zero_pad_candidate	ambiguous
PI060296	N	Y	PI60296	zero_pad_candidate	ambiguous
PI060296-1	N	Y	PI60296-1	zero_pad_candidate	ambiguous
PI060296-2	N	Y	PI60296-2	zero_pad_candidate	ambiguous
PI060970	N	Y	PI60970	zero_pad_candidate	ambiguous
PI061940	N	Y	PI61940	zero_pad_candidate	ambiguous
PI061944	N	Y	PI61944	zero_pad_candidate	ambiguous
PI061947	N	Y	PI61947	zero_pad_candidate	ambiguous
PI062199	N	Y	PI62199	zero_pad_candidate	ambiguous
PI062202	N	Y	PI62202	zero_pad_candidate	ambiguous
PI062202-2	N	Y	PI62202-2	zero_pad_candidate	ambiguous
PI062203	N	Y	PI62203	zero_pad_candidate	ambiguous
PI062204	N	Y	PI62204	zero_pad_candidate	ambiguous
PI062248	N	Y	PI62248	zero_pad_candidate	ambiguous
PI062483	N	Y	PI62483	zero_pad_candidate	ambiguous
PI063271	N	Y	PI63271	zero_pad_candidate	ambiguous
PI063468	N	Y	PI63468	zero_pad_candidate	ambiguous
PI063945	N	Y	PI63945	zero_pad_candidate	ambiguous
PI064698	N	Y	PI64698	zero_pad_candidate	ambiguous
PI064747	N	Y	PI64747	zero_pad_candidate	ambiguous
PI065338	N	Y	PI65338	zero_pad_candidate	ambiguous
PI065341	N	Y	PI65341	zero_pad_candidate	ambiguous
PI065342	N	Y	PI65342	zero_pad_candidate	ambiguous
PI065346	N	Y	PI65346	zero_pad_candidate	ambiguous
PI065354	N	Y	PI65354	zero_pad_candidate	ambiguous
PI065379	N	Y	PI65379	zero_pad_candidate	ambiguous
PI065388	N	Y	PI65388	zero_pad_candidate	ambiguous
PI068011	N	Y	PI68011	zero_pad_candidate	ambiguous
PI068398	N	Y	PI68398	zero_pad_candidate	ambiguous
PI068410	N	Y	PI68410	zero_pad_candidate	ambiguous
PI068421	N	Y	PI68421	zero_pad_candidate	ambiguous
PI068423	N	Y	PI68423	zero_pad_candidate	ambiguous
PI068427	N	Y	PI68427	zero_pad_candidate	ambiguous
PI068430	N	Y	PI68430	zero_pad_candidate	ambiguous
PI068436	N	Y	PI68436	zero_pad_candidate	ambiguous
PI068439	N	Y	PI68439	zero_pad_candidate	ambiguous
PI068443	N	Y	PI68443	zero_pad_candidate	ambiguous
PI068446	N	Y	PI68446	zero_pad_candidate	ambiguous
PI068448	N	Y	PI68448	zero_pad_candidate	ambiguous
PI068449	N	Y	PI68449	zero_pad_candidate	ambiguous
PI068454	N	Y	PI68454	zero_pad_candidate	ambiguous
PI068455	N	Y	PI68455	zero_pad_candidate	ambiguous
PI068457	N	Y	PI68457	zero_pad_candidate	ambiguous
PI068457-1	N	Y	PI68457-1	zero_pad_candidate	ambiguous
PI068461	N	Y	PI68461	zero_pad_candidate	ambiguous
PI068461-1	N	Y	PI68461-1	zero_pad_candidate	ambiguous
PI068465	N	Y	PI68465	zero_pad_candidate	ambiguous
PI068465-1	N	Y	PI68465-1	zero_pad_candidate	ambiguous
PI068466	N	Y	PI68466	zero_pad_candidate	ambiguous
PI068470	N	Y	PI68470	zero_pad_candidate	ambiguous
PI068474	N	Y	PI68474	zero_pad_candidate	ambiguous
PI068474-2	N	Y	PI68474-2	zero_pad_candidate	ambiguous
PI068475	N	Y	PI68475	zero_pad_candidate	ambiguous
PI068475-1	N	Y	PI68475-1	zero_pad_candidate	ambiguous
PI068479	N	Y	PI68479	zero_pad_candidate	ambiguous
PI068479-1	N	Y	PI68479-1	zero_pad_candidate	ambiguous
PI068480	N	Y	PI68480	zero_pad_candidate	ambiguous
PI068481	N	Y	PI68481	zero_pad_candidate	ambiguous
PI068483	N	Y	PI68483	zero_pad_candidate	ambiguous
PI068484-1	N	Y	PI68484-1	zero_pad_candidate	ambiguous
PI068484-4	N	Y	PI68484-4	zero_pad_candidate	ambiguous
PI068488	N	Y	PI68488	zero_pad_candidate	ambiguous
PI068494	N	Y	PI68494	zero_pad_candidate	ambiguous
PI068500	N	Y	PI68500	zero_pad_candidate	ambiguous
PI068503	N	Y	PI68503	zero_pad_candidate	ambiguous
PI068508	N	Y	PI68508	zero_pad_candidate	ambiguous
PI068516	N	Y	PI68516	zero_pad_candidate	ambiguous
PI068521	N	Y	PI68521	zero_pad_candidate	ambiguous
PI068521-1	N	Y	PI68521-1	zero_pad_candidate	ambiguous
PI068522	N	Y	PI68522	zero_pad_candidate	ambiguous
PI068523	N	Y	PI68523	zero_pad_candidate	ambiguous
PI068526	N	Y	PI68526	zero_pad_candidate	ambiguous
PI068528	N	Y	PI68528	zero_pad_candidate	ambiguous
PI068530	N	Y	PI68530	zero_pad_candidate	ambiguous
PI068530-2	N	Y	PI68530-2	zero_pad_candidate	ambiguous
PI068533-1	N	Y	PI68533-1	zero_pad_candidate	ambiguous
PI068533-2	N	Y	PI68533-2	zero_pad_candidate	ambiguous
PI068535	N	Y	PI68535	zero_pad_candidate	ambiguous
PI068543	N	Y	PI68543	zero_pad_candidate	ambiguous
PI068551-2	N	Y	PI68551-2	zero_pad_candidate	ambiguous
PI068551-3	N	Y	PI68551-3	zero_pad_candidate	ambiguous
PI068554	N	Y	PI68554	zero_pad_candidate	ambiguous
PI068555	N	Y	PI68555	zero_pad_candidate	ambiguous
PI068560	N	Y	PI68560	zero_pad_candidate	ambiguous
PI068562	N	Y	PI68562	zero_pad_candidate	ambiguous
PI068564	N	Y	PI68564	zero_pad_candidate	ambiguous
PI068572	N	Y	PI68572	zero_pad_candidate	ambiguous
PI068576	N	Y	PI68576	zero_pad_candidate	ambiguous
PI068585	N	Y	PI68585	zero_pad_candidate	ambiguous
PI068586	N	Y	PI68586	zero_pad_candidate	ambiguous
PI068587	N	Y	PI68587	zero_pad_candidate	ambiguous
PI068598	N	Y	PI68598	zero_pad_candidate	ambiguous
PI068599	N	Y	PI68599	zero_pad_candidate	ambiguous
PI068600	N	Y	PI68600	zero_pad_candidate	ambiguous
PI068604-1	N	Y	PI68604-1	zero_pad_candidate	ambiguous
PI068604-2	N	Y	PI68604-2	zero_pad_candidate	ambiguous
PI068609A	N	Y	PI68609A	zero_pad_candidate	ambiguous
PI068609B	N	Y	PI68609B	zero_pad_candidate	ambiguous
PI068610	N	Y	PI68610	zero_pad_candidate	ambiguous
PI068621	N	Y	PI68621	zero_pad_candidate	ambiguous
PI068622	N	Y	PI68622	zero_pad_candidate	ambiguous
PI068627	N	Y	PI68627	zero_pad_candidate	ambiguous
PI068629	N	Y	PI68629	zero_pad_candidate	ambiguous
PI068639	N	Y	PI68639	zero_pad_candidate	ambiguous
PI068642	N	Y	PI68642	zero_pad_candidate	ambiguous
PI068644	N	Y	PI68644	zero_pad_candidate	ambiguous
PI068648	N	Y	PI68648	zero_pad_candidate	ambiguous
PI068655	N	Y	PI68655	zero_pad_candidate	ambiguous
PI068658	N	Y	PI68658	zero_pad_candidate	ambiguous
PI068661	N	Y	PI68661	zero_pad_candidate	ambiguous
PI068663	N	Y	PI68663	zero_pad_candidate	ambiguous
PI068666	N	Y	PI68666	zero_pad_candidate	ambiguous
PI068670-1	N	Y	PI68670-1	zero_pad_candidate	ambiguous
PI068670-2	N	Y	PI68670-2	zero_pad_candidate	ambiguous
PI068671	N	Y	PI68671	zero_pad_candidate	ambiguous
PI068676	N	Y	PI68676	zero_pad_candidate	ambiguous
PI068679	N	Y	PI68679	zero_pad_candidate	ambiguous
PI068679-2	N	Y	PI68679-2	zero_pad_candidate	ambiguous
PI068680	N	Y	PI68680	zero_pad_candidate	ambiguous
PI068680-2	N	Y	PI68680-2	zero_pad_candidate	ambiguous
PI068683	N	Y	PI68683	zero_pad_candidate	ambiguous
PI068685	N	Y	PI68685	zero_pad_candidate	ambiguous
PI068687	N	Y	PI68687	zero_pad_candidate	ambiguous
PI068692	N	Y	PI68692	zero_pad_candidate	ambiguous
PI068692-2	N	Y	PI68692-2	zero_pad_candidate	ambiguous
PI068694	N	Y	PI68694	zero_pad_candidate	ambiguous
PI068696	N	Y	PI68696	zero_pad_candidate	ambiguous
PI068701	N	Y	PI68701	zero_pad_candidate	ambiguous
PI068704	N	Y	PI68704	zero_pad_candidate	ambiguous
PI068706	N	Y	PI68706	zero_pad_candidate	ambiguous
PI068708	N	Y	PI68708	zero_pad_candidate	ambiguous
PI068709	N	Y	PI68709	zero_pad_candidate	ambiguous
PI068710	N	Y	PI68710	zero_pad_candidate	ambiguous
PI068712	N	Y	PI68712	zero_pad_candidate	ambiguous
PI068713	N	Y	PI68713	zero_pad_candidate	ambiguous
PI068715	N	Y	PI68715	zero_pad_candidate	ambiguous
PI068718	N	Y	PI68718	zero_pad_candidate	ambiguous
PI068722	N	Y	PI68722	zero_pad_candidate	ambiguous
PI068725	N	Y	PI68725	zero_pad_candidate	ambiguous
PI068728	N	Y	PI68728	zero_pad_candidate	ambiguous
PI068729	N	Y	PI68729	zero_pad_candidate	ambiguous
PI068731	N	Y	PI68731	zero_pad_candidate	ambiguous
PI068732	N	Y	PI68732	zero_pad_candidate	ambiguous
PI068732-1	N	Y	PI68732-1	zero_pad_candidate	ambiguous
PI068736	N	Y	PI68736	zero_pad_candidate	ambiguous
PI068741	N	Y	PI68741	zero_pad_candidate	ambiguous
PI068746	N	Y	PI68746	zero_pad_candidate	ambiguous
PI068748	N	Y	PI68748	zero_pad_candidate	ambiguous
PI068748-1	N	Y	PI68748-1	zero_pad_candidate	ambiguous
PI068756	N	Y	PI68756	zero_pad_candidate	ambiguous
PI068759	N	Y	PI68759	zero_pad_candidate	ambiguous
PI068761	N	Y	PI68761	zero_pad_candidate	ambiguous
PI068761-3	N	Y	PI68761-3	zero_pad_candidate	ambiguous
PI068762	N	Y	PI68762	zero_pad_candidate	ambiguous
PI068763	N	Y	PI68763	zero_pad_candidate	ambiguous
PI068765	N	Y	PI68765	zero_pad_candidate	ambiguous
PI068768	N	Y	PI68768	zero_pad_candidate	ambiguous
PI068770	N	Y	PI68770	zero_pad_candidate	ambiguous
PI068778	N	Y	PI68778	zero_pad_candidate	ambiguous
PI068788	N	Y	PI68788	zero_pad_candidate	ambiguous
PI068795	N	Y	PI68795	zero_pad_candidate	ambiguous
PI068806	N	Y	PI68806	zero_pad_candidate	ambiguous
PI068815	N	Y	PI68815	zero_pad_candidate	ambiguous
PI069500	N	Y	PI69500	zero_pad_candidate	ambiguous
PI069501	N	Y	PI69501	zero_pad_candidate	ambiguous
PI069503	N	Y	PI69503	zero_pad_candidate	ambiguous
PI069507	N	Y	PI69507	zero_pad_candidate	ambiguous
PI069507-1	N	Y	PI69507-1	zero_pad_candidate	ambiguous
PI069512	N	Y	PI69512	zero_pad_candidate	ambiguous
PI069515	N	Y	PI69515	zero_pad_candidate	ambiguous
PI069532	N	Y	PI69532	zero_pad_candidate	ambiguous
PI069533	N	Y	PI69533	zero_pad_candidate	ambiguous
PI069991	N	Y	PI69991	zero_pad_candidate	ambiguous
PI069992	N	Y	PI69992	zero_pad_candidate	ambiguous
PI069993	N	Y	PI69993	zero_pad_candidate	ambiguous
PI069995	N	Y	PI69995	zero_pad_candidate	ambiguous
PI069996	N	Y	PI69996	zero_pad_candidate	ambiguous
PI070001	N	Y	PI70001	zero_pad_candidate	ambiguous
PI070009	N	Y	PI70009	zero_pad_candidate	ambiguous
PI070013	N	Y	PI70013	zero_pad_candidate	ambiguous
PI070014	N	Y	PI70014	zero_pad_candidate	ambiguous
PI070016	N	Y	PI70016	zero_pad_candidate	ambiguous
PI070017	N	Y	PI70017	zero_pad_candidate	ambiguous
PI070019	N	Y	PI70019	zero_pad_candidate	ambiguous
PI070021	N	Y	PI70021	zero_pad_candidate	ambiguous
PI070023	N	Y	PI70023	zero_pad_candidate	ambiguous
PI070027	N	Y	PI70027	zero_pad_candidate	ambiguous
PI070036	N	Y	PI70036	zero_pad_candidate	ambiguous
PI070076	N	Y	PI70076	zero_pad_candidate	ambiguous
PI070077	N	Y	PI70077	zero_pad_candidate	ambiguous
PI070078	N	Y	PI70078	zero_pad_candidate	ambiguous
PI070080	N	Y	PI70080	zero_pad_candidate	ambiguous
PI070084	N	Y	PI70084	zero_pad_candidate	ambiguous
PI070087	N	Y	PI70087	zero_pad_candidate	ambiguous
PI070089	N	Y	PI70089	zero_pad_candidate	ambiguous
PI070091	N	Y	PI70091	zero_pad_candidate	ambiguous
PI070188	N	Y	PI70188	zero_pad_candidate	ambiguous
PI070189	N	Y	PI70189	zero_pad_candidate	ambiguous
PI070192	N	Y	PI70192	zero_pad_candidate	ambiguous
PI070197	N	Y	PI70197	zero_pad_candidate	ambiguous
PI070199	N	Y	PI70199	zero_pad_candidate	ambiguous
PI070201	N	Y	PI70201	zero_pad_candidate	ambiguous
PI070202	N	Y	PI70202	zero_pad_candidate	ambiguous
PI070208	N	Y	PI70208	zero_pad_candidate	ambiguous
PI070212	N	Y	PI70212	zero_pad_candidate	ambiguous
PI070213	N	Y	PI70213	zero_pad_candidate	ambiguous
PI070224	N	Y	PI70224	zero_pad_candidate	ambiguous
PI070228	N	Y	PI70228	zero_pad_candidate	ambiguous
PI070229	N	Y	PI70229	zero_pad_candidate	ambiguous
PI070241	N	Y	PI70241	zero_pad_candidate	ambiguous
PI070242	N	Y	PI70242	zero_pad_candidate	ambiguous
PI070242-2	N	Y	PI70242-2	zero_pad_candidate	ambiguous
PI070242-4	N	Y	PI70242-4	zero_pad_candidate	ambiguous
PI070243	N	Y	PI70243	zero_pad_candidate	ambiguous
PI070247	N	Y	PI70247	zero_pad_candidate	ambiguous
PI070251	N	Y	PI70251	zero_pad_candidate	ambiguous
PI070253	N	Y	PI70253	zero_pad_candidate	ambiguous
PI070453	N	Y	PI70453	zero_pad_candidate	ambiguous
PI070456	N	Y	PI70456	zero_pad_candidate	ambiguous
PI070457	N	Y	PI70457	zero_pad_candidate	ambiguous
PI070458	N	Y	PI70458	zero_pad_candidate	ambiguous
PI070459	N	Y	PI70459	zero_pad_candidate	ambiguous
PI070460	N	Y	PI70460	zero_pad_candidate	ambiguous
PI070461	N	Y	PI70461	zero_pad_candidate	ambiguous
PI070462	N	Y	PI70462	zero_pad_candidate	ambiguous
PI070463	N	Y	PI70463	zero_pad_candidate	ambiguous
PI070466-3	N	Y	PI70466-3	zero_pad_candidate	ambiguous
PI070466-4	N	Y	PI70466-4	zero_pad_candidate	ambiguous
PI070467	N	Y	PI70467	zero_pad_candidate	ambiguous
PI070469	N	Y	PI70469	zero_pad_candidate	ambiguous
PI070469-1	N	Y	PI70469-1	zero_pad_candidate	ambiguous
PI070470	N	Y	PI70470	zero_pad_candidate	ambiguous
PI070471	N	Y	PI70471	zero_pad_candidate	ambiguous
PI070473	N	Y	PI70473	zero_pad_candidate	ambiguous
PI070473-1	N	Y	PI70473-1	zero_pad_candidate	ambiguous
PI070476	N	Y	PI70476	zero_pad_candidate	ambiguous
PI070478	N	Y	PI70478	zero_pad_candidate	ambiguous
PI070485	N	Y	PI70485	zero_pad_candidate	ambiguous
PI070490	N	Y	PI70490	zero_pad_candidate	ambiguous
PI070495	N	Y	PI70495	zero_pad_candidate	ambiguous
PI070500	N	Y	PI70500	zero_pad_candidate	ambiguous
PI070501	N	Y	PI70501	zero_pad_candidate	ambiguous
PI070503	N	Y	PI70503	zero_pad_candidate	ambiguous
PI070507	N	Y	PI70507	zero_pad_candidate	ambiguous
PI070515	N	Y	PI70515	zero_pad_candidate	ambiguous
PI070516	N	Y	PI70516	zero_pad_candidate	ambiguous
PI070519	N	Y	PI70519	zero_pad_candidate	ambiguous
PI070520	N	Y	PI70520	zero_pad_candidate	ambiguous
PI070528	N	Y	PI70528	zero_pad_candidate	ambiguous
PI070541	N	Y	PI70541	zero_pad_candidate	ambiguous
PI070559	N	Y	PI70559	zero_pad_candidate	ambiguous
PI070561	N	Y	PI70561	zero_pad_candidate	ambiguous
PI070566	N	Y	PI70566	zero_pad_candidate	ambiguous
PI071161	N	Y	PI71161	zero_pad_candidate	ambiguous
PI071444	N	Y	PI71444	zero_pad_candidate	ambiguous
PI071461	N	Y	PI71461	zero_pad_candidate	ambiguous
PI071463	N	Y	PI71463	zero_pad_candidate	ambiguous
PI071465	N	Y	PI71465	zero_pad_candidate	ambiguous
PI071506	N	Y	PI71506	zero_pad_candidate	ambiguous
PI071558	N	Y	PI71558	zero_pad_candidate	ambiguous
PI071564	N	Y	PI71564	zero_pad_candidate	ambiguous
PI071570	N	Y	PI71570	zero_pad_candidate	ambiguous
PI071667	N	Y	PI71667	zero_pad_candidate	ambiguous
PI071677	N	Y	PI71677	zero_pad_candidate	ambiguous
PI071845	N	Y	PI71845	zero_pad_candidate	ambiguous
PI071850	N	Y	PI71850	zero_pad_candidate	ambiguous
PI071850-1	N	Y	PI71850-1	zero_pad_candidate	ambiguous
PI072227	N	Y	PI72227	zero_pad_candidate	ambiguous
PI072232	N	Y	PI72232	zero_pad_candidate	ambiguous
PI072328	N	Y	PI72328	zero_pad_candidate	ambiguous
PI072337	N	Y	PI72337	zero_pad_candidate	ambiguous
PI072341	N	Y	PI72341	zero_pad_candidate	ambiguous
PI072342	N	Y	PI72342	zero_pad_candidate	ambiguous
PI073583	N	Y	PI73583	zero_pad_candidate	ambiguous
PI073585	N	Y	PI73585	zero_pad_candidate	ambiguous
PI073587	N	Y	PI73587	zero_pad_candidate	ambiguous
PI073772	N	Y	PI73772	zero_pad_candidate	ambiguous
PI073780	N	Y	PI73780	zero_pad_candidate	ambiguous
PI078242	N	Y	PI78242	zero_pad_candidate	ambiguous
PI078243	N	Y	PI78243	zero_pad_candidate	ambiguous
PI079583	N	Y	PI79583	zero_pad_candidate	ambiguous
PI079586	N	Y	PI79586	zero_pad_candidate	ambiguous
PI079587	N	Y	PI79587	zero_pad_candidate	ambiguous
PI079593	N	Y	PI79593	zero_pad_candidate	ambiguous
PI079596	N	Y	PI79596	zero_pad_candidate	ambiguous
PI079602	N	Y	PI79602	zero_pad_candidate	ambiguous
PI079609	N	Y	PI79609	zero_pad_candidate	ambiguous
PI079610	N	Y	PI79610	zero_pad_candidate	ambiguous
PI079613	N	Y	PI79613	zero_pad_candidate	ambiguous
PI079616	N	Y	PI79616	zero_pad_candidate	ambiguous
PI079617	N	Y	PI79617	zero_pad_candidate	ambiguous
PI079620	N	Y	PI79620	zero_pad_candidate	ambiguous
PI079627	N	Y	PI79627	zero_pad_candidate	ambiguous
PI079628	N	Y	PI79628	zero_pad_candidate	ambiguous
PI079645	N	Y	PI79645	zero_pad_candidate	ambiguous
PI079648	N	Y	PI79648	zero_pad_candidate	ambiguous
PI079691	N	Y	PI79691	zero_pad_candidate	ambiguous
PI079691-4	N	Y	PI79691-4	zero_pad_candidate	ambiguous
PI079692	N	Y	PI79692	zero_pad_candidate	ambiguous
PI079693	N	Y	PI79693	zero_pad_candidate	ambiguous
PI079694	N	Y	PI79694	zero_pad_candidate	ambiguous
PI079695	N	Y	PI79695	zero_pad_candidate	ambiguous
PI079696	N	Y	PI79696	zero_pad_candidate	ambiguous
PI079699	N	Y	PI79699	zero_pad_candidate	ambiguous
PI079703	N	Y	PI79703	zero_pad_candidate	ambiguous
PI079710	N	Y	PI79710	zero_pad_candidate	ambiguous
PI079712	N	Y	PI79712	zero_pad_candidate	ambiguous
PI079726	N	Y	PI79726	zero_pad_candidate	ambiguous
PI079727	N	Y	PI79727	zero_pad_candidate	ambiguous
PI079732-3	N	Y	PI79732-3	zero_pad_candidate	ambiguous
PI079732-4	N	Y	PI79732-4	zero_pad_candidate	ambiguous
PI079737	N	Y	PI79737	zero_pad_candidate	ambiguous
PI079739	N	Y	PI79739	zero_pad_candidate	ambiguous
PI079743	N	Y	PI79743	zero_pad_candidate	ambiguous
PI079745	N	Y	PI79745	zero_pad_candidate	ambiguous
PI079746	N	Y	PI79746	zero_pad_candidate	ambiguous
PI079747	N	Y	PI79747	zero_pad_candidate	ambiguous
PI079756	N	Y	PI79756	zero_pad_candidate	ambiguous
PI079760	N	Y	PI79760	zero_pad_candidate	ambiguous
PI079761	N	Y	PI79761	zero_pad_candidate	ambiguous
PI079773	N	Y	PI79773	zero_pad_candidate	ambiguous
PI079797	N	Y	PI79797	zero_pad_candidate	ambiguous
PI079825	N	Y	PI79825	zero_pad_candidate	ambiguous
PI079825-1	N	Y	PI79825-1	zero_pad_candidate	ambiguous
PI079832	N	Y	PI79832	zero_pad_candidate	ambiguous
PI079835	N	Y	PI79835	zero_pad_candidate	ambiguous
PI079846	N	Y	PI79846	zero_pad_candidate	ambiguous
PI079848	N	Y	PI79848	zero_pad_candidate	ambiguous
PI079848-1	N	Y	PI79848-1	zero_pad_candidate	ambiguous
PI079861	N	Y	PI79861	zero_pad_candidate	ambiguous
PI079862	N	Y	PI79862	zero_pad_candidate	ambiguous
PI079862-1	N	Y	PI79862-1	zero_pad_candidate	ambiguous
PI079863	N	Y	PI79863	zero_pad_candidate	ambiguous
PI079870-1	N	Y	PI79870-1	zero_pad_candidate	ambiguous
PI079870-2	N	Y	PI79870-2	zero_pad_candidate	ambiguous
PI079870-4	N	Y	PI79870-4	zero_pad_candidate	ambiguous
PI079870-6	N	Y	PI79870-6	zero_pad_candidate	ambiguous
PI079872	N	Y	PI79872	zero_pad_candidate	ambiguous
PI079874	N	Y	PI79874	zero_pad_candidate	ambiguous
PI079874-1	N	Y	PI79874-1	zero_pad_candidate	ambiguous
PI079885	N	Y	PI79885	zero_pad_candidate	ambiguous
PI080459	N	Y	PI80459	zero_pad_candidate	ambiguous
PI080461	N	Y	PI80461	zero_pad_candidate	ambiguous
PI080466	N	Y	PI80466	zero_pad_candidate	ambiguous
PI080466-1	N	Y	PI80466-1	zero_pad_candidate	ambiguous
PI080466-2	N	Y	PI80466-2	zero_pad_candidate	ambiguous
PI080468	N	Y	PI80468	zero_pad_candidate	ambiguous
PI080469	N	Y	PI80469	zero_pad_candidate	ambiguous
PI080470	N	Y	PI80470	zero_pad_candidate	ambiguous
PI080471	N	Y	PI80471	zero_pad_candidate	ambiguous
PI080471-1	N	Y	PI80471-1	zero_pad_candidate	ambiguous
PI080473	N	Y	PI80473	zero_pad_candidate	ambiguous
PI080476	N	Y	PI80476	zero_pad_candidate	ambiguous
PI080479	N	Y	PI80479	zero_pad_candidate	ambiguous
PI080480	N	Y	PI80480	zero_pad_candidate	ambiguous
PI080481	N	Y	PI80481	zero_pad_candidate	ambiguous
PI080485	N	Y	PI80485	zero_pad_candidate	ambiguous
PI080488	N	Y	PI80488	zero_pad_candidate	ambiguous
PI080488-1	N	Y	PI80488-1	zero_pad_candidate	ambiguous
PI080494	N	Y	PI80494	zero_pad_candidate	ambiguous
PI080498	N	Y	PI80498	zero_pad_candidate	ambiguous
PI080498-1	N	Y	PI80498-1	zero_pad_candidate	ambiguous
PI080536	N	Y	PI80536	zero_pad_candidate	ambiguous
PI080671	N	Y	PI80671	zero_pad_candidate	ambiguous
PI080822	N	Y	PI80822	zero_pad_candidate	ambiguous
PI080825	N	Y	PI80825	zero_pad_candidate	ambiguous
PI080828-1	N	Y	PI80828-1	zero_pad_candidate	ambiguous
PI080828-2	N	Y	PI80828-2	zero_pad_candidate	ambiguous
PI080831	N	Y	PI80831	zero_pad_candidate	ambiguous
PI080834-1	N	Y	PI80834-1	zero_pad_candidate	ambiguous
PI080834-2	N	Y	PI80834-2	zero_pad_candidate	ambiguous
PI080837	N	Y	PI80837	zero_pad_candidate	ambiguous
PI080841	N	Y	PI80841	zero_pad_candidate	ambiguous
PI080844-2	N	Y	PI80844-2	zero_pad_candidate	ambiguous
PI080844-3	N	Y	PI80844-3	zero_pad_candidate	ambiguous
PI080845-1	N	Y	PI80845-1	zero_pad_candidate	ambiguous
PI080845-2	N	Y	PI80845-2	zero_pad_candidate	ambiguous
PI080847-1	N	Y	PI80847-1	zero_pad_candidate	ambiguous
PI080847-2	N	Y	PI80847-2	zero_pad_candidate	ambiguous
PI081023	N	Y	PI81023	zero_pad_candidate	ambiguous
PI081027	N	Y	PI81027	zero_pad_candidate	ambiguous
PI081029	N	Y	PI81029	zero_pad_candidate	ambiguous
PI081029-1	N	Y	PI81029-1	zero_pad_candidate	ambiguous
PI081029N	N	Y	PI81029N	zero_pad_candidate	ambiguous
PI081030	N	Y	PI81030	zero_pad_candidate	ambiguous
PI081030-1	N	Y	PI81030-1	zero_pad_candidate	ambiguous
PI081031-1	N	Y	PI81031-1	zero_pad_candidate	ambiguous
PI081031-2	N	Y	PI81031-2	zero_pad_candidate	ambiguous
PI081033	N	Y	PI81033	zero_pad_candidate	ambiguous
PI081034-1	N	Y	PI81034-1	zero_pad_candidate	ambiguous
PI081034-2	N	Y	PI81034-2	zero_pad_candidate	ambiguous
PI081035	N	Y	PI81035	zero_pad_candidate	ambiguous
PI081037	N	Y	PI81037	zero_pad_candidate	ambiguous
PI081037-1	N	Y	PI81037-1	zero_pad_candidate	ambiguous
PI081037-2	N	Y	PI81037-2	zero_pad_candidate	ambiguous
PI081037-3	N	Y	PI81037-3	zero_pad_candidate	ambiguous
PI081037-4	N	Y	PI81037-4	zero_pad_candidate	ambiguous
PI081037-5	N	Y	PI81037-5	zero_pad_candidate	ambiguous
PI081038	N	Y	PI81038	zero_pad_candidate	ambiguous
PI081040	N	Y	PI81040	zero_pad_candidate	ambiguous
PI081041	N	Y	PI81041	zero_pad_candidate	ambiguous
PI081041-1	N	Y	PI81041-1	zero_pad_candidate	ambiguous
PI081042	N	Y	PI81042	zero_pad_candidate	ambiguous
PI081042-1	N	Y	PI81042-1	zero_pad_candidate	ambiguous
PI081042-2	N	Y	PI81042-2	zero_pad_candidate	ambiguous
PI081044-1	N	Y	PI81044-1	zero_pad_candidate	ambiguous
PI081044-2	N	Y	PI81044-2	zero_pad_candidate	ambiguous
PI081667	N	Y	PI81667	zero_pad_candidate	ambiguous
PI081761	N	Y	PI81761	zero_pad_candidate	ambiguous
PI081763	N	Y	PI81763	zero_pad_candidate	ambiguous
PI081764	N	Y	PI81764	zero_pad_candidate	ambiguous
PI081765	N	Y	PI81765	zero_pad_candidate	ambiguous
PI081766	N	Y	PI81766	zero_pad_candidate	ambiguous
PI081767	N	Y	PI81767	zero_pad_candidate	ambiguous
PI081768	N	Y	PI81768	zero_pad_candidate	ambiguous
PI081770	N	Y	PI81770	zero_pad_candidate	ambiguous
PI081771	N	Y	PI81771	zero_pad_candidate	ambiguous
PI081772	N	Y	PI81772	zero_pad_candidate	ambiguous
PI081773	N	Y	PI81773	zero_pad_candidate	ambiguous
PI081774	N	Y	PI81774	zero_pad_candidate	ambiguous
PI081775	N	Y	PI81775	zero_pad_candidate	ambiguous
PI081777	N	Y	PI81777	zero_pad_candidate	ambiguous
PI081780	N	Y	PI81780	zero_pad_candidate	ambiguous
PI081780S	N	Y	PI81780S	zero_pad_candidate	ambiguous
PI081785	N	Y	PI81785	zero_pad_candidate	ambiguous
PI081971	N	Y	PI81971	zero_pad_candidate	ambiguous
PI082183	N	Y	PI82183	zero_pad_candidate	ambiguous
PI082184	N	Y	PI82184	zero_pad_candidate	ambiguous
PI082184S	N	Y	PI82184S	zero_pad_candidate	ambiguous
PI082210	N	Y	PI82210	zero_pad_candidate	ambiguous
PI082218	N	Y	PI82218	zero_pad_candidate	ambiguous
PI082232	N	Y	PI82232	zero_pad_candidate	ambiguous
PI082235	N	Y	PI82235	zero_pad_candidate	ambiguous
PI082246	N	Y	PI82246	zero_pad_candidate	ambiguous
PI082246-1	N	Y	PI82246-1	zero_pad_candidate	ambiguous
PI082259	N	Y	PI82259	zero_pad_candidate	ambiguous
PI082263-1	N	Y	PI82263-1	zero_pad_candidate	ambiguous
PI082263-2	N	Y	PI82263-2	zero_pad_candidate	ambiguous
PI082263-3	N	Y	PI82263-3	zero_pad_candidate	ambiguous
PI082264	N	Y	PI82264	zero_pad_candidate	ambiguous
PI082278	N	Y	PI82278	zero_pad_candidate	ambiguous
PI082286	N	Y	PI82286	zero_pad_candidate	ambiguous
PI082291	N	Y	PI82291	zero_pad_candidate	ambiguous
PI082295	N	Y	PI82295	zero_pad_candidate	ambiguous
PI082296	N	Y	PI82296	zero_pad_candidate	ambiguous
PI082302	N	Y	PI82302	zero_pad_candidate	ambiguous
PI082307	N	Y	PI82307	zero_pad_candidate	ambiguous
PI082308	N	Y	PI82308	zero_pad_candidate	ambiguous
PI082312	N	Y	PI82312	zero_pad_candidate	ambiguous
PI082312N	N	Y	PI82312N	zero_pad_candidate	ambiguous
PI082315	N	Y	PI82315	zero_pad_candidate	ambiguous
PI082325	N	Y	PI82325	zero_pad_candidate	ambiguous
PI082326	N	Y	PI82326	zero_pad_candidate	ambiguous
PI082509	N	Y	PI82509	zero_pad_candidate	ambiguous
PI082527	N	Y	PI82527	zero_pad_candidate	ambiguous
PI082532	N	Y	PI82532	zero_pad_candidate	ambiguous
PI082534	N	Y	PI82534	zero_pad_candidate	ambiguous
PI082544	N	Y	PI82544	zero_pad_candidate	ambiguous
PI082554	N	Y	PI82554	zero_pad_candidate	ambiguous
PI082555	N	Y	PI82555	zero_pad_candidate	ambiguous
PI082558	N	Y	PI82558	zero_pad_candidate	ambiguous
PI082581	N	Y	PI82581	zero_pad_candidate	ambiguous
PI082588	N	Y	PI82588	zero_pad_candidate	ambiguous
PI083836	N	Y	PI83836	zero_pad_candidate	ambiguous
PI083853	N	Y	PI83853	zero_pad_candidate	ambiguous
PI083858	N	Y	PI83858	zero_pad_candidate	ambiguous
PI083868	N	Y	PI83868	zero_pad_candidate	ambiguous
PI083874	N	Y	PI83874	zero_pad_candidate	ambiguous
PI083881	N	Y	PI83881	zero_pad_candidate	ambiguous
PI083881A	N	Y	PI83881A	zero_pad_candidate	ambiguous
PI083889	N	Y	PI83889	zero_pad_candidate	ambiguous
PI083891	N	Y	PI83891	zero_pad_candidate	ambiguous
PI083892	N	Y	PI83892	zero_pad_candidate	ambiguous
PI083893	N	Y	PI83893	zero_pad_candidate	ambiguous
PI083915	N	Y	PI83915	zero_pad_candidate	ambiguous
PI083923	N	Y	PI83923	zero_pad_candidate	ambiguous
PI083925	N	Y	PI83925	zero_pad_candidate	ambiguous
PI083940	N	Y	PI83940	zero_pad_candidate	ambiguous
PI083942	N	Y	PI83942	zero_pad_candidate	ambiguous
PI083944	N	Y	PI83944	zero_pad_candidate	ambiguous
PI083945-1	N	Y	PI83945-1	zero_pad_candidate	ambiguous
PI083945-3	N	Y	PI83945-3	zero_pad_candidate	ambiguous
PI083945-4	N	Y	PI83945-4	zero_pad_candidate	ambiguous
PI083946	N	Y	PI83946	zero_pad_candidate	ambiguous
PI084509	N	Y	PI84509	zero_pad_candidate	ambiguous
PI084578	N	Y	PI84578	zero_pad_candidate	ambiguous
PI084579	N	Y	PI84579	zero_pad_candidate	ambiguous
PI084580	N	Y	PI84580	zero_pad_candidate	ambiguous
PI084581	N	Y	PI84581	zero_pad_candidate	ambiguous
PI084594	N	Y	PI84594	zero_pad_candidate	ambiguous
PI084609	N	Y	PI84609	zero_pad_candidate	ambiguous
PI084610	N	Y	PI84610	zero_pad_candidate	ambiguous
PI084611	N	Y	PI84611	zero_pad_candidate	ambiguous
PI084619	N	Y	PI84619	zero_pad_candidate	ambiguous
PI084628	N	Y	PI84628	zero_pad_candidate	ambiguous
PI084631	N	Y	PI84631	zero_pad_candidate	ambiguous
PI084632	N	Y	PI84632	zero_pad_candidate	ambiguous
PI084632S	N	Y	PI84632S	zero_pad_candidate	ambiguous
PI084633	N	Y	PI84633	zero_pad_candidate	ambiguous
PI084637	N	Y	PI84637	zero_pad_candidate	ambiguous
PI084639	N	Y	PI84639	zero_pad_candidate	ambiguous
PI084642	N	Y	PI84642	zero_pad_candidate	ambiguous
PI084644	N	Y	PI84644	zero_pad_candidate	ambiguous
PI084646	N	Y	PI84646	zero_pad_candidate	ambiguous
PI084646-2	N	Y	PI84646-2	zero_pad_candidate	ambiguous
PI084656	N	Y	PI84656	zero_pad_candidate	ambiguous
PI084657	N	Y	PI84657	zero_pad_candidate	ambiguous
PI084660	N	Y	PI84660	zero_pad_candidate	ambiguous
PI084662	N	Y	PI84662	zero_pad_candidate	ambiguous
PI084664	N	Y	PI84664	zero_pad_candidate	ambiguous
PI084665	N	Y	PI84665	zero_pad_candidate	ambiguous
PI084666	N	Y	PI84666	zero_pad_candidate	ambiguous
PI084666-1	N	Y	PI84666-1	zero_pad_candidate	ambiguous
PI084668	N	Y	PI84668	zero_pad_candidate	ambiguous
PI084668-1	N	Y	PI84668-1	zero_pad_candidate	ambiguous
PI084669	N	Y	PI84669	zero_pad_candidate	ambiguous
PI084669N	N	Y	PI84669N	zero_pad_candidate	ambiguous
PI084671	N	Y	PI84671	zero_pad_candidate	ambiguous
PI084673	N	Y	PI84673	zero_pad_candidate	ambiguous
PI084673-1	N	Y	PI84673-1	zero_pad_candidate	ambiguous
PI084674	N	Y	PI84674	zero_pad_candidate	ambiguous
PI084679	N	Y	PI84679	zero_pad_candidate	ambiguous
PI084680	N	Y	PI84680	zero_pad_candidate	ambiguous
PI084681	N	Y	PI84681	zero_pad_candidate	ambiguous
PI084682	N	Y	PI84682	zero_pad_candidate	ambiguous
PI084683	N	Y	PI84683	zero_pad_candidate	ambiguous
PI084683A	N	Y	PI84683A	zero_pad_candidate	ambiguous
PI084686	N	Y	PI84686	zero_pad_candidate	ambiguous
PI084713	N	Y	PI84713	zero_pad_candidate	ambiguous
PI084724	N	Y	PI84724	zero_pad_candidate	ambiguous
PI084734	N	Y	PI84734	zero_pad_candidate	ambiguous
PI084742	N	Y	PI84742	zero_pad_candidate	ambiguous
PI084750	N	Y	PI84750	zero_pad_candidate	ambiguous
PI084751	N	Y	PI84751	zero_pad_candidate	ambiguous
PI084757	N	Y	PI84757	zero_pad_candidate	ambiguous
PI084807	N	Y	PI84807	zero_pad_candidate	ambiguous
PI084810	N	Y	PI84810	zero_pad_candidate	ambiguous
PI084874	N	Y	PI84874	zero_pad_candidate	ambiguous
PI084896	N	Y	PI84896	zero_pad_candidate	ambiguous
PI084908-1	N	Y	PI84908-1	zero_pad_candidate	ambiguous
PI084908-2	N	Y	PI84908-2	zero_pad_candidate	ambiguous
PI084910	N	Y	PI84910	zero_pad_candidate	ambiguous
PI084912	N	Y	PI84912	zero_pad_candidate	ambiguous
PI084914	N	Y	PI84914	zero_pad_candidate	ambiguous
PI084921	N	Y	PI84921	zero_pad_candidate	ambiguous
PI084928	N	Y	PI84928	zero_pad_candidate	ambiguous
PI084939	N	Y	PI84939	zero_pad_candidate	ambiguous
PI084944	N	Y	PI84944	zero_pad_candidate	ambiguous
PI084946-1	N	Y	PI84946-1	zero_pad_candidate	ambiguous
PI084946-2	N	Y	PI84946-2	zero_pad_candidate	ambiguous
PI084949	N	Y	PI84949	zero_pad_candidate	ambiguous
PI084954	N	Y	PI84954	zero_pad_candidate	ambiguous
PI084957	N	Y	PI84957	zero_pad_candidate	ambiguous
PI084957-1	N	Y	PI84957-1	zero_pad_candidate	ambiguous
PI084959	N	Y	PI84959	zero_pad_candidate	ambiguous
PI084960	N	Y	PI84960	zero_pad_candidate	ambiguous
PI084964	N	Y	PI84964	zero_pad_candidate	ambiguous
PI084965	N	Y	PI84965	zero_pad_candidate	ambiguous
PI084967	N	Y	PI84967	zero_pad_candidate	ambiguous
PI084970	N	Y	PI84970	zero_pad_candidate	ambiguous
PI084973	N	Y	PI84973	zero_pad_candidate	ambiguous
PI084976	N	Y	PI84976	zero_pad_candidate	ambiguous
PI084976-1	N	Y	PI84976-1	zero_pad_candidate	ambiguous
PI084979	N	Y	PI84979	zero_pad_candidate	ambiguous
PI084985	N	Y	PI84985	zero_pad_candidate	ambiguous
PI084987	N	Y	PI84987	zero_pad_candidate	ambiguous
PI084987A	N	Y	PI84987A	zero_pad_candidate	ambiguous
PI084992	N	Y	PI84992	zero_pad_candidate	ambiguous
PI085009-1	N	Y	PI85009-1	zero_pad_candidate	ambiguous
PI085009-2	N	Y	PI85009-2	zero_pad_candidate	ambiguous
PI085010	N	Y	PI85010	zero_pad_candidate	ambiguous
PI085012	N	Y	PI85012	zero_pad_candidate	ambiguous
PI085014	N	Y	PI85014	zero_pad_candidate	ambiguous
PI085019	N	Y	PI85019	zero_pad_candidate	ambiguous
PI085021	N	Y	PI85021	zero_pad_candidate	ambiguous
PI085089	N	Y	PI85089	zero_pad_candidate	ambiguous
PI085252	N	Y	PI85252	zero_pad_candidate	ambiguous
PI085272	N	Y	PI85272	zero_pad_candidate	ambiguous
PI085340	N	Y	PI85340	zero_pad_candidate	ambiguous
PI085342	N	Y	PI85342	zero_pad_candidate	ambiguous
PI085355	N	Y	PI85355	zero_pad_candidate	ambiguous
PI085356	N	Y	PI85356	zero_pad_candidate	ambiguous
PI085407	N	Y	PI85407	zero_pad_candidate	ambiguous
PI085416	N	Y	PI85416	zero_pad_candidate	ambiguous
PI085420	N	Y	PI85420	zero_pad_candidate	ambiguous
PI085420-1	N	Y	PI85420-1	zero_pad_candidate	ambiguous
PI085424	N	Y	PI85424	zero_pad_candidate	ambiguous
PI085437	N	Y	PI85437	zero_pad_candidate	ambiguous
PI085441	N	Y	PI85441	zero_pad_candidate	ambiguous
PI085456	N	Y	PI85456	zero_pad_candidate	ambiguous
PI085465	N	Y	PI85465	zero_pad_candidate	ambiguous
PI085469	N	Y	PI85469	zero_pad_candidate	ambiguous
PI085476	N	Y	PI85476	zero_pad_candidate	ambiguous
PI085490	N	Y	PI85490	zero_pad_candidate	ambiguous
PI085492	N	Y	PI85492	zero_pad_candidate	ambiguous
PI085505	N	Y	PI85505	zero_pad_candidate	ambiguous
PI085506	N	Y	PI85506	zero_pad_candidate	ambiguous
PI085508	N	Y	PI85508	zero_pad_candidate	ambiguous
PI085519	N	Y	PI85519	zero_pad_candidate	ambiguous
PI085550	N	Y	PI85550	zero_pad_candidate	ambiguous
PI085559	N	Y	PI85559	zero_pad_candidate	ambiguous
PI085590	N	Y	PI85590	zero_pad_candidate	ambiguous
PI085619	N	Y	PI85619	zero_pad_candidate	ambiguous
PI085624	N	Y	PI85624	zero_pad_candidate	ambiguous
PI085625	N	Y	PI85625	zero_pad_candidate	ambiguous
PI085626	N	Y	PI85626	zero_pad_candidate	ambiguous
PI085630	N	Y	PI85630	zero_pad_candidate	ambiguous
PI085658	N	Y	PI85658	zero_pad_candidate	ambiguous
PI085663	N	Y	PI85663	zero_pad_candidate	ambiguous
PI085665	N	Y	PI85665	zero_pad_candidate	ambiguous
PI085666	N	Y	PI85666	zero_pad_candidate	ambiguous
PI085666S	N	Y	PI85666S	zero_pad_candidate	ambiguous
PI085668	N	Y	PI85668	zero_pad_candidate	ambiguous
PI085671	N	Y	PI85671	zero_pad_candidate	ambiguous
PI085878	N	Y	PI85878	zero_pad_candidate	ambiguous
PI085897	N	Y	PI85897	zero_pad_candidate	ambiguous
PI085903	N	Y	PI85903	zero_pad_candidate	ambiguous
PI086002	N	Y	PI86002	zero_pad_candidate	ambiguous
PI086004	N	Y	PI86004	zero_pad_candidate	ambiguous
PI086006	N	Y	PI86006	zero_pad_candidate	ambiguous
PI086007	N	Y	PI86007	zero_pad_candidate	ambiguous
PI086021	N	Y	PI86021	zero_pad_candidate	ambiguous
PI086022	N	Y	PI86022	zero_pad_candidate	ambiguous
PI086023	N	Y	PI86023	zero_pad_candidate	ambiguous
PI086024	N	Y	PI86024	zero_pad_candidate	ambiguous
PI086026	N	Y	PI86026	zero_pad_candidate	ambiguous
PI086026-1	N	Y	PI86026-1	zero_pad_candidate	ambiguous
PI086027	N	Y	PI86027	zero_pad_candidate	ambiguous
PI086028	N	Y	PI86028	zero_pad_candidate	ambiguous
PI086029	N	Y	PI86029	zero_pad_candidate	ambiguous
PI086031	N	Y	PI86031	zero_pad_candidate	ambiguous
PI086032	N	Y	PI86032	zero_pad_candidate	ambiguous
PI086038	N	Y	PI86038	zero_pad_candidate	ambiguous
PI086045	N	Y	PI86045	zero_pad_candidate	ambiguous
PI086045S	N	Y	PI86045S	zero_pad_candidate	ambiguous
PI086046	N	Y	PI86046	zero_pad_candidate	ambiguous
PI086050	N	Y	PI86050	zero_pad_candidate	ambiguous
PI086053	N	Y	PI86053	zero_pad_candidate	ambiguous
PI086060	N	Y	PI86060	zero_pad_candidate	ambiguous
PI086062	N	Y	PI86062	zero_pad_candidate	ambiguous
PI086063	N	Y	PI86063	zero_pad_candidate	ambiguous
PI086069	N	Y	PI86069	zero_pad_candidate	ambiguous
PI086071	N	Y	PI86071	zero_pad_candidate	ambiguous
PI086073	N	Y	PI86073	zero_pad_candidate	ambiguous
PI086075	N	Y	PI86075	zero_pad_candidate	ambiguous
PI086078	N	Y	PI86078	zero_pad_candidate	ambiguous
PI086078-1	N	Y	PI86078-1	zero_pad_candidate	ambiguous
PI086081	N	Y	PI86081	zero_pad_candidate	ambiguous
PI086084	N	Y	PI86084	zero_pad_candidate	ambiguous
PI086089	N	Y	PI86089	zero_pad_candidate	ambiguous
PI086091	N	Y	PI86091	zero_pad_candidate	ambiguous
PI086091-1	N	Y	PI86091-1	zero_pad_candidate	ambiguous
PI086098	N	Y	PI86098	zero_pad_candidate	ambiguous
PI086102	N	Y	PI86102	zero_pad_candidate	ambiguous
PI086103	N	Y	PI86103	zero_pad_candidate	ambiguous
PI086109	N	Y	PI86109	zero_pad_candidate	ambiguous
PI086109B	N	Y	PI86109B	zero_pad_candidate	ambiguous
PI086111	N	Y	PI86111	zero_pad_candidate	ambiguous
PI086112	N	Y	PI86112	zero_pad_candidate	ambiguous
PI086112-1	N	Y	PI86112-1	zero_pad_candidate	ambiguous
PI086113	N	Y	PI86113	zero_pad_candidate	ambiguous
PI086113S	N	Y	PI86113S	zero_pad_candidate	ambiguous
PI086114	N	Y	PI86114	zero_pad_candidate	ambiguous
PI086115	N	Y	PI86115	zero_pad_candidate	ambiguous
PI086116	N	Y	PI86116	zero_pad_candidate	ambiguous
PI086122	N	Y	PI86122	zero_pad_candidate	ambiguous
PI086123	N	Y	PI86123	zero_pad_candidate	ambiguous
PI086128	N	Y	PI86128	zero_pad_candidate	ambiguous
PI086133	N	Y	PI86133	zero_pad_candidate	ambiguous
PI086134-1	N	Y	PI86134-1	zero_pad_candidate	ambiguous
PI086134-2	N	Y	PI86134-2	zero_pad_candidate	ambiguous
PI086134-3	N	Y	PI86134-3	zero_pad_candidate	ambiguous
PI086134-4	N	Y	PI86134-4	zero_pad_candidate	ambiguous
PI086136	N	Y	PI86136	zero_pad_candidate	ambiguous
PI086137	N	Y	PI86137	zero_pad_candidate	ambiguous
PI086137-1	N	Y	PI86137-1	zero_pad_candidate	ambiguous
PI086138	N	Y	PI86138	zero_pad_candidate	ambiguous
PI086138R	N	Y	PI86138R	zero_pad_candidate	ambiguous
PI086142	N	Y	PI86142	zero_pad_candidate	ambiguous
PI086144	N	Y	PI86144	zero_pad_candidate	ambiguous
PI086145	N	Y	PI86145	zero_pad_candidate	ambiguous
PI086146	N	Y	PI86146	zero_pad_candidate	ambiguous
PI086150	N	Y	PI86150	zero_pad_candidate	ambiguous
PI086153	N	Y	PI86153	zero_pad_candidate	ambiguous
PI086154	N	Y	PI86154	zero_pad_candidate	ambiguous
PI086301	N	Y	PI86301	zero_pad_candidate	ambiguous
PI086410	N	Y	PI86410	zero_pad_candidate	ambiguous
PI086411	N	Y	PI86411	zero_pad_candidate	ambiguous
PI086416	N	Y	PI86416	zero_pad_candidate	ambiguous
PI086425	N	Y	PI86425	zero_pad_candidate	ambiguous
PI086443	N	Y	PI86443	zero_pad_candidate	ambiguous
PI086445	N	Y	PI86445	zero_pad_candidate	ambiguous
PI086449	N	Y	PI86449	zero_pad_candidate	ambiguous
PI086449-0	N	Y	PI86449-0	zero_pad_candidate	ambiguous
PI086449-2	N	Y	PI86449-2	zero_pad_candidate	ambiguous
PI086452	N	Y	PI86452	zero_pad_candidate	ambiguous
PI086454	N	Y	PI86454	zero_pad_candidate	ambiguous
PI086456	N	Y	PI86456	zero_pad_candidate	ambiguous
PI086457	N	Y	PI86457	zero_pad_candidate	ambiguous
PI086457-1	N	Y	PI86457-1	zero_pad_candidate	ambiguous
PI086463	N	Y	PI86463	zero_pad_candidate	ambiguous
PI086465	N	Y	PI86465	zero_pad_candidate	ambiguous
PI086469	N	Y	PI86469	zero_pad_candidate	ambiguous
PI086482	N	Y	PI86482	zero_pad_candidate	ambiguous
PI086482-1	N	Y	PI86482-1	zero_pad_candidate	ambiguous
PI086490	N	Y	PI86490	zero_pad_candidate	ambiguous
PI086490-2	N	Y	PI86490-2	zero_pad_candidate	ambiguous
PI086490-3	N	Y	PI86490-3	zero_pad_candidate	ambiguous
PI086490-4	N	Y	PI86490-4	zero_pad_candidate	ambiguous
PI086491	N	Y	PI86491	zero_pad_candidate	ambiguous
PI086502	N	Y	PI86502	zero_pad_candidate	ambiguous
PI086504	N	Y	PI86504	zero_pad_candidate	ambiguous
PI086510	N	Y	PI86510	zero_pad_candidate	ambiguous
PI086543	N	Y	PI86543	zero_pad_candidate	ambiguous
PI086736	N	Y	PI86736	zero_pad_candidate	ambiguous
PI086737	N	Y	PI86737	zero_pad_candidate	ambiguous
PI086740	N	Y	PI86740	zero_pad_candidate	ambiguous
PI086741	N	Y	PI86741	zero_pad_candidate	ambiguous
PI086876	N	Y	PI86876	zero_pad_candidate	ambiguous
PI086878	N	Y	PI86878	zero_pad_candidate	ambiguous
PI086878-2	N	Y	PI86878-2	zero_pad_candidate	ambiguous
PI086892	N	Y	PI86892	zero_pad_candidate	ambiguous
PI086903-3	N	Y	PI86903-3	zero_pad_candidate	ambiguous
PI086903-4	N	Y	PI86903-4	zero_pad_candidate	ambiguous
PI086904	N	Y	PI86904	zero_pad_candidate	ambiguous
PI086904-1	N	Y	PI86904-1	zero_pad_candidate	ambiguous
PI086908	N	Y	PI86908	zero_pad_candidate	ambiguous
PI086972-1	N	Y	PI86972-1	zero_pad_candidate	ambiguous
PI086972-2	N	Y	PI86972-2	zero_pad_candidate	ambiguous
PI086978	N	Y	PI86978	zero_pad_candidate	ambiguous
PI086982	N	Y	PI86982	zero_pad_candidate	ambiguous
PI087002	N	Y	PI87002	zero_pad_candidate	ambiguous
PI087005	N	Y	PI87005	zero_pad_candidate	ambiguous
PI087011	N	Y	PI87011	zero_pad_candidate	ambiguous
PI087013	N	Y	PI87013	zero_pad_candidate	ambiguous
PI087026	N	Y	PI87026	zero_pad_candidate	ambiguous
PI087029	N	Y	PI87029	zero_pad_candidate	ambiguous
PI087037	N	Y	PI87037	zero_pad_candidate	ambiguous
PI087047	N	Y	PI87047	zero_pad_candidate	ambiguous
PI087059	N	Y	PI87059	zero_pad_candidate	ambiguous
PI087065	N	Y	PI87065	zero_pad_candidate	ambiguous
PI087074	N	Y	PI87074	zero_pad_candidate	ambiguous
PI087076	N	Y	PI87076	zero_pad_candidate	ambiguous
PI087165	N	Y	PI87165	zero_pad_candidate	ambiguous
PI087167	N	Y	PI87167	zero_pad_candidate	ambiguous
PI087457	N	Y	PI87457	zero_pad_candidate	ambiguous
PI087465-1	N	Y	PI87465-1	zero_pad_candidate	ambiguous
PI087465-2	N	Y	PI87465-2	zero_pad_candidate	ambiguous
PI087524	N	Y	PI87524	zero_pad_candidate	ambiguous
PI087525	N	Y	PI87525	zero_pad_candidate	ambiguous
PI087530	N	Y	PI87530	zero_pad_candidate	ambiguous
PI087531	N	Y	PI87531	zero_pad_candidate	ambiguous
PI087540	N	Y	PI87540	zero_pad_candidate	ambiguous
PI087542	N	Y	PI87542	zero_pad_candidate	ambiguous
PI087561	N	Y	PI87561	zero_pad_candidate	ambiguous
PI087565	N	Y	PI87565	zero_pad_candidate	ambiguous
PI087571	N	Y	PI87571	zero_pad_candidate	ambiguous
PI087574	N	Y	PI87574	zero_pad_candidate	ambiguous
PI087575	N	Y	PI87575	zero_pad_candidate	ambiguous
PI087588	N	Y	PI87588	zero_pad_candidate	ambiguous
PI087600-1	N	Y	PI87600-1	zero_pad_candidate	ambiguous
PI087600-2	N	Y	PI87600-2	zero_pad_candidate	ambiguous
PI087606	N	Y	PI87606	zero_pad_candidate	ambiguous
PI087614	N	Y	PI87614	zero_pad_candidate	ambiguous
PI087615	N	Y	PI87615	zero_pad_candidate	ambiguous
PI087617	N	Y	PI87617	zero_pad_candidate	ambiguous
PI087618	N	Y	PI87618	zero_pad_candidate	ambiguous
PI087619	N	Y	PI87619	zero_pad_candidate	ambiguous
PI087619-1	N	Y	PI87619-1	zero_pad_candidate	ambiguous
PI087620	N	Y	PI87620	zero_pad_candidate	ambiguous
PI087620-1	N	Y	PI87620-1	zero_pad_candidate	ambiguous
PI087622	N	Y	PI87622	zero_pad_candidate	ambiguous
PI087623	N	Y	PI87623	zero_pad_candidate	ambiguous
PI087628	N	Y	PI87628	zero_pad_candidate	ambiguous
PI087629	N	Y	PI87629	zero_pad_candidate	ambiguous
PI087630	N	Y	PI87630	zero_pad_candidate	ambiguous
PI087631	N	Y	PI87631	zero_pad_candidate	ambiguous
PI087631-1	N	Y	PI87631-1	zero_pad_candidate	ambiguous
PI087631-3	N	Y	PI87631-3	zero_pad_candidate	ambiguous
PI087632	N	Y	PI87632	zero_pad_candidate	ambiguous
PI087634	N	Y	PI87634	zero_pad_candidate	ambiguous
PI087968	N	Y	PI87968	zero_pad_candidate	ambiguous
PI088282	N	Y	PI88282	zero_pad_candidate	ambiguous
PI088287	N	Y	PI88287	zero_pad_candidate	ambiguous
PI088288	N	Y	PI88288	zero_pad_candidate	ambiguous
PI088289	N	Y	PI88289	zero_pad_candidate	ambiguous
PI088290	N	Y	PI88290	zero_pad_candidate	ambiguous
PI088291	N	Y	PI88291	zero_pad_candidate	ambiguous
PI088292	N	Y	PI88292	zero_pad_candidate	ambiguous
PI088293	N	Y	PI88293	zero_pad_candidate	ambiguous
PI088293A	N	Y	PI88293A	zero_pad_candidate	ambiguous
PI088294	N	Y	PI88294	zero_pad_candidate	ambiguous
PI088294-1	N	Y	PI88294-1	zero_pad_candidate	ambiguous
PI088295	N	Y	PI88295	zero_pad_candidate	ambiguous
PI088295-1	N	Y	PI88295-1	zero_pad_candidate	ambiguous
PI088296	N	Y	PI88296	zero_pad_candidate	ambiguous
PI088297	N	Y	PI88297	zero_pad_candidate	ambiguous
PI088298	N	Y	PI88298	zero_pad_candidate	ambiguous
PI088300	N	Y	PI88300	zero_pad_candidate	ambiguous
PI088301	N	Y	PI88301	zero_pad_candidate	ambiguous
PI088302-1	N	Y	PI88302-1	zero_pad_candidate	ambiguous
PI088302-2	N	Y	PI88302-2	zero_pad_candidate	ambiguous
PI088303	N	Y	PI88303	zero_pad_candidate	ambiguous
PI088303-1	N	Y	PI88303-1	zero_pad_candidate	ambiguous
PI088304	N	Y	PI88304	zero_pad_candidate	ambiguous
PI088305	N	Y	PI88305	zero_pad_candidate	ambiguous
PI088306	N	Y	PI88306	zero_pad_candidate	ambiguous
PI088306-1	N	Y	PI88306-1	zero_pad_candidate	ambiguous
PI088307	N	Y	PI88307	zero_pad_candidate	ambiguous
PI088308	N	Y	PI88308	zero_pad_candidate	ambiguous
PI088309	N	Y	PI88309	zero_pad_candidate	ambiguous
PI088310	N	Y	PI88310	zero_pad_candidate	ambiguous
PI088311	N	Y	PI88311	zero_pad_candidate	ambiguous
PI088312	N	Y	PI88312	zero_pad_candidate	ambiguous
PI088313	N	Y	PI88313	zero_pad_candidate	ambiguous
PI088349	N	Y	PI88349	zero_pad_candidate	ambiguous
PI088350	N	Y	PI88350	zero_pad_candidate	ambiguous
PI088351	N	Y	PI88351	zero_pad_candidate	ambiguous
PI088352	N	Y	PI88352	zero_pad_candidate	ambiguous
PI088353	N	Y	PI88353	zero_pad_candidate	ambiguous
PI088354	N	Y	PI88354	zero_pad_candidate	ambiguous
PI088355	N	Y	PI88355	zero_pad_candidate	ambiguous
PI088356	N	Y	PI88356	zero_pad_candidate	ambiguous
PI088357	N	Y	PI88357	zero_pad_candidate	ambiguous
PI088358	N	Y	PI88358	zero_pad_candidate	ambiguous
PI088359	N	Y	PI88359	zero_pad_candidate	ambiguous
PI088442	N	Y	PI88442	zero_pad_candidate	ambiguous
PI088443	N	Y	PI88443	zero_pad_candidate	ambiguous
PI088444	N	Y	PI88444	zero_pad_candidate	ambiguous
PI088445	N	Y	PI88445	zero_pad_candidate	ambiguous
PI088447	N	Y	PI88447	zero_pad_candidate	ambiguous
PI088447-3	N	Y	PI88447-3	zero_pad_candidate	ambiguous
PI088448	N	Y	PI88448	zero_pad_candidate	ambiguous
PI088452	N	Y	PI88452	zero_pad_candidate	ambiguous
PI088455	N	Y	PI88455	zero_pad_candidate	ambiguous
PI088458	N	Y	PI88458	zero_pad_candidate	ambiguous
PI088459	N	Y	PI88459	zero_pad_candidate	ambiguous
PI088461	N	Y	PI88461	zero_pad_candidate	ambiguous
PI088466	N	Y	PI88466	zero_pad_candidate	ambiguous
PI088466-1	N	Y	PI88466-1	zero_pad_candidate	ambiguous
PI088468	N	Y	PI88468	zero_pad_candidate	ambiguous
PI088479	N	Y	PI88479	zero_pad_candidate	ambiguous
PI088484	N	Y	PI88484	zero_pad_candidate	ambiguous
PI088486	N	Y	PI88486	zero_pad_candidate	ambiguous
PI088490	N	Y	PI88490	zero_pad_candidate	ambiguous
PI088490-1	N	Y	PI88490-1	zero_pad_candidate	ambiguous
PI088490-2	N	Y	PI88490-2	zero_pad_candidate	ambiguous
PI088491	N	Y	PI88491	zero_pad_candidate	ambiguous
PI088492	N	Y	PI88492	zero_pad_candidate	ambiguous
PI088495	N	Y	PI88495	zero_pad_candidate	ambiguous
PI088497	N	Y	PI88497	zero_pad_candidate	ambiguous
PI088499	N	Y	PI88499	zero_pad_candidate	ambiguous
PI088502	N	Y	PI88502	zero_pad_candidate	ambiguous
PI088508	N	Y	PI88508	zero_pad_candidate	ambiguous
PI088777	N	Y	PI88777	zero_pad_candidate	ambiguous
PI088780	N	Y	PI88780	zero_pad_candidate	ambiguous
PI088782	N	Y	PI88782	zero_pad_candidate	ambiguous
PI088783	N	Y	PI88783	zero_pad_candidate	ambiguous
PI088787	N	Y	PI88787	zero_pad_candidate	ambiguous
PI088788	N	Y	PI88788	zero_pad_candidate	ambiguous
PI088789	N	Y	PI88789	zero_pad_candidate	ambiguous
PI088790	N	Y	PI88790	zero_pad_candidate	ambiguous
PI088793	N	Y	PI88793	zero_pad_candidate	ambiguous
PI088797	N	Y	PI88797	zero_pad_candidate	ambiguous
PI088798	N	Y	PI88798	zero_pad_candidate	ambiguous
PI088799	N	Y	PI88799	zero_pad_candidate	ambiguous
PI088803	N	Y	PI88803	zero_pad_candidate	ambiguous
PI088803-1	N	Y	PI88803-1	zero_pad_candidate	ambiguous
PI088804	N	Y	PI88804	zero_pad_candidate	ambiguous
PI088805-2	N	Y	PI88805-2	zero_pad_candidate	ambiguous
PI088805-4	N	Y	PI88805-4	zero_pad_candidate	ambiguous
PI088806	N	Y	PI88806	zero_pad_candidate	ambiguous
PI088809	N	Y	PI88809	zero_pad_candidate	ambiguous
PI088810	N	Y	PI88810	zero_pad_candidate	ambiguous
PI088811	N	Y	PI88811	zero_pad_candidate	ambiguous
PI088813	N	Y	PI88813	zero_pad_candidate	ambiguous
PI088814	N	Y	PI88814	zero_pad_candidate	ambiguous
PI088815	N	Y	PI88815	zero_pad_candidate	ambiguous
PI088816	N	Y	PI88816	zero_pad_candidate	ambiguous
PI088816S	N	Y	PI88816S	zero_pad_candidate	ambiguous
PI088818	N	Y	PI88818	zero_pad_candidate	ambiguous
PI088820	N	Y	PI88820	zero_pad_candidate	ambiguous
PI088820N	N	Y	PI88820N	zero_pad_candidate	ambiguous
PI088823	N	Y	PI88823	zero_pad_candidate	ambiguous
PI088825	N	Y	PI88825	zero_pad_candidate	ambiguous
PI088826	N	Y	PI88826	zero_pad_candidate	ambiguous
PI088886	N	Y	PI88886	zero_pad_candidate	ambiguous
PI088965	N	Y	PI88965	zero_pad_candidate	ambiguous
PI088997	N	Y	PI88997	zero_pad_candidate	ambiguous
PI088998-1	N	Y	PI88998-1	zero_pad_candidate	ambiguous
PI088998-2	N	Y	PI88998-2	zero_pad_candidate	ambiguous
PI089000	N	Y	PI89000	zero_pad_candidate	ambiguous
PI089001	N	Y	PI89001	zero_pad_candidate	ambiguous
PI089002	N	Y	PI89002	zero_pad_candidate	ambiguous
PI089002-2	N	Y	PI89002-2	zero_pad_candidate	ambiguous
PI089003-1	N	Y	PI89003-1	zero_pad_candidate	ambiguous
PI089003-2	N	Y	PI89003-2	zero_pad_candidate	ambiguous
PI089004	N	Y	PI89004	zero_pad_candidate	ambiguous
PI089005-4	N	Y	PI89005-4	zero_pad_candidate	ambiguous
PI089005-5	N	Y	PI89005-5	zero_pad_candidate	ambiguous
PI089006	N	Y	PI89006	zero_pad_candidate	ambiguous
PI089006-2	N	Y	PI89006-2	zero_pad_candidate	ambiguous
PI089007	N	Y	PI89007	zero_pad_candidate	ambiguous
PI089008	N	Y	PI89008	zero_pad_candidate	ambiguous
PI089009	N	Y	PI89009	zero_pad_candidate	ambiguous
PI089009-2	N	Y	PI89009-2	zero_pad_candidate	ambiguous
PI089010	N	Y	PI89010	zero_pad_candidate	ambiguous
PI089012	N	Y	PI89012	zero_pad_candidate	ambiguous
PI089012-1	N	Y	PI89012-1	zero_pad_candidate	ambiguous
PI089013	N	Y	PI89013	zero_pad_candidate	ambiguous
PI089014	N	Y	PI89014	zero_pad_candidate	ambiguous
PI089053	N	Y	PI89053	zero_pad_candidate	ambiguous
PI089055	N	Y	PI89055	zero_pad_candidate	ambiguous
PI089055-1	N	Y	PI89055-1	zero_pad_candidate	ambiguous
PI089056-2	N	Y	PI89056-2	zero_pad_candidate	ambiguous
PI089056-3	N	Y	PI89056-3	zero_pad_candidate	ambiguous
PI089057	N	Y	PI89057	zero_pad_candidate	ambiguous
PI089058	N	Y	PI89058	zero_pad_candidate	ambiguous
PI089059	N	Y	PI89059	zero_pad_candidate	ambiguous
PI089060	N	Y	PI89060	zero_pad_candidate	ambiguous
PI089061	N	Y	PI89061	zero_pad_candidate	ambiguous
PI089061-1	N	Y	PI89061-1	zero_pad_candidate	ambiguous
PI089061-2	N	Y	PI89061-2	zero_pad_candidate	ambiguous
PI089061-3	N	Y	PI89061-3	zero_pad_candidate	ambiguous
PI089061N	N	Y	PI89061N	zero_pad_candidate	ambiguous
PI089063	N	Y	PI89063	zero_pad_candidate	ambiguous
PI089064	N	Y	PI89064	zero_pad_candidate	ambiguous
PI089065	N	Y	PI89065	zero_pad_candidate	ambiguous
PI089065-2	N	Y	PI89065-2	zero_pad_candidate	ambiguous
PI089066	N	Y	PI89066	zero_pad_candidate	ambiguous
PI089067	N	Y	PI89067	zero_pad_candidate	ambiguous
PI089070	N	Y	PI89070	zero_pad_candidate	ambiguous
PI089072	N	Y	PI89072	zero_pad_candidate	ambiguous
PI089073	N	Y	PI89073	zero_pad_candidate	ambiguous
PI089074	N	Y	PI89074	zero_pad_candidate	ambiguous
PI089075	N	Y	PI89075	zero_pad_candidate	ambiguous
PI089117	N	Y	PI89117	zero_pad_candidate	ambiguous
PI089128	N	Y	PI89128	zero_pad_candidate	ambiguous
PI089130	N	Y	PI89130	zero_pad_candidate	ambiguous
PI089133	N	Y	PI89133	zero_pad_candidate	ambiguous
PI089134	N	Y	PI89134	zero_pad_candidate	ambiguous
PI089138	N	Y	PI89138	zero_pad_candidate	ambiguous
PI089143	N	Y	PI89143	zero_pad_candidate	ambiguous
PI089146	N	Y	PI89146	zero_pad_candidate	ambiguous
PI089150	N	Y	PI89150	zero_pad_candidate	ambiguous
PI089152	N	Y	PI89152	zero_pad_candidate	ambiguous
PI089153	N	Y	PI89153	zero_pad_candidate	ambiguous
PI089154	N	Y	PI89154	zero_pad_candidate	ambiguous
PI089154-1	N	Y	PI89154-1	zero_pad_candidate	ambiguous
PI089154-2	N	Y	PI89154-2	zero_pad_candidate	ambiguous
PI089154S	N	Y	PI89154S	zero_pad_candidate	ambiguous
PI089156	N	Y	PI89156	zero_pad_candidate	ambiguous
PI089162	N	Y	PI89162	zero_pad_candidate	ambiguous
PI089167	N	Y	PI89167	zero_pad_candidate	ambiguous
PI089168	N	Y	PI89168	zero_pad_candidate	ambiguous
PI089170	N	Y	PI89170	zero_pad_candidate	ambiguous
PI089171	N	Y	PI89171	zero_pad_candidate	ambiguous
PI089469	N	Y	PI89469	zero_pad_candidate	ambiguous
PI089471	N	Y	PI89471	zero_pad_candidate	ambiguous
PI089769	N	Y	PI89769	zero_pad_candidate	ambiguous
PI089772	N	Y	PI89772	zero_pad_candidate	ambiguous
PI089773	N	Y	PI89773	zero_pad_candidate	ambiguous
PI089775	N	Y	PI89775	zero_pad_candidate	ambiguous
PI089783	N	Y	PI89783	zero_pad_candidate	ambiguous
PI089784	N	Y	PI89784	zero_pad_candidate	ambiguous
PI090138	N	Y	PI90138	zero_pad_candidate	ambiguous
PI090180	N	Y	PI90180	zero_pad_candidate	ambiguous
PI090208	N	Y	PI90208	zero_pad_candidate	ambiguous
PI090220	N	Y	PI90220	zero_pad_candidate	ambiguous
PI090221	N	Y	PI90221	zero_pad_candidate	ambiguous
PI090233	N	Y	PI90233	zero_pad_candidate	ambiguous
PI090241	N	Y	PI90241	zero_pad_candidate	ambiguous
PI090243	N	Y	PI90243	zero_pad_candidate	ambiguous
PI090245	N	Y	PI90245	zero_pad_candidate	ambiguous
PI090249	N	Y	PI90249	zero_pad_candidate	ambiguous
PI090251	N	Y	PI90251	zero_pad_candidate	ambiguous
PI090256	N	Y	PI90256	zero_pad_candidate	ambiguous
PI090258	N	Y	PI90258	zero_pad_candidate	ambiguous
PI090305	N	Y	PI90305	zero_pad_candidate	ambiguous
PI090354	N	Y	PI90354	zero_pad_candidate	ambiguous
PI090369	N	Y	PI90369	zero_pad_candidate	ambiguous
PI090392	N	Y	PI90392	zero_pad_candidate	ambiguous
PI090401	N	Y	PI90401	zero_pad_candidate	ambiguous
PI090402	N	Y	PI90402	zero_pad_candidate	ambiguous
PI090406	N	Y	PI90406	zero_pad_candidate	ambiguous
PI090406-1	N	Y	PI90406-1	zero_pad_candidate	ambiguous
PI090407	N	Y	PI90407	zero_pad_candidate	ambiguous
PI090463	N	Y	PI90463	zero_pad_candidate	ambiguous
PI090479-1	N	Y	PI90479-1	zero_pad_candidate	ambiguous
PI090479P	N	Y	PI90479P	zero_pad_candidate	ambiguous
PI090481	N	Y	PI90481	zero_pad_candidate	ambiguous
PI090486	N	Y	PI90486	zero_pad_candidate	ambiguous
PI090490	N	Y	PI90490	zero_pad_candidate	ambiguous
PI090490-2	N	Y	PI90490-2	zero_pad_candidate	ambiguous
PI090495	N	Y	PI90495	zero_pad_candidate	ambiguous
PI090495N	N	Y	PI90495N	zero_pad_candidate	ambiguous
PI090499	N	Y	PI90499	zero_pad_candidate	ambiguous
PI090499-1	N	Y	PI90499-1	zero_pad_candidate	ambiguous
PI090499-2	N	Y	PI90499-2	zero_pad_candidate	ambiguous
PI090560	N	Y	PI90560	zero_pad_candidate	ambiguous
PI090563	N	Y	PI90563	zero_pad_candidate	ambiguous
PI090566	N	Y	PI90566	zero_pad_candidate	ambiguous
PI090566-1	N	Y	PI90566-1	zero_pad_candidate	ambiguous
PI090567	N	Y	PI90567	zero_pad_candidate	ambiguous
PI090567-1	N	Y	PI90567-1	zero_pad_candidate	ambiguous
PI090570	N	Y	PI90570	zero_pad_candidate	ambiguous
PI090573	N	Y	PI90573	zero_pad_candidate	ambiguous
PI090574	N	Y	PI90574	zero_pad_candidate	ambiguous
PI090575	N	Y	PI90575	zero_pad_candidate	ambiguous
PI090576-1	N	Y	PI90576-1	zero_pad_candidate	ambiguous
PI090576-2	N	Y	PI90576-2	zero_pad_candidate	ambiguous
PI090577	N	Y	PI90577	zero_pad_candidate	ambiguous
PI090578	N	Y	PI90578	zero_pad_candidate	ambiguous
PI090579	N	Y	PI90579	zero_pad_candidate	ambiguous
PI090723	N	Y	PI90723	zero_pad_candidate	ambiguous
PI090760	N	Y	PI90760	zero_pad_candidate	ambiguous
PI090763	N	Y	PI90763	zero_pad_candidate	ambiguous
PI090768	N	Y	PI90768	zero_pad_candidate	ambiguous
PI091073	N	Y	PI91073	zero_pad_candidate	ambiguous
PI091082	N	Y	PI91082	zero_pad_candidate	ambiguous
PI091083	N	Y	PI91083	zero_pad_candidate	ambiguous
PI091089	N	Y	PI91089	zero_pad_candidate	ambiguous
PI091091	N	Y	PI91091	zero_pad_candidate	ambiguous
PI091100	N	Y	PI91100	zero_pad_candidate	ambiguous
PI091100-1	N	Y	PI91100-1	zero_pad_candidate	ambiguous
PI091100-2	N	Y	PI91100-2	zero_pad_candidate	ambiguous
PI091100-3	N	Y	PI91100-3	zero_pad_candidate	ambiguous
PI091100-4	N	Y	PI91100-4	zero_pad_candidate	ambiguous
PI091102	N	Y	PI91102	zero_pad_candidate	ambiguous
PI091103	N	Y	PI91103	zero_pad_candidate	ambiguous
PI091104	N	Y	PI91104	zero_pad_candidate	ambiguous
PI091107	N	Y	PI91107	zero_pad_candidate	ambiguous
PI091108-1	N	Y	PI91108-1	zero_pad_candidate	ambiguous
PI091108-2	N	Y	PI91108-2	zero_pad_candidate	ambiguous
PI091108N	N	Y	PI91108N	zero_pad_candidate	ambiguous
PI091109	N	Y	PI91109	zero_pad_candidate	ambiguous
PI091110	N	Y	PI91110	zero_pad_candidate	ambiguous
PI091110-1	N	Y	PI91110-1	zero_pad_candidate	ambiguous
PI091113	N	Y	PI91113	zero_pad_candidate	ambiguous
PI091114	N	Y	PI91114	zero_pad_candidate	ambiguous
PI091115	N	Y	PI91115	zero_pad_candidate	ambiguous
PI091116	N	Y	PI91116	zero_pad_candidate	ambiguous
PI091117	N	Y	PI91117	zero_pad_candidate	ambiguous
PI091119	N	Y	PI91119	zero_pad_candidate	ambiguous
PI091120	N	Y	PI91120	zero_pad_candidate	ambiguous
PI091120-2	N	Y	PI91120-2	zero_pad_candidate	ambiguous
PI091120-3	N	Y	PI91120-3	zero_pad_candidate	ambiguous
PI091121-1	N	Y	PI91121-1	zero_pad_candidate	ambiguous
PI091121-2	N	Y	PI91121-2	zero_pad_candidate	ambiguous
PI091123	N	Y	PI91123	zero_pad_candidate	ambiguous
PI091124	N	Y	PI91124	zero_pad_candidate	ambiguous
PI091126	N	Y	PI91126	zero_pad_candidate	ambiguous
PI091127	N	Y	PI91127	zero_pad_candidate	ambiguous
PI091129	N	Y	PI91129	zero_pad_candidate	ambiguous
PI091132-2	N	Y	PI91132-2	zero_pad_candidate	ambiguous
PI091132-3	N	Y	PI91132-3	zero_pad_candidate	ambiguous
PI091133	N	Y	PI91133	zero_pad_candidate	ambiguous
PI091138	N	Y	PI91138	zero_pad_candidate	ambiguous
PI091141	N	Y	PI91141	zero_pad_candidate	ambiguous
PI091142	N	Y	PI91142	zero_pad_candidate	ambiguous
PI091144	N	Y	PI91144	zero_pad_candidate	ambiguous
PI091149	N	Y	PI91149	zero_pad_candidate	ambiguous
PI091150	N	Y	PI91150	zero_pad_candidate	ambiguous
PI091151	N	Y	PI91151	zero_pad_candidate	ambiguous
PI091152	N	Y	PI91152	zero_pad_candidate	ambiguous
PI091153	N	Y	PI91153	zero_pad_candidate	ambiguous
PI091153-1	N	Y	PI91153-1	zero_pad_candidate	ambiguous
PI091153-7	N	Y	PI91153-7	zero_pad_candidate	ambiguous
PI091154	N	Y	PI91154	zero_pad_candidate	ambiguous
PI091156	N	Y	PI91156	zero_pad_candidate	ambiguous
PI091159	N	Y	PI91159	zero_pad_candidate	ambiguous
PI091159-4	N	Y	PI91159-4	zero_pad_candidate	ambiguous
PI091159S	N	Y	PI91159S	zero_pad_candidate	ambiguous
PI091160	N	Y	PI91160	zero_pad_candidate	ambiguous
PI091161	N	Y	PI91161	zero_pad_candidate	ambiguous
PI091162	N	Y	PI91162	zero_pad_candidate	ambiguous
PI091163	N	Y	PI91163	zero_pad_candidate	ambiguous
PI091164	N	Y	PI91164	zero_pad_candidate	ambiguous
PI091165	N	Y	PI91165	zero_pad_candidate	ambiguous
PI091166	N	Y	PI91166	zero_pad_candidate	ambiguous
PI091167	N	Y	PI91167	zero_pad_candidate	ambiguous
PI091169	N	Y	PI91169	zero_pad_candidate	ambiguous
PI091171	N	Y	PI91171	zero_pad_candidate	ambiguous
PI091174	N	Y	PI91174	zero_pad_candidate	ambiguous
PI091178	N	Y	PI91178	zero_pad_candidate	ambiguous
PI091178-1	N	Y	PI91178-1	zero_pad_candidate	ambiguous
PI091180	N	Y	PI91180	zero_pad_candidate	ambiguous
PI091340	N	Y	PI91340	zero_pad_candidate	ambiguous
PI091341	N	Y	PI91341	zero_pad_candidate	ambiguous
PI091343	N	Y	PI91343	zero_pad_candidate	ambiguous
PI091346	N	Y	PI91346	zero_pad_candidate	ambiguous
PI091349	N	Y	PI91349	zero_pad_candidate	ambiguous
PI091557	N	Y	PI91557	zero_pad_candidate	ambiguous
PI091559	N	Y	PI91559	zero_pad_candidate	ambiguous
PI091646	N	Y	PI91646	zero_pad_candidate	ambiguous
PI091679	N	Y	PI91679	zero_pad_candidate	ambiguous
PI091684	N	Y	PI91684	zero_pad_candidate	ambiguous
PI091702	N	Y	PI91702	zero_pad_candidate	ambiguous
PI091719	N	Y	PI91719	zero_pad_candidate	ambiguous
PI091725	N	Y	PI91725	zero_pad_candidate	ambiguous
PI091725-2	N	Y	PI91725-2	zero_pad_candidate	ambiguous
PI091725-3	N	Y	PI91725-3	zero_pad_candidate	ambiguous
PI091725-4	N	Y	PI91725-4	zero_pad_candidate	ambiguous
PI091729	N	Y	PI91729	zero_pad_candidate	ambiguous
PI091730	N	Y	PI91730	zero_pad_candidate	ambiguous
PI091730-1	N	Y	PI91730-1	zero_pad_candidate	ambiguous
PI091731	N	Y	PI91731	zero_pad_candidate	ambiguous
PI091731-1	N	Y	PI91731-1	zero_pad_candidate	ambiguous
PI091732-1	N	Y	PI91732-1	zero_pad_candidate	ambiguous
PI091732-2	N	Y	PI91732-2	zero_pad_candidate	ambiguous
PI091733	N	Y	PI91733	zero_pad_candidate	ambiguous
PI091733-1	N	Y	PI91733-1	zero_pad_candidate	ambiguous
PI091734	N	Y	PI91734	zero_pad_candidate	ambiguous
PI091750	N	Y	PI91750	zero_pad_candidate	ambiguous
PI092109	N	Y	PI92109	zero_pad_candidate	ambiguous
PI092460	N	Y	PI92460	zero_pad_candidate	ambiguous
PI092463	N	Y	PI92463	zero_pad_candidate	ambiguous
PI092464	N	Y	PI92464	zero_pad_candidate	ambiguous
PI092465	N	Y	PI92465	zero_pad_candidate	ambiguous
PI092466	N	Y	PI92466	zero_pad_candidate	ambiguous
PI092468	N	Y	PI92468	zero_pad_candidate	ambiguous
PI092469	N	Y	PI92469	zero_pad_candidate	ambiguous
PI092470	N	Y	PI92470	zero_pad_candidate	ambiguous
PI092557	N	Y	PI92557	zero_pad_candidate	ambiguous
PI092560	N	Y	PI92560	zero_pad_candidate	ambiguous
PI092561	N	Y	PI92561	zero_pad_candidate	ambiguous
PI092563	N	Y	PI92563	zero_pad_candidate	ambiguous
PI092565	N	Y	PI92565	zero_pad_candidate	ambiguous
PI092567	N	Y	PI92567	zero_pad_candidate	ambiguous
PI092568	N	Y	PI92568	zero_pad_candidate	ambiguous
PI092569	N	Y	PI92569	zero_pad_candidate	ambiguous
PI092570	N	Y	PI92570	zero_pad_candidate	ambiguous
PI092571	N	Y	PI92571	zero_pad_candidate	ambiguous
PI092572	N	Y	PI92572	zero_pad_candidate	ambiguous
PI092573	N	Y	PI92573	zero_pad_candidate	ambiguous
PI092576	N	Y	PI92576	zero_pad_candidate	ambiguous
PI092577	N	Y	PI92577	zero_pad_candidate	ambiguous
PI092580	N	Y	PI92580	zero_pad_candidate	ambiguous
PI092582	N	Y	PI92582	zero_pad_candidate	ambiguous
PI092583	N	Y	PI92583	zero_pad_candidate	ambiguous
PI092589	N	Y	PI92589	zero_pad_candidate	ambiguous
PI092590	N	Y	PI92590	zero_pad_candidate	ambiguous
PI092592	N	Y	PI92592	zero_pad_candidate	ambiguous
PI092593	N	Y	PI92593	zero_pad_candidate	ambiguous
PI092594	N	Y	PI92594	zero_pad_candidate	ambiguous
PI092595	N	Y	PI92595	zero_pad_candidate	ambiguous
PI092596	N	Y	PI92596	zero_pad_candidate	ambiguous
PI092598	N	Y	PI92598	zero_pad_candidate	ambiguous
PI092600	N	Y	PI92600	zero_pad_candidate	ambiguous
PI092601	N	Y	PI92601	zero_pad_candidate	ambiguous
PI092601-1	N	Y	PI92601-1	zero_pad_candidate	ambiguous
PI092601-2	N	Y	PI92601-2	zero_pad_candidate	ambiguous
PI092601-5	N	Y	PI92601-5	zero_pad_candidate	ambiguous
PI092602	N	Y	PI92602	zero_pad_candidate	ambiguous
PI092603	N	Y	PI92603	zero_pad_candidate	ambiguous
PI092604	N	Y	PI92604	zero_pad_candidate	ambiguous
PI092605	N	Y	PI92605	zero_pad_candidate	ambiguous
PI092606	N	Y	PI92606	zero_pad_candidate	ambiguous
PI092607	N	Y	PI92607	zero_pad_candidate	ambiguous
PI092608	N	Y	PI92608	zero_pad_candidate	ambiguous
PI092611	N	Y	PI92611	zero_pad_candidate	ambiguous
PI092617	N	Y	PI92617	zero_pad_candidate	ambiguous
PI092618	N	Y	PI92618	zero_pad_candidate	ambiguous
PI092619	N	Y	PI92619	zero_pad_candidate	ambiguous
PI092623	N	Y	PI92623	zero_pad_candidate	ambiguous
PI092625	N	Y	PI92625	zero_pad_candidate	ambiguous
PI092627	N	Y	PI92627	zero_pad_candidate	ambiguous
PI092629	N	Y	PI92629	zero_pad_candidate	ambiguous
PI092630	N	Y	PI92630	zero_pad_candidate	ambiguous
PI092633	N	Y	PI92633	zero_pad_candidate	ambiguous
PI092636	N	Y	PI92636	zero_pad_candidate	ambiguous
PI092639	N	Y	PI92639	zero_pad_candidate	ambiguous
PI092640	N	Y	PI92640	zero_pad_candidate	ambiguous
PI092641	N	Y	PI92641	zero_pad_candidate	ambiguous
PI092641B	N	Y	PI92641B	zero_pad_candidate	ambiguous
PI092642	N	Y	PI92642	zero_pad_candidate	ambiguous
PI092643	N	Y	PI92643	zero_pad_candidate	ambiguous
PI092645	N	Y	PI92645	zero_pad_candidate	ambiguous
PI092649	N	Y	PI92649	zero_pad_candidate	ambiguous
PI092651	N	Y	PI92651	zero_pad_candidate	ambiguous
PI092654	N	Y	PI92654	zero_pad_candidate	ambiguous
PI092659	N	Y	PI92659	zero_pad_candidate	ambiguous
PI092660	N	Y	PI92660	zero_pad_candidate	ambiguous
PI092661	N	Y	PI92661	zero_pad_candidate	ambiguous
PI092662	N	Y	PI92662	zero_pad_candidate	ambiguous
PI092663	N	Y	PI92663	zero_pad_candidate	ambiguous
PI092671	N	Y	PI92671	zero_pad_candidate	ambiguous
PI092672	N	Y	PI92672	zero_pad_candidate	ambiguous
PI092677	N	Y	PI92677	zero_pad_candidate	ambiguous
PI092681	N	Y	PI92681	zero_pad_candidate	ambiguous
PI092683	N	Y	PI92683	zero_pad_candidate	ambiguous
PI092684	N	Y	PI92684	zero_pad_candidate	ambiguous
PI092686	N	Y	PI92686	zero_pad_candidate	ambiguous
PI092687	N	Y	PI92687	zero_pad_candidate	ambiguous
PI092688	N	Y	PI92688	zero_pad_candidate	ambiguous
PI092688-2	N	Y	PI92688-2	zero_pad_candidate	ambiguous
PI092689	N	Y	PI92689	zero_pad_candidate	ambiguous
PI092690	N	Y	PI92690	zero_pad_candidate	ambiguous
PI092691	N	Y	PI92691	zero_pad_candidate	ambiguous
PI092694	N	Y	PI92694	zero_pad_candidate	ambiguous
PI092696	N	Y	PI92696	zero_pad_candidate	ambiguous
PI092698	N	Y	PI92698	zero_pad_candidate	ambiguous
PI092702	N	Y	PI92702	zero_pad_candidate	ambiguous
PI092704	N	Y	PI92704	zero_pad_candidate	ambiguous
PI092705	N	Y	PI92705	zero_pad_candidate	ambiguous
PI092706	N	Y	PI92706	zero_pad_candidate	ambiguous
PI092707	N	Y	PI92707	zero_pad_candidate	ambiguous
PI092707-2	N	Y	PI92707-2	zero_pad_candidate	ambiguous
PI092707S	N	Y	PI92707S	zero_pad_candidate	ambiguous
PI092713	N	Y	PI92713	zero_pad_candidate	ambiguous
PI092717	N	Y	PI92717	zero_pad_candidate	ambiguous
PI092718	N	Y	PI92718	zero_pad_candidate	ambiguous
PI092718-2	N	Y	PI92718-2	zero_pad_candidate	ambiguous
PI092719	N	Y	PI92719	zero_pad_candidate	ambiguous
PI092720	N	Y	PI92720	zero_pad_candidate	ambiguous
PI092722	N	Y	PI92722	zero_pad_candidate	ambiguous
PI092728	N	Y	PI92728	zero_pad_candidate	ambiguous
PI092733	N	Y	PI92733	zero_pad_candidate	ambiguous
PI092734	N	Y	PI92734	zero_pad_candidate	ambiguous
PI092743	N	Y	PI92743	zero_pad_candidate	ambiguous
PI092748	N	Y	PI92748	zero_pad_candidate	ambiguous
PI093055	N	Y	PI93055	zero_pad_candidate	ambiguous
PI093055S	N	Y	PI93055S	zero_pad_candidate	ambiguous
PI093217	N	Y	PI93217	zero_pad_candidate	ambiguous
PI093559	N	Y	PI93559	zero_pad_candidate	ambiguous
PI093560	N	Y	PI93560	zero_pad_candidate	ambiguous
PI093563	N	Y	PI93563	zero_pad_candidate	ambiguous
PI093565	N	Y	PI93565	zero_pad_candidate	ambiguous
PI093565A	N	Y	PI93565A	zero_pad_candidate	ambiguous
PI094159	N	Y	PI94159	zero_pad_candidate	ambiguous
PI094159-3	N	Y	PI94159-3	zero_pad_candidate	ambiguous
PI094159B	N	Y	PI94159B	zero_pad_candidate	ambiguous
PI095740	N	Y	PI95740	zero_pad_candidate	ambiguous
PI095769	N	Y	PI95769	zero_pad_candidate	ambiguous
PI095780	N	Y	PI95780	zero_pad_candidate	ambiguous
PI095801	N	Y	PI95801	zero_pad_candidate	ambiguous
PI095853	N	Y	PI95853	zero_pad_candidate	ambiguous
PI095860	N	Y	PI95860	zero_pad_candidate	ambiguous
PI095887	N	Y	PI95887	zero_pad_candidate	ambiguous
PI095959	N	Y	PI95959	zero_pad_candidate	ambiguous
PI095960	N	Y	PI95960	zero_pad_candidate	ambiguous
PI095969	N	Y	PI95969	zero_pad_candidate	ambiguous
PI096035	N	Y	PI96035	zero_pad_candidate	ambiguous
PI096089	N	Y	PI96089	zero_pad_candidate	ambiguous
PI096093	N	Y	PI96093	zero_pad_candidate	ambiguous
PI096118	N	Y	PI96118	zero_pad_candidate	ambiguous
PI096152	N	Y	PI96152	zero_pad_candidate	ambiguous
PI096162	N	Y	PI96162	zero_pad_candidate	ambiguous
PI096169	N	Y	PI96169	zero_pad_candidate	ambiguous
PI096169B	N	Y	PI96169B	zero_pad_candidate	ambiguous
PI096171	N	Y	PI96171	zero_pad_candidate	ambiguous
PI096188	N	Y	PI96188	zero_pad_candidate	ambiguous
PI096193	N	Y	PI96193	zero_pad_candidate	ambiguous
PI096194-3	N	Y	PI96194-3	zero_pad_candidate	ambiguous
PI096194P	N	Y	PI96194P	zero_pad_candidate	ambiguous
PI096195	N	Y	PI96195	zero_pad_candidate	ambiguous
PI096199	N	Y	PI96199	zero_pad_candidate	ambiguous
PI096201	N	Y	PI96201	zero_pad_candidate	ambiguous
PI096257	N	Y	PI96257	zero_pad_candidate	ambiguous
PI096280	N	Y	PI96280	zero_pad_candidate	ambiguous
PI096321	N	Y	PI96321	zero_pad_candidate	ambiguous
PI096322	N	Y	PI96322	zero_pad_candidate	ambiguous
PI096333	N	Y	PI96333	zero_pad_candidate	ambiguous
PI096354	N	Y	PI96354	zero_pad_candidate	ambiguous
PI096549	N	Y	PI96549	zero_pad_candidate	ambiguous
PI096550	N	Y	PI96550	zero_pad_candidate	ambiguous
PI096783	N	Y	PI96783	zero_pad_candidate	ambiguous
PI096786	N	Y	PI96786	zero_pad_candidate	ambiguous
PI096786-1	N	Y	PI96786-1	zero_pad_candidate	ambiguous
PI096787	N	Y	PI96787	zero_pad_candidate	ambiguous
PI096808	N	Y	PI96808	zero_pad_candidate	ambiguous
PI096927	N	Y	PI96927	zero_pad_candidate	ambiguous
PI096978	N	Y	PI96978	zero_pad_candidate	ambiguous
PI096983	N	Y	PI96983	zero_pad_candidate	ambiguous
PI096984	N	Y	PI96984	zero_pad_candidate	ambiguous
PI097038	N	Y	PI97038	zero_pad_candidate	ambiguous
PI097066	N	Y	PI97066	zero_pad_candidate	ambiguous
PI097081	N	Y	PI97081	zero_pad_candidate	ambiguous
PI097094	N	Y	PI97094	zero_pad_candidate	ambiguous
PI097100	N	Y	PI97100	zero_pad_candidate	ambiguous
PI097139	N	Y	PI97139	zero_pad_candidate	ambiguous
PI097150	N	Y	PI97150	zero_pad_candidate	ambiguous
PI097155	N	Y	PI97155	zero_pad_candidate	ambiguous
PI097161	N	Y	PI97161	zero_pad_candidate	ambiguous
PI097220	N	Y	PI97220	zero_pad_candidate	ambiguous
PI097222	N	Y	PI97222	zero_pad_candidate	ambiguous
PI097225	N	Y	PI97225	zero_pad_candidate	ambiguous
PI097235	N	Y	PI97235	zero_pad_candidate	ambiguous
PI097605	N	Y	PI97605	zero_pad_candidate	ambiguous
PI097627	N	Y	PI97627	zero_pad_candidate	ambiguous
PI098243	N	Y	PI98243	zero_pad_candidate	ambiguous
PI101404A	Y	N		none	vcf_only
PI101404B	Y	N		none	vcf_only
PI103079	Y	Y	PI103079	exact	matched_exact
PI103080	Y	Y	PI103080	exact	matched_exact
PI103088	Y	Y	PI103088	exact	matched_exact
PI103091	Y	Y	PI103091	exact	matched_exact
PI103414	Y	Y	PI103414	exact	matched_exact
PI103415	Y	Y	PI103415	exact	matched_exact
PI103419A	Y	Y	PI103419A	exact	matched_exact
PI103419B	Y	Y	PI103419B	exact	matched_exact
PI104708	Y	Y	PI104708	exact	matched_exact
PI105579	Y	Y	PI105579	exact	matched_exact
PI123439	Y	Y	PI123439	exact	matched_exact
PI123440	Y	Y	PI123440	exact	matched_exact
PI123577A	Y	Y	PI123577A	exact	matched_exact
PI123577B	Y	Y	PI123577B	exact	matched_exact
PI123578	Y	Y	PI123578	exact	matched_exact
PI123587	Y	Y	PI123587	exact	matched_exact
PI123590	Y	Y	PI123590	exact	matched_exact
PI124871	Y	Y	PI124871	exact	matched_exact
PI131531	Y	Y	PI131531	exact	matched_exact
PI132201	Y	Y	PI132201	exact	matched_exact
PI132203	Y	Y	PI132203	exact	matched_exact
PI132204	Y	Y	PI132204	exact	matched_exact
PI132205	Y	Y	PI132205	exact	matched_exact
PI132206	Y	Y	PI132206	exact	matched_exact
PI132207	Y	Y	PI132207	exact	matched_exact
PI132214	Y	Y	PI132214	exact	matched_exact
PI132215	Y	Y	PI132215	exact	matched_exact
PI132217	Y	Y	PI132217	exact	matched_exact
PI133226	Y	Y	PI133226	exact	matched_exact
PI135589	Y	Y	PI135589	exact	matched_exact
PI135590	Y	Y	PI135590	exact	matched_exact
PI135624	Y	Y	PI135624	exact	matched_exact
PI142491	Y	Y	PI142491	exact	matched_exact
PI145079	Y	Y	PI145079	exact	matched_exact
PI148259	Y	Y	PI148259	exact	matched_exact
PI148260	Y	Y	PI148260	exact	matched_exact
PI151249	Y	Y	PI151249	exact	matched_exact
PI152361	Y	Y	PI152361	exact	matched_exact
PI152573	Y	Y	PI152573	exact	matched_exact
PI153203	Y	Y	PI153203	exact	matched_exact
PI153208	Y	Y	PI153208	exact	matched_exact
PI153209	Y	Y	PI153209	exact	matched_exact
PI153210	Y	Y	PI153210	exact	matched_exact
PI153211	Y	Y	PI153211	exact	matched_exact
PI153212	Y	Y	PI153212	exact	matched_exact
PI153213	Y	Y	PI153213	exact	matched_exact
PI153214	Y	Y	PI153214	exact	matched_exact
PI153215	Y	Y	PI153215	exact	matched_exact
PI153216	Y	Y	PI153216	exact	matched_exact
PI153217	Y	Y	PI153217	exact	matched_exact
PI153218	Y	Y	PI153218	exact	matched_exact
PI153219	Y	Y	PI153219	exact	matched_exact
PI153221	Y	Y	PI153221	exact	matched_exact
PI153222	Y	Y	PI153222	exact	matched_exact
PI153223	Y	Y	PI153223	exact	matched_exact
PI153225	Y	Y	PI153225	exact	matched_exact
PI153226	Y	Y	PI153226	exact	matched_exact
PI153227	Y	Y	PI153227	exact	matched_exact
PI153229	Y	Y	PI153229	exact	matched_exact
PI153230	Y	Y	PI153230	exact	matched_exact
PI153231	Y	Y	PI153231	exact	matched_exact
PI153233	Y	Y	PI153233	exact	matched_exact
PI153234	Y	Y	PI153234	exact	matched_exact
PI153235	Y	Y	PI153235	exact	matched_exact
PI153236	Y	Y	PI153236	exact	matched_exact
PI153237	Y	Y	PI153237	exact	matched_exact
PI153238	Y	Y	PI153238	exact	matched_exact
PI153239	Y	Y	PI153239	exact	matched_exact
PI153240	Y	Y	PI153240	exact	matched_exact
PI153241	Y	Y	PI153241	exact	matched_exact
PI153242	Y	Y	PI153242	exact	matched_exact
PI153243	Y	Y	PI153243	exact	matched_exact
PI153244	Y	Y	PI153244	exact	matched_exact
PI153245	Y	Y	PI153245	exact	matched_exact
PI153246	Y	Y	PI153246	exact	matched_exact
PI153247	Y	Y	PI153247	exact	matched_exact
PI153249	Y	Y	PI153249	exact	matched_exact
PI153250	Y	Y	PI153250	exact	matched_exact
PI153251	Y	Y	PI153251	exact	matched_exact
PI153252	Y	Y	PI153252	exact	matched_exact
PI153253	Y	Y	PI153253	exact	matched_exact
PI153255	Y	Y	PI153255	exact	matched_exact
PI153259	Y	Y	PI153259	exact	matched_exact
PI153261	Y	Y	PI153261	exact	matched_exact
PI153262	Y	Y	PI153262	exact	matched_exact
PI153263	Y	Y	PI153263	exact	matched_exact
PI153264	Y	Y	PI153264	exact	matched_exact
PI153265	Y	Y	PI153265	exact	matched_exact
PI153266	Y	Y	PI153266	exact	matched_exact
PI153267	Y	Y	PI153267	exact	matched_exact
PI153270	Y	Y	PI153270	exact	matched_exact
PI153271	Y	Y	PI153271	exact	matched_exact
PI153272	Y	Y	PI153272	exact	matched_exact
PI153273	Y	Y	PI153273	exact	matched_exact
PI153274	Y	Y	PI153274	exact	matched_exact
PI153275	Y	Y	PI153275	exact	matched_exact
PI153276	Y	Y	PI153276	exact	matched_exact
PI153277	Y	Y	PI153277	exact	matched_exact
PI153278	Y	Y	PI153278	exact	matched_exact
PI153279	Y	Y	PI153279	exact	matched_exact
PI153280	Y	Y	PI153280	exact	matched_exact
PI153281	Y	Y	PI153281	exact	matched_exact
PI153282	Y	Y	PI153282	exact	matched_exact
PI153283	Y	Y	PI153283	exact	matched_exact
PI153284	Y	Y	PI153284	exact	matched_exact
PI153285	Y	Y	PI153285	exact	matched_exact
PI153286	Y	Y	PI153286	exact	matched_exact
PI153287	Y	Y	PI153287	exact	matched_exact
PI153288	Y	Y	PI153288	exact	matched_exact
PI153289	Y	Y	PI153289	exact	matched_exact
PI153290	Y	Y	PI153290	exact	matched_exact
PI153291	Y	Y	PI153291	exact	matched_exact
PI153292	Y	Y	PI153292	exact	matched_exact
PI153293	Y	Y	PI153293	exact	matched_exact
PI153294	Y	Y	PI153294	exact	matched_exact
PI153296	Y	Y	PI153296	exact	matched_exact
PI153297	Y	Y	PI153297	exact	matched_exact
PI153299	Y	Y	PI153299	exact	matched_exact
PI153300	Y	Y	PI153300	exact	matched_exact
PI153301	Y	Y	PI153301	exact	matched_exact
PI153302	Y	Y	PI153302	exact	matched_exact
PI153303	Y	Y	PI153303	exact	matched_exact
PI153304	Y	Y	PI153304	exact	matched_exact
PI153305	Y	Y	PI153305	exact	matched_exact
PI153306	Y	Y	PI153306	exact	matched_exact
PI153308	Y	Y	PI153308	exact	matched_exact
PI153309	Y	Y	PI153309	exact	matched_exact
PI153310	Y	Y	PI153310	exact	matched_exact
PI153311	Y	Y	PI153311	exact	matched_exact
PI153313	Y	Y	PI153313	exact	matched_exact
PI153314	Y	Y	PI153314	exact	matched_exact
PI153315	Y	Y	PI153315	exact	matched_exact
PI153316	Y	Y	PI153316	exact	matched_exact
PI153317	Y	Y	PI153317	exact	matched_exact
PI153318	Y	Y	PI153318	exact	matched_exact
PI153319	Y	Y	PI153319	exact	matched_exact
PI153320	Y	Y	PI153320	exact	matched_exact
PI153321	Y	Y	PI153321	exact	matched_exact
PI153681	Y	Y	PI153681	exact	matched_exact
PI153682	Y	Y	PI153682	exact	matched_exact
PI154189	Y	Y	PI154189	exact	matched_exact
PI154190	Y	Y	PI154190	exact	matched_exact
PI154191	Y	Y	PI154191	exact	matched_exact
PI154192	Y	Y	PI154192	exact	matched_exact
PI154193	Y	Y	PI154193	exact	matched_exact
PI154194	Y	Y	PI154194	exact	matched_exact
PI154195	Y	Y	PI154195	exact	matched_exact
PI154196	Y	Y	PI154196	exact	matched_exact
PI154197	Y	Y	PI154197	exact	matched_exact
PI154198	Y	Y	PI154198	exact	matched_exact
PI154199	Y	Y	PI154199	exact	matched_exact
PI154200	Y	Y	PI154200	exact	matched_exact
PI157394	Y	Y	PI157394	exact	matched_exact
PI157395	Y	Y	PI157395	exact	matched_exact
PI157396	Y	Y	PI157396	exact	matched_exact
PI157397	Y	Y	PI157397	exact	matched_exact
PI157398	Y	Y	PI157398	exact	matched_exact
PI157401	Y	Y	PI157401	exact	matched_exact
PI157402	Y	Y	PI157402	exact	matched_exact
PI157404	Y	Y	PI157404	exact	matched_exact
PI157405	Y	Y	PI157405	exact	matched_exact
PI157406	Y	Y	PI157406	exact	matched_exact
PI157408	Y	Y	PI157408	exact	matched_exact
PI157409	Y	Y	PI157409	exact	matched_exact
PI157410	Y	Y	PI157410	exact	matched_exact
PI157413	Y	Y	PI157413	exact	matched_exact
PI157414	Y	Y	PI157414	exact	matched_exact
PI157416	Y	Y	PI157416	exact	matched_exact
PI157417	Y	Y	PI157417	exact	matched_exact
PI157419	Y	Y	PI157419	exact	matched_exact
PI157421	Y	Y	PI157421	exact	matched_exact
PI157422	Y	Y	PI157422	exact	matched_exact
PI157424	Y	Y	PI157424	exact	matched_exact
PI157428	Y	Y	PI157428	exact	matched_exact
PI157429	Y	Y	PI157429	exact	matched_exact
PI157430	Y	Y	PI157430	exact	matched_exact
PI157431	Y	Y	PI157431	exact	matched_exact
PI157432	Y	Y	PI157432	exact	matched_exact
PI157434	Y	Y	PI157434	exact	matched_exact
PI157435	Y	Y	PI157435	exact	matched_exact
PI157436	Y	Y	PI157436	exact	matched_exact
PI157437	Y	Y	PI157437	exact	matched_exact
PI157438	Y	Y	PI157438	exact	matched_exact
PI157439	Y	Y	PI157439	exact	matched_exact
PI157440	Y	Y	PI157440	exact	matched_exact
PI157441	Y	Y	PI157441	exact	matched_exact
PI157442	Y	Y	PI157442	exact	matched_exact
PI157443	Y	Y	PI157443	exact	matched_exact
PI157444	Y	Y	PI157444	exact	matched_exact
PI157445	Y	Y	PI157445	exact	matched_exact
PI157446	Y	Y	PI157446	exact	matched_exact
PI157447	Y	Y	PI157447	exact	matched_exact
PI157448	Y	Y	PI157448	exact	matched_exact
PI157449	Y	Y	PI157449	exact	matched_exact
PI157450	Y	Y	PI157450	exact	matched_exact
PI157451	Y	Y	PI157451	exact	matched_exact
PI157452	Y	Y	PI157452	exact	matched_exact
PI157453	Y	Y	PI157453	exact	matched_exact
PI157454	Y	Y	PI157454	exact	matched_exact
PI157456	Y	Y	PI157456	exact	matched_exact
PI157457	Y	Y	PI157457	exact	matched_exact
PI157458	Y	Y	PI157458	exact	matched_exact
PI157459	Y	Y	PI157459	exact	matched_exact
PI157460	Y	Y	PI157460	exact	matched_exact
PI157462	Y	Y	PI157462	exact	matched_exact
PI157468	Y	Y	PI157468	exact	matched_exact
PI157469	Y	Y	PI157469	exact	matched_exact
PI157470	Y	Y	PI157470	exact	matched_exact
PI157471	Y	Y	PI157471	exact	matched_exact
PI157472	Y	Y	PI157472	exact	matched_exact
PI157473	Y	Y	PI157473	exact	matched_exact
PI157474	Y	Y	PI157474	exact	matched_exact
PI157475	Y	Y	PI157475	exact	matched_exact
PI157476	Y	Y	PI157476	exact	matched_exact
PI157477	Y	Y	PI157477	exact	matched_exact
PI157478	Y	Y	PI157478	exact	matched_exact
PI157482	Y	Y	PI157482	exact	matched_exact
PI157483	Y	Y	PI157483	exact	matched_exact
PI157484	Y	Y	PI157484	exact	matched_exact
PI157485	Y	Y	PI157485	exact	matched_exact
PI157487A	Y	Y	PI157487A	exact	matched_exact
PI157487B	Y	Y	PI157487B	exact	matched_exact
PI157488	Y	Y	PI157488	exact	matched_exact
PI157490	Y	Y	PI157490	exact	matched_exact
PI157491	Y	Y	PI157491	exact	matched_exact
PI157492	Y	Y	PI157492	exact	matched_exact
PI157493	Y	Y	PI157493	exact	matched_exact
PI158751	Y	Y	PI158751	exact	matched_exact
PI158765	Y	Y	PI158765	exact	matched_exact
PI159093	Y	Y	PI159093	exact	matched_exact
PI159094	Y	Y	PI159094	exact	matched_exact
PI159095	Y	Y	PI159095	exact	matched_exact
PI159096	Y	Y	PI159096	exact	matched_exact
PI159097	Y	Y	PI159097	exact	matched_exact
PI159319	Y	Y	PI159319	exact	matched_exact
PI159321	Y	Y	PI159321	exact	matched_exact
PI159322	Y	Y	PI159322	exact	matched_exact
PI159764	Y	Y	PI159764	exact	matched_exact
PI159922	Y	Y	PI159922	exact	matched_exact
PI159923A	Y	Y	PI159923A	exact	matched_exact
PI159923B	Y	Y	PI159923B	exact	matched_exact
PI159924	Y	Y	PI159924	exact	matched_exact
PI159925	Y	Y	PI159925	exact	matched_exact
PI159926	Y	Y	PI159926	exact	matched_exact
PI159927	Y	Y	PI159927	exact	matched_exact
PI161431A	Y	Y	PI161431A	exact	matched_exact
PI161431B	Y	Y	PI161431B	exact	matched_exact
PI161988	Y	Y	PI161988	exact	matched_exact
PI161989	Y	Y	PI161989	exact	matched_exact
PI163308	Y	Y	PI163308	exact	matched_exact
PI163453	Y	N		none	vcf_only
PI164885	Y	Y	PI164885	exact	matched_exact
PI165524	Y	Y	PI165524	exact	matched_exact
PI165563	Y	Y	PI165563	exact	matched_exact
PI165578	Y	Y	PI165578	exact	matched_exact
PI165583	Y	Y	PI165583	exact	matched_exact
PI165671	Y	Y	PI165671	exact	matched_exact
PI165672	Y	Y	PI165672	exact	matched_exact
PI165673	Y	Y	PI165673	exact	matched_exact
PI165674	Y	Y	PI165674	exact	matched_exact
PI165675	Y	Y	PI165675	exact	matched_exact
PI165676	Y	Y	PI165676	exact	matched_exact
PI165896	Y	Y	PI165896	exact	matched_exact
PI165914	Y	Y	PI165914	exact	matched_exact
PI165926	Y	Y	PI165926	exact	matched_exact
PI165929	Y	Y	PI165929	exact	matched_exact
PI165943	Y	Y	PI165943	exact	matched_exact
PI165947	Y	Y	PI165947	exact	matched_exact
PI165989	Y	Y	PI165989	exact	matched_exact
PI166028	Y	Y	PI166028	exact	matched_exact
PI166032	Y	Y	PI166032	exact	matched_exact
PI166048	Y	Y	PI166048	exact	matched_exact
PI166105	Y	Y	PI166105	exact	matched_exact
PI166140	Y	Y	PI166140	exact	matched_exact
PI166141	Y	Y	PI166141	exact	matched_exact
PI166147	Y	Y	PI166147	exact	matched_exact
PI166438	Y	N		none	vcf_only
PI167240	Y	Y	PI167240	exact	matched_exact
PI167277	Y	Y	PI167277	exact	matched_exact
PI170380	Y	Y	PI170380	exact	matched_exact
PI170886	Y	Y	PI170886	exact	matched_exact
PI170887	Y	Y	PI170887	exact	matched_exact
PI170888	Y	Y	PI170888	exact	matched_exact
PI170889	Y	Y	PI170889	exact	matched_exact
PI170890	Y	Y	PI170890	exact	matched_exact
PI170891	Y	Y	PI170891	exact	matched_exact
PI170892	Y	Y	PI170892	exact	matched_exact
PI170893	Y	Y	PI170893	exact	matched_exact
PI170895	Y	Y	PI170895	exact	matched_exact
PI170896	Y	Y	PI170896	exact	matched_exact
PI170899	Y	Y	PI170899	exact	matched_exact
PI171421	Y	Y	PI171421	exact	matched_exact
PI171427	Y	Y	PI171427	exact	matched_exact
PI171428	Y	Y	PI171428	exact	matched_exact
PI171429	Y	Y	PI171429	exact	matched_exact
PI171430	Y	Y	PI171430	exact	matched_exact
PI171431	Y	Y	PI171431	exact	matched_exact
PI171432	Y	Y	PI171432	exact	matched_exact
PI171433	Y	Y	PI171433	exact	matched_exact
PI171434	Y	Y	PI171434	exact	matched_exact
PI171436	Y	Y	PI171436	exact	matched_exact
PI171437	Y	Y	PI171437	exact	matched_exact
PI171438	Y	Y	PI171438	exact	matched_exact
PI171439	Y	Y	PI171439	exact	matched_exact
PI171440	Y	Y	PI171440	exact	matched_exact
PI171441	Y	Y	PI171441	exact	matched_exact
PI171442	Y	Y	PI171442	exact	matched_exact
PI171443	Y	Y	PI171443	exact	matched_exact
PI171444	Y	Y	PI171444	exact	matched_exact
PI171445	Y	Y	PI171445	exact	matched_exact
PI171446	Y	Y	PI171446	exact	matched_exact
PI171449	Y	Y	PI171449	exact	matched_exact
PI171450	Y	Y	PI171450	exact	matched_exact
PI171451	Y	Y	PI171451	exact	matched_exact
PI171454	Y	Y	PI171454	exact	matched_exact
PI171652	Y	Y	PI171652	exact	matched_exact
PI172901	Y	Y	PI172901	exact	matched_exact
PI172902	Y	Y	PI172902	exact	matched_exact
PI173994	Y	Y	PI173994	exact	matched_exact
PI173995	Y	Y	PI173995	exact	matched_exact
PI174852	Y	Y	PI174852	exact	matched_exact
PI174853	Y	Y	PI174853	exact	matched_exact
PI174854	Y	Y	PI174854	exact	matched_exact
PI174855	Y	Y	PI174855	exact	matched_exact
PI174856	Y	Y	PI174856	exact	matched_exact
PI174857	Y	Y	PI174857	exact	matched_exact
PI174858	Y	Y	PI174858	exact	matched_exact
PI174859	Y	Y	PI174859	exact	matched_exact
PI174860	Y	Y	PI174860	exact	matched_exact
PI174861	Y	Y	PI174861	exact	matched_exact
PI174862	Y	Y	PI174862	exact	matched_exact
PI174863	Y	Y	PI174863	exact	matched_exact
PI174865	Y	N		none	vcf_only
PI174866	Y	Y	PI174866	exact	matched_exact
PI174867	Y	Y	PI174867	exact	matched_exact
PI174868	Y	Y	PI174868	exact	matched_exact
PI175174	Y	Y	PI175174	exact	matched_exact
PI175175	Y	Y	PI175175	exact	matched_exact
PI175176	Y	Y	PI175176	exact	matched_exact
PI175177	Y	Y	PI175177	exact	matched_exact
PI175178	Y	Y	PI175178	exact	matched_exact
PI175179	Y	Y	PI175179	exact	matched_exact
PI175180	Y	Y	PI175180	exact	matched_exact
PI175181	Y	Y	PI175181	exact	matched_exact
PI175182	Y	Y	PI175182	exact	matched_exact
PI175183	Y	Y	PI175183	exact	matched_exact
PI175184	Y	Y	PI175184	exact	matched_exact
PI175185	Y	Y	PI175185	exact	matched_exact
PI175186	Y	Y	PI175186	exact	matched_exact
PI175187	Y	Y	PI175187	exact	matched_exact
PI175188	Y	N		none	vcf_only
PI175189	Y	Y	PI175189	exact	matched_exact
PI175190	Y	Y	PI175190	exact	matched_exact
PI175191	Y	Y	PI175191	exact	matched_exact
PI175192	Y	Y	PI175192	exact	matched_exact
PI175193	Y	Y	PI175193	exact	matched_exact
PI175194	Y	Y	PI175194	exact	matched_exact
PI175195	Y	Y	PI175195	exact	matched_exact
PI175196	Y	Y	PI175196	exact	matched_exact
PI175197	Y	Y	PI175197	exact	matched_exact
PI175198	Y	Y	PI175198	exact	matched_exact
PI175199	Y	Y	PI175199	exact	matched_exact
PI179822	Y	Y	PI179822	exact	matched_exact
PI179823	Y	Y	PI179823	exact	matched_exact
PI179825	Y	Y	PI179825	exact	matched_exact
PI179826	Y	Y	PI179826	exact	matched_exact
PI179935	Y	Y	PI179935	exact	matched_exact
PI180051	Y	Y	PI180051	exact	matched_exact
PI180445	Y	Y	PI180445	exact	matched_exact
PI180499	Y	Y	PI180499	exact	matched_exact
PI180501	Y	Y	PI180501	exact	matched_exact
PI180502	Y	Y	PI180502	exact	matched_exact
PI180507	Y	Y	PI180507	exact	matched_exact
PI180508	Y	Y	PI180508	exact	matched_exact
PI180509	Y	Y	PI180509	exact	matched_exact
PI180516	Y	Y	PI180516	exact	matched_exact
PI180517	Y	Y	PI180517	exact	matched_exact
PI180519	Y	Y	PI180519	exact	matched_exact
PI180521	Y	Y	PI180521	exact	matched_exact
PI180524	Y	Y	PI180524	exact	matched_exact
PI180525	Y	Y	PI180525	exact	matched_exact
PI180529	Y	Y	PI180529	exact	matched_exact
PI180530	Y	Y	PI180530	exact	matched_exact
PI180532	Y	Y	PI180532	exact	matched_exact
PI181531	Y	Y	PI181531	exact	matched_exact
PI181532	Y	Y	PI181532	exact	matched_exact
PI181533	Y	Y	PI181533	exact	matched_exact
PI181534	Y	Y	PI181534	exact	matched_exact
PI181535	Y	Y	PI181535	exact	matched_exact
PI181536	Y	Y	PI181536	exact	matched_exact
PI181537	Y	Y	PI181537	exact	matched_exact
PI181538	Y	Y	PI181538	exact	matched_exact
PI181539	Y	Y	PI181539	exact	matched_exact
PI181540	Y	Y	PI181540	exact	matched_exact
PI181541	Y	Y	PI181541	exact	matched_exact
PI181542	Y	Y	PI181542	exact	matched_exact
PI181543	Y	Y	PI181543	exact	matched_exact
PI181544	Y	Y	PI181544	exact	matched_exact
PI181545	Y	Y	PI181545	exact	matched_exact
PI181546	Y	Y	PI181546	exact	matched_exact
PI181547	Y	Y	PI181547	exact	matched_exact
PI181548	Y	Y	PI181548	exact	matched_exact
PI181549	Y	Y	PI181549	exact	matched_exact
PI181550	Y	Y	PI181550	exact	matched_exact
PI181551	Y	Y	PI181551	exact	matched_exact
PI181552	Y	Y	PI181552	exact	matched_exact
PI181553	Y	Y	PI181553	exact	matched_exact
PI181554	Y	Y	PI181554	exact	matched_exact
PI181555	Y	Y	PI181555	exact	matched_exact
PI181556	Y	Y	PI181556	exact	matched_exact
PI181557	Y	Y	PI181557	exact	matched_exact
PI181558	Y	Y	PI181558	exact	matched_exact
PI181559	Y	Y	PI181559	exact	matched_exact
PI181560	Y	Y	PI181560	exact	matched_exact
PI181561	Y	Y	PI181561	exact	matched_exact
PI181562	Y	Y	PI181562	exact	matched_exact
PI181564	Y	Y	PI181564	exact	matched_exact
PI181565	Y	Y	PI181565	exact	matched_exact
PI181566	Y	Y	PI181566	exact	matched_exact
PI181567	Y	Y	PI181567	exact	matched_exact
PI181568	Y	Y	PI181568	exact	matched_exact
PI181569	Y	Y	PI181569	exact	matched_exact
PI181570	Y	Y	PI181570	exact	matched_exact
PI181571	Y	Y	PI181571	exact	matched_exact
PI181696	Y	Y	PI181696	exact	matched_exact
PI181697	Y	Y	PI181697	exact	matched_exact
PI181698	Y	Y	PI181698	exact	matched_exact
PI181699	Y	Y	PI181699	exact	matched_exact
PI183485	Y	Y	PI183485	exact	matched_exact
PI183900	Y	Y	PI183900	exact	matched_exact
PI183929	Y	Y	PI183929	exact	matched_exact
PI183930	Y	Y	PI183930	exact	matched_exact
PI184042	Y	Y	PI184042	exact	matched_exact
PI184043	Y	Y	PI184043	exact	matched_exact
PI184044	Y	Y	PI184044	exact	matched_exact
PI184045	Y	Y	PI184045	exact	matched_exact
PI184046	Y	Y	PI184046	exact	matched_exact
PI184047	Y	Y	PI184047	exact	matched_exact
PI187150	Y	Y	PI187150	exact	matched_exact
PI187152	Y	Y	PI187152	exact	matched_exact
PI187153	Y	Y	PI187153	exact	matched_exact
PI187154	Y	Y	PI187154	exact	matched_exact
PI187155	Y	Y	PI187155	exact	matched_exact
PI187156	Y	Y	PI187156	exact	matched_exact
PI189402	Y	Y	PI189402	exact	matched_exact
PI189857	Y	Y	PI189857	exact	matched_exact
PI189859	Y	Y	PI189859	exact	matched_exact
PI189860	Y	Y	PI189860	exact	matched_exact
PI189861	Y	Y	PI189861	exact	matched_exact
PI189862	Y	Y	PI189862	exact	matched_exact
PI189863	Y	Y	PI189863	exact	matched_exact
PI189864	Y	Y	PI189864	exact	matched_exact
PI189866	Y	Y	PI189866	exact	matched_exact
PI189867	Y	Y	PI189867	exact	matched_exact
PI189868	Y	Y	PI189868	exact	matched_exact
PI189869	Y	Y	PI189869	exact	matched_exact
PI189870	Y	Y	PI189870	exact	matched_exact
PI189871	Y	Y	PI189871	exact	matched_exact
PI189872	Y	Y	PI189872	exact	matched_exact
PI189873	Y	Y	PI189873	exact	matched_exact
PI189874	Y	Y	PI189874	exact	matched_exact
PI189875	Y	Y	PI189875	exact	matched_exact
PI189876	Y	Y	PI189876	exact	matched_exact
PI189877	Y	Y	PI189877	exact	matched_exact
PI189878	Y	Y	PI189878	exact	matched_exact
PI189879	Y	Y	PI189879	exact	matched_exact
PI189880	Y	Y	PI189880	exact	matched_exact
PI189881	Y	Y	PI189881	exact	matched_exact
PI189882	Y	Y	PI189882	exact	matched_exact
PI189883	Y	Y	PI189883	exact	matched_exact
PI189885	Y	Y	PI189885	exact	matched_exact
PI189886	Y	Y	PI189886	exact	matched_exact
PI189888	Y	Y	PI189888	exact	matched_exact
PI189890	Y	Y	PI189890	exact	matched_exact
PI189891	Y	Y	PI189891	exact	matched_exact
PI189892	Y	Y	PI189892	exact	matched_exact
PI189893	Y	Y	PI189893	exact	matched_exact
PI189894	Y	Y	PI189894	exact	matched_exact
PI189896	Y	Y	PI189896	exact	matched_exact
PI189897	Y	Y	PI189897	exact	matched_exact
PI189898	Y	Y	PI189898	exact	matched_exact
PI189899	Y	Y	PI189899	exact	matched_exact
PI189900	Y	Y	PI189900	exact	matched_exact
PI189901	Y	Y	PI189901	exact	matched_exact
PI189903	Y	Y	PI189903	exact	matched_exact
PI189904	Y	Y	PI189904	exact	matched_exact
PI189906	Y	Y	PI189906	exact	matched_exact
PI189907	Y	Y	PI189907	exact	matched_exact
PI189911	Y	Y	PI189911	exact	matched_exact
PI189913	Y	Y	PI189913	exact	matched_exact
PI189915	Y	Y	PI189915	exact	matched_exact
PI189916	Y	Y	PI189916	exact	matched_exact
PI189917	Y	Y	PI189917	exact	matched_exact
PI189918	Y	Y	PI189918	exact	matched_exact
PI189919	Y	Y	PI189919	exact	matched_exact
PI189920	Y	Y	PI189920	exact	matched_exact
PI189921	Y	Y	PI189921	exact	matched_exact
PI189922	Y	Y	PI189922	exact	matched_exact
PI189923	Y	Y	PI189923	exact	matched_exact
PI189924	Y	Y	PI189924	exact	matched_exact
PI189925	Y	Y	PI189925	exact	matched_exact
PI189926	Y	Y	PI189926	exact	matched_exact
PI189928	Y	Y	PI189928	exact	matched_exact
PI189929	Y	Y	PI189929	exact	matched_exact
PI189930	Y	Y	PI189930	exact	matched_exact
PI189931	Y	Y	PI189931	exact	matched_exact
PI189932	Y	Y	PI189932	exact	matched_exact
PI189935	Y	Y	PI189935	exact	matched_exact
PI189936	Y	Y	PI189936	exact	matched_exact
PI189937	Y	Y	PI189937	exact	matched_exact
PI189938	Y	Y	PI189938	exact	matched_exact
PI189939	Y	Y	PI189939	exact	matched_exact
PI189940	Y	Y	PI189940	exact	matched_exact
PI189941	Y	Y	PI189941	exact	matched_exact
PI189944	Y	Y	PI189944	exact	matched_exact
PI189945	Y	Y	PI189945	exact	matched_exact
PI189946	Y	Y	PI189946	exact	matched_exact
PI189947	Y	Y	PI189947	exact	matched_exact
PI189950	Y	Y	PI189950	exact	matched_exact
PI189951	Y	Y	PI189951	exact	matched_exact
PI189952	Y	Y	PI189952	exact	matched_exact
PI189955	Y	Y	PI189955	exact	matched_exact
PI189956	Y	Y	PI189956	exact	matched_exact
PI189958	Y	Y	PI189958	exact	matched_exact
PI189960	Y	Y	PI189960	exact	matched_exact
PI189961	Y	Y	PI189961	exact	matched_exact
PI189962	Y	Y	PI189962	exact	matched_exact
PI189963	Y	Y	PI189963	exact	matched_exact
PI189964	Y	Y	PI189964	exact	matched_exact
PI189965	Y	Y	PI189965	exact	matched_exact
PI189966	Y	Y	PI189966	exact	matched_exact
PI189967	Y	Y	PI189967	exact	matched_exact
PI189968	Y	Y	PI189968	exact	matched_exact
PI189969	Y	Y	PI189969	exact	matched_exact
PI192867	Y	Y	PI192867	exact	matched_exact
PI192868	Y	Y	PI192868	exact	matched_exact
PI192869	Y	Y	PI192869	exact	matched_exact
PI192870	Y	Y	PI192870	exact	matched_exact
PI192871	Y	Y	PI192871	exact	matched_exact
PI192872	Y	Y	PI192872	exact	matched_exact
PI192873	Y	Y	PI192873	exact	matched_exact
PI192874	Y	Y	PI192874	exact	matched_exact
PI193232	N	Y		none	phenotype_only
PI194624	Y	Y	PI194624	exact	matched_exact
PI194625	Y	Y	PI194625	exact	matched_exact
PI194626	Y	Y	PI194626	exact	matched_exact
PI194627	Y	Y	PI194627	exact	matched_exact
PI194630	Y	Y	PI194630	exact	matched_exact
PI194631	Y	Y	PI194631	exact	matched_exact
PI194632	Y	Y	PI194632	exact	matched_exact
PI194633	Y	Y	PI194633	exact	matched_exact
PI194634	Y	Y	PI194634	exact	matched_exact
PI194635	Y	Y	PI194635	exact	matched_exact
PI194636	Y	Y	PI194636	exact	matched_exact
PI194638	Y	Y	PI194638	exact	matched_exact
PI194639	Y	Y	PI194639	exact	matched_exact
PI194640	Y	Y	PI194640	exact	matched_exact
PI194641	Y	Y	PI194641	exact	matched_exact
PI194643	Y	Y	PI194643	exact	matched_exact
PI194644	Y	Y	PI194644	exact	matched_exact
PI194645	Y	Y	PI194645	exact	matched_exact
PI194646	Y	Y	PI194646	exact	matched_exact
PI194647	Y	Y	PI194647	exact	matched_exact
PI194648	Y	Y	PI194648	exact	matched_exact
PI194653	Y	Y	PI194653	exact	matched_exact
PI194654	Y	Y	PI194654	exact	matched_exact
PI194655	Y	Y	PI194655	exact	matched_exact
PI194656	Y	Y	PI194656	exact	matched_exact
PI194773	Y	Y	PI194773	exact	matched_exact
PI196148	Y	Y	PI196148	exact	matched_exact
PI196149	Y	Y	PI196149	exact	matched_exact
PI196150	Y	Y	PI196150	exact	matched_exact
PI196151	Y	Y	PI196151	exact	matched_exact
PI196152	Y	Y	PI196152	exact	matched_exact
PI196153	Y	Y	PI196153	exact	matched_exact
PI196154	Y	Y	PI196154	exact	matched_exact
PI196155	Y	Y	PI196155	exact	matched_exact
PI196156	Y	Y	PI196156	exact	matched_exact
PI196157	Y	Y	PI196157	exact	matched_exact
PI196158	Y	Y	PI196158	exact	matched_exact
PI196159	Y	Y	PI196159	exact	matched_exact
PI196160	Y	Y	PI196160	exact	matched_exact
PI196161	Y	Y	PI196161	exact	matched_exact
PI196162	Y	Y	PI196162	exact	matched_exact
PI196163	Y	Y	PI196163	exact	matched_exact
PI196164	Y	Y	PI196164	exact	matched_exact
PI196165	Y	Y	PI196165	exact	matched_exact
PI196166	Y	Y	PI196166	exact	matched_exact
PI196167	Y	Y	PI196167	exact	matched_exact
PI196168	Y	Y	PI196168	exact	matched_exact
PI196170	Y	Y	PI196170	exact	matched_exact
PI196171	Y	Y	PI196171	exact	matched_exact
PI196172	Y	Y	PI196172	exact	matched_exact
PI196175	Y	Y	PI196175	exact	matched_exact
PI196177	Y	Y	PI196177	exact	matched_exact
PI196325	Y	Y	PI196325	exact	matched_exact
PI196485	Y	Y	PI196485	exact	matched_exact
PI196486	Y	Y	PI196486	exact	matched_exact
PI196491	Y	Y	PI196491	exact	matched_exact
PI196501	Y	Y	PI196501	exact	matched_exact
PI196502	Y	Y	PI196502	exact	matched_exact
PI196504	Y	Y	PI196504	exact	matched_exact
PI196525	Y	Y	PI196525	exact	matched_exact
PI196526	Y	Y	PI196526	exact	matched_exact
PI196527	Y	Y	PI196527	exact	matched_exact
PI196528	Y	Y	PI196528	exact	matched_exact
PI196529	Y	Y	PI196529	exact	matched_exact
PI196530	Y	Y	PI196530	exact	matched_exact
PI197182	Y	Y	PI197182	exact	matched_exact
PI198067	Y	Y	PI198067	exact	matched_exact
PI198078	Y	Y	PI198078	exact	matched_exact
PI19986	Y	N	PI019986	zero_pad_candidate	ambiguous
PI200445	Y	Y	PI200445	exact	matched_exact
PI200446	Y	Y	PI200446	exact	matched_exact
PI200447	Y	Y	PI200447	exact	matched_exact
PI200448	Y	Y	PI200448	exact	matched_exact
PI200449	Y	Y	PI200449	exact	matched_exact
PI200450	Y	Y	PI200450	exact	matched_exact
PI200451	Y	Y	PI200451	exact	matched_exact
PI200452	Y	Y	PI200452	exact	matched_exact
PI200453	Y	Y	PI200453	exact	matched_exact
PI200454	Y	Y	PI200454	exact	matched_exact
PI200455	N	Y		none	phenotype_only
PI200456	Y	Y	PI200456	exact	matched_exact
PI200457	Y	Y	PI200457	exact	matched_exact
PI200458	Y	Y	PI200458	exact	matched_exact
PI200459	Y	Y	PI200459	exact	matched_exact
PI200460	Y	Y	PI200460	exact	matched_exact
PI200461	Y	Y	PI200461	exact	matched_exact
PI200462	Y	Y	PI200462	exact	matched_exact
PI200463	Y	Y	PI200463	exact	matched_exact
PI200464	Y	Y	PI200464	exact	matched_exact
PI200465	Y	Y	PI200465	exact	matched_exact
PI200466	Y	Y	PI200466	exact	matched_exact
PI200468	Y	Y	PI200468	exact	matched_exact
PI200469	Y	Y	PI200469	exact	matched_exact
PI200470	Y	Y	PI200470	exact	matched_exact
PI200471	Y	Y	PI200471	exact	matched_exact
PI200472	Y	Y	PI200472	exact	matched_exact
PI200473	Y	Y	PI200473	exact	matched_exact
PI200474	Y	Y	PI200474	exact	matched_exact
PI200475	Y	Y	PI200475	exact	matched_exact
PI200476	Y	Y	PI200476	exact	matched_exact
PI200477	Y	Y	PI200477	exact	matched_exact
PI200478	Y	Y	PI200478	exact	matched_exact
PI200479	Y	Y	PI200479	exact	matched_exact
PI200480	Y	Y	PI200480	exact	matched_exact
PI200482	Y	Y	PI200482	exact	matched_exact
PI200483	Y	Y	PI200483	exact	matched_exact
PI200484	Y	Y	PI200484	exact	matched_exact
PI200485	Y	Y	PI200485	exact	matched_exact
PI200486	Y	Y	PI200486	exact	matched_exact
PI200487	Y	Y	PI200487	exact	matched_exact
PI200488	Y	Y	PI200488	exact	matched_exact
PI200490	Y	Y	PI200490	exact	matched_exact
PI200491	Y	Y	PI200491	exact	matched_exact
PI200492	Y	Y	PI200492	exact	matched_exact
PI200493	Y	Y	PI200493	exact	matched_exact
PI200494	Y	Y	PI200494	exact	matched_exact
PI200495	Y	Y	PI200495	exact	matched_exact
PI200496	Y	Y	PI200496	exact	matched_exact
PI200497	Y	Y	PI200497	exact	matched_exact
PI200498	Y	Y	PI200498	exact	matched_exact
PI200499	Y	Y	PI200499	exact	matched_exact
PI200500	Y	Y	PI200500	exact	matched_exact
PI200501	Y	Y	PI200501	exact	matched_exact
PI200502	Y	Y	PI200502	exact	matched_exact
PI200503	Y	Y	PI200503	exact	matched_exact
PI200504	Y	Y	PI200504	exact	matched_exact
PI200505	Y	Y	PI200505	exact	matched_exact
PI200506	Y	Y	PI200506	exact	matched_exact
PI200507	Y	Y	PI200507	exact	matched_exact
PI200508	Y	Y	PI200508	exact	matched_exact
PI200509	Y	Y	PI200509	exact	matched_exact
PI200510	Y	Y	PI200510	exact	matched_exact
PI200515	Y	Y	PI200515	exact	matched_exact
PI200516	Y	Y	PI200516	exact	matched_exact
PI200517	Y	Y	PI200517	exact	matched_exact
PI200518	Y	Y	PI200518	exact	matched_exact
PI200519	Y	Y	PI200519	exact	matched_exact
PI200520	Y	Y	PI200520	exact	matched_exact
PI200521	Y	Y	PI200521	exact	matched_exact
PI200522	Y	Y	PI200522	exact	matched_exact
PI200523	Y	Y	PI200523	exact	matched_exact
PI200524	Y	Y	PI200524	exact	matched_exact
PI200525	Y	Y	PI200525	exact	matched_exact
PI200526	Y	Y	PI200526	exact	matched_exact
PI200527	Y	Y	PI200527	exact	matched_exact
PI200528	Y	Y	PI200528	exact	matched_exact
PI200529	Y	Y	PI200529	exact	matched_exact
PI200530	Y	Y	PI200530	exact	matched_exact
PI200531	Y	Y	PI200531	exact	matched_exact
PI200532	Y	Y	PI200532	exact	matched_exact
PI200533	Y	Y	PI200533	exact	matched_exact
PI200534	Y	Y	PI200534	exact	matched_exact
PI200535	Y	Y	PI200535	exact	matched_exact
PI200536	Y	Y	PI200536	exact	matched_exact
PI200538	Y	Y	PI200538	exact	matched_exact
PI200539	Y	Y	PI200539	exact	matched_exact
PI200541	Y	Y	PI200541	exact	matched_exact
PI200542	Y	Y	PI200542	exact	matched_exact
PI200543	Y	Y	PI200543	exact	matched_exact
PI200544	Y	Y	PI200544	exact	matched_exact
PI200545	Y	Y	PI200545	exact	matched_exact
PI200546	Y	Y	PI200546	exact	matched_exact
PI200547	Y	Y	PI200547	exact	matched_exact
PI200548	Y	Y	PI200548	exact	matched_exact
PI200549	Y	Y	PI200549	exact	matched_exact
PI200550	Y	Y	PI200550	exact	matched_exact
PI200551	Y	Y	PI200551	exact	matched_exact
PI200552	Y	Y	PI200552	exact	matched_exact
PI200553	Y	Y	PI200553	exact	matched_exact
PI200592	Y	Y	PI200592	exact	matched_exact
PI200593	Y	Y	PI200593	exact	matched_exact
PI200594	Y	Y	PI200594	exact	matched_exact
PI200595	Y	Y	PI200595	exact	matched_exact
PI200596	Y	Y	PI200596	exact	matched_exact
PI200832	Y	Y	PI200832	exact	matched_exact
PI201421	Y	Y	PI201421	exact	matched_exact
PI201422	Y	Y	PI201422	exact	matched_exact
PI201423	Y	Y	PI201423	exact	matched_exact
PI201428	Y	Y	PI201428	exact	matched_exact
PI201431	Y	Y	PI201431	exact	matched_exact
PI203246	Y	N		none	vcf_only
PI203398	Y	Y	PI203398	exact	matched_exact
PI203399	Y	Y	PI203399	exact	matched_exact
PI203400	Y	Y	PI203400	exact	matched_exact
PI203402	Y	Y	PI203402	exact	matched_exact
PI203403	Y	Y	PI203403	exact	matched_exact
PI203404	Y	Y	PI203404	exact	matched_exact
PI203405	Y	Y	PI203405	exact	matched_exact
PI203406	Y	Y	PI203406	exact	matched_exact
PI204331	Y	Y	PI204331	exact	matched_exact
PI204332	Y	Y	PI204332	exact	matched_exact
PI204333	Y	Y	PI204333	exact	matched_exact
PI204334	Y	Y	PI204334	exact	matched_exact
PI204335	Y	Y	PI204335	exact	matched_exact
PI204336	Y	Y	PI204336	exact	matched_exact
PI204337	Y	Y	PI204337	exact	matched_exact
PI204338	Y	Y	PI204338	exact	matched_exact
PI204339	Y	Y	PI204339	exact	matched_exact
PI204340	Y	Y	PI204340	exact	matched_exact
PI204652	Y	Y	PI204652	exact	matched_exact
PI204653	Y	Y	PI204653	exact	matched_exact
PI205083	Y	Y	PI205083	exact	matched_exact
PI205085	Y	Y	PI205085	exact	matched_exact
PI205086	Y	Y	PI205086	exact	matched_exact
PI205087	Y	Y	PI205087	exact	matched_exact
PI205088	Y	Y	PI205088	exact	matched_exact
PI205089	Y	Y	PI205089	exact	matched_exact
PI205090	Y	Y	PI205090	exact	matched_exact
PI205092	Y	Y	PI205092	exact	matched_exact
PI205384	Y	Y	PI205384	exact	matched_exact
PI205899	Y	Y	PI205899	exact	matched_exact
PI205901A	Y	Y	PI205901A	exact	matched_exact
PI205901B	Y	Y	PI205901B	exact	matched_exact
PI205902	Y	Y	PI205902	exact	matched_exact
PI205903	Y	Y	PI205903	exact	matched_exact
PI205906	Y	Y	PI205906	exact	matched_exact
PI205907	Y	Y	PI205907	exact	matched_exact
PI205908	Y	Y	PI205908	exact	matched_exact
PI205909	Y	Y	PI205909	exact	matched_exact
PI205910	Y	Y	PI205910	exact	matched_exact
PI205911	Y	Y	PI205911	exact	matched_exact
PI205912	Y	Y	PI205912	exact	matched_exact
PI205913	Y	Y	PI205913	exact	matched_exact
PI205914	Y	Y	PI205914	exact	matched_exact
PI205915	Y	Y	PI205915	exact	matched_exact
PI206258	Y	Y	PI206258	exact	matched_exact
PI208203	Y	Y	PI208203	exact	matched_exact
PI208204	Y	Y	PI208204	exact	matched_exact
PI208429	Y	Y	PI208429	exact	matched_exact
PI208430	Y	Y	PI208430	exact	matched_exact
PI208431	Y	Y	PI208431	exact	matched_exact
PI208432	Y	Y	PI208432	exact	matched_exact
PI208433	Y	Y	PI208433	exact	matched_exact
PI208434	Y	Y	PI208434	exact	matched_exact
PI208435	Y	Y	PI208435	exact	matched_exact
PI208437	Y	Y	PI208437	exact	matched_exact
PI208438	Y	Y	PI208438	exact	matched_exact
PI208439	Y	Y	PI208439	exact	matched_exact
PI208782	Y	Y	PI208782	exact	matched_exact
PI208783	Y	Y	PI208783	exact	matched_exact
PI208784	Y	Y	PI208784	exact	matched_exact
PI208785	Y	Y	PI208785	exact	matched_exact
PI208788	Y	Y	PI208788	exact	matched_exact
PI208789	Y	Y	PI208789	exact	matched_exact
PI209331	Y	Y	PI209331	exact	matched_exact
PI209332	Y	Y	PI209332	exact	matched_exact
PI209333	Y	Y	PI209333	exact	matched_exact
PI209334	Y	Y	PI209334	exact	matched_exact
PI209335	Y	Y	PI209335	exact	matched_exact
PI209340	Y	Y	PI209340	exact	matched_exact
PI209577	Y	Y	PI209577	exact	matched_exact
PI209578	Y	Y	PI209578	exact	matched_exact
PI209832	Y	N		none	vcf_only
PI209833	Y	Y	PI209833	exact	matched_exact
PI209834	Y	N		none	vcf_only
PI209836	Y	Y	PI209836	exact	matched_exact
PI209837	Y	Y	PI209837	exact	matched_exact
PI209839A	Y	N		none	vcf_only
PI209839B	Y	N		none	vcf_only
PI209908	Y	Y	PI209908	exact	matched_exact
PI210178	Y	Y	PI210178	exact	matched_exact
PI210179	Y	Y	PI210179	exact	matched_exact
PI210348	Y	Y	PI210348	exact	matched_exact
PI210349	Y	Y	PI210349	exact	matched_exact
PI210350	Y	Y	PI210350	exact	matched_exact
PI210351A	Y	Y	PI210351A	exact	matched_exact
PI210351B	Y	Y	PI210351B	exact	matched_exact
PI210352	Y	Y	PI210352	exact	matched_exact
PI210353	Y	Y	PI210353	exact	matched_exact
PI212604	Y	Y	PI212604	exact	matched_exact
PI212605	Y	Y	PI212605	exact	matched_exact
PI212606	Y	Y	PI212606	exact	matched_exact
PI212716	Y	Y	PI212716	exact	matched_exact
PI215688	Y	N		none	vcf_only
PI215690	Y	N		none	vcf_only
PI215691	Y	N		none	vcf_only
PI215692	Y	N		none	vcf_only
PI215693	Y	Y	PI215693	exact	matched_exact
PI215755	Y	Y	PI215755	exact	matched_exact
PI215811	Y	Y	PI215811	exact	matched_exact
PI219652	Y	Y	PI219652	exact	matched_exact
PI219653	Y	Y	PI219653	exact	matched_exact
PI219654	Y	Y	PI219654	exact	matched_exact
PI219655	Y	Y	PI219655	exact	matched_exact
PI219656	Y	Y	PI219656	exact	matched_exact
PI219698	Y	Y	PI219698	exact	matched_exact
PI219732	Y	Y	PI219732	exact	matched_exact
PI219780	Y	Y	PI219780	exact	matched_exact
PI219782	Y	Y	PI219782	exact	matched_exact
PI219783	Y	Y	PI219783	exact	matched_exact
PI219784	Y	Y	PI219784	exact	matched_exact
PI219785	Y	Y	PI219785	exact	matched_exact
PI219787	Y	Y	PI219787	exact	matched_exact
PI219789	Y	Y	PI219789	exact	matched_exact
PI221713	Y	Y	PI221713	exact	matched_exact
PI221714	Y	Y	PI221714	exact	matched_exact
PI221715	Y	Y	PI221715	exact	matched_exact
PI221716	Y	Y	PI221716	exact	matched_exact
PI221717	Y	Y	PI221717	exact	matched_exact
PI221972	Y	Y	PI221972	exact	matched_exact
PI221973	Y	Y	PI221973	exact	matched_exact
PI222397	Y	Y	PI222397	exact	matched_exact
PI222546	Y	Y	PI222546	exact	matched_exact
PI222547	Y	Y	PI222547	exact	matched_exact
PI222548	Y	Y	PI222548	exact	matched_exact
PI222549	Y	N		none	vcf_only
PI222550	Y	Y	PI222550	exact	matched_exact
PI224268	Y	Y	PI224268	exact	matched_exact
PI224269	Y	Y	PI224269	exact	matched_exact
PI224270	Y	Y	PI224270	exact	matched_exact
PI224271	Y	Y	PI224271	exact	matched_exact
PI224272	Y	Y	PI224272	exact	matched_exact
PI224273	Y	Y	PI224273	exact	matched_exact
PI224275	Y	Y	PI224275	exact	matched_exact
PI226588	Y	Y	PI226588	exact	matched_exact
PI226589	Y	Y	PI226589	exact	matched_exact
PI226590	Y	Y	PI226590	exact	matched_exact
PI226591	Y	Y	PI226591	exact	matched_exact
PI227158	Y	Y	PI227158	exact	matched_exact
PI227159	Y	Y	PI227159	exact	matched_exact
PI227160	Y	Y	PI227160	exact	matched_exact
PI227212	Y	Y	PI227212	exact	matched_exact
PI227213	Y	Y	PI227213	exact	matched_exact
PI227214	Y	Y	PI227214	exact	matched_exact
PI227218	Y	Y	PI227218	exact	matched_exact
PI227219	Y	Y	PI227219	exact	matched_exact
PI227221	Y	Y	PI227221	exact	matched_exact
PI227222	Y	Y	PI227222	exact	matched_exact
PI227224	Y	Y	PI227224	exact	matched_exact
PI227320	Y	Y	PI227320	exact	matched_exact
PI227321	Y	Y	PI227321	exact	matched_exact
PI227322	Y	Y	PI227322	exact	matched_exact
PI227323	Y	Y	PI227323	exact	matched_exact
PI227324	Y	Y	PI227324	exact	matched_exact
PI227325	Y	Y	PI227325	exact	matched_exact
PI227326	Y	Y	PI227326	exact	matched_exact
PI227327	Y	Y	PI227327	exact	matched_exact
PI227328	Y	Y	PI227328	exact	matched_exact
PI227329	Y	Y	PI227329	exact	matched_exact
PI227330	Y	Y	PI227330	exact	matched_exact
PI227331	Y	Y	PI227331	exact	matched_exact
PI227333	Y	Y	PI227333	exact	matched_exact
PI227334	Y	Y	PI227334	exact	matched_exact
PI227555	Y	Y	PI227555	exact	matched_exact
PI227557	Y	Y	PI227557	exact	matched_exact
PI227558	Y	Y	PI227558	exact	matched_exact
PI227560	Y	Y	PI227560	exact	matched_exact
PI227563	Y	Y	PI227563	exact	matched_exact
PI227565	Y	Y	PI227565	exact	matched_exact
PI227566	Y	Y	PI227566	exact	matched_exact
PI227567	Y	Y	PI227567	exact	matched_exact
PI227684	Y	Y	PI227684	exact	matched_exact
PI227685	Y	Y	PI227685	exact	matched_exact
PI227686	Y	Y	PI227686	exact	matched_exact
PI227687	Y	Y	PI227687	exact	matched_exact
PI228056	Y	Y	PI228056	exact	matched_exact
PI228064	Y	Y	PI228064	exact	matched_exact
PI228065	Y	Y	PI228065	exact	matched_exact
PI229312	Y	Y	PI229312	exact	matched_exact
PI229313	Y	Y	PI229313	exact	matched_exact
PI229314	Y	Y	PI229314	exact	matched_exact
PI229315	Y	Y	PI229315	exact	matched_exact
PI229316	Y	Y	PI229316	exact	matched_exact
PI229317	Y	Y	PI229317	exact	matched_exact
PI229319	Y	Y	PI229319	exact	matched_exact
PI229320	Y	Y	PI229320	exact	matched_exact
PI229321	Y	Y	PI229321	exact	matched_exact
PI229322	Y	Y	PI229322	exact	matched_exact
PI229324	Y	Y	PI229324	exact	matched_exact
PI229325	Y	Y	PI229325	exact	matched_exact
PI229326	Y	Y	PI229326	exact	matched_exact
PI229327	Y	Y	PI229327	exact	matched_exact
PI229328	Y	Y	PI229328	exact	matched_exact
PI229330	Y	Y	PI229330	exact	matched_exact
PI229331	Y	Y	PI229331	exact	matched_exact
PI229333	Y	Y	PI229333	exact	matched_exact
PI229334	Y	Y	PI229334	exact	matched_exact
PI229335	Y	Y	PI229335	exact	matched_exact
PI229336	Y	Y	PI229336	exact	matched_exact
PI229337	Y	Y	PI229337	exact	matched_exact
PI229339	Y	Y	PI229339	exact	matched_exact
PI229340	Y	Y	PI229340	exact	matched_exact
PI229341	Y	Y	PI229341	exact	matched_exact
PI229342	Y	Y	PI229342	exact	matched_exact
PI229343	Y	Y	PI229343	exact	matched_exact
PI229344	Y	Y	PI229344	exact	matched_exact
PI229345	Y	Y	PI229345	exact	matched_exact
PI229346	Y	Y	PI229346	exact	matched_exact
PI229347	Y	Y	PI229347	exact	matched_exact
PI229349	Y	Y	PI229349	exact	matched_exact
PI229350	Y	Y	PI229350	exact	matched_exact
PI229351	Y	Y	PI229351	exact	matched_exact
PI229352	Y	Y	PI229352	exact	matched_exact
PI229353	Y	Y	PI229353	exact	matched_exact
PI229354	Y	Y	PI229354	exact	matched_exact
PI229356	Y	Y	PI229356	exact	matched_exact
PI229357	Y	Y	PI229357	exact	matched_exact
PI229358	Y	Y	PI229358	exact	matched_exact
PI229359	Y	Y	PI229359	exact	matched_exact
PI229360	Y	Y	PI229360	exact	matched_exact
PI229361	Y	Y	PI229361	exact	matched_exact
PI229362	Y	Y	PI229362	exact	matched_exact
PI229738	Y	Y	PI229738	exact	matched_exact
PI230970	Y	Y	PI230970	exact	matched_exact
PI230971	Y	N		none	vcf_only
PI230972	Y	Y	PI230972	exact	matched_exact
PI230973	Y	Y	PI230973	exact	matched_exact
PI230974	Y	Y	PI230974	exact	matched_exact
PI230975	Y	Y	PI230975	exact	matched_exact
PI230976	Y	Y	PI230976	exact	matched_exact
PI230977	Y	Y	PI230977	exact	matched_exact
PI230978	Y	Y	PI230978	exact	matched_exact
PI230979	Y	Y	PI230979	exact	matched_exact
PI230980	Y	Y	PI230980	exact	matched_exact
PI230981	Y	Y	PI230981	exact	matched_exact
PI231172	Y	Y	PI231172	exact	matched_exact
PI232899	Y	Y	PI232899	exact	matched_exact
PI232900	Y	Y	PI232900	exact	matched_exact
PI232901	Y	Y	PI232901	exact	matched_exact
PI232902	Y	Y	PI232902	exact	matched_exact
PI232987	Y	Y	PI232987	exact	matched_exact
PI232988	Y	Y	PI232988	exact	matched_exact
PI232989	Y	Y	PI232989	exact	matched_exact
PI232990	Y	Y	PI232990	exact	matched_exact
PI232991	Y	Y	PI232991	exact	matched_exact
PI232992	Y	Y	PI232992	exact	matched_exact
PI232993	Y	Y	PI232993	exact	matched_exact
PI232994	Y	Y	PI232994	exact	matched_exact
PI232995	Y	Y	PI232995	exact	matched_exact
PI232996	Y	Y	PI232996	exact	matched_exact
PI232997	Y	Y	PI232997	exact	matched_exact
PI232998	Y	Y	PI232998	exact	matched_exact
PI232999	Y	Y	PI232999	exact	matched_exact
PI233051	N	Y		none	phenotype_only
PI233138	N	Y		none	phenotype_only
PI233139	N	Y		none	phenotype_only
PI235335	Y	Y	PI235335	exact	matched_exact
PI235339	Y	Y	PI235339	exact	matched_exact
PI235340	Y	Y	PI235340	exact	matched_exact
PI235344	Y	Y	PI235344	exact	matched_exact
PI235346	Y	Y	PI235346	exact	matched_exact
PI235347	Y	Y	PI235347	exact	matched_exact
PI238108	Y	N		none	vcf_only
PI238109	Y	Y	PI238109	exact	matched_exact
PI238920	Y	Y	PI238920	exact	matched_exact
PI238921	Y	Y	PI238921	exact	matched_exact
PI238922	Y	Y	PI238922	exact	matched_exact
PI238923	Y	Y	PI238923	exact	matched_exact
PI238924	Y	Y	PI238924	exact	matched_exact
PI238925	Y	Y	PI238925	exact	matched_exact
PI238926	Y	Y	PI238926	exact	matched_exact
PI238928	Y	Y	PI238928	exact	matched_exact
PI238929	Y	Y	PI238929	exact	matched_exact
PI238930	Y	Y	PI238930	exact	matched_exact
PI238931	Y	Y	PI238931	exact	matched_exact
PI238932	Y	Y	PI238932	exact	matched_exact
PI238933	Y	Y	PI238933	exact	matched_exact
PI239235	Y	Y	PI239235	exact	matched_exact
PI239236	Y	Y	PI239236	exact	matched_exact
PI239237	Y	Y	PI239237	exact	matched_exact
PI239484	Y	N		none	vcf_only
PI240079	Y	Y	PI240079	exact	matched_exact
PI240662A	Y	Y	PI240662A	exact	matched_exact
PI240662B	Y	Y	PI240662B	exact	matched_exact
PI240663	Y	Y	PI240663	exact	matched_exact
PI240664	Y	Y	PI240664	exact	matched_exact
PI240665	Y	Y	PI240665	exact	matched_exact
PI240666	Y	Y	PI240666	exact	matched_exact
PI240667A	Y	Y	PI240667A	exact	matched_exact
PI240667B	Y	Y	PI240667B	exact	matched_exact
PI240669	Y	Y	PI240669	exact	matched_exact
PI240670	Y	Y	PI240670	exact	matched_exact
PI240671	Y	Y	PI240671	exact	matched_exact
PI240672	Y	Y	PI240672	exact	matched_exact
PI240826A	Y	N		none	vcf_only
PI240826B	Y	N		none	vcf_only
PI241424	Y	Y	PI241424	exact	matched_exact
PI243514	Y	Y	PI243514	exact	matched_exact
PI243515	Y	Y	PI243515	exact	matched_exact
PI243516	Y	Y	PI243516	exact	matched_exact
PI243517	Y	Y	PI243517	exact	matched_exact
PI243518	Y	Y	PI243518	exact	matched_exact
PI243519	Y	Y	PI243519	exact	matched_exact
PI243520	Y	Y	PI243520	exact	matched_exact
PI243521	Y	Y	PI243521	exact	matched_exact
PI243522	Y	Y	PI243522	exact	matched_exact
PI243523	Y	Y	PI243523	exact	matched_exact
PI243524	Y	Y	PI243524	exact	matched_exact
PI243525	Y	Y	PI243525	exact	matched_exact
PI243526	Y	Y	PI243526	exact	matched_exact
PI243527	Y	Y	PI243527	exact	matched_exact
PI243528	Y	Y	PI243528	exact	matched_exact
PI243529	Y	Y	PI243529	exact	matched_exact
PI243530	Y	Y	PI243530	exact	matched_exact
PI243531	Y	Y	PI243531	exact	matched_exact
PI243532	Y	Y	PI243532	exact	matched_exact
PI243533	Y	Y	PI243533	exact	matched_exact
PI243535	Y	Y	PI243535	exact	matched_exact
PI243536	Y	Y	PI243536	exact	matched_exact
PI243537	Y	Y	PI243537	exact	matched_exact
PI243538	Y	Y	PI243538	exact	matched_exact
PI243540	Y	Y	PI243540	exact	matched_exact
PI243541	Y	Y	PI243541	exact	matched_exact
PI243543	Y	Y	PI243543	exact	matched_exact
PI243544	Y	Y	PI243544	exact	matched_exact
PI243545	Y	Y	PI243545	exact	matched_exact
PI243546	Y	Y	PI243546	exact	matched_exact
PI243547	Y	Y	PI243547	exact	matched_exact
PI243548	Y	Y	PI243548	exact	matched_exact
PI243549	Y	Y	PI243549	exact	matched_exact
PI243550	Y	Y	PI243550	exact	matched_exact
PI243551	Y	Y	PI243551	exact	matched_exact
PI245007	Y	Y	PI245007	exact	matched_exact
PI245008	Y	Y	PI245008	exact	matched_exact
PI245331	Y	N		none	vcf_only
PI245332	N	Y		none	phenotype_only
PI246365	Y	Y	PI246365	exact	matched_exact
PI246366	Y	Y	PI246366	exact	matched_exact
PI246367	Y	Y	PI246367	exact	matched_exact
PI246368	Y	Y	PI246368	exact	matched_exact
PI246369	Y	Y	PI246369	exact	matched_exact
PI246590	N	Y		none	phenotype_only
PI246591	N	Y		none	phenotype_only
PI247678	Y	Y	PI247678	exact	matched_exact
PI247679	Y	Y	PI247679	exact	matched_exact
PI248252	N	Y		none	phenotype_only
PI248253	N	Y		none	phenotype_only
PI248395	Y	Y	PI248395	exact	matched_exact
PI248396	Y	Y	PI248396	exact	matched_exact
PI248397	Y	Y	PI248397	exact	matched_exact
PI248398	Y	Y	PI248398	exact	matched_exact
PI248399	Y	Y	PI248399	exact	matched_exact
PI248400	Y	Y	PI248400	exact	matched_exact
PI248401	Y	Y	PI248401	exact	matched_exact
PI248402	Y	Y	PI248402	exact	matched_exact
PI248403	Y	Y	PI248403	exact	matched_exact
PI248404	Y	Y	PI248404	exact	matched_exact
PI248405	Y	Y	PI248405	exact	matched_exact
PI248406	Y	Y	PI248406	exact	matched_exact
PI248407	Y	Y	PI248407	exact	matched_exact
PI248408	Y	Y	PI248408	exact	matched_exact
PI248409	Y	Y	PI248409	exact	matched_exact
PI248410	Y	Y	PI248410	exact	matched_exact
PI248509A	Y	Y	PI248509A	exact	matched_exact
PI248509B	Y	Y	PI248509B	exact	matched_exact
PI248510	Y	Y	PI248510	exact	matched_exact
PI248511	Y	Y	PI248511	exact	matched_exact
PI248512	Y	Y	PI248512	exact	matched_exact
PI248513	Y	Y	PI248513	exact	matched_exact
PI248514	Y	Y	PI248514	exact	matched_exact
PI248515	Y	Y	PI248515	exact	matched_exact
PI250002	Y	Y	PI250002	exact	matched_exact
PI250844	Y	Y	PI250844	exact	matched_exact
PI251585	Y	Y	PI251585	exact	matched_exact
PI251586	Y	Y	PI251586	exact	matched_exact
PI253238	N	Y		none	phenotype_only
PI253650A	Y	Y	PI253650A	exact	matched_exact
PI253650B	Y	Y	PI253650B	exact	matched_exact
PI253651A	Y	Y	PI253651A	exact	matched_exact
PI253651B	Y	Y	PI253651B	exact	matched_exact
PI253651C	Y	Y	PI253651C	exact	matched_exact
PI253651D	Y	Y	PI253651D	exact	matched_exact
PI253652A	Y	Y	PI253652A	exact	matched_exact
PI253652B	Y	Y	PI253652B	exact	matched_exact
PI253652C	Y	Y	PI253652C	exact	matched_exact
PI253652D	Y	Y	PI253652D	exact	matched_exact
PI253653A	Y	Y	PI253653A	exact	matched_exact
PI253653B	Y	Y	PI253653B	exact	matched_exact
PI253653C	Y	Y	PI253653C	exact	matched_exact
PI253653D	Y	Y	PI253653D	exact	matched_exact
PI253654	Y	Y	PI253654	exact	matched_exact
PI253655	Y	Y	PI253655	exact	matched_exact
PI253656A	Y	Y	PI253656A	exact	matched_exact
PI253656B	Y	Y	PI253656B	exact	matched_exact
PI253657	Y	Y	PI253657	exact	matched_exact
PI253658A	Y	Y	PI253658A	exact	matched_exact
PI253658B	Y	Y	PI253658B	exact	matched_exact
PI253658C	Y	Y	PI253658C	exact	matched_exact
PI253659	Y	Y	PI253659	exact	matched_exact
PI253660A	Y	Y	PI253660A	exact	matched_exact
PI253660B	Y	Y	PI253660B	exact	matched_exact
PI253661A	Y	Y	PI253661A	exact	matched_exact
PI253661B	Y	Y	PI253661B	exact	matched_exact
PI253661C	Y	Y	PI253661C	exact	matched_exact
PI253662	Y	Y	PI253662	exact	matched_exact
PI253663	Y	Y	PI253663	exact	matched_exact
PI253664	Y	Y	PI253664	exact	matched_exact
PI253665A	Y	Y	PI253665A	exact	matched_exact
PI253665B	Y	Y	PI253665B	exact	matched_exact
PI253665C	Y	Y	PI253665C	exact	matched_exact
PI253665D	Y	Y	PI253665D	exact	matched_exact
PI253666A	Y	Y	PI253666A	exact	matched_exact
PI253666B	Y	Y	PI253666B	exact	matched_exact
PI255734	Y	Y	PI255734	exact	matched_exact
PI255745	N	Y		none	phenotype_only
PI256376	Y	Y	PI256376	exact	matched_exact
PI257428	Y	Y	PI257428	exact	matched_exact
PI257429	Y	Y	PI257429	exact	matched_exact
PI257430	Y	Y	PI257430	exact	matched_exact
PI257431	Y	Y	PI257431	exact	matched_exact
PI257432	Y	Y	PI257432	exact	matched_exact
PI257433	Y	Y	PI257433	exact	matched_exact
PI257434	Y	Y	PI257434	exact	matched_exact
PI257435	Y	Y	PI257435	exact	matched_exact
PI257436	Y	Y	PI257436	exact	matched_exact
PI257437	Y	Y	PI257437	exact	matched_exact
PI257438	Y	Y	PI257438	exact	matched_exact
PI257439	Y	Y	PI257439	exact	matched_exact
PI258383	Y	Y	PI258383	exact	matched_exact
PI258384	Y	Y	PI258384	exact	matched_exact
PI258385	Y	Y	PI258385	exact	matched_exact
PI258386	Y	Y	PI258386	exact	matched_exact
PI258387	Y	Y	PI258387	exact	matched_exact
PI259538	Y	Y	PI259538	exact	matched_exact
PI259539	Y	Y	PI259539	exact	matched_exact
PI259540	Y	Y	PI259540	exact	matched_exact
PI259542	Y	Y	PI259542	exact	matched_exact
PI259543	Y	Y	PI259543	exact	matched_exact
PI261271	Y	Y	PI261271	exact	matched_exact
PI261272A	Y	Y	PI261272A	exact	matched_exact
PI261272B	Y	Y	PI261272B	exact	matched_exact
PI261272C	Y	Y	PI261272C	exact	matched_exact
PI261272D	Y	Y	PI261272D	exact	matched_exact
PI261466	Y	Y	PI261466	exact	matched_exact
PI261467	Y	Y	PI261467	exact	matched_exact
PI261468	Y	Y	PI261468	exact	matched_exact
PI261469	Y	Y	PI261469	exact	matched_exact
PI261472	Y	Y	PI261472	exact	matched_exact
PI261473	Y	Y	PI261473	exact	matched_exact
PI261474	Y	Y	PI261474	exact	matched_exact
PI261475	Y	Y	PI261475	exact	matched_exact
PI262180	Y	Y	PI262180	exact	matched_exact
PI262181	Y	Y	PI262181	exact	matched_exact
PI263044	Y	Y	PI263044	exact	matched_exact
PI264555	Y	Y	PI264555	exact	matched_exact
PI265491	Y	Y	PI265491	exact	matched_exact
PI265497	Y	Y	PI265497	exact	matched_exact
PI265498	Y	Y	PI265498	exact	matched_exact
PI266085A	Y	Y	PI266085A	exact	matched_exact
PI266085B	Y	Y	PI266085B	exact	matched_exact
PI266085C	Y	Y	PI266085C	exact	matched_exact
PI266806A	Y	Y	PI266806A	exact	matched_exact
PI266806B	Y	Y	PI266806B	exact	matched_exact
PI266806C	Y	N		none	vcf_only
PI266806D	Y	Y	PI266806D	exact	matched_exact
PI266807A	Y	Y	PI266807A	exact	matched_exact
PI266807B	Y	Y	PI266807B	exact	matched_exact
PI266807C	Y	Y	PI266807C	exact	matched_exact
PI266807D	Y	Y	PI266807D	exact	matched_exact
PI269518A	Y	Y	PI269518A	exact	matched_exact
PI269518B	Y	Y	PI269518B	exact	matched_exact
PI269518C	Y	Y	PI269518C	exact	matched_exact
PI272099A	N	Y		none	phenotype_only
PI272099B	N	Y		none	phenotype_only
PI273483A	Y	Y	PI273483A	exact	matched_exact
PI273483B	Y	Y	PI273483B	exact	matched_exact
PI273483C	Y	Y	PI273483C	exact	matched_exact
PI273483D	Y	Y	PI273483D	exact	matched_exact
PI273483E	Y	Y	PI273483E	exact	matched_exact
PI273483F	Y	Y	PI273483F	exact	matched_exact
PI273484	Y	Y	PI273484	exact	matched_exact
PI274205	Y	Y	PI274205	exact	matched_exact
PI274206	Y	Y	PI274206	exact	matched_exact
PI274207	Y	Y	PI274207	exact	matched_exact
PI274208	Y	Y	PI274208	exact	matched_exact
PI274209	Y	Y	PI274209	exact	matched_exact
PI274210	Y	Y	PI274210	exact	matched_exact
PI274211	Y	Y	PI274211	exact	matched_exact
PI274212	Y	Y	PI274212	exact	matched_exact
PI274420	Y	Y	PI274420	exact	matched_exact
PI274421	Y	Y	PI274421	exact	matched_exact
PI274422	Y	Y	PI274422	exact	matched_exact
PI274423	Y	Y	PI274423	exact	matched_exact
PI274453	Y	N		none	vcf_only
PI274454	Y	N		none	vcf_only
PI274455	Y	Y	PI274455	exact	matched_exact
PI274456	Y	Y	PI274456	exact	matched_exact
PI274506	Y	Y	PI274506	exact	matched_exact
PI274507	Y	Y	PI274507	exact	matched_exact
PI274508	Y	Y	PI274508	exact	matched_exact
PI274582	Y	Y	PI274582	exact	matched_exact
PI279081	Y	Y	PI279081	exact	matched_exact
PI279088	Y	Y	PI279088	exact	matched_exact
PI279648	Y	Y	PI279648	exact	matched_exact
PI281850	Y	Y	PI281850	exact	matched_exact
PI281883A	Y	N		none	vcf_only
PI281883B	Y	N		none	vcf_only
PI281883C	Y	N		none	vcf_only
PI281885	Y	Y	PI281885	exact	matched_exact
PI281887A	Y	N		none	vcf_only
PI281887B	Y	N		none	vcf_only
PI281888	Y	Y	PI281888	exact	matched_exact
PI281889	Y	Y	PI281889	exact	matched_exact
PI281890A	Y	N		none	vcf_only
PI281890B	Y	N		none	vcf_only
PI281890C	Y	N		none	vcf_only
PI281890D	Y	N		none	vcf_only
PI281891A	Y	N		none	vcf_only
PI281891B	Y	N		none	vcf_only
PI281891C	Y	N		none	vcf_only
PI281891D	Y	N		none	vcf_only
PI281892A	Y	N		none	vcf_only
PI281892B	Y	N		none	vcf_only
PI281893	Y	N		none	vcf_only
PI281894	Y	N		none	vcf_only
PI281895A	Y	N		none	vcf_only
PI281895B	Y	N		none	vcf_only
PI281896A	Y	N		none	vcf_only
PI281896B	Y	N		none	vcf_only
PI281896C	Y	N		none	vcf_only
PI281896D	Y	N		none	vcf_only
PI281896E	Y	N		none	vcf_only
PI281896F	Y	N		none	vcf_only
PI281896G	Y	N		none	vcf_only
PI281896H	Y	N		none	vcf_only
PI281897A	Y	N		none	vcf_only
PI281897B	Y	N		none	vcf_only
PI281897C	Y	N		none	vcf_only
PI281898A	Y	N		none	vcf_only
PI281898B	Y	N		none	vcf_only
PI281899A	Y	N		none	vcf_only
PI281899B	Y	N		none	vcf_only
PI281899C	Y	N		none	vcf_only
PI281900	Y	N		none	vcf_only
PI281901A	Y	N		none	vcf_only
PI281901B	Y	N		none	vcf_only
PI281902	Y	N		none	vcf_only
PI281904	Y	Y	PI281904	exact	matched_exact
PI281905	Y	N		none	vcf_only
PI281906A	Y	N		none	vcf_only
PI281906B	Y	N		none	vcf_only
PI281906C	Y	N		none	vcf_only
PI281907	Y	N		none	vcf_only
PI281908	Y	N		none	vcf_only
PI281909	Y	N		none	vcf_only
PI281910	Y	N		none	vcf_only
PI281911A	Y	N		none	vcf_only
PI281911B	Y	N		none	vcf_only
PI281911C	Y	N		none	vcf_only
PI281912	Y	N		none	vcf_only
PI281913A	Y	N		none	vcf_only
PI281913B	Y	N		none	vcf_only
PI283326	Y	Y	PI283326	exact	matched_exact
PI283327	Y	Y	PI283327	exact	matched_exact
PI283328	Y	Y	PI283328	exact	matched_exact
PI283330	Y	Y	PI283330	exact	matched_exact
PI283331	Y	Y	PI283331	exact	matched_exact
PI283332	Y	Y	PI283332	exact	matched_exact
PI283334	Y	Y	PI283334	exact	matched_exact
PI284814	Y	Y	PI284814	exact	matched_exact
PI284815	Y	Y	PI284815	exact	matched_exact
PI284816A	Y	N		none	vcf_only
PI284816B	Y	N		none	vcf_only
PI284873	Y	Y	PI284873	exact	matched_exact
PI285089	Y	Y	PI285089	exact	matched_exact
PI285090	Y	Y	PI285090	exact	matched_exact
PI285091	Y	Y	PI285091	exact	matched_exact
PI285092	Y	Y	PI285092	exact	matched_exact
PI285093	Y	Y	PI285093	exact	matched_exact
PI285094	Y	Y	PI285094	exact	matched_exact
PI285095	Y	Y	PI285095	exact	matched_exact
PI285096	Y	Y	PI285096	exact	matched_exact
PI285097	Y	Y	PI285097	exact	matched_exact
PI290114	Y	Y	PI290114	exact	matched_exact
PI290115	Y	Y	PI290115	exact	matched_exact
PI290116A	Y	Y	PI290116A	exact	matched_exact
PI290116B	Y	Y	PI290116B	exact	matched_exact
PI290118	Y	Y	PI290118	exact	matched_exact
PI290119	Y	Y	PI290119	exact	matched_exact
PI290120	Y	Y	PI290120	exact	matched_exact
PI290121	Y	Y	PI290121	exact	matched_exact
PI290122	Y	Y	PI290122	exact	matched_exact
PI290123A	Y	Y	PI290123A	exact	matched_exact
PI290123B	Y	Y	PI290123B	exact	matched_exact
PI290124	Y	Y	PI290124	exact	matched_exact
PI290125	Y	Y	PI290125	exact	matched_exact
PI290126A	Y	Y	PI290126A	exact	matched_exact
PI290126B	Y	Y	PI290126B	exact	matched_exact
PI290127	Y	Y	PI290127	exact	matched_exact
PI290128	Y	Y	PI290128	exact	matched_exact
PI290129A	Y	Y	PI290129A	exact	matched_exact
PI290129B	Y	Y	PI290129B	exact	matched_exact
PI290130	Y	Y	PI290130	exact	matched_exact
PI290131	Y	Y	PI290131	exact	matched_exact
PI290132	Y	Y	PI290132	exact	matched_exact
PI290133	Y	Y	PI290133	exact	matched_exact
PI290134	Y	Y	PI290134	exact	matched_exact
PI290135	Y	Y	PI290135	exact	matched_exact
PI290136	Y	Y	PI290136	exact	matched_exact
PI290137	Y	Y	PI290137	exact	matched_exact
PI290138	Y	Y	PI290138	exact	matched_exact
PI290139	Y	Y	PI290139	exact	matched_exact
PI290140	Y	Y	PI290140	exact	matched_exact
PI290141	Y	Y	PI290141	exact	matched_exact
PI290142	Y	Y	PI290142	exact	matched_exact
PI290143	Y	Y	PI290143	exact	matched_exact
PI290144	Y	Y	PI290144	exact	matched_exact
PI290145	Y	Y	PI290145	exact	matched_exact
PI290148	Y	Y	PI290148	exact	matched_exact
PI290149	Y	Y	PI290149	exact	matched_exact
PI290150	Y	Y	PI290150	exact	matched_exact
PI290151	Y	Y	PI290151	exact	matched_exact
PI290152	Y	Y	PI290152	exact	matched_exact
PI290153	Y	Y	PI290153	exact	matched_exact
PI290154	Y	Y	PI290154	exact	matched_exact
PI290155	Y	Y	PI290155	exact	matched_exact
PI290156	Y	Y	PI290156	exact	matched_exact
PI290157	Y	Y	PI290157	exact	matched_exact
PI290158	Y	Y	PI290158	exact	matched_exact
PI291272	Y	Y	PI291272	exact	matched_exact
PI291273	Y	Y	PI291273	exact	matched_exact
PI291274A	Y	Y	PI291274A	exact	matched_exact
PI291274B	Y	Y	PI291274B	exact	matched_exact
PI291275	Y	Y	PI291275	exact	matched_exact
PI291276	Y	Y	PI291276	exact	matched_exact
PI291277	Y	Y	PI291277	exact	matched_exact
PI291278	Y	Y	PI291278	exact	matched_exact
PI291279	Y	Y	PI291279	exact	matched_exact
PI291281	Y	Y	PI291281	exact	matched_exact
PI291282	Y	Y	PI291282	exact	matched_exact
PI291283	Y	Y	PI291283	exact	matched_exact
PI291284	Y	Y	PI291284	exact	matched_exact
PI291286	Y	Y	PI291286	exact	matched_exact
PI291288	Y	Y	PI291288	exact	matched_exact
PI291290	Y	Y	PI291290	exact	matched_exact
PI291291	Y	Y	PI291291	exact	matched_exact
PI291293A	Y	Y	PI291293A	exact	matched_exact
PI291293B	Y	Y	PI291293B	exact	matched_exact
PI291294	Y	Y	PI291294	exact	matched_exact
PI291295	Y	Y	PI291295	exact	matched_exact
PI291296	Y	Y	PI291296	exact	matched_exact
PI291297	Y	Y	PI291297	exact	matched_exact
PI291298	Y	Y	PI291298	exact	matched_exact
PI291299	Y	Y	PI291299	exact	matched_exact
PI291300	Y	Y	PI291300	exact	matched_exact
PI291301	Y	Y	PI291301	exact	matched_exact
PI291302A	Y	Y	PI291302A	exact	matched_exact
PI291302B	Y	Y	PI291302B	exact	matched_exact
PI291302C	Y	Y	PI291302C	exact	matched_exact
PI291303A	Y	Y	PI291303A	exact	matched_exact
PI291303B	Y	Y	PI291303B	exact	matched_exact
PI291304	Y	Y	PI291304	exact	matched_exact
PI291305	Y	Y	PI291305	exact	matched_exact
PI291306A	Y	Y	PI291306A	exact	matched_exact
PI291306B	Y	Y	PI291306B	exact	matched_exact
PI291309A	Y	Y	PI291309A	exact	matched_exact
PI291309B	Y	Y	PI291309B	exact	matched_exact
PI291309C	Y	Y	PI291309C	exact	matched_exact
PI291309D	Y	Y	PI291309D	exact	matched_exact
PI291310A	Y	Y	PI291310A	exact	matched_exact
PI291310B	Y	Y	PI291310B	exact	matched_exact
PI291310C	Y	Y	PI291310C	exact	matched_exact
PI291311A	Y	Y	PI291311A	exact	matched_exact
PI291311B	Y	Y	PI291311B	exact	matched_exact
PI291312	Y	Y	PI291312	exact	matched_exact
PI291313	Y	Y	PI291313	exact	matched_exact
PI291315	Y	Y	PI291315	exact	matched_exact
PI291318	Y	Y	PI291318	exact	matched_exact
PI291319A	Y	Y	PI291319A	exact	matched_exact
PI291319B	Y	Y	PI291319B	exact	matched_exact
PI291320A	Y	Y	PI291320A	exact	matched_exact
PI291320B	Y	Y	PI291320B	exact	matched_exact
PI291321	Y	Y	PI291321	exact	matched_exact
PI291322	Y	Y	PI291322	exact	matched_exact
PI291323	Y	Y	PI291323	exact	matched_exact
PI291324	Y	Y	PI291324	exact	matched_exact
PI291325	Y	Y	PI291325	exact	matched_exact
PI291326	Y	Y	PI291326	exact	matched_exact
PI291327	Y	Y	PI291327	exact	matched_exact
PI291328	Y	Y	PI291328	exact	matched_exact
PI291329	Y	Y	PI291329	exact	matched_exact
PI291331	Y	Y	PI291331	exact	matched_exact
PI295947	Y	Y	PI295947	exact	matched_exact
PI295948	Y	Y	PI295948	exact	matched_exact
PI295949	Y	Y	PI295949	exact	matched_exact
PI295950	Y	Y	PI295950	exact	matched_exact
PI295951	Y	Y	PI295951	exact	matched_exact
PI295952	Y	Y	PI295952	exact	matched_exact
PI297498A	Y	Y	PI297498A	exact	matched_exact
PI297498B	Y	Y	PI297498B	exact	matched_exact
PI297499	Y	Y	PI297499	exact	matched_exact
PI297500	Y	Y	PI297500	exact	matched_exact
PI297501	Y	Y	PI297501	exact	matched_exact
PI297502	Y	Y	PI297502	exact	matched_exact
PI297503	Y	Y	PI297503	exact	matched_exact
PI297504	Y	Y	PI297504	exact	matched_exact
PI297505	Y	Y	PI297505	exact	matched_exact
PI297506	Y	Y	PI297506	exact	matched_exact
PI297507A	Y	Y	PI297507A	exact	matched_exact
PI297507B	Y	Y	PI297507B	exact	matched_exact
PI297508	Y	Y	PI297508	exact	matched_exact
PI297509	Y	Y	PI297509	exact	matched_exact
PI297510	Y	Y	PI297510	exact	matched_exact
PI297511	Y	Y	PI297511	exact	matched_exact
PI297512	Y	Y	PI297512	exact	matched_exact
PI297513	Y	Y	PI297513	exact	matched_exact
PI297514	Y	Y	PI297514	exact	matched_exact
PI297515	Y	Y	PI297515	exact	matched_exact
PI297516	Y	Y	PI297516	exact	matched_exact
PI297518	Y	Y	PI297518	exact	matched_exact
PI297519	Y	Y	PI297519	exact	matched_exact
PI297520	Y	Y	PI297520	exact	matched_exact
PI297521	Y	Y	PI297521	exact	matched_exact
PI297522	Y	Y	PI297522	exact	matched_exact
PI297523	Y	Y	PI297523	exact	matched_exact
PI297524	Y	Y	PI297524	exact	matched_exact
PI297525	Y	Y	PI297525	exact	matched_exact
PI297528	Y	Y	PI297528	exact	matched_exact
PI297529	Y	Y	PI297529	exact	matched_exact
PI297531	Y	Y	PI297531	exact	matched_exact
PI297532	Y	Y	PI297532	exact	matched_exact
PI297533	Y	Y	PI297533	exact	matched_exact
PI297534	Y	Y	PI297534	exact	matched_exact
PI297535	Y	Y	PI297535	exact	matched_exact
PI297536	Y	Y	PI297536	exact	matched_exact
PI297537	Y	Y	PI297537	exact	matched_exact
PI297538	Y	Y	PI297538	exact	matched_exact
PI297540	Y	Y	PI297540	exact	matched_exact
PI297541	Y	Y	PI297541	exact	matched_exact
PI297542	Y	Y	PI297542	exact	matched_exact
PI297543	Y	Y	PI297543	exact	matched_exact
PI297544	Y	Y	PI297544	exact	matched_exact
PI297545	Y	Y	PI297545	exact	matched_exact
PI297546	Y	Y	PI297546	exact	matched_exact
PI297547	Y	Y	PI297547	exact	matched_exact
PI297548	Y	Y	PI297548	exact	matched_exact
PI297549	Y	Y	PI297549	exact	matched_exact
PI297550	Y	Y	PI297550	exact	matched_exact
PI297551	Y	Y	PI297551	exact	matched_exact
PI297552	Y	Y	PI297552	exact	matched_exact
PI303650	Y	Y	PI303650	exact	matched_exact
PI303651	Y	Y	PI303651	exact	matched_exact
PI303652	Y	Y	PI303652	exact	matched_exact
PI303653	Y	Y	PI303653	exact	matched_exact
PI304217	Y	Y	PI304217	exact	matched_exact
PI304218	Y	Y	PI304218	exact	matched_exact
PI305074	Y	N		none	vcf_only
PI30594	Y	N	PI030594	zero_pad_candidate	ambiguous
PI30599	Y	N	PI030599	zero_pad_candidate	ambiguous
PI30600	Y	N	PI030600	zero_pad_candidate	ambiguous
PI306702A	Y	Y	PI306702A	exact	matched_exact
PI306702B	Y	Y	PI306702B	exact	matched_exact
PI306702C	Y	Y	PI306702C	exact	matched_exact
PI306704A	Y	Y	PI306704A	exact	matched_exact
PI306704B	Y	Y	PI306704B	exact	matched_exact
PI306712	Y	Y	PI306712	exact	matched_exact
PI307597	Y	Y	PI307597	exact	matched_exact
PI307836	Y	Y	PI307836	exact	matched_exact
PI307837	Y	N		none	vcf_only
PI307838A	Y	N		none	vcf_only
PI307838B	Y	N		none	vcf_only
PI307838C	Y	N		none	vcf_only
PI307838D	Y	N		none	vcf_only
PI307838E	Y	N		none	vcf_only
PI307839	Y	N		none	vcf_only
PI307840	Y	N		none	vcf_only
PI307842A	Y	N		none	vcf_only
PI307842B	Y	N		none	vcf_only
PI307843A	Y	N		none	vcf_only
PI307843B	Y	N		none	vcf_only
PI307844	Y	N		none	vcf_only
PI307845	Y	N		none	vcf_only
PI307846	Y	N		none	vcf_only
PI307847	Y	N		none	vcf_only
PI307849	Y	N		none	vcf_only
PI307850A	Y	N		none	vcf_only
PI307850B	Y	N		none	vcf_only
PI307851A	Y	N		none	vcf_only
PI307851B	Y	N		none	vcf_only
PI307852A	Y	N		none	vcf_only
PI307852B	Y	N		none	vcf_only
PI307853	Y	N		none	vcf_only
PI307854	Y	N		none	vcf_only
PI307855	Y	N		none	vcf_only
PI307856	Y	N		none	vcf_only
PI307857	Y	N		none	vcf_only
PI307858	Y	N		none	vcf_only
PI307860	Y	N		none	vcf_only
PI307861	Y	N		none	vcf_only
PI307862	Y	N		none	vcf_only
PI307863	Y	N		none	vcf_only
PI307864	Y	N		none	vcf_only
PI307865	Y	N		none	vcf_only
PI307866	Y	N		none	vcf_only
PI307868	Y	N		none	vcf_only
PI307869	Y	N		none	vcf_only
PI307870A	Y	N		none	vcf_only
PI307870B	Y	N		none	vcf_only
PI307872A	Y	N		none	vcf_only
PI307872B	Y	N		none	vcf_only
PI307872C	Y	N		none	vcf_only
PI307873A	Y	N		none	vcf_only
PI307873B	Y	N		none	vcf_only
PI307873C	Y	N		none	vcf_only
PI307873D	Y	N		none	vcf_only
PI307873E	Y	N		none	vcf_only
PI307874	Y	N		none	vcf_only
PI307875	Y	N		none	vcf_only
PI307876A	Y	N		none	vcf_only
PI307876B	Y	N		none	vcf_only
PI307877	Y	N		none	vcf_only
PI307878A	Y	N		none	vcf_only
PI307878B	Y	N		none	vcf_only
PI307879	Y	N		none	vcf_only
PI307880A	Y	N		none	vcf_only
PI307880B	Y	N		none	vcf_only
PI307880C	Y	N		none	vcf_only
PI307880D	Y	N		none	vcf_only
PI307880E	Y	N		none	vcf_only
PI307881	Y	Y	PI307881	exact	matched_exact
PI307882A	Y	N		none	vcf_only
PI307882B	Y	N		none	vcf_only
PI307882C	Y	N		none	vcf_only
PI307882D	Y	N		none	vcf_only
PI307882E	Y	N		none	vcf_only
PI307882F	Y	N		none	vcf_only
PI307883	Y	N		none	vcf_only
PI307884A	Y	N		none	vcf_only
PI307884B	Y	N		none	vcf_only
PI307885	Y	N		none	vcf_only
PI307886	Y	N		none	vcf_only
PI307887	Y	N		none	vcf_only
PI307888A	Y	N		none	vcf_only
PI307888B	Y	N		none	vcf_only
PI307889A	Y	N		none	vcf_only
PI307889B	Y	N		none	vcf_only
PI307889C	Y	N		none	vcf_only
PI307889D	Y	N		none	vcf_only
PI307889E	Y	N		none	vcf_only
PI307889F	Y	N		none	vcf_only
PI307890	Y	N		none	vcf_only
PI307891A	Y	N		none	vcf_only
PI307891B	Y	N		none	vcf_only
PI307892	Y	N		none	vcf_only
PI307893	Y	N		none	vcf_only
PI307894	Y	N		none	vcf_only
PI307895	Y	N		none	vcf_only
PI307896	Y	N		none	vcf_only
PI307897	Y	N		none	vcf_only
PI307898	Y	N		none	vcf_only
PI307899A	Y	N		none	vcf_only
PI307899B	Y	N		none	vcf_only
PI307900	Y	N		none	vcf_only
PI309655A	Y	Y	PI309655A	exact	matched_exact
PI309655B	Y	Y	PI309655B	exact	matched_exact
PI309655C	Y	Y	PI309655C	exact	matched_exact
PI309655D	Y	Y	PI309655D	exact	matched_exact
PI309655E	Y	Y	PI309655E	exact	matched_exact
PI309658	Y	Y	PI309658	exact	matched_exact
PI310439	Y	Y	PI310439	exact	matched_exact
PI310441	Y	Y	PI310441	exact	matched_exact
PI312222	Y	Y	PI312222	exact	matched_exact
PI315701	Y	Y	PI315701	exact	matched_exact
PI317332	Y	Y	PI317332	exact	matched_exact
PI317333	Y	Y	PI317333	exact	matched_exact
PI317334A	Y	Y	PI317334A	exact	matched_exact
PI317334B	Y	Y	PI317334B	exact	matched_exact
PI317335	Y	Y	PI317335	exact	matched_exact
PI317336	Y	Y	PI317336	exact	matched_exact
PI317337	Y	Y	PI317337	exact	matched_exact
PI319525	Y	Y	PI319525	exact	matched_exact
PI319526	Y	Y	PI319526	exact	matched_exact
PI319527	Y	Y	PI319527	exact	matched_exact
PI319528	Y	Y	PI319528	exact	matched_exact
PI319529	Y	Y	PI319529	exact	matched_exact
PI319530	Y	Y	PI319530	exact	matched_exact
PI319531	Y	Y	PI319531	exact	matched_exact
PI319532	Y	Y	PI319532	exact	matched_exact
PI319533	Y	Y	PI319533	exact	matched_exact
PI319534A	Y	Y	PI319534A	exact	matched_exact
PI319534B	Y	Y	PI319534B	exact	matched_exact
PI319534C	Y	Y	PI319534C	exact	matched_exact
PI319535A	Y	Y	PI319535A	exact	matched_exact
PI319535B	Y	Y	PI319535B	exact	matched_exact
PI319536A	Y	Y	PI319536A	exact	matched_exact
PI319536B	Y	Y	PI319536B	exact	matched_exact
PI319536C	Y	Y	PI319536C	exact	matched_exact
PI319536D	Y	Y	PI319536D	exact	matched_exact
PI319537A	Y	Y	PI319537A	exact	matched_exact
PI319537B	Y	Y	PI319537B	exact	matched_exact
PI319538	Y	Y	PI319538	exact	matched_exact
PI319696	N	Y		none	phenotype_only
PI319697	N	Y		none	phenotype_only
PI320545	N	Y		none	phenotype_only
PI320546	N	Y		none	phenotype_only
PI320547	N	Y		none	phenotype_only
PI320548	N	Y		none	phenotype_only
PI320549	N	Y		none	phenotype_only
PI321391	N	Y		none	phenotype_only
PI321392	N	Y		none	phenotype_only
PI321393	N	Y		none	phenotype_only
PI321394	N	Y		none	phenotype_only
PI322689	Y	Y	PI322689	exact	matched_exact
PI322690	Y	Y	PI322690	exact	matched_exact
PI322691	Y	Y	PI322691	exact	matched_exact
PI322692	Y	Y	PI322692	exact	matched_exact
PI322693	Y	Y	PI322693	exact	matched_exact
PI322694	Y	Y	PI322694	exact	matched_exact
PI322695	Y	Y	PI322695	exact	matched_exact
PI323275	Y	Y	PI323275	exact	matched_exact
PI323276	Y	Y	PI323276	exact	matched_exact
PI323278	Y	Y	PI323278	exact	matched_exact
PI323550	Y	Y	PI323550	exact	matched_exact
PI323551	Y	Y	PI323551	exact	matched_exact
PI323552	Y	Y	PI323552	exact	matched_exact
PI323553	Y	Y	PI323553	exact	matched_exact
PI323554	Y	Y	PI323554	exact	matched_exact
PI323555	Y	Y	PI323555	exact	matched_exact
PI323556	Y	Y	PI323556	exact	matched_exact
PI323557	Y	Y	PI323557	exact	matched_exact
PI323558	Y	Y	PI323558	exact	matched_exact
PI323559	Y	Y	PI323559	exact	matched_exact
PI323560	Y	Y	PI323560	exact	matched_exact
PI323561	Y	Y	PI323561	exact	matched_exact
PI323562	Y	Y	PI323562	exact	matched_exact
PI323563	Y	N		none	vcf_only
PI323564	Y	Y	PI323564	exact	matched_exact
PI323565	Y	Y	PI323565	exact	matched_exact
PI323566	Y	N		none	vcf_only
PI323567	Y	Y	PI323567	exact	matched_exact
PI323568	Y	Y	PI323568	exact	matched_exact
PI323569	Y	Y	PI323569	exact	matched_exact
PI323570	Y	Y	PI323570	exact	matched_exact
PI323572	Y	Y	PI323572	exact	matched_exact
PI323573	Y	Y	PI323573	exact	matched_exact
PI323574	Y	Y	PI323574	exact	matched_exact
PI323575	Y	Y	PI323575	exact	matched_exact
PI323576	Y	N		none	vcf_only
PI323577	Y	N		none	vcf_only
PI323578	Y	Y	PI323578	exact	matched_exact
PI323579	Y	Y	PI323579	exact	matched_exact
PI323580	Y	N		none	vcf_only
PI323586A	Y	Y	PI323586A	exact	matched_exact
PI323586B	Y	Y	PI323586B	exact	matched_exact
PI323586C	Y	Y	PI323586C	exact	matched_exact
PI324066	Y	Y	PI324066	exact	matched_exact
PI324067	Y	Y	PI324067	exact	matched_exact
PI324068	Y	Y	PI324068	exact	matched_exact
PI324187A	Y	Y	PI324187A	exact	matched_exact
PI324187B	Y	Y	PI324187B	exact	matched_exact
PI324188	Y	Y	PI324188	exact	matched_exact
PI324189	Y	Y	PI324189	exact	matched_exact
PI324190	Y	Y	PI324190	exact	matched_exact
PI324622B	Y	N		none	vcf_only
PI324924	Y	Y	PI324924	exact	matched_exact
PI325779	Y	Y	PI325779	exact	matched_exact
PI326578	Y	Y	PI326578	exact	matched_exact
PI326579	Y	Y	PI326579	exact	matched_exact
PI326580	Y	Y	PI326580	exact	matched_exact
PI326581	Y	N		none	vcf_only
PI326582A	Y	N		none	vcf_only
PI326582B	Y	N		none	vcf_only
PI330633	Y	Y	PI330633	exact	matched_exact
PI330634	Y	Y	PI330634	exact	matched_exact
PI330635	Y	Y	PI330635	exact	matched_exact
PI330961	N	Y		none	phenotype_only
PI331793	Y	Y	PI331793	exact	matched_exact
PI331794	Y	Y	PI331794	exact	matched_exact
PI331795	Y	Y	PI331795	exact	matched_exact
PI339655	N	Y		none	phenotype_only
PI339656	N	Y		none	phenotype_only
PI339657	N	Y		none	phenotype_only
PI339658	N	Y		none	phenotype_only
PI339659	N	Y		none	phenotype_only
PI339660	N	Y		none	phenotype_only
PI339661	N	Y		none	phenotype_only
PI339663	N	Y		none	phenotype_only
PI339664	N	Y		none	phenotype_only
PI339665	N	Y		none	phenotype_only
PI339731	Y	N		none	vcf_only
PI339732	Y	N		none	vcf_only
PI339733	Y	N		none	vcf_only
PI339734	Y	Y	PI339734	exact	matched_exact
PI339735A	Y	N		none	vcf_only
PI339735B	Y	N		none	vcf_only
PI339736	Y	Y	PI339736	exact	matched_exact
PI339863A	Y	Y	PI339863A	exact	matched_exact
PI339863B	Y	Y	PI339863B	exact	matched_exact
PI339864A	Y	Y	PI339864A	exact	matched_exact
PI339864B	Y	Y	PI339864B	exact	matched_exact
PI339865A	Y	Y	PI339865A	exact	matched_exact
PI339865B	Y	Y	PI339865B	exact	matched_exact
PI339866	Y	Y	PI339866	exact	matched_exact
PI339867	Y	Y	PI339867	exact	matched_exact
PI339868A	Y	Y	PI339868A	exact	matched_exact
PI339868B	Y	Y	PI339868B	exact	matched_exact
PI339868C	Y	Y	PI339868C	exact	matched_exact
PI339868D	Y	Y	PI339868D	exact	matched_exact
PI339868E	Y	Y	PI339868E	exact	matched_exact
PI339868F	Y	Y	PI339868F	exact	matched_exact
PI339869	Y	Y	PI339869	exact	matched_exact
PI339870	Y	Y	PI339870	exact	matched_exact
PI339871A	Y	N		none	vcf_only
PI339871B	Y	N		none	vcf_only
PI339871C	Y	N		none	vcf_only
PI339977	Y	Y	PI339977	exact	matched_exact
PI339978	Y	Y	PI339978	exact	matched_exact
PI339979	Y	Y	PI339979	exact	matched_exact
PI339980	Y	Y	PI339980	exact	matched_exact
PI339981	Y	Y	PI339981	exact	matched_exact
PI339982	Y	Y	PI339982	exact	matched_exact
PI339983	Y	Y	PI339983	exact	matched_exact
PI339984	Y	Y	PI339984	exact	matched_exact
PI339985	Y	Y	PI339985	exact	matched_exact
PI339986	Y	Y	PI339986	exact	matched_exact
PI339987	Y	Y	PI339987	exact	matched_exact
PI339988	Y	Y	PI339988	exact	matched_exact
PI339989	Y	Y	PI339989	exact	matched_exact
PI339990	Y	Y	PI339990	exact	matched_exact
PI339991	Y	Y	PI339991	exact	matched_exact
PI339992	Y	Y	PI339992	exact	matched_exact
PI339993	Y	Y	PI339993	exact	matched_exact
PI339994	Y	Y	PI339994	exact	matched_exact
PI339995	Y	Y	PI339995	exact	matched_exact
PI339996	Y	Y	PI339996	exact	matched_exact
PI339997	Y	Y	PI339997	exact	matched_exact
PI339998	Y	Y	PI339998	exact	matched_exact
PI339999	Y	Y	PI339999	exact	matched_exact
PI340000	Y	Y	PI340000	exact	matched_exact
PI340001	Y	Y	PI340001	exact	matched_exact
PI340002	Y	Y	PI340002	exact	matched_exact
PI340003	Y	Y	PI340003	exact	matched_exact
PI340004	Y	Y	PI340004	exact	matched_exact
PI340005	Y	Y	PI340005	exact	matched_exact
PI340006	Y	Y	PI340006	exact	matched_exact
PI340007	Y	Y	PI340007	exact	matched_exact
PI340008	Y	Y	PI340008	exact	matched_exact
PI340009	Y	Y	PI340009	exact	matched_exact
PI340010	Y	Y	PI340010	exact	matched_exact
PI340011	Y	Y	PI340011	exact	matched_exact
PI340012	Y	Y	PI340012	exact	matched_exact
PI340013	Y	Y	PI340013	exact	matched_exact
PI340014	Y	Y	PI340014	exact	matched_exact
PI340015	Y	Y	PI340015	exact	matched_exact
PI340016	Y	Y	PI340016	exact	matched_exact
PI340017	Y	Y	PI340017	exact	matched_exact
PI340018	Y	Y	PI340018	exact	matched_exact
PI340019	Y	Y	PI340019	exact	matched_exact
PI340020	Y	Y	PI340020	exact	matched_exact
PI340021A	Y	Y	PI340021A	exact	matched_exact
PI340021B	Y	Y	PI340021B	exact	matched_exact
PI340022	Y	Y	PI340022	exact	matched_exact
PI340023	Y	Y	PI340023	exact	matched_exact
PI340024	Y	Y	PI340024	exact	matched_exact
PI340025	Y	Y	PI340025	exact	matched_exact
PI340026	Y	Y	PI340026	exact	matched_exact
PI340027	Y	Y	PI340027	exact	matched_exact
PI340028	Y	Y	PI340028	exact	matched_exact
PI340029	Y	Y	PI340029	exact	matched_exact
PI340030	Y	Y	PI340030	exact	matched_exact
PI340031A	Y	Y	PI340031A	exact	matched_exact
PI340031B	Y	Y	PI340031B	exact	matched_exact
PI340032	Y	Y	PI340032	exact	matched_exact
PI340033	Y	Y	PI340033	exact	matched_exact
PI340034	Y	Y	PI340034	exact	matched_exact
PI340035	Y	Y	PI340035	exact	matched_exact
PI340036	Y	Y	PI340036	exact	matched_exact
PI340037	Y	Y	PI340037	exact	matched_exact
PI340038	Y	Y	PI340038	exact	matched_exact
PI340039	Y	Y	PI340039	exact	matched_exact
PI340040	Y	Y	PI340040	exact	matched_exact
PI340041	Y	Y	PI340041	exact	matched_exact
PI340042	Y	Y	PI340042	exact	matched_exact
PI340043	Y	Y	PI340043	exact	matched_exact
PI340044	Y	Y	PI340044	exact	matched_exact
PI340045	Y	Y	PI340045	exact	matched_exact
PI340046	Y	Y	PI340046	exact	matched_exact
PI340047	Y	Y	PI340047	exact	matched_exact
PI340048	Y	Y	PI340048	exact	matched_exact
PI340049	Y	Y	PI340049	exact	matched_exact
PI340050	Y	Y	PI340050	exact	matched_exact
PI340051	Y	Y	PI340051	exact	matched_exact
PI340052	Y	Y	PI340052	exact	matched_exact
PI340053A	Y	Y	PI340053A	exact	matched_exact
PI340053B	Y	Y	PI340053B	exact	matched_exact
PI340054	Y	Y	PI340054	exact	matched_exact
PI340898A	Y	Y	PI340898A	exact	matched_exact
PI340898B	Y	Y	PI340898B	exact	matched_exact
PI340899	Y	Y	PI340899	exact	matched_exact
PI340900A	Y	Y	PI340900A	exact	matched_exact
PI340900B	Y	Y	PI340900B	exact	matched_exact
PI340901	Y	Y	PI340901	exact	matched_exact
PI340902	Y	Y	PI340902	exact	matched_exact
PI340903	Y	Y	PI340903	exact	matched_exact
PI340904A	Y	Y	PI340904A	exact	matched_exact
PI340904B	Y	Y	PI340904B	exact	matched_exact
PI341241A	Y	Y	PI341241A	exact	matched_exact
PI341241B	Y	Y	PI341241B	exact	matched_exact
PI341242	Y	Y	PI341242	exact	matched_exact
PI341243	Y	Y	PI341243	exact	matched_exact
PI341244A	Y	Y	PI341244A	exact	matched_exact
PI341244B	Y	Y	PI341244B	exact	matched_exact
PI341245	Y	Y	PI341245	exact	matched_exact
PI341246	Y	Y	PI341246	exact	matched_exact
PI341247	Y	Y	PI341247	exact	matched_exact
PI341248	Y	Y	PI341248	exact	matched_exact
PI341249	Y	N		none	vcf_only
PI341250	Y	Y	PI341250	exact	matched_exact
PI341251	Y	Y	PI341251	exact	matched_exact
PI341252	N	Y		none	phenotype_only
PI341253	Y	Y	PI341253	exact	matched_exact
PI341254	Y	Y	PI341254	exact	matched_exact
PI341255	Y	Y	PI341255	exact	matched_exact
PI341256A	Y	Y	PI341256A	exact	matched_exact
PI341256B	Y	Y	PI341256B	exact	matched_exact
PI341256C	Y	Y	PI341256C	exact	matched_exact
PI341257	Y	Y	PI341257	exact	matched_exact
PI341258	Y	Y	PI341258	exact	matched_exact
PI341259	Y	Y	PI341259	exact	matched_exact
PI341260A	Y	Y	PI341260A	exact	matched_exact
PI341260B	Y	Y	PI341260B	exact	matched_exact
PI341261	Y	Y	PI341261	exact	matched_exact
PI341262	Y	Y	PI341262	exact	matched_exact
PI341263	Y	Y	PI341263	exact	matched_exact
PI341264	Y	Y	PI341264	exact	matched_exact
PI342002	Y	Y	PI342002	exact	matched_exact
PI342003	Y	Y	PI342003	exact	matched_exact
PI342004	Y	Y	PI342004	exact	matched_exact
PI342005	Y	Y	PI342005	exact	matched_exact
PI342432	N	Y		none	phenotype_only
PI342433	N	Y		none	phenotype_only
PI342434	Y	Y	PI342434	exact	matched_exact
PI342435A	Y	Y	PI342435A	exact	matched_exact
PI342435B	Y	Y	PI342435B	exact	matched_exact
PI342436	Y	Y	PI342436	exact	matched_exact
PI342437	Y	Y	PI342437	exact	matched_exact
PI342438	Y	Y	PI342438	exact	matched_exact
PI342618A	Y	N		none	vcf_only
PI342618B	Y	N		none	vcf_only
PI342619A	Y	N		none	vcf_only
PI342619B	Y	N		none	vcf_only
PI342620A	Y	N		none	vcf_only
PI342620B	Y	N		none	vcf_only
PI342621A	Y	N		none	vcf_only
PI342621B	Y	N		none	vcf_only
PI342621C	Y	N		none	vcf_only
PI342622A	Y	N		none	vcf_only
PI346298	Y	Y	PI346298	exact	matched_exact
PI346300	Y	Y	PI346300	exact	matched_exact
PI346301	Y	Y	PI346301	exact	matched_exact
PI346302	Y	Y	PI346302	exact	matched_exact
PI346304	Y	Y	PI346304	exact	matched_exact
PI346305	Y	Y	PI346305	exact	matched_exact
PI346306	Y	Y	PI346306	exact	matched_exact
PI346307	Y	Y	PI346307	exact	matched_exact
PI346308	Y	Y	PI346308	exact	matched_exact
PI346309	Y	Y	PI346309	exact	matched_exact
PI347539A	Y	Y	PI347539A	exact	matched_exact
PI347539B	Y	Y	PI347539B	exact	matched_exact
PI347540A	Y	Y	PI347540A	exact	matched_exact
PI347540B	Y	Y	PI347540B	exact	matched_exact
PI347540C	Y	Y	PI347540C	exact	matched_exact
PI347541	Y	Y	PI347541	exact	matched_exact
PI347542	Y	Y	PI347542	exact	matched_exact
PI347543	Y	Y	PI347543	exact	matched_exact
PI347544A	Y	Y	PI347544A	exact	matched_exact
PI347544B	Y	Y	PI347544B	exact	matched_exact
PI347545	Y	Y	PI347545	exact	matched_exact
PI347546A	Y	Y	PI347546A	exact	matched_exact
PI347546B	Y	Y	PI347546B	exact	matched_exact
PI347548	Y	Y	PI347548	exact	matched_exact
PI347549	Y	Y	PI347549	exact	matched_exact
PI347550A	Y	Y	PI347550A	exact	matched_exact
PI347550B	Y	Y	PI347550B	exact	matched_exact
PI347551	Y	Y	PI347551	exact	matched_exact
PI347552A	Y	Y	PI347552A	exact	matched_exact
PI347552B	Y	Y	PI347552B	exact	matched_exact
PI347552C	Y	Y	PI347552C	exact	matched_exact
PI347554	Y	Y	PI347554	exact	matched_exact
PI347555	Y	Y	PI347555	exact	matched_exact
PI347556	Y	Y	PI347556	exact	matched_exact
PI347559A	Y	Y	PI347559A	exact	matched_exact
PI347559B	Y	Y	PI347559B	exact	matched_exact
PI347560	Y	Y	PI347560	exact	matched_exact
PI347561	Y	Y	PI347561	exact	matched_exact
PI347563A	Y	Y	PI347563A	exact	matched_exact
PI347563B	Y	Y	PI347563B	exact	matched_exact
PI347565A	Y	Y	PI347565A	exact	matched_exact
PI347565B	Y	Y	PI347565B	exact	matched_exact
PI347567	Y	Y	PI347567	exact	matched_exact
PI347568	Y	Y	PI347568	exact	matched_exact
PI347570	Y	Y	PI347570	exact	matched_exact
PI349647	Y	N		none	vcf_only
PI355067	Y	Y	PI355067	exact	matched_exact
PI355067S	Y	Y	PI355067S	exact	matched_exact
PI355068	Y	Y	PI355068	exact	matched_exact
PI355069	Y	Y	PI355069	exact	matched_exact
PI355069S	Y	Y	PI355069S	exact	matched_exact
PI355070	Y	Y	PI355070	exact	matched_exact
PI355070S	Y	Y	PI355070S	exact	matched_exact
PI358313	Y	Y	PI358313	exact	matched_exact
PI358314	Y	Y	PI358314	exact	matched_exact
PI358315A	Y	Y	PI358315A	exact	matched_exact
PI358315C	Y	Y	PI358315C	exact	matched_exact
PI358316A	Y	Y	PI358316A	exact	matched_exact
PI358316B	Y	Y	PI358316B	exact	matched_exact
PI358316C	Y	Y	PI358316C	exact	matched_exact
PI358317A	Y	Y	PI358317A	exact	matched_exact
PI358317B	Y	Y	PI358317B	exact	matched_exact
PI358318A	Y	Y	PI358318A	exact	matched_exact
PI358318B	Y	Y	PI358318B	exact	matched_exact
PI358319	Y	Y	PI358319	exact	matched_exact
PI358320	Y	Y	PI358320	exact	matched_exact
PI358321A	Y	Y	PI358321A	exact	matched_exact
PI358321B	Y	Y	PI358321B	exact	matched_exact
PI358321C	Y	Y	PI358321C	exact	matched_exact
PI358322	Y	Y	PI358322	exact	matched_exact
PI358323	Y	Y	PI358323	exact	matched_exact
PI360834	Y	Y	PI360834	exact	matched_exact
PI360835	Y	Y	PI360835	exact	matched_exact
PI360836	Y	Y	PI360836	exact	matched_exact
PI360837	Y	Y	PI360837	exact	matched_exact
PI360838	Y	Y	PI360838	exact	matched_exact
PI360839	Y	Y	PI360839	exact	matched_exact
PI360841	Y	Y	PI360841	exact	matched_exact
PI360842	Y	Y	PI360842	exact	matched_exact
PI360843	Y	Y	PI360843	exact	matched_exact
PI360844	Y	Y	PI360844	exact	matched_exact
PI360845	Y	Y	PI360845	exact	matched_exact
PI360846	Y	Y	PI360846	exact	matched_exact
PI360847	Y	Y	PI360847	exact	matched_exact
PI360848	Y	Y	PI360848	exact	matched_exact
PI360850	Y	Y	PI360850	exact	matched_exact
PI360851	Y	Y	PI360851	exact	matched_exact
PI360952	Y	Y	PI360952	exact	matched_exact
PI360953	Y	Y	PI360953	exact	matched_exact
PI360954	Y	Y	PI360954	exact	matched_exact
PI360955A	Y	Y	PI360955A	exact	matched_exact
PI360955B	Y	Y	PI360955B	exact	matched_exact
PI360957	Y	Y	PI360957	exact	matched_exact
PI360958	Y	Y	PI360958	exact	matched_exact
PI360959	Y	Y	PI360959	exact	matched_exact
PI360962	Y	Y	PI360962	exact	matched_exact
PI360963A	Y	Y	PI360963A	exact	matched_exact
PI360963B	Y	Y	PI360963B	exact	matched_exact
PI360963C	Y	Y	PI360963C	exact	matched_exact
PI360964	Y	Y	PI360964	exact	matched_exact
PI360965	Y	Y	PI360965	exact	matched_exact
PI361053	Y	Y	PI361053	exact	matched_exact
PI361055	Y	Y	PI361055	exact	matched_exact
PI361056	Y	Y	PI361056	exact	matched_exact
PI361057	Y	Y	PI361057	exact	matched_exact
PI361058	Y	Y	PI361058	exact	matched_exact
PI361059A	Y	Y	PI361059A	exact	matched_exact
PI361059B	Y	Y	PI361059B	exact	matched_exact
PI361060	Y	Y	PI361060	exact	matched_exact
PI361061A	Y	Y	PI361061A	exact	matched_exact
PI361061B	Y	Y	PI361061B	exact	matched_exact
PI361062A	Y	Y	PI361062A	exact	matched_exact
PI361062B	Y	Y	PI361062B	exact	matched_exact
PI361063	Y	Y	PI361063	exact	matched_exact
PI361064	Y	Y	PI361064	exact	matched_exact
PI361065A	Y	Y	PI361065A	exact	matched_exact
PI361065B	Y	Y	PI361065B	exact	matched_exact
PI361066A	Y	Y	PI361066A	exact	matched_exact
PI361066B	Y	Y	PI361066B	exact	matched_exact
PI361067	Y	Y	PI361067	exact	matched_exact
PI361068	Y	Y	PI361068	exact	matched_exact
PI361069	Y	Y	PI361069	exact	matched_exact
PI361070	Y	Y	PI361070	exact	matched_exact
PI361071A	Y	Y	PI361071A	exact	matched_exact
PI361071B	Y	Y	PI361071B	exact	matched_exact
PI361071C	Y	Y	PI361071C	exact	matched_exact
PI361072	Y	Y	PI361072	exact	matched_exact
PI361073	Y	Y	PI361073	exact	matched_exact
PI361074	Y	Y	PI361074	exact	matched_exact
PI361075	Y	Y	PI361075	exact	matched_exact
PI361077A	Y	Y	PI361077A	exact	matched_exact
PI361077B	Y	Y	PI361077B	exact	matched_exact
PI361078	Y	Y	PI361078	exact	matched_exact
PI361080	Y	Y	PI361080	exact	matched_exact
PI361081	Y	Y	PI361081	exact	matched_exact
PI361082	Y	Y	PI361082	exact	matched_exact
PI361083	Y	Y	PI361083	exact	matched_exact
PI361084	Y	Y	PI361084	exact	matched_exact
PI361085A	Y	Y	PI361085A	exact	matched_exact
PI361085B	Y	Y	PI361085B	exact	matched_exact
PI361086	Y	Y	PI361086	exact	matched_exact
PI361087	Y	Y	PI361087	exact	matched_exact
PI361088A	Y	Y	PI361088A	exact	matched_exact
PI361088B	Y	Y	PI361088B	exact	matched_exact
PI361089	Y	Y	PI361089	exact	matched_exact
PI361090	Y	Y	PI361090	exact	matched_exact
PI361091	Y	Y	PI361091	exact	matched_exact
PI361092	Y	Y	PI361092	exact	matched_exact
PI361093	Y	Y	PI361093	exact	matched_exact
PI361094	Y	Y	PI361094	exact	matched_exact
PI361095	Y	Y	PI361095	exact	matched_exact
PI361096	Y	Y	PI361096	exact	matched_exact
PI361097A	Y	Y	PI361097A	exact	matched_exact
PI361097B	Y	Y	PI361097B	exact	matched_exact
PI361098	Y	Y	PI361098	exact	matched_exact
PI361099	Y	Y	PI361099	exact	matched_exact
PI361100	Y	Y	PI361100	exact	matched_exact
PI361101	Y	Y	PI361101	exact	matched_exact
PI361102	Y	Y	PI361102	exact	matched_exact
PI361103	Y	Y	PI361103	exact	matched_exact
PI361104	Y	Y	PI361104	exact	matched_exact
PI361107	Y	Y	PI361107	exact	matched_exact
PI361108	Y	Y	PI361108	exact	matched_exact
PI361109	Y	Y	PI361109	exact	matched_exact
PI361110	Y	Y	PI361110	exact	matched_exact
PI361111	Y	Y	PI361111	exact	matched_exact
PI361112A	Y	Y	PI361112A	exact	matched_exact
PI361112B	Y	Y	PI361112B	exact	matched_exact
PI361113	Y	Y	PI361113	exact	matched_exact
PI361114	Y	Y	PI361114	exact	matched_exact
PI361115	Y	Y	PI361115	exact	matched_exact
PI361116	Y	Y	PI361116	exact	matched_exact
PI361117	Y	Y	PI361117	exact	matched_exact
PI361118	Y	Y	PI361118	exact	matched_exact
PI361119	Y	Y	PI361119	exact	matched_exact
PI361120	Y	Y	PI361120	exact	matched_exact
PI361121	Y	Y	PI361121	exact	matched_exact
PI361122	Y	Y	PI361122	exact	matched_exact
PI361123A	Y	Y	PI361123A	exact	matched_exact
PI361123B	Y	Y	PI361123B	exact	matched_exact
PI365426	Y	Y	PI365426	exact	matched_exact
PI366036	Y	Y	PI366036	exact	matched_exact
PI366119	Y	N		none	vcf_only
PI366120	Y	N		none	vcf_only
PI366121	Y	N		none	vcf_only
PI366122	Y	N		none	vcf_only
PI366123	Y	N		none	vcf_only
PI366124	Y	N		none	vcf_only
PI366125	Y	N		none	vcf_only
PI36653	Y	N	PI036653	zero_pad_candidate	ambiguous
PI368037	Y	Y	PI368037	exact	matched_exact
PI368038	Y	Y	PI368038	exact	matched_exact
PI368039	Y	Y	PI368039	exact	matched_exact
PI36906	Y	N	PI036906	zero_pad_candidate	ambiguous
PI370055	Y	Y	PI370055	exact	matched_exact
PI370056	Y	Y	PI370056	exact	matched_exact
PI370057A	Y	Y	PI370057A	exact	matched_exact
PI370057B	Y	Y	PI370057B	exact	matched_exact
PI370058	Y	Y	PI370058	exact	matched_exact
PI370059	Y	Y	PI370059	exact	matched_exact
PI371607	Y	Y	PI371607	exact	matched_exact
PI371609	Y	Y	PI371609	exact	matched_exact
PI371610	Y	Y	PI371610	exact	matched_exact
PI371611	Y	Y	PI371611	exact	matched_exact
PI371612	Y	Y	PI371612	exact	matched_exact
PI372402	Y	Y	PI372402	exact	matched_exact
PI372403A	Y	Y	PI372403A	exact	matched_exact
PI372403B	Y	Y	PI372403B	exact	matched_exact
PI372403C	Y	Y	PI372403C	exact	matched_exact
PI372404A	Y	Y	PI372404A	exact	matched_exact
PI372404C	Y	Y	PI372404C	exact	matched_exact
PI372406	Y	Y	PI372406	exact	matched_exact
PI372407	Y	Y	PI372407	exact	matched_exact
PI372408	Y	Y	PI372408	exact	matched_exact
PI372409	Y	Y	PI372409	exact	matched_exact
PI372410	Y	Y	PI372410	exact	matched_exact
PI372411	Y	Y	PI372411	exact	matched_exact
PI372412	Y	Y	PI372412	exact	matched_exact
PI372413	Y	Y	PI372413	exact	matched_exact
PI372414	Y	Y	PI372414	exact	matched_exact
PI372415A	Y	Y	PI372415A	exact	matched_exact
PI372415B	Y	Y	PI372415B	exact	matched_exact
PI372416A	Y	Y	PI372416A	exact	matched_exact
PI372416B	Y	Y	PI372416B	exact	matched_exact
PI372417	Y	Y	PI372417	exact	matched_exact
PI372418	Y	Y	PI372418	exact	matched_exact
PI372419	Y	Y	PI372419	exact	matched_exact
PI372420	Y	Y	PI372420	exact	matched_exact
PI372421A	Y	Y	PI372421A	exact	matched_exact
PI372421B	Y	Y	PI372421B	exact	matched_exact
PI372422	Y	Y	PI372422	exact	matched_exact
PI372423	Y	Y	PI372423	exact	matched_exact
PI372424	Y	Y	PI372424	exact	matched_exact
PI373980	N	Y		none	phenotype_only
PI373981	N	Y		none	phenotype_only
PI373982	N	Y		none	phenotype_only
PI373983A	N	Y		none	phenotype_only
PI373983B	N	Y		none	phenotype_only
PI373984	N	Y		none	phenotype_only
PI373985	N	Y		none	phenotype_only
PI373986	N	Y		none	phenotype_only
PI373987	N	Y		none	phenotype_only
PI373988	N	Y		none	phenotype_only
PI373990	N	Y		none	phenotype_only
PI373991	N	Y		none	phenotype_only
PI373992A	N	Y		none	phenotype_only
PI373992B	N	Y		none	phenotype_only
PI373993	N	Y		none	phenotype_only
PI374154	Y	Y	PI374154	exact	matched_exact
PI374155	Y	Y	PI374155	exact	matched_exact
PI374156	Y	Y	PI374156	exact	matched_exact
PI374157	Y	Y	PI374157	exact	matched_exact
PI374158	Y	Y	PI374158	exact	matched_exact
PI374159	Y	Y	PI374159	exact	matched_exact
PI374160	Y	Y	PI374160	exact	matched_exact
PI374161	Y	Y	PI374161	exact	matched_exact
PI374162	Y	Y	PI374162	exact	matched_exact
PI374163	Y	Y	PI374163	exact	matched_exact
PI374164	Y	Y	PI374164	exact	matched_exact
PI374165	Y	Y	PI374165	exact	matched_exact
PI374166	Y	Y	PI374166	exact	matched_exact
PI374167	Y	Y	PI374167	exact	matched_exact
PI374168	Y	Y	PI374168	exact	matched_exact
PI374169	Y	Y	PI374169	exact	matched_exact
PI374171	Y	Y	PI374171	exact	matched_exact
PI374172	Y	Y	PI374172	exact	matched_exact
PI374173	Y	Y	PI374173	exact	matched_exact
PI374174	Y	Y	PI374174	exact	matched_exact
PI374175	Y	Y	PI374175	exact	matched_exact
PI374176	Y	Y	PI374176	exact	matched_exact
PI374177	Y	Y	PI374177	exact	matched_exact
PI374178	Y	Y	PI374178	exact	matched_exact
PI374179	Y	Y	PI374179	exact	matched_exact
PI374180	Y	Y	PI374180	exact	matched_exact
PI374181	Y	Y	PI374181	exact	matched_exact
PI374182	Y	Y	PI374182	exact	matched_exact
PI374183	Y	Y	PI374183	exact	matched_exact
PI374184	Y	Y	PI374184	exact	matched_exact
PI374185	Y	N		none	vcf_only
PI374186	Y	Y	PI374186	exact	matched_exact
PI374187	Y	N		none	vcf_only
PI374188A	Y	N		none	vcf_only
PI374188B	Y	N		none	vcf_only
PI374189	Y	N		none	vcf_only
PI374190	Y	N		none	vcf_only
PI374191	Y	N		none	vcf_only
PI374192A	Y	N		none	vcf_only
PI374192B	Y	N		none	vcf_only
PI374193	Y	N		none	vcf_only
PI374194	Y	N		none	vcf_only
PI374195A	Y	N		none	vcf_only
PI374195B	Y	N		none	vcf_only
PI374196	Y	N		none	vcf_only
PI374197	Y	N		none	vcf_only
PI374198	Y	N		none	vcf_only
PI374199	Y	N		none	vcf_only
PI374200A	Y	N		none	vcf_only
PI374200B	Y	N		none	vcf_only
PI374200C	Y	N		none	vcf_only
PI374201	Y	N		none	vcf_only
PI374202	Y	N		none	vcf_only
PI374203	Y	N		none	vcf_only
PI374204	Y	N		none	vcf_only
PI374205	Y	N		none	vcf_only
PI374206	Y	N		none	vcf_only
PI374207	Y	N		none	vcf_only
PI374219	Y	Y	PI374219	exact	matched_exact
PI374220	Y	Y	PI374220	exact	matched_exact
PI374221	Y	Y	PI374221	exact	matched_exact
PI376069	Y	Y	PI376069	exact	matched_exact
PI376070	Y	Y	PI376070	exact	matched_exact
PI376843	Y	Y	PI376843	exact	matched_exact
PI376844	Y	Y	PI376844	exact	matched_exact
PI376845	Y	Y	PI376845	exact	matched_exact
PI377573	Y	Y	PI377573	exact	matched_exact
PI377574	Y	Y	PI377574	exact	matched_exact
PI377575	Y	Y	PI377575	exact	matched_exact
PI377576	Y	Y	PI377576	exact	matched_exact
PI377577	Y	Y	PI377577	exact	matched_exact
PI377578	Y	Y	PI377578	exact	matched_exact
PI378655	Y	Y	PI378655	exact	matched_exact
PI378656A	Y	Y	PI378656A	exact	matched_exact
PI378656B	Y	Y	PI378656B	exact	matched_exact
PI378657	Y	Y	PI378657	exact	matched_exact
PI378658	Y	Y	PI378658	exact	matched_exact
PI378659	Y	Y	PI378659	exact	matched_exact
PI378660A	Y	Y	PI378660A	exact	matched_exact
PI378660B	Y	Y	PI378660B	exact	matched_exact
PI378661	Y	Y	PI378661	exact	matched_exact
PI378662	Y	Y	PI378662	exact	matched_exact
PI378663	Y	Y	PI378663	exact	matched_exact
PI378664A	Y	Y	PI378664A	exact	matched_exact
PI378664B	Y	Y	PI378664B	exact	matched_exact
PI378664C	Y	Y	PI378664C	exact	matched_exact
PI378665	Y	Y	PI378665	exact	matched_exact
PI378666	Y	Y	PI378666	exact	matched_exact
PI378667	Y	Y	PI378667	exact	matched_exact
PI378668	Y	Y	PI378668	exact	matched_exact
PI378669A	Y	Y	PI378669A	exact	matched_exact
PI378669B	Y	Y	PI378669B	exact	matched_exact
PI378669C	Y	Y	PI378669C	exact	matched_exact
PI378669D	Y	Y	PI378669D	exact	matched_exact
PI378670A	Y	Y	PI378670A	exact	matched_exact
PI378670B	Y	Y	PI378670B	exact	matched_exact
PI378671	Y	Y	PI378671	exact	matched_exact
PI378672	Y	Y	PI378672	exact	matched_exact
PI378673	Y	Y	PI378673	exact	matched_exact
PI378674A	Y	Y	PI378674A	exact	matched_exact
PI378674B	Y	Y	PI378674B	exact	matched_exact
PI378675A	Y	Y	PI378675A	exact	matched_exact
PI378675B	Y	Y	PI378675B	exact	matched_exact
PI378676A	Y	Y	PI378676A	exact	matched_exact
PI378676B	Y	Y	PI378676B	exact	matched_exact
PI378677A	Y	Y	PI378677A	exact	matched_exact
PI378677B	Y	Y	PI378677B	exact	matched_exact
PI378677C	Y	Y	PI378677C	exact	matched_exact
PI378678	Y	Y	PI378678	exact	matched_exact
PI378679	Y	Y	PI378679	exact	matched_exact
PI378680A	Y	Y	PI378680A	exact	matched_exact
PI378680B	Y	Y	PI378680B	exact	matched_exact
PI378680C	Y	Y	PI378680C	exact	matched_exact
PI378680D	Y	Y	PI378680D	exact	matched_exact
PI378680E	Y	Y	PI378680E	exact	matched_exact
PI378681	Y	Y	PI378681	exact	matched_exact
PI378682A	Y	Y	PI378682A	exact	matched_exact
PI378682B	Y	Y	PI378682B	exact	matched_exact
PI378682C	Y	Y	PI378682C	exact	matched_exact
PI378683	Y	N		none	vcf_only
PI378684A	Y	N		none	vcf_only
PI378684B	Y	N		none	vcf_only
PI378685	Y	N		none	vcf_only
PI378686A	Y	N		none	vcf_only
PI378686B	Y	N		none	vcf_only
PI378687A	Y	N		none	vcf_only
PI378687B	Y	N		none	vcf_only
PI378688	Y	N		none	vcf_only
PI378689	Y	N		none	vcf_only
PI378690	Y	N		none	vcf_only
PI378691	Y	N		none	vcf_only
PI378692	Y	N		none	vcf_only
PI378693A	Y	Y	PI378693A	exact	matched_exact
PI378693B	Y	N		none	vcf_only
PI378694	Y	N		none	vcf_only
PI378695A	Y	N		none	vcf_only
PI378695B	Y	N		none	vcf_only
PI378696A	Y	N		none	vcf_only
PI378696B	Y	N		none	vcf_only
PI378697A	Y	N		none	vcf_only
PI378697B	Y	N		none	vcf_only
PI378698	Y	N		none	vcf_only
PI378699A	Y	N		none	vcf_only
PI378699B	Y	N		none	vcf_only
PI378700	Y	N		none	vcf_only
PI378701A	Y	N		none	vcf_only
PI378701B	Y	N		none	vcf_only
PI378702	Y	N		none	vcf_only
PI378703	N	Y		none	phenotype_only
PI378704	N	Y		none	phenotype_only
PI378705	N	Y		none	phenotype_only
PI378706	N	Y		none	phenotype_only
PI378708	N	Y		none	phenotype_only
PI378709	N	Y		none	phenotype_only
PI379556	Y	Y	PI379556	exact	matched_exact
PI379559A	Y	Y	PI379559A	exact	matched_exact
PI379559B	Y	Y	PI379559B	exact	matched_exact
PI379559C	Y	Y	PI379559C	exact	matched_exact
PI379559D	Y	Y	PI379559D	exact	matched_exact
PI379560	Y	Y	PI379560	exact	matched_exact
PI379561	Y	Y	PI379561	exact	matched_exact
PI379562A	Y	Y	PI379562A	exact	matched_exact
PI379562B	Y	Y	PI379562B	exact	matched_exact
PI379563	Y	Y	PI379563	exact	matched_exact
PI379618	Y	Y	PI379618	exact	matched_exact
PI379619	Y	Y	PI379619	exact	matched_exact
PI379620	Y	Y	PI379620	exact	matched_exact
PI379621	Y	Y	PI379621	exact	matched_exact
PI379622	Y	Y	PI379622	exact	matched_exact
PI379623	Y	Y	PI379623	exact	matched_exact
PI381656	Y	Y	PI381656	exact	matched_exact
PI381657	Y	Y	PI381657	exact	matched_exact
PI381659	Y	Y	PI381659	exact	matched_exact
PI381660	Y	Y	PI381660	exact	matched_exact
PI381661	Y	Y	PI381661	exact	matched_exact
PI381662	Y	Y	PI381662	exact	matched_exact
PI381663	Y	Y	PI381663	exact	matched_exact
PI381664	Y	Y	PI381664	exact	matched_exact
PI381665	Y	Y	PI381665	exact	matched_exact
PI381666	Y	Y	PI381666	exact	matched_exact
PI381667	Y	Y	PI381667	exact	matched_exact
PI381668	Y	Y	PI381668	exact	matched_exact
PI381669	Y	Y	PI381669	exact	matched_exact
PI381670	Y	Y	PI381670	exact	matched_exact
PI381671	Y	Y	PI381671	exact	matched_exact
PI381672	Y	Y	PI381672	exact	matched_exact
PI381673	Y	Y	PI381673	exact	matched_exact
PI381674	Y	Y	PI381674	exact	matched_exact
PI381675	Y	Y	PI381675	exact	matched_exact
PI381676	Y	Y	PI381676	exact	matched_exact
PI381677	Y	Y	PI381677	exact	matched_exact
PI381678	Y	Y	PI381678	exact	matched_exact
PI381679	Y	Y	PI381679	exact	matched_exact
PI381680	Y	Y	PI381680	exact	matched_exact
PI381681	Y	Y	PI381681	exact	matched_exact
PI381682	Y	Y	PI381682	exact	matched_exact
PI381683	Y	Y	PI381683	exact	matched_exact
PI381684	Y	Y	PI381684	exact	matched_exact
PI381685	Y	Y	PI381685	exact	matched_exact
PI383276	Y	Y	PI383276	exact	matched_exact
PI383277	Y	Y	PI383277	exact	matched_exact
PI383278	Y	Y	PI383278	exact	matched_exact
PI384467	Y	Y	PI384467	exact	matched_exact
PI384468	Y	Y	PI384468	exact	matched_exact
PI384469A	Y	Y	PI384469A	exact	matched_exact
PI384469B	Y	Y	PI384469B	exact	matched_exact
PI384469C	Y	Y	PI384469C	exact	matched_exact
PI384470	Y	Y	PI384470	exact	matched_exact
PI384471	Y	Y	PI384471	exact	matched_exact
PI384473	Y	Y	PI384473	exact	matched_exact
PI384474	Y	Y	PI384474	exact	matched_exact
PI385942	Y	Y	PI385942	exact	matched_exact
PI385943	Y	Y	PI385943	exact	matched_exact
PI391577	Y	Y	PI391577	exact	matched_exact
PI391578	Y	Y	PI391578	exact	matched_exact
PI391581A	Y	Y	PI391581A	exact	matched_exact
PI391581B	Y	Y	PI391581B	exact	matched_exact
PI391583	Y	Y	PI391583	exact	matched_exact
PI391584	Y	Y	PI391584	exact	matched_exact
PI391585	Y	Y	PI391585	exact	matched_exact
PI391586	Y	Y	PI391586	exact	matched_exact
PI391587	Y	Y	PI391587	exact	matched_exact
PI391588	Y	Y	PI391588	exact	matched_exact
PI391589A	Y	Y	PI391589A	exact	matched_exact
PI391589B	Y	Y	PI391589B	exact	matched_exact
PI391594	Y	Y	PI391594	exact	matched_exact
PI391597	Y	Y	PI391597	exact	matched_exact
PI393533	N	Y		none	phenotype_only
PI393534	N	Y		none	phenotype_only
PI393535	Y	Y	PI393535	exact	matched_exact
PI393537	Y	Y	PI393537	exact	matched_exact
PI393538	Y	Y	PI393538	exact	matched_exact
PI393540	Y	Y	PI393540	exact	matched_exact
PI393541A	Y	Y	PI393541A	exact	matched_exact
PI393541B	Y	Y	PI393541B	exact	matched_exact
PI393542	Y	Y	PI393542	exact	matched_exact
PI393543	Y	Y	PI393543	exact	matched_exact
PI393544	Y	Y	PI393544	exact	matched_exact
PI393545	Y	Y	PI393545	exact	matched_exact
PI393546	Y	Y	PI393546	exact	matched_exact
PI393547	Y	Y	PI393547	exact	matched_exact
PI393548	Y	Y	PI393548	exact	matched_exact
PI393549	Y	Y	PI393549	exact	matched_exact
PI393550	Y	Y	PI393550	exact	matched_exact
PI393551	Y	N		none	vcf_only
PI393556	N	Y		none	phenotype_only
PI393557	N	Y		none	phenotype_only
PI393563	Y	Y	PI393563	exact	matched_exact
PI393565A	Y	N		none	vcf_only
PI393565B	Y	N		none	vcf_only
PI393567	N	Y		none	phenotype_only
PI393999	Y	Y	PI393999	exact	matched_exact
PI398181	Y	Y	PI398181	exact	matched_exact
PI398182	Y	Y	PI398182	exact	matched_exact
PI398183	Y	Y	PI398183	exact	matched_exact
PI398184	Y	Y	PI398184	exact	matched_exact
PI398185	Y	Y	PI398185	exact	matched_exact
PI398186	Y	Y	PI398186	exact	matched_exact
PI398187	Y	Y	PI398187	exact	matched_exact
PI398188	Y	Y	PI398188	exact	matched_exact
PI398189	Y	Y	PI398189	exact	matched_exact
PI398190	Y	Y	PI398190	exact	matched_exact
PI398191	Y	Y	PI398191	exact	matched_exact
PI398192	Y	Y	PI398192	exact	matched_exact
PI398193	Y	Y	PI398193	exact	matched_exact
PI398194	Y	Y	PI398194	exact	matched_exact
PI398195	Y	Y	PI398195	exact	matched_exact
PI398196	Y	Y	PI398196	exact	matched_exact
PI398197	Y	Y	PI398197	exact	matched_exact
PI398198	Y	Y	PI398198	exact	matched_exact
PI398199	Y	Y	PI398199	exact	matched_exact
PI398200	Y	Y	PI398200	exact	matched_exact
PI398201	Y	Y	PI398201	exact	matched_exact
PI398202	Y	Y	PI398202	exact	matched_exact
PI398203	Y	Y	PI398203	exact	matched_exact
PI398204	Y	Y	PI398204	exact	matched_exact
PI398205	Y	Y	PI398205	exact	matched_exact
PI398206	Y	Y	PI398206	exact	matched_exact
PI398207	Y	Y	PI398207	exact	matched_exact
PI398208	Y	Y	PI398208	exact	matched_exact
PI398209	Y	Y	PI398209	exact	matched_exact
PI398210	Y	Y	PI398210	exact	matched_exact
PI398211	Y	Y	PI398211	exact	matched_exact
PI398212	Y	Y	PI398212	exact	matched_exact
PI398213	Y	Y	PI398213	exact	matched_exact
PI398214	Y	Y	PI398214	exact	matched_exact
PI398215	Y	Y	PI398215	exact	matched_exact
PI398216	Y	Y	PI398216	exact	matched_exact
PI398217	Y	Y	PI398217	exact	matched_exact
PI398218	Y	Y	PI398218	exact	matched_exact
PI398219	Y	Y	PI398219	exact	matched_exact
PI398220	Y	Y	PI398220	exact	matched_exact
PI398221	Y	Y	PI398221	exact	matched_exact
PI398222	Y	Y	PI398222	exact	matched_exact
PI398223	Y	Y	PI398223	exact	matched_exact
PI398224	Y	Y	PI398224	exact	matched_exact
PI398225	Y	Y	PI398225	exact	matched_exact
PI398226	Y	Y	PI398226	exact	matched_exact
PI398227	Y	Y	PI398227	exact	matched_exact
PI398228	Y	Y	PI398228	exact	matched_exact
PI398229	Y	Y	PI398229	exact	matched_exact
PI398230	Y	Y	PI398230	exact	matched_exact
PI398231	Y	Y	PI398231	exact	matched_exact
PI398232	Y	Y	PI398232	exact	matched_exact
PI398233	Y	Y	PI398233	exact	matched_exact
PI398234	Y	Y	PI398234	exact	matched_exact
PI398235	Y	Y	PI398235	exact	matched_exact
PI398236	Y	Y	PI398236	exact	matched_exact
PI398237	Y	Y	PI398237	exact	matched_exact
PI398238	Y	Y	PI398238	exact	matched_exact
PI398239	Y	Y	PI398239	exact	matched_exact
PI398240	Y	Y	PI398240	exact	matched_exact
PI398241	Y	Y	PI398241	exact	matched_exact
PI398242	Y	Y	PI398242	exact	matched_exact
PI398243	Y	Y	PI398243	exact	matched_exact
PI398244	Y	Y	PI398244	exact	matched_exact
PI398245	Y	Y	PI398245	exact	matched_exact
PI398246	Y	Y	PI398246	exact	matched_exact
PI398247	Y	Y	PI398247	exact	matched_exact
PI398248	Y	Y	PI398248	exact	matched_exact
PI398249	Y	Y	PI398249	exact	matched_exact
PI398250	Y	Y	PI398250	exact	matched_exact
PI398251	Y	Y	PI398251	exact	matched_exact
PI398252	Y	Y	PI398252	exact	matched_exact
PI398253	Y	Y	PI398253	exact	matched_exact
PI398254	Y	Y	PI398254	exact	matched_exact
PI398255	Y	Y	PI398255	exact	matched_exact
PI398256	Y	Y	PI398256	exact	matched_exact
PI398257	Y	Y	PI398257	exact	matched_exact
PI398258	Y	Y	PI398258	exact	matched_exact
PI398259	Y	Y	PI398259	exact	matched_exact
PI398260	Y	Y	PI398260	exact	matched_exact
PI398261	Y	Y	PI398261	exact	matched_exact
PI398262	Y	Y	PI398262	exact	matched_exact
PI398263	Y	Y	PI398263	exact	matched_exact
PI398264	Y	Y	PI398264	exact	matched_exact
PI398265	Y	Y	PI398265	exact	matched_exact
PI398266	Y	Y	PI398266	exact	matched_exact
PI398267	Y	Y	PI398267	exact	matched_exact
PI398268	Y	Y	PI398268	exact	matched_exact
PI398269	Y	Y	PI398269	exact	matched_exact
PI398270	Y	Y	PI398270	exact	matched_exact
PI398271	Y	Y	PI398271	exact	matched_exact
PI398272	Y	Y	PI398272	exact	matched_exact
PI398273	Y	Y	PI398273	exact	matched_exact
PI398274	Y	Y	PI398274	exact	matched_exact
PI398275	Y	Y	PI398275	exact	matched_exact
PI398276	Y	Y	PI398276	exact	matched_exact
PI398277	Y	Y	PI398277	exact	matched_exact
PI398278	Y	Y	PI398278	exact	matched_exact
PI398279	Y	Y	PI398279	exact	matched_exact
PI398280	Y	Y	PI398280	exact	matched_exact
PI398281	Y	Y	PI398281	exact	matched_exact
PI398282	Y	Y	PI398282	exact	matched_exact
PI398283	Y	Y	PI398283	exact	matched_exact
PI398284	Y	Y	PI398284	exact	matched_exact
PI398285	Y	Y	PI398285	exact	matched_exact
PI398286	Y	Y	PI398286	exact	matched_exact
PI398287	Y	Y	PI398287	exact	matched_exact
PI398288	Y	Y	PI398288	exact	matched_exact
PI398289	Y	Y	PI398289	exact	matched_exact
PI398290	Y	Y	PI398290	exact	matched_exact
PI398291	Y	Y	PI398291	exact	matched_exact
PI398292	Y	Y	PI398292	exact	matched_exact
PI398293	Y	Y	PI398293	exact	matched_exact
PI398294	Y	Y	PI398294	exact	matched_exact
PI398295	Y	Y	PI398295	exact	matched_exact
PI398296	Y	Y	PI398296	exact	matched_exact
PI398297	Y	Y	PI398297	exact	matched_exact
PI398298	Y	Y	PI398298	exact	matched_exact
PI398299	Y	Y	PI398299	exact	matched_exact
PI398300	Y	Y	PI398300	exact	matched_exact
PI398301	Y	Y	PI398301	exact	matched_exact
PI398302	Y	Y	PI398302	exact	matched_exact
PI398303	Y	Y	PI398303	exact	matched_exact
PI398304	Y	Y	PI398304	exact	matched_exact
PI398305	Y	Y	PI398305	exact	matched_exact
PI398306	Y	Y	PI398306	exact	matched_exact
PI398307	Y	Y	PI398307	exact	matched_exact
PI398308	Y	Y	PI398308	exact	matched_exact
PI398309	Y	Y	PI398309	exact	matched_exact
PI398310	Y	Y	PI398310	exact	matched_exact
PI398311	Y	Y	PI398311	exact	matched_exact
PI398312	Y	Y	PI398312	exact	matched_exact
PI398313	Y	Y	PI398313	exact	matched_exact
PI398314	Y	Y	PI398314	exact	matched_exact
PI398315	Y	Y	PI398315	exact	matched_exact
PI398316	Y	Y	PI398316	exact	matched_exact
PI398317	Y	Y	PI398317	exact	matched_exact
PI398318	Y	Y	PI398318	exact	matched_exact
PI398319	Y	Y	PI398319	exact	matched_exact
PI398320	Y	Y	PI398320	exact	matched_exact
PI398321	Y	Y	PI398321	exact	matched_exact
PI398322	Y	Y	PI398322	exact	matched_exact
PI398323	Y	Y	PI398323	exact	matched_exact
PI398324	Y	Y	PI398324	exact	matched_exact
PI398325	Y	Y	PI398325	exact	matched_exact
PI398326	Y	Y	PI398326	exact	matched_exact
PI398327	Y	Y	PI398327	exact	matched_exact
PI398328	Y	Y	PI398328	exact	matched_exact
PI398329	Y	Y	PI398329	exact	matched_exact
PI398330	Y	Y	PI398330	exact	matched_exact
PI398331	Y	Y	PI398331	exact	matched_exact
PI398332	Y	Y	PI398332	exact	matched_exact
PI398333	Y	Y	PI398333	exact	matched_exact
PI398334	Y	Y	PI398334	exact	matched_exact
PI398335	Y	Y	PI398335	exact	matched_exact
PI398336	Y	Y	PI398336	exact	matched_exact
PI398337	Y	Y	PI398337	exact	matched_exact
PI398338	Y	Y	PI398338	exact	matched_exact
PI398339	Y	Y	PI398339	exact	matched_exact
PI398340	Y	Y	PI398340	exact	matched_exact
PI398341	Y	Y	PI398341	exact	matched_exact
PI398342	Y	Y	PI398342	exact	matched_exact
PI398343	Y	Y	PI398343	exact	matched_exact
PI398344	Y	Y	PI398344	exact	matched_exact
PI398345	Y	Y	PI398345	exact	matched_exact
PI398346	Y	Y	PI398346	exact	matched_exact
PI398347	Y	Y	PI398347	exact	matched_exact
PI398348	Y	Y	PI398348	exact	matched_exact
PI398349	Y	Y	PI398349	exact	matched_exact
PI398350	Y	Y	PI398350	exact	matched_exact
PI398351	Y	Y	PI398351	exact	matched_exact
PI398352	Y	Y	PI398352	exact	matched_exact
PI398353	Y	Y	PI398353	exact	matched_exact
PI398354	Y	Y	PI398354	exact	matched_exact
PI398355	Y	Y	PI398355	exact	matched_exact
PI398356	Y	Y	PI398356	exact	matched_exact
PI398357	Y	Y	PI398357	exact	matched_exact
PI398358	Y	Y	PI398358	exact	matched_exact
PI398359	Y	Y	PI398359	exact	matched_exact
PI398360	Y	Y	PI398360	exact	matched_exact
PI398361	Y	Y	PI398361	exact	matched_exact
PI398362	Y	Y	PI398362	exact	matched_exact
PI398363	Y	Y	PI398363	exact	matched_exact
PI398364	Y	Y	PI398364	exact	matched_exact
PI398365	Y	Y	PI398365	exact	matched_exact
PI398366	Y	Y	PI398366	exact	matched_exact
PI398367	Y	Y	PI398367	exact	matched_exact
PI398368	Y	Y	PI398368	exact	matched_exact
PI398369	Y	Y	PI398369	exact	matched_exact
PI398370	Y	Y	PI398370	exact	matched_exact
PI398371	Y	Y	PI398371	exact	matched_exact
PI398372	Y	Y	PI398372	exact	matched_exact
PI398373	Y	Y	PI398373	exact	matched_exact
PI398374	Y	Y	PI398374	exact	matched_exact
PI398375	Y	Y	PI398375	exact	matched_exact
PI398376	Y	Y	PI398376	exact	matched_exact
PI398377	Y	Y	PI398377	exact	matched_exact
PI398378	Y	Y	PI398378	exact	matched_exact
PI398379	Y	Y	PI398379	exact	matched_exact
PI398380	Y	Y	PI398380	exact	matched_exact
PI398381	Y	Y	PI398381	exact	matched_exact
PI398382	Y	Y	PI398382	exact	matched_exact
PI398383	Y	Y	PI398383	exact	matched_exact
PI398384	Y	Y	PI398384	exact	matched_exact
PI398385	Y	Y	PI398385	exact	matched_exact
PI398386	Y	Y	PI398386	exact	matched_exact
PI398387	Y	Y	PI398387	exact	matched_exact
PI398388	Y	Y	PI398388	exact	matched_exact
PI398389	Y	Y	PI398389	exact	matched_exact
PI398390	Y	Y	PI398390	exact	matched_exact
PI398391	Y	Y	PI398391	exact	matched_exact
PI398392	Y	Y	PI398392	exact	matched_exact
PI398393	Y	Y	PI398393	exact	matched_exact
PI398394	Y	Y	PI398394	exact	matched_exact
PI398395	Y	Y	PI398395	exact	matched_exact
PI398396	Y	Y	PI398396	exact	matched_exact
PI398397	Y	Y	PI398397	exact	matched_exact
PI398398	Y	Y	PI398398	exact	matched_exact
PI398399	Y	Y	PI398399	exact	matched_exact
PI398400	Y	Y	PI398400	exact	matched_exact
PI398401	Y	Y	PI398401	exact	matched_exact
PI398402	Y	Y	PI398402	exact	matched_exact
PI398403	Y	Y	PI398403	exact	matched_exact
PI398404	Y	Y	PI398404	exact	matched_exact
PI398405	Y	Y	PI398405	exact	matched_exact
PI398406	Y	Y	PI398406	exact	matched_exact
PI398407	Y	Y	PI398407	exact	matched_exact
PI398408	Y	Y	PI398408	exact	matched_exact
PI398409	Y	Y	PI398409	exact	matched_exact
PI398410	Y	Y	PI398410	exact	matched_exact
PI398411	Y	Y	PI398411	exact	matched_exact
PI398412	Y	Y	PI398412	exact	matched_exact
PI398413	Y	Y	PI398413	exact	matched_exact
PI398414	Y	Y	PI398414	exact	matched_exact
PI398415	Y	Y	PI398415	exact	matched_exact
PI398416	Y	Y	PI398416	exact	matched_exact
PI398417	Y	Y	PI398417	exact	matched_exact
PI398418	Y	Y	PI398418	exact	matched_exact
PI398419	Y	Y	PI398419	exact	matched_exact
PI398420	Y	Y	PI398420	exact	matched_exact
PI398421	Y	Y	PI398421	exact	matched_exact
PI398422	Y	Y	PI398422	exact	matched_exact
PI398423	Y	Y	PI398423	exact	matched_exact
PI398424	Y	Y	PI398424	exact	matched_exact
PI398425	Y	Y	PI398425	exact	matched_exact
PI398426	Y	Y	PI398426	exact	matched_exact
PI398427	Y	Y	PI398427	exact	matched_exact
PI398428	Y	Y	PI398428	exact	matched_exact
PI398429	Y	Y	PI398429	exact	matched_exact
PI398430	Y	Y	PI398430	exact	matched_exact
PI398431	Y	Y	PI398431	exact	matched_exact
PI398432	Y	Y	PI398432	exact	matched_exact
PI398433	Y	Y	PI398433	exact	matched_exact
PI398434	Y	Y	PI398434	exact	matched_exact
PI398436	Y	Y	PI398436	exact	matched_exact
PI398437	Y	Y	PI398437	exact	matched_exact
PI398438	Y	Y	PI398438	exact	matched_exact
PI398439	Y	Y	PI398439	exact	matched_exact
PI398440	Y	Y	PI398440	exact	matched_exact
PI398441	Y	Y	PI398441	exact	matched_exact
PI398442	Y	Y	PI398442	exact	matched_exact
PI398443	Y	Y	PI398443	exact	matched_exact
PI398444	Y	Y	PI398444	exact	matched_exact
PI398445	Y	Y	PI398445	exact	matched_exact
PI398446	Y	Y	PI398446	exact	matched_exact
PI398447	Y	Y	PI398447	exact	matched_exact
PI398448	Y	Y	PI398448	exact	matched_exact
PI398449	Y	Y	PI398449	exact	matched_exact
PI398450	Y	Y	PI398450	exact	matched_exact
PI398451	Y	Y	PI398451	exact	matched_exact
PI398452	Y	Y	PI398452	exact	matched_exact
PI398453	Y	Y	PI398453	exact	matched_exact
PI398454	Y	Y	PI398454	exact	matched_exact
PI398455	Y	Y	PI398455	exact	matched_exact
PI398456	Y	Y	PI398456	exact	matched_exact
PI398457	Y	Y	PI398457	exact	matched_exact
PI398458	Y	Y	PI398458	exact	matched_exact
PI398459	Y	Y	PI398459	exact	matched_exact
PI398460	Y	Y	PI398460	exact	matched_exact
PI398461	Y	Y	PI398461	exact	matched_exact
PI398462	Y	Y	PI398462	exact	matched_exact
PI398463	Y	Y	PI398463	exact	matched_exact
PI398464	Y	Y	PI398464	exact	matched_exact
PI398465	Y	Y	PI398465	exact	matched_exact
PI398466	Y	Y	PI398466	exact	matched_exact
PI398467	Y	Y	PI398467	exact	matched_exact
PI398468	Y	Y	PI398468	exact	matched_exact
PI398469	Y	Y	PI398469	exact	matched_exact
PI398470	Y	Y	PI398470	exact	matched_exact
PI398471	Y	Y	PI398471	exact	matched_exact
PI398472	Y	Y	PI398472	exact	matched_exact
PI398473	Y	Y	PI398473	exact	matched_exact
PI398474	Y	Y	PI398474	exact	matched_exact
PI398475	Y	Y	PI398475	exact	matched_exact
PI398476	Y	Y	PI398476	exact	matched_exact
PI398477	Y	Y	PI398477	exact	matched_exact
PI398478	Y	Y	PI398478	exact	matched_exact
PI398479	Y	Y	PI398479	exact	matched_exact
PI398480	Y	Y	PI398480	exact	matched_exact
PI398481	Y	Y	PI398481	exact	matched_exact
PI398482	Y	Y	PI398482	exact	matched_exact
PI398483	Y	Y	PI398483	exact	matched_exact
PI398484	Y	Y	PI398484	exact	matched_exact
PI398485	Y	Y	PI398485	exact	matched_exact
PI398486	Y	Y	PI398486	exact	matched_exact
PI398487	Y	Y	PI398487	exact	matched_exact
PI398488	Y	Y	PI398488	exact	matched_exact
PI398489	Y	Y	PI398489	exact	matched_exact
PI398490	Y	Y	PI398490	exact	matched_exact
PI398491	Y	N		none	vcf_only
PI398492	Y	Y	PI398492	exact	matched_exact
PI398493	Y	Y	PI398493	exact	matched_exact
PI398494	Y	Y	PI398494	exact	matched_exact
PI398495	Y	Y	PI398495	exact	matched_exact
PI398496	Y	Y	PI398496	exact	matched_exact
PI398497	Y	Y	PI398497	exact	matched_exact
PI398498	Y	Y	PI398498	exact	matched_exact
PI398499	Y	Y	PI398499	exact	matched_exact
PI398500	Y	Y	PI398500	exact	matched_exact
PI398501	Y	Y	PI398501	exact	matched_exact
PI398502	Y	Y	PI398502	exact	matched_exact
PI398503	Y	Y	PI398503	exact	matched_exact
PI398504	Y	Y	PI398504	exact	matched_exact
PI398505	Y	Y	PI398505	exact	matched_exact
PI398506	Y	Y	PI398506	exact	matched_exact
PI398507	Y	Y	PI398507	exact	matched_exact
PI398508	Y	Y	PI398508	exact	matched_exact
PI398509	Y	Y	PI398509	exact	matched_exact
PI398510	Y	Y	PI398510	exact	matched_exact
PI398511	Y	Y	PI398511	exact	matched_exact
PI398512	Y	Y	PI398512	exact	matched_exact
PI398513	Y	Y	PI398513	exact	matched_exact
PI398514	Y	Y	PI398514	exact	matched_exact
PI398515	Y	Y	PI398515	exact	matched_exact
PI398516	Y	Y	PI398516	exact	matched_exact
PI398517	Y	Y	PI398517	exact	matched_exact
PI398518	Y	Y	PI398518	exact	matched_exact
PI398519	Y	Y	PI398519	exact	matched_exact
PI398520	Y	Y	PI398520	exact	matched_exact
PI398521	Y	Y	PI398521	exact	matched_exact
PI398522	Y	Y	PI398522	exact	matched_exact
PI398523	Y	Y	PI398523	exact	matched_exact
PI398524	Y	Y	PI398524	exact	matched_exact
PI398525	Y	Y	PI398525	exact	matched_exact
PI398526	Y	Y	PI398526	exact	matched_exact
PI398527	Y	Y	PI398527	exact	matched_exact
PI398528	Y	Y	PI398528	exact	matched_exact
PI398529	Y	Y	PI398529	exact	matched_exact
PI398530	Y	Y	PI398530	exact	matched_exact
PI398531	Y	Y	PI398531	exact	matched_exact
PI398532	Y	Y	PI398532	exact	matched_exact
PI398533	Y	Y	PI398533	exact	matched_exact
PI398534	Y	Y	PI398534	exact	matched_exact
PI398535	Y	Y	PI398535	exact	matched_exact
PI398536	Y	Y	PI398536	exact	matched_exact
PI398537	Y	Y	PI398537	exact	matched_exact
PI398538	Y	Y	PI398538	exact	matched_exact
PI398539	Y	Y	PI398539	exact	matched_exact
PI398540	Y	Y	PI398540	exact	matched_exact
PI398541	Y	Y	PI398541	exact	matched_exact
PI398542	Y	Y	PI398542	exact	matched_exact
PI398543	Y	Y	PI398543	exact	matched_exact
PI398544	Y	Y	PI398544	exact	matched_exact
PI398545	Y	Y	PI398545	exact	matched_exact
PI398546	Y	Y	PI398546	exact	matched_exact
PI398547	Y	Y	PI398547	exact	matched_exact
PI398548	Y	Y	PI398548	exact	matched_exact
PI398549	Y	Y	PI398549	exact	matched_exact
PI398550	Y	Y	PI398550	exact	matched_exact
PI398551	Y	Y	PI398551	exact	matched_exact
PI398552	Y	Y	PI398552	exact	matched_exact
PI398553	Y	Y	PI398553	exact	matched_exact
PI398554	Y	Y	PI398554	exact	matched_exact
PI398555	Y	Y	PI398555	exact	matched_exact
PI398556	Y	Y	PI398556	exact	matched_exact
PI398557	Y	Y	PI398557	exact	matched_exact
PI398558	Y	Y	PI398558	exact	matched_exact
PI398559	Y	Y	PI398559	exact	matched_exact
PI398560	Y	Y	PI398560	exact	matched_exact
PI398561	Y	Y	PI398561	exact	matched_exact
PI398562	Y	Y	PI398562	exact	matched_exact
PI398563	Y	Y	PI398563	exact	matched_exact
PI398564	Y	Y	PI398564	exact	matched_exact
PI398565	Y	Y	PI398565	exact	matched_exact
PI398566	Y	Y	PI398566	exact	matched_exact
PI398567	Y	Y	PI398567	exact	matched_exact
PI398568	Y	Y	PI398568	exact	matched_exact
PI398569	Y	Y	PI398569	exact	matched_exact
PI398570	Y	Y	PI398570	exact	matched_exact
PI398571	Y	Y	PI398571	exact	matched_exact
PI398572	Y	Y	PI398572	exact	matched_exact
PI398573	Y	Y	PI398573	exact	matched_exact
PI398574	Y	Y	PI398574	exact	matched_exact
PI398575	Y	Y	PI398575	exact	matched_exact
PI398576	Y	Y	PI398576	exact	matched_exact
PI398577	Y	Y	PI398577	exact	matched_exact
PI398578	Y	Y	PI398578	exact	matched_exact
PI398579	Y	Y	PI398579	exact	matched_exact
PI398580	Y	Y	PI398580	exact	matched_exact
PI398581	Y	Y	PI398581	exact	matched_exact
PI398582	Y	Y	PI398582	exact	matched_exact
PI398583	Y	Y	PI398583	exact	matched_exact
PI398584	Y	Y	PI398584	exact	matched_exact
PI398585	Y	Y	PI398585	exact	matched_exact
PI398586	Y	Y	PI398586	exact	matched_exact
PI398587	Y	Y	PI398587	exact	matched_exact
PI398588	Y	Y	PI398588	exact	matched_exact
PI398589	Y	Y	PI398589	exact	matched_exact
PI398590	Y	Y	PI398590	exact	matched_exact
PI398591	Y	Y	PI398591	exact	matched_exact
PI398592	Y	Y	PI398592	exact	matched_exact
PI398593	Y	Y	PI398593	exact	matched_exact
PI398594	Y	Y	PI398594	exact	matched_exact
PI398595	Y	Y	PI398595	exact	matched_exact
PI398596	Y	Y	PI398596	exact	matched_exact
PI398597	Y	Y	PI398597	exact	matched_exact
PI398598	Y	Y	PI398598	exact	matched_exact
PI398599	Y	Y	PI398599	exact	matched_exact
PI398600	Y	Y	PI398600	exact	matched_exact
PI398601	Y	Y	PI398601	exact	matched_exact
PI398602	Y	Y	PI398602	exact	matched_exact
PI398603	Y	Y	PI398603	exact	matched_exact
PI398604	Y	Y	PI398604	exact	matched_exact
PI398605	Y	Y	PI398605	exact	matched_exact
PI398606	Y	Y	PI398606	exact	matched_exact
PI398607	Y	Y	PI398607	exact	matched_exact
PI398608	Y	Y	PI398608	exact	matched_exact
PI398609	Y	Y	PI398609	exact	matched_exact
PI398610	Y	Y	PI398610	exact	matched_exact
PI398611	Y	Y	PI398611	exact	matched_exact
PI398612	Y	Y	PI398612	exact	matched_exact
PI398613	Y	Y	PI398613	exact	matched_exact
PI398614	Y	Y	PI398614	exact	matched_exact
PI398615	Y	Y	PI398615	exact	matched_exact
PI398616	Y	Y	PI398616	exact	matched_exact
PI398617	Y	Y	PI398617	exact	matched_exact
PI398618	Y	Y	PI398618	exact	matched_exact
PI398619	Y	Y	PI398619	exact	matched_exact
PI398620	Y	Y	PI398620	exact	matched_exact
PI398621	Y	Y	PI398621	exact	matched_exact
PI398622	Y	Y	PI398622	exact	matched_exact
PI398623	Y	Y	PI398623	exact	matched_exact
PI398624	Y	Y	PI398624	exact	matched_exact
PI398625	Y	Y	PI398625	exact	matched_exact
PI398626	Y	Y	PI398626	exact	matched_exact
PI398627	Y	Y	PI398627	exact	matched_exact
PI398628	Y	N		none	vcf_only
PI398629	Y	Y	PI398629	exact	matched_exact
PI398630	Y	Y	PI398630	exact	matched_exact
PI398631	Y	Y	PI398631	exact	matched_exact
PI398632	Y	Y	PI398632	exact	matched_exact
PI398633	Y	Y	PI398633	exact	matched_exact
PI398634	Y	Y	PI398634	exact	matched_exact
PI398635	Y	Y	PI398635	exact	matched_exact
PI398636	Y	Y	PI398636	exact	matched_exact
PI398637	Y	Y	PI398637	exact	matched_exact
PI398638	Y	Y	PI398638	exact	matched_exact
PI398639	Y	Y	PI398639	exact	matched_exact
PI398640	Y	Y	PI398640	exact	matched_exact
PI398641	Y	Y	PI398641	exact	matched_exact
PI398642	Y	Y	PI398642	exact	matched_exact
PI398643	Y	Y	PI398643	exact	matched_exact
PI398644	Y	Y	PI398644	exact	matched_exact
PI398646	Y	Y	PI398646	exact	matched_exact
PI398647	Y	Y	PI398647	exact	matched_exact
PI398648	Y	Y	PI398648	exact	matched_exact
PI398649	Y	Y	PI398649	exact	matched_exact
PI398650	Y	Y	PI398650	exact	matched_exact
PI398651	Y	Y	PI398651	exact	matched_exact
PI398652	Y	Y	PI398652	exact	matched_exact
PI398653	Y	Y	PI398653	exact	matched_exact
PI398654	Y	Y	PI398654	exact	matched_exact
PI398655	Y	Y	PI398655	exact	matched_exact
PI398656	Y	Y	PI398656	exact	matched_exact
PI398657	Y	Y	PI398657	exact	matched_exact
PI398658	Y	Y	PI398658	exact	matched_exact
PI398659	Y	Y	PI398659	exact	matched_exact
PI398660	Y	Y	PI398660	exact	matched_exact
PI398661	Y	Y	PI398661	exact	matched_exact
PI398662	Y	Y	PI398662	exact	matched_exact
PI398663	Y	Y	PI398663	exact	matched_exact
PI398664	Y	Y	PI398664	exact	matched_exact
PI398665	Y	Y	PI398665	exact	matched_exact
PI398666	Y	Y	PI398666	exact	matched_exact
PI398667	Y	Y	PI398667	exact	matched_exact
PI398668	Y	Y	PI398668	exact	matched_exact
PI398670	Y	Y	PI398670	exact	matched_exact
PI398671	Y	Y	PI398671	exact	matched_exact
PI398672	Y	Y	PI398672	exact	matched_exact
PI398673	Y	Y	PI398673	exact	matched_exact
PI398674	Y	Y	PI398674	exact	matched_exact
PI398675	Y	Y	PI398675	exact	matched_exact
PI398676	Y	Y	PI398676	exact	matched_exact
PI398677	Y	Y	PI398677	exact	matched_exact
PI398678	Y	Y	PI398678	exact	matched_exact
PI398679	Y	Y	PI398679	exact	matched_exact
PI398680	Y	Y	PI398680	exact	matched_exact
PI398681	Y	Y	PI398681	exact	matched_exact
PI398682	Y	Y	PI398682	exact	matched_exact
PI398683	Y	Y	PI398683	exact	matched_exact
PI398684	Y	Y	PI398684	exact	matched_exact
PI398685	Y	Y	PI398685	exact	matched_exact
PI398686	Y	Y	PI398686	exact	matched_exact
PI398687	Y	Y	PI398687	exact	matched_exact
PI398688	Y	Y	PI398688	exact	matched_exact
PI398689	Y	Y	PI398689	exact	matched_exact
PI398690	Y	Y	PI398690	exact	matched_exact
PI398692	Y	Y	PI398692	exact	matched_exact
PI398693	Y	Y	PI398693	exact	matched_exact
PI398694	Y	Y	PI398694	exact	matched_exact
PI398695	Y	Y	PI398695	exact	matched_exact
PI398696	Y	Y	PI398696	exact	matched_exact
PI398697	Y	Y	PI398697	exact	matched_exact
PI398698	Y	Y	PI398698	exact	matched_exact
PI398699	Y	Y	PI398699	exact	matched_exact
PI398700	Y	Y	PI398700	exact	matched_exact
PI398701	Y	Y	PI398701	exact	matched_exact
PI398702	Y	Y	PI398702	exact	matched_exact
PI398703	Y	Y	PI398703	exact	matched_exact
PI398704	Y	Y	PI398704	exact	matched_exact
PI398705	Y	Y	PI398705	exact	matched_exact
PI398706	Y	Y	PI398706	exact	matched_exact
PI398707	Y	Y	PI398707	exact	matched_exact
PI398708	Y	Y	PI398708	exact	matched_exact
PI398709	Y	Y	PI398709	exact	matched_exact
PI398710	Y	Y	PI398710	exact	matched_exact
PI398711	Y	Y	PI398711	exact	matched_exact
PI398712	Y	Y	PI398712	exact	matched_exact
PI398713	Y	Y	PI398713	exact	matched_exact
PI398714	Y	Y	PI398714	exact	matched_exact
PI398715	Y	Y	PI398715	exact	matched_exact
PI398716	Y	Y	PI398716	exact	matched_exact
PI398717	Y	Y	PI398717	exact	matched_exact
PI398718	Y	Y	PI398718	exact	matched_exact
PI398719	Y	Y	PI398719	exact	matched_exact
PI398720	Y	Y	PI398720	exact	matched_exact
PI398721	Y	Y	PI398721	exact	matched_exact
PI398722	Y	Y	PI398722	exact	matched_exact
PI398723	Y	Y	PI398723	exact	matched_exact
PI398724	Y	Y	PI398724	exact	matched_exact
PI398725	Y	Y	PI398725	exact	matched_exact
PI398726	Y	Y	PI398726	exact	matched_exact
PI398727	Y	Y	PI398727	exact	matched_exact
PI398728	Y	Y	PI398728	exact	matched_exact
PI398729	Y	Y	PI398729	exact	matched_exact
PI398730	Y	Y	PI398730	exact	matched_exact
PI398731	Y	Y	PI398731	exact	matched_exact
PI398732	Y	Y	PI398732	exact	matched_exact
PI398733	Y	Y	PI398733	exact	matched_exact
PI398734	Y	Y	PI398734	exact	matched_exact
PI398735	Y	Y	PI398735	exact	matched_exact
PI398736	Y	Y	PI398736	exact	matched_exact
PI398737	Y	Y	PI398737	exact	matched_exact
PI398738	Y	Y	PI398738	exact	matched_exact
PI398739	Y	Y	PI398739	exact	matched_exact
PI398740	Y	Y	PI398740	exact	matched_exact
PI398741	Y	Y	PI398741	exact	matched_exact
PI398742	Y	Y	PI398742	exact	matched_exact
PI398743	Y	Y	PI398743	exact	matched_exact
PI398744	Y	Y	PI398744	exact	matched_exact
PI398745	Y	Y	PI398745	exact	matched_exact
PI398746	Y	Y	PI398746	exact	matched_exact
PI398747	Y	Y	PI398747	exact	matched_exact
PI398748	Y	Y	PI398748	exact	matched_exact
PI398749	Y	Y	PI398749	exact	matched_exact
PI398750	Y	Y	PI398750	exact	matched_exact
PI398751	Y	Y	PI398751	exact	matched_exact
PI398752	Y	Y	PI398752	exact	matched_exact
PI398753	Y	Y	PI398753	exact	matched_exact
PI398754	Y	Y	PI398754	exact	matched_exact
PI398755	Y	Y	PI398755	exact	matched_exact
PI398756	Y	Y	PI398756	exact	matched_exact
PI398757	Y	Y	PI398757	exact	matched_exact
PI398758	Y	Y	PI398758	exact	matched_exact
PI398759	Y	Y	PI398759	exact	matched_exact
PI398760	Y	Y	PI398760	exact	matched_exact
PI398761	Y	Y	PI398761	exact	matched_exact
PI398762	Y	Y	PI398762	exact	matched_exact
PI398763	Y	Y	PI398763	exact	matched_exact
PI398764	Y	Y	PI398764	exact	matched_exact
PI398765	Y	Y	PI398765	exact	matched_exact
PI398766	Y	Y	PI398766	exact	matched_exact
PI398767	Y	Y	PI398767	exact	matched_exact
PI398768	Y	Y	PI398768	exact	matched_exact
PI398769	Y	Y	PI398769	exact	matched_exact
PI398770	Y	Y	PI398770	exact	matched_exact
PI398771	Y	Y	PI398771	exact	matched_exact
PI398772	Y	Y	PI398772	exact	matched_exact
PI398773	Y	Y	PI398773	exact	matched_exact
PI398774	Y	Y	PI398774	exact	matched_exact
PI398775	Y	Y	PI398775	exact	matched_exact
PI398776	Y	Y	PI398776	exact	matched_exact
PI398777	Y	Y	PI398777	exact	matched_exact
PI398778	Y	Y	PI398778	exact	matched_exact
PI398779	Y	Y	PI398779	exact	matched_exact
PI398780	Y	Y	PI398780	exact	matched_exact
PI398781	Y	Y	PI398781	exact	matched_exact
PI398782	Y	Y	PI398782	exact	matched_exact
PI398783	Y	Y	PI398783	exact	matched_exact
PI398784	Y	Y	PI398784	exact	matched_exact
PI398785	Y	Y	PI398785	exact	matched_exact
PI398786	Y	Y	PI398786	exact	matched_exact
PI398787	Y	Y	PI398787	exact	matched_exact
PI398788	Y	Y	PI398788	exact	matched_exact
PI398789	Y	Y	PI398789	exact	matched_exact
PI398790	Y	Y	PI398790	exact	matched_exact
PI398791	Y	Y	PI398791	exact	matched_exact
PI398792	Y	Y	PI398792	exact	matched_exact
PI398793	Y	Y	PI398793	exact	matched_exact
PI398794	Y	Y	PI398794	exact	matched_exact
PI398795	Y	Y	PI398795	exact	matched_exact
PI398796	Y	Y	PI398796	exact	matched_exact
PI398797	Y	Y	PI398797	exact	matched_exact
PI398798	Y	Y	PI398798	exact	matched_exact
PI398799	Y	Y	PI398799	exact	matched_exact
PI398800	Y	Y	PI398800	exact	matched_exact
PI398801	Y	Y	PI398801	exact	matched_exact
PI398802	Y	Y	PI398802	exact	matched_exact
PI398803	Y	Y	PI398803	exact	matched_exact
PI398804	Y	Y	PI398804	exact	matched_exact
PI398805	Y	Y	PI398805	exact	matched_exact
PI398806	Y	Y	PI398806	exact	matched_exact
PI398807	Y	Y	PI398807	exact	matched_exact
PI398808	Y	Y	PI398808	exact	matched_exact
PI398809	Y	Y	PI398809	exact	matched_exact
PI398810	Y	Y	PI398810	exact	matched_exact
PI398811	Y	Y	PI398811	exact	matched_exact
PI398812	Y	Y	PI398812	exact	matched_exact
PI398813	Y	Y	PI398813	exact	matched_exact
PI398814	Y	Y	PI398814	exact	matched_exact
PI398815	Y	Y	PI398815	exact	matched_exact
PI398816	Y	Y	PI398816	exact	matched_exact
PI398817	Y	Y	PI398817	exact	matched_exact
PI398818	Y	Y	PI398818	exact	matched_exact
PI398819	Y	Y	PI398819	exact	matched_exact
PI398820	Y	Y	PI398820	exact	matched_exact
PI398821	Y	Y	PI398821	exact	matched_exact
PI398822	Y	Y	PI398822	exact	matched_exact
PI398823	Y	Y	PI398823	exact	matched_exact
PI398824	Y	Y	PI398824	exact	matched_exact
PI398825	Y	Y	PI398825	exact	matched_exact
PI398826	Y	Y	PI398826	exact	matched_exact
PI398827	Y	Y	PI398827	exact	matched_exact
PI398828	Y	Y	PI398828	exact	matched_exact
PI398829	Y	Y	PI398829	exact	matched_exact
PI398830	Y	Y	PI398830	exact	matched_exact
PI398831	Y	Y	PI398831	exact	matched_exact
PI398832	Y	Y	PI398832	exact	matched_exact
PI398833	Y	Y	PI398833	exact	matched_exact
PI398834	Y	Y	PI398834	exact	matched_exact
PI398835	Y	Y	PI398835	exact	matched_exact
PI398836	Y	Y	PI398836	exact	matched_exact
PI398837	Y	Y	PI398837	exact	matched_exact
PI398838	Y	Y	PI398838	exact	matched_exact
PI398839	Y	Y	PI398839	exact	matched_exact
PI398840	Y	Y	PI398840	exact	matched_exact
PI398841	Y	Y	PI398841	exact	matched_exact
PI398842	Y	Y	PI398842	exact	matched_exact
PI398843	Y	Y	PI398843	exact	matched_exact
PI398844	Y	Y	PI398844	exact	matched_exact
PI398845	Y	Y	PI398845	exact	matched_exact
PI398846	Y	Y	PI398846	exact	matched_exact
PI398847	Y	Y	PI398847	exact	matched_exact
PI398848	Y	Y	PI398848	exact	matched_exact
PI398849	Y	Y	PI398849	exact	matched_exact
PI398850	Y	Y	PI398850	exact	matched_exact
PI398851	Y	Y	PI398851	exact	matched_exact
PI398852	Y	Y	PI398852	exact	matched_exact
PI398853	Y	Y	PI398853	exact	matched_exact
PI398854	Y	Y	PI398854	exact	matched_exact
PI398855	Y	Y	PI398855	exact	matched_exact
PI398856	Y	Y	PI398856	exact	matched_exact
PI398857	Y	Y	PI398857	exact	matched_exact
PI398858	Y	Y	PI398858	exact	matched_exact
PI398859	Y	Y	PI398859	exact	matched_exact
PI398860	Y	Y	PI398860	exact	matched_exact
PI398861	Y	Y	PI398861	exact	matched_exact
PI398862	Y	Y	PI398862	exact	matched_exact
PI398863	Y	Y	PI398863	exact	matched_exact
PI398865	Y	Y	PI398865	exact	matched_exact
PI398866	Y	Y	PI398866	exact	matched_exact
PI398867	Y	Y	PI398867	exact	matched_exact
PI398868	Y	Y	PI398868	exact	matched_exact
PI398869	Y	Y	PI398869	exact	matched_exact
PI398870	Y	Y	PI398870	exact	matched_exact
PI398871	Y	Y	PI398871	exact	matched_exact
PI398872	Y	Y	PI398872	exact	matched_exact
PI398873	Y	Y	PI398873	exact	matched_exact
PI398874	Y	Y	PI398874	exact	matched_exact
PI398875	Y	Y	PI398875	exact	matched_exact
PI398876	Y	Y	PI398876	exact	matched_exact
PI398877	Y	Y	PI398877	exact	matched_exact
PI398878	Y	Y	PI398878	exact	matched_exact
PI398879	Y	Y	PI398879	exact	matched_exact
PI398880	Y	Y	PI398880	exact	matched_exact
PI398881	Y	Y	PI398881	exact	matched_exact
PI398882	Y	Y	PI398882	exact	matched_exact
PI398883	Y	Y	PI398883	exact	matched_exact
PI398884	Y	Y	PI398884	exact	matched_exact
PI398885	Y	Y	PI398885	exact	matched_exact
PI398886	Y	Y	PI398886	exact	matched_exact
PI398887	Y	Y	PI398887	exact	matched_exact
PI398888	Y	Y	PI398888	exact	matched_exact
PI398889	Y	Y	PI398889	exact	matched_exact
PI398890	Y	Y	PI398890	exact	matched_exact
PI398891	Y	Y	PI398891	exact	matched_exact
PI398892	Y	Y	PI398892	exact	matched_exact
PI398893	Y	Y	PI398893	exact	matched_exact
PI398894	Y	Y	PI398894	exact	matched_exact
PI398895	Y	Y	PI398895	exact	matched_exact
PI398896	Y	Y	PI398896	exact	matched_exact
PI398897	Y	Y	PI398897	exact	matched_exact
PI398898	Y	Y	PI398898	exact	matched_exact
PI398899	Y	Y	PI398899	exact	matched_exact
PI398900	Y	Y	PI398900	exact	matched_exact
PI398901	Y	Y	PI398901	exact	matched_exact
PI398902	Y	Y	PI398902	exact	matched_exact
PI398903	Y	Y	PI398903	exact	matched_exact
PI398904	Y	Y	PI398904	exact	matched_exact
PI398905	Y	Y	PI398905	exact	matched_exact
PI398906	Y	Y	PI398906	exact	matched_exact
PI398907	Y	Y	PI398907	exact	matched_exact
PI398908	Y	Y	PI398908	exact	matched_exact
PI398909	Y	Y	PI398909	exact	matched_exact
PI398910	Y	Y	PI398910	exact	matched_exact
PI398911	Y	Y	PI398911	exact	matched_exact
PI398912	Y	Y	PI398912	exact	matched_exact
PI398913	Y	Y	PI398913	exact	matched_exact
PI398914	Y	Y	PI398914	exact	matched_exact
PI398915	Y	Y	PI398915	exact	matched_exact
PI398916	Y	Y	PI398916	exact	matched_exact
PI398917	Y	Y	PI398917	exact	matched_exact
PI398918	Y	Y	PI398918	exact	matched_exact
PI398919	Y	Y	PI398919	exact	matched_exact
PI398920	Y	Y	PI398920	exact	matched_exact
PI398921	Y	Y	PI398921	exact	matched_exact
PI398922	Y	Y	PI398922	exact	matched_exact
PI398923	Y	Y	PI398923	exact	matched_exact
PI398924	Y	Y	PI398924	exact	matched_exact
PI398925	Y	Y	PI398925	exact	matched_exact
PI398926	Y	Y	PI398926	exact	matched_exact
PI398927	Y	Y	PI398927	exact	matched_exact
PI398928	Y	Y	PI398928	exact	matched_exact
PI398929	Y	Y	PI398929	exact	matched_exact
PI398930	Y	Y	PI398930	exact	matched_exact
PI398931	Y	Y	PI398931	exact	matched_exact
PI398932	Y	Y	PI398932	exact	matched_exact
PI398933	Y	Y	PI398933	exact	matched_exact
PI398934	Y	Y	PI398934	exact	matched_exact
PI398935	Y	Y	PI398935	exact	matched_exact
PI398936	Y	Y	PI398936	exact	matched_exact
PI398937	Y	Y	PI398937	exact	matched_exact
PI398938	Y	Y	PI398938	exact	matched_exact
PI398939	Y	Y	PI398939	exact	matched_exact
PI398940	Y	Y	PI398940	exact	matched_exact
PI398941	Y	Y	PI398941	exact	matched_exact
PI398942	Y	Y	PI398942	exact	matched_exact
PI398943	Y	Y	PI398943	exact	matched_exact
PI398944	Y	Y	PI398944	exact	matched_exact
PI398945	Y	Y	PI398945	exact	matched_exact
PI398946	Y	Y	PI398946	exact	matched_exact
PI398947	Y	Y	PI398947	exact	matched_exact
PI398948	Y	Y	PI398948	exact	matched_exact
PI398949	Y	Y	PI398949	exact	matched_exact
PI398950	Y	Y	PI398950	exact	matched_exact
PI398951	Y	Y	PI398951	exact	matched_exact
PI398952	Y	Y	PI398952	exact	matched_exact
PI398953	Y	Y	PI398953	exact	matched_exact
PI398954	Y	Y	PI398954	exact	matched_exact
PI398955	Y	Y	PI398955	exact	matched_exact
PI398956	Y	Y	PI398956	exact	matched_exact
PI398957	Y	Y	PI398957	exact	matched_exact
PI398958	Y	Y	PI398958	exact	matched_exact
PI398959	Y	Y	PI398959	exact	matched_exact
PI398960	Y	Y	PI398960	exact	matched_exact
PI398961	Y	Y	PI398961	exact	matched_exact
PI398962	Y	Y	PI398962	exact	matched_exact
PI398963	Y	Y	PI398963	exact	matched_exact
PI398964	Y	Y	PI398964	exact	matched_exact
PI398965	Y	Y	PI398965	exact	matched_exact
PI398966	Y	Y	PI398966	exact	matched_exact
PI398967	Y	Y	PI398967	exact	matched_exact
PI398968	Y	Y	PI398968	exact	matched_exact
PI398969	Y	Y	PI398969	exact	matched_exact
PI398970	Y	Y	PI398970	exact	matched_exact
PI398971	Y	Y	PI398971	exact	matched_exact
PI398972	Y	Y	PI398972	exact	matched_exact
PI398973	Y	Y	PI398973	exact	matched_exact
PI398974	Y	Y	PI398974	exact	matched_exact
PI398975	Y	Y	PI398975	exact	matched_exact
PI398976	Y	Y	PI398976	exact	matched_exact
PI398977	Y	Y	PI398977	exact	matched_exact
PI398978	Y	Y	PI398978	exact	matched_exact
PI398979	Y	Y	PI398979	exact	matched_exact
PI398980	Y	Y	PI398980	exact	matched_exact
PI398981	Y	Y	PI398981	exact	matched_exact
PI398982	Y	Y	PI398982	exact	matched_exact
PI398983	Y	Y	PI398983	exact	matched_exact
PI398984	Y	Y	PI398984	exact	matched_exact
PI398985	Y	Y	PI398985	exact	matched_exact
PI398986	Y	Y	PI398986	exact	matched_exact
PI398987	Y	Y	PI398987	exact	matched_exact
PI398988	Y	Y	PI398988	exact	matched_exact
PI398989	Y	Y	PI398989	exact	matched_exact
PI398990	Y	Y	PI398990	exact	matched_exact
PI398991	Y	Y	PI398991	exact	matched_exact
PI398992	Y	Y	PI398992	exact	matched_exact
PI398993	Y	Y	PI398993	exact	matched_exact
PI398994	Y	Y	PI398994	exact	matched_exact
PI398995	Y	Y	PI398995	exact	matched_exact
PI398996	Y	Y	PI398996	exact	matched_exact
PI398997	Y	Y	PI398997	exact	matched_exact
PI398998	Y	Y	PI398998	exact	matched_exact
PI398999	Y	Y	PI398999	exact	matched_exact
PI399000	Y	Y	PI399000	exact	matched_exact
PI399001	Y	Y	PI399001	exact	matched_exact
PI399002	Y	Y	PI399002	exact	matched_exact
PI399003	Y	Y	PI399003	exact	matched_exact
PI399004	Y	Y	PI399004	exact	matched_exact
PI399005	Y	Y	PI399005	exact	matched_exact
PI399006	Y	Y	PI399006	exact	matched_exact
PI399007	Y	Y	PI399007	exact	matched_exact
PI399008	Y	Y	PI399008	exact	matched_exact
PI399009	Y	Y	PI399009	exact	matched_exact
PI399010	Y	Y	PI399010	exact	matched_exact
PI399011	Y	Y	PI399011	exact	matched_exact
PI399012	Y	Y	PI399012	exact	matched_exact
PI399013	Y	Y	PI399013	exact	matched_exact
PI399014	Y	Y	PI399014	exact	matched_exact
PI399015	Y	Y	PI399015	exact	matched_exact
PI399016	Y	Y	PI399016	exact	matched_exact
PI399017	Y	Y	PI399017	exact	matched_exact
PI399018	Y	Y	PI399018	exact	matched_exact
PI399019	Y	Y	PI399019	exact	matched_exact
PI399020	Y	Y	PI399020	exact	matched_exact
PI399021	Y	Y	PI399021	exact	matched_exact
PI399022	Y	Y	PI399022	exact	matched_exact
PI399023	Y	Y	PI399023	exact	matched_exact
PI399024	Y	Y	PI399024	exact	matched_exact
PI399025	Y	Y	PI399025	exact	matched_exact
PI399026	Y	Y	PI399026	exact	matched_exact
PI399027	Y	Y	PI399027	exact	matched_exact
PI399028	Y	Y	PI399028	exact	matched_exact
PI399029	Y	Y	PI399029	exact	matched_exact
PI399030	Y	Y	PI399030	exact	matched_exact
PI399031	Y	Y	PI399031	exact	matched_exact
PI399032	Y	Y	PI399032	exact	matched_exact
PI399033	Y	Y	PI399033	exact	matched_exact
PI399034	Y	Y	PI399034	exact	matched_exact
PI399035	Y	Y	PI399035	exact	matched_exact
PI399036	Y	Y	PI399036	exact	matched_exact
PI399037	Y	Y	PI399037	exact	matched_exact
PI399038	Y	Y	PI399038	exact	matched_exact
PI399039	Y	Y	PI399039	exact	matched_exact
PI399040	Y	Y	PI399040	exact	matched_exact
PI399041	Y	Y	PI399041	exact	matched_exact
PI399042	Y	Y	PI399042	exact	matched_exact
PI399043	Y	Y	PI399043	exact	matched_exact
PI399044	Y	Y	PI399044	exact	matched_exact
PI399045	Y	Y	PI399045	exact	matched_exact
PI399046	Y	Y	PI399046	exact	matched_exact
PI399047	Y	Y	PI399047	exact	matched_exact
PI399048	Y	Y	PI399048	exact	matched_exact
PI399049	Y	Y	PI399049	exact	matched_exact
PI399050	Y	Y	PI399050	exact	matched_exact
PI399051	Y	Y	PI399051	exact	matched_exact
PI399052	Y	Y	PI399052	exact	matched_exact
PI399053	Y	Y	PI399053	exact	matched_exact
PI399054	Y	Y	PI399054	exact	matched_exact
PI399055	Y	Y	PI399055	exact	matched_exact
PI399056	Y	Y	PI399056	exact	matched_exact
PI399057	Y	Y	PI399057	exact	matched_exact
PI399058	Y	Y	PI399058	exact	matched_exact
PI399059	Y	Y	PI399059	exact	matched_exact
PI399060	Y	Y	PI399060	exact	matched_exact
PI399061	Y	Y	PI399061	exact	matched_exact
PI399062	Y	Y	PI399062	exact	matched_exact
PI399063	Y	Y	PI399063	exact	matched_exact
PI399064	Y	Y	PI399064	exact	matched_exact
PI399065	Y	Y	PI399065	exact	matched_exact
PI399066	Y	Y	PI399066	exact	matched_exact
PI399067	Y	Y	PI399067	exact	matched_exact
PI399068	Y	Y	PI399068	exact	matched_exact
PI399069	Y	Y	PI399069	exact	matched_exact
PI399070	Y	Y	PI399070	exact	matched_exact
PI399071	Y	Y	PI399071	exact	matched_exact
PI399072	Y	Y	PI399072	exact	matched_exact
PI399073	Y	Y	PI399073	exact	matched_exact
PI399074	Y	Y	PI399074	exact	matched_exact
PI399075	Y	Y	PI399075	exact	matched_exact
PI399076	Y	Y	PI399076	exact	matched_exact
PI399077	Y	Y	PI399077	exact	matched_exact
PI399078	Y	Y	PI399078	exact	matched_exact
PI399079	Y	Y	PI399079	exact	matched_exact
PI399080	Y	Y	PI399080	exact	matched_exact
PI399081	Y	Y	PI399081	exact	matched_exact
PI399082	Y	Y	PI399082	exact	matched_exact
PI399083	Y	Y	PI399083	exact	matched_exact
PI399084	Y	Y	PI399084	exact	matched_exact
PI399085	Y	Y	PI399085	exact	matched_exact
PI399086	Y	Y	PI399086	exact	matched_exact
PI399087	Y	Y	PI399087	exact	matched_exact
PI399088	Y	Y	PI399088	exact	matched_exact
PI399089	Y	Y	PI399089	exact	matched_exact
PI399090	Y	Y	PI399090	exact	matched_exact
PI399091	Y	Y	PI399091	exact	matched_exact
PI399092	Y	Y	PI399092	exact	matched_exact
PI399093	Y	Y	PI399093	exact	matched_exact
PI399094	Y	Y	PI399094	exact	matched_exact
PI399095	Y	Y	PI399095	exact	matched_exact
PI399096	Y	Y	PI399096	exact	matched_exact
PI399097	Y	Y	PI399097	exact	matched_exact
PI399098	Y	Y	PI399098	exact	matched_exact
PI399099	Y	Y	PI399099	exact	matched_exact
PI399100	Y	Y	PI399100	exact	matched_exact
PI399101	Y	Y	PI399101	exact	matched_exact
PI399102	Y	Y	PI399102	exact	matched_exact
PI399103	Y	Y	PI399103	exact	matched_exact
PI399104	Y	Y	PI399104	exact	matched_exact
PI399105	Y	Y	PI399105	exact	matched_exact
PI399106	Y	Y	PI399106	exact	matched_exact
PI399107	Y	Y	PI399107	exact	matched_exact
PI399108	Y	Y	PI399108	exact	matched_exact
PI399109	Y	Y	PI399109	exact	matched_exact
PI399110	Y	Y	PI399110	exact	matched_exact
PI399111	Y	Y	PI399111	exact	matched_exact
PI399112	Y	Y	PI399112	exact	matched_exact
PI399113	Y	Y	PI399113	exact	matched_exact
PI399114	Y	Y	PI399114	exact	matched_exact
PI399115	Y	Y	PI399115	exact	matched_exact
PI399116	Y	Y	PI399116	exact	matched_exact
PI399117	Y	Y	PI399117	exact	matched_exact
PI399118	Y	Y	PI399118	exact	matched_exact
PI399119	Y	Y	PI399119	exact	matched_exact
PI399120	Y	Y	PI399120	exact	matched_exact
PI399121	Y	Y	PI399121	exact	matched_exact
PI399122	Y	Y	PI399122	exact	matched_exact
PI399123	Y	Y	PI399123	exact	matched_exact
PI399124	Y	Y	PI399124	exact	matched_exact
PI399125	Y	Y	PI399125	exact	matched_exact
PI399126	Y	Y	PI399126	exact	matched_exact
PI399478	N	Y		none	phenotype_only
PI399479	N	Y		none	phenotype_only
PI400967	N	Y		none	phenotype_only
PI401418	Y	Y	PI401418	exact	matched_exact
PI404151	Y	Y	PI404151	exact	matched_exact
PI404152	Y	Y	PI404152	exact	matched_exact
PI404153	Y	Y	PI404153	exact	matched_exact
PI404154	Y	Y	PI404154	exact	matched_exact
PI404155A	Y	Y	PI404155A	exact	matched_exact
PI404155B	Y	Y	PI404155B	exact	matched_exact
PI404155C	Y	Y	PI404155C	exact	matched_exact
PI404156	Y	Y	PI404156	exact	matched_exact
PI404157	Y	Y	PI404157	exact	matched_exact
PI404158	Y	Y	PI404158	exact	matched_exact
PI404159	Y	Y	PI404159	exact	matched_exact
PI404160A	Y	Y	PI404160A	exact	matched_exact
PI404160B	Y	Y	PI404160B	exact	matched_exact
PI404161	Y	Y	PI404161	exact	matched_exact
PI404162	Y	Y	PI404162	exact	matched_exact
PI404163	Y	Y	PI404163	exact	matched_exact
PI404164	Y	Y	PI404164	exact	matched_exact
PI404165	Y	Y	PI404165	exact	matched_exact
PI404166	Y	Y	PI404166	exact	matched_exact
PI404167	Y	Y	PI404167	exact	matched_exact
PI404168	Y	Y	PI404168	exact	matched_exact
PI404169A	Y	Y	PI404169A	exact	matched_exact
PI404169B	Y	Y	PI404169B	exact	matched_exact
PI404170	Y	Y	PI404170	exact	matched_exact
PI404171	Y	Y	PI404171	exact	matched_exact
PI404172	Y	Y	PI404172	exact	matched_exact
PI404173A	Y	Y	PI404173A	exact	matched_exact
PI404173B	Y	Y	PI404173B	exact	matched_exact
PI404174	Y	Y	PI404174	exact	matched_exact
PI404175	Y	Y	PI404175	exact	matched_exact
PI404176	Y	Y	PI404176	exact	matched_exact
PI404177	Y	Y	PI404177	exact	matched_exact
PI404178	Y	Y	PI404178	exact	matched_exact
PI404179A	Y	Y	PI404179A	exact	matched_exact
PI404179B	Y	Y	PI404179B	exact	matched_exact
PI404180	Y	Y	PI404180	exact	matched_exact
PI404181	Y	Y	PI404181	exact	matched_exact
PI404182	Y	Y	PI404182	exact	matched_exact
PI404183	Y	Y	PI404183	exact	matched_exact
PI404185	Y	Y	PI404185	exact	matched_exact
PI404186	Y	Y	PI404186	exact	matched_exact
PI404187	Y	Y	PI404187	exact	matched_exact
PI404188A	Y	Y	PI404188A	exact	matched_exact
PI404188B	Y	Y	PI404188B	exact	matched_exact
PI404189	Y	Y	PI404189	exact	matched_exact
PI404190	Y	Y	PI404190	exact	matched_exact
PI404191	Y	Y	PI404191	exact	matched_exact
PI404192A	Y	Y	PI404192A	exact	matched_exact
PI404192B	Y	Y	PI404192B	exact	matched_exact
PI404192C	Y	Y	PI404192C	exact	matched_exact
PI404193	Y	Y	PI404193	exact	matched_exact
PI404194	Y	Y	PI404194	exact	matched_exact
PI404195	Y	Y	PI404195	exact	matched_exact
PI404196A	Y	Y	PI404196A	exact	matched_exact
PI404196B	Y	Y	PI404196B	exact	matched_exact
PI404197	Y	Y	PI404197	exact	matched_exact
PI404198A	Y	Y	PI404198A	exact	matched_exact
PI404198B	Y	Y	PI404198B	exact	matched_exact
PI404199	Y	Y	PI404199	exact	matched_exact
PI405690	Y	Y	PI405690	exact	matched_exact
PI405691	Y	Y	PI405691	exact	matched_exact
PI406684	Y	Y	PI406684	exact	matched_exact
PI406707	Y	Y	PI406707	exact	matched_exact
PI406708	Y	Y	PI406708	exact	matched_exact
PI406709	Y	Y	PI406709	exact	matched_exact
PI406710	Y	Y	PI406710	exact	matched_exact
PI407018	Y	N		none	vcf_only
PI407019	Y	N		none	vcf_only
PI407020	Y	N		none	vcf_only
PI407021	Y	N		none	vcf_only
PI407022	Y	N		none	vcf_only
PI407023	Y	N		none	vcf_only
PI407024	Y	N		none	vcf_only
PI407025	Y	N		none	vcf_only
PI407026	Y	N		none	vcf_only
PI407027	Y	N		none	vcf_only
PI407028	Y	N		none	vcf_only
PI407029	Y	N		none	vcf_only
PI407030	Y	N		none	vcf_only
PI407031	Y	N		none	vcf_only
PI407032A	Y	N		none	vcf_only
PI407032B	Y	N		none	vcf_only
PI407033	Y	N		none	vcf_only
PI407034	Y	N		none	vcf_only
PI407035	Y	N		none	vcf_only
PI407036	Y	N		none	vcf_only
PI407037	Y	N		none	vcf_only
PI407038	Y	N		none	vcf_only
PI407039	Y	N		none	vcf_only
PI407040	Y	N		none	vcf_only
PI407041	Y	N		none	vcf_only
PI407042	Y	N		none	vcf_only
PI407043	Y	N		none	vcf_only
PI407044	Y	N		none	vcf_only
PI407045	Y	N		none	vcf_only
PI407046	Y	N		none	vcf_only
PI407047	Y	N		none	vcf_only
PI407048	Y	N		none	vcf_only
PI407049	Y	N		none	vcf_only
PI407050	Y	N		none	vcf_only
PI407051	Y	N		none	vcf_only
PI407052	Y	N		none	vcf_only
PI407053	Y	N		none	vcf_only
PI407054	Y	N		none	vcf_only
PI407055	Y	N		none	vcf_only
PI407056	Y	N		none	vcf_only
PI407057	Y	N		none	vcf_only
PI407058	Y	N		none	vcf_only
PI407059	Y	N		none	vcf_only
PI407060	Y	N		none	vcf_only
PI407061	Y	N		none	vcf_only
PI407062	Y	N		none	vcf_only
PI407063	Y	N		none	vcf_only
PI407064	Y	N		none	vcf_only
PI407065	Y	N		none	vcf_only
PI407066	Y	N		none	vcf_only
PI407067	Y	N		none	vcf_only
PI407068	Y	N		none	vcf_only
PI407069	Y	N		none	vcf_only
PI407070	Y	N		none	vcf_only
PI407071	Y	N		none	vcf_only
PI407072	Y	N		none	vcf_only
PI407073	Y	N		none	vcf_only
PI407074	Y	N		none	vcf_only
PI407075	Y	N		none	vcf_only
PI407076	Y	N		none	vcf_only
PI407077	Y	N		none	vcf_only
PI407078	Y	N		none	vcf_only
PI407079	Y	N		none	vcf_only
PI407080	Y	N		none	vcf_only
PI407081	Y	N		none	vcf_only
PI407082	Y	N		none	vcf_only
PI407083	Y	N		none	vcf_only
PI407084	Y	N		none	vcf_only
PI407085	Y	N		none	vcf_only
PI407086	Y	N		none	vcf_only
PI407087	Y	N		none	vcf_only
PI407088	Y	N		none	vcf_only
PI407089	Y	N		none	vcf_only
PI407090	Y	N		none	vcf_only
PI407091	Y	N		none	vcf_only
PI407092	Y	N		none	vcf_only
PI407093	Y	N		none	vcf_only
PI407094	Y	N		none	vcf_only
PI407095	Y	N		none	vcf_only
PI407096	Y	N		none	vcf_only
PI407097	Y	N		none	vcf_only
PI407098	Y	N		none	vcf_only
PI407099	Y	N		none	vcf_only
PI407100	Y	N		none	vcf_only
PI407101	Y	N		none	vcf_only
PI407102	Y	N		none	vcf_only
PI407103	Y	N		none	vcf_only
PI407104	Y	N		none	vcf_only
PI407105	Y	N		none	vcf_only
PI407106	Y	N		none	vcf_only
PI407107	Y	N		none	vcf_only
PI407108	Y	N		none	vcf_only
PI407109	Y	N		none	vcf_only
PI407110	Y	N		none	vcf_only
PI407111	Y	N		none	vcf_only
PI407112	Y	N		none	vcf_only
PI407113	Y	N		none	vcf_only
PI407114	Y	N		none	vcf_only
PI407115	Y	N		none	vcf_only
PI407116	Y	N		none	vcf_only
PI407117	Y	N		none	vcf_only
PI407118	Y	N		none	vcf_only
PI407119	Y	N		none	vcf_only
PI407120	Y	N		none	vcf_only
PI407121	Y	N		none	vcf_only
PI407122	Y	N		none	vcf_only
PI407123	Y	N		none	vcf_only
PI407124	Y	N		none	vcf_only
PI407125	Y	N		none	vcf_only
PI407126	Y	N		none	vcf_only
PI407127	Y	N		none	vcf_only
PI407128	Y	N		none	vcf_only
PI407129	Y	N		none	vcf_only
PI407130	Y	N		none	vcf_only
PI407131	Y	N		none	vcf_only
PI407132	Y	N		none	vcf_only
PI407133	Y	N		none	vcf_only
PI407134	Y	N		none	vcf_only
PI407135	Y	N		none	vcf_only
PI407136	Y	N		none	vcf_only
PI407137	Y	N		none	vcf_only
PI407138	Y	N		none	vcf_only
PI407139	Y	N		none	vcf_only
PI407140	Y	N		none	vcf_only
PI407141	Y	N		none	vcf_only
PI407142	Y	N		none	vcf_only
PI407143	Y	N		none	vcf_only
PI407144	Y	N		none	vcf_only
PI407145	Y	N		none	vcf_only
PI407146	Y	N		none	vcf_only
PI407147	Y	N		none	vcf_only
PI407148	Y	N		none	vcf_only
PI407149	Y	N		none	vcf_only
PI407150	Y	N		none	vcf_only
PI407151	Y	N		none	vcf_only
PI407152	Y	N		none	vcf_only
PI407153	Y	N		none	vcf_only
PI407154	Y	N		none	vcf_only
PI407155	Y	N		none	vcf_only
PI407156	Y	N		none	vcf_only
PI407157	Y	N		none	vcf_only
PI407158	Y	N		none	vcf_only
PI407159	Y	N		none	vcf_only
PI407160	Y	N		none	vcf_only
PI407161	Y	N		none	vcf_only
PI407162	Y	N		none	vcf_only
PI407163	Y	N		none	vcf_only
PI407164	Y	N		none	vcf_only
PI407165	Y	N		none	vcf_only
PI407166	Y	N		none	vcf_only
PI407167	Y	N		none	vcf_only
PI407168	Y	N		none	vcf_only
PI407169	Y	N		none	vcf_only
PI407170	Y	N		none	vcf_only
PI407171	Y	N		none	vcf_only
PI407172	Y	N		none	vcf_only
PI407173	Y	N		none	vcf_only
PI407174	Y	N		none	vcf_only
PI407175	Y	N		none	vcf_only
PI407176	Y	N		none	vcf_only
PI407177	Y	N		none	vcf_only
PI407178	Y	N		none	vcf_only
PI407179	Y	N		none	vcf_only
PI407180	Y	N		none	vcf_only
PI407181	Y	N		none	vcf_only
PI407182	Y	N		none	vcf_only
PI407183	Y	N		none	vcf_only
PI407184	Y	N		none	vcf_only
PI407185	Y	N		none	vcf_only
PI407186	Y	N		none	vcf_only
PI407187	Y	N		none	vcf_only
PI407188	Y	N		none	vcf_only
PI407189	Y	N		none	vcf_only
PI407190	Y	N		none	vcf_only
PI407191	Y	N		none	vcf_only
PI407192	Y	N		none	vcf_only
PI407193	Y	N		none	vcf_only
PI407194	Y	N		none	vcf_only
PI407195	Y	N		none	vcf_only
PI407196	Y	N		none	vcf_only
PI407197	Y	N		none	vcf_only
PI407198	Y	N		none	vcf_only
PI407199	Y	N		none	vcf_only
PI407200	Y	N		none	vcf_only
PI407201	Y	N		none	vcf_only
PI407202	Y	N		none	vcf_only
PI407203	Y	N		none	vcf_only
PI407204	Y	N		none	vcf_only
PI407205	Y	N		none	vcf_only
PI407206	Y	N		none	vcf_only
PI407207	Y	N		none	vcf_only
PI407208	Y	N		none	vcf_only
PI407209	Y	N		none	vcf_only
PI407210	Y	N		none	vcf_only
PI407211	Y	N		none	vcf_only
PI407212	Y	N		none	vcf_only
PI407213	Y	N		none	vcf_only
PI407214	Y	N		none	vcf_only
PI407215	Y	N		none	vcf_only
PI407216	Y	N		none	vcf_only
PI407217	Y	N		none	vcf_only
PI407218	Y	N		none	vcf_only
PI407219	Y	N		none	vcf_only
PI407220	Y	N		none	vcf_only
PI407221	Y	N		none	vcf_only
PI407222	Y	N		none	vcf_only
PI407223	Y	N		none	vcf_only
PI407224	Y	N		none	vcf_only
PI407225	Y	N		none	vcf_only
PI407226	Y	N		none	vcf_only
PI407227	Y	N		none	vcf_only
PI407228	Y	N		none	vcf_only
PI407229	Y	N		none	vcf_only
PI407230	Y	N		none	vcf_only
PI407231	Y	N		none	vcf_only
PI407232	Y	N		none	vcf_only
PI407233	Y	N		none	vcf_only
PI407234	Y	N		none	vcf_only
PI407235	Y	N		none	vcf_only
PI407236	Y	N		none	vcf_only
PI407237	Y	N		none	vcf_only
PI407238	Y	N		none	vcf_only
PI407239	Y	N		none	vcf_only
PI407240	Y	N		none	vcf_only
PI407241	Y	N		none	vcf_only
PI407242	Y	N		none	vcf_only
PI407243	Y	N		none	vcf_only
PI407244	Y	N		none	vcf_only
PI407245	Y	N		none	vcf_only
PI407246	Y	N		none	vcf_only
PI407247	Y	N		none	vcf_only
PI407248	Y	N		none	vcf_only
PI407249	Y	N		none	vcf_only
PI407250	Y	N		none	vcf_only
PI407251	Y	N		none	vcf_only
PI407252	Y	N		none	vcf_only
PI407253	Y	N		none	vcf_only
PI407254	Y	N		none	vcf_only
PI407255	Y	N		none	vcf_only
PI407256	Y	N		none	vcf_only
PI407257	Y	N		none	vcf_only
PI407258	Y	N		none	vcf_only
PI407259	Y	N		none	vcf_only
PI407260	Y	N		none	vcf_only
PI407261	Y	N		none	vcf_only
PI407262	Y	N		none	vcf_only
PI407263	Y	N		none	vcf_only
PI407264	Y	N		none	vcf_only
PI407265	Y	N		none	vcf_only
PI407266	Y	N		none	vcf_only
PI407267	Y	N		none	vcf_only
PI407268	Y	N		none	vcf_only
PI407269	Y	N		none	vcf_only
PI407270	Y	N		none	vcf_only
PI407271	Y	N		none	vcf_only
PI407272	Y	N		none	vcf_only
PI407273	Y	N		none	vcf_only
PI407274	Y	N		none	vcf_only
PI407275	Y	N		none	vcf_only
PI407276	Y	N		none	vcf_only
PI407277	Y	N		none	vcf_only
PI407278	Y	N		none	vcf_only
PI407279	Y	N		none	vcf_only
PI407280	Y	N		none	vcf_only
PI407281	Y	N		none	vcf_only
PI407282	Y	N		none	vcf_only
PI407283	Y	N		none	vcf_only
PI407284	Y	N		none	vcf_only
PI407285	Y	Y	PI407285	exact	matched_exact
PI407286	Y	Y	PI407286	exact	matched_exact
PI407287	Y	Y	PI407287	exact	matched_exact
PI407288	Y	N		none	vcf_only
PI407289	Y	N		none	vcf_only
PI407290	Y	N		none	vcf_only
PI407291	Y	N		none	vcf_only
PI407292	Y	N		none	vcf_only
PI407293	Y	N		none	vcf_only
PI407294	Y	N		none	vcf_only
PI407295	Y	N		none	vcf_only
PI407296	Y	N		none	vcf_only
PI407297	Y	N		none	vcf_only
PI407298	Y	N		none	vcf_only
PI407299	Y	N		none	vcf_only
PI407300	Y	N		none	vcf_only
PI407301	Y	N		none	vcf_only
PI407302	Y	N		none	vcf_only
PI407303	Y	N		none	vcf_only
PI407304	Y	N		none	vcf_only
PI407305	Y	N		none	vcf_only
PI407306	Y	N		none	vcf_only
PI407307	Y	N		none	vcf_only
PI407308	Y	N		none	vcf_only
PI407309A	Y	N		none	vcf_only
PI407309B	Y	N		none	vcf_only
PI407310	Y	N		none	vcf_only
PI407311	Y	N		none	vcf_only
PI407312	Y	N		none	vcf_only
PI407313	Y	N		none	vcf_only
PI407314	Y	N		none	vcf_only
PI407315	Y	N		none	vcf_only
PI407316A	Y	N		none	vcf_only
PI407316B	Y	N		none	vcf_only
PI407317	Y	N		none	vcf_only
PI407318A	Y	N		none	vcf_only
PI407318B	Y	N		none	vcf_only
PI407319	Y	N		none	vcf_only
PI407320	Y	N		none	vcf_only
PI407321	Y	N		none	vcf_only
PI407322	Y	N		none	vcf_only
PI407386A	Y	Y	PI407386A	exact	matched_exact
PI407386B	Y	Y	PI407386B	exact	matched_exact
PI407386C	Y	Y	PI407386C	exact	matched_exact
PI407386D	Y	Y	PI407386D	exact	matched_exact
PI407653	Y	Y	PI407653	exact	matched_exact
PI407654	Y	Y	PI407654	exact	matched_exact
PI407655A	Y	Y	PI407655A	exact	matched_exact
PI407655B	Y	Y	PI407655B	exact	matched_exact
PI407655C	Y	Y	PI407655C	exact	matched_exact
PI407656	Y	Y	PI407656	exact	matched_exact
PI407657	Y	Y	PI407657	exact	matched_exact
PI407658A	Y	Y	PI407658A	exact	matched_exact
PI407658B	Y	Y	PI407658B	exact	matched_exact
PI407658C	Y	Y	PI407658C	exact	matched_exact
PI407659A	Y	Y	PI407659A	exact	matched_exact
PI407659B	Y	Y	PI407659B	exact	matched_exact
PI407701	Y	Y	PI407701	exact	matched_exact
PI407702	Y	Y	PI407702	exact	matched_exact
PI407704	Y	Y	PI407704	exact	matched_exact
PI407705	Y	Y	PI407705	exact	matched_exact
PI407706A	Y	Y	PI407706A	exact	matched_exact
PI407706B	Y	Y	PI407706B	exact	matched_exact
PI407707	Y	Y	PI407707	exact	matched_exact
PI407708A	Y	Y	PI407708A	exact	matched_exact
PI407708B	Y	Y	PI407708B	exact	matched_exact
PI407709	Y	Y	PI407709	exact	matched_exact
PI407710	Y	Y	PI407710	exact	matched_exact
PI407711A	Y	Y	PI407711A	exact	matched_exact
PI407711B	Y	Y	PI407711B	exact	matched_exact
PI407712	Y	Y	PI407712	exact	matched_exact
PI407713	Y	Y	PI407713	exact	matched_exact
PI407714	Y	Y	PI407714	exact	matched_exact
PI407715	Y	Y	PI407715	exact	matched_exact
PI407716	Y	Y	PI407716	exact	matched_exact
PI407717	Y	Y	PI407717	exact	matched_exact
PI407718	Y	Y	PI407718	exact	matched_exact
PI407719	Y	Y	PI407719	exact	matched_exact
PI407720	Y	Y	PI407720	exact	matched_exact
PI407721	Y	Y	PI407721	exact	matched_exact
PI407722	Y	Y	PI407722	exact	matched_exact
PI407723	Y	Y	PI407723	exact	matched_exact
PI407724	Y	Y	PI407724	exact	matched_exact
PI407725A	Y	Y	PI407725A	exact	matched_exact
PI407725B	Y	Y	PI407725B	exact	matched_exact
PI407726	Y	Y	PI407726	exact	matched_exact
PI407727	Y	Y	PI407727	exact	matched_exact
PI407729	Y	Y	PI407729	exact	matched_exact
PI407730	Y	Y	PI407730	exact	matched_exact
PI407731	Y	Y	PI407731	exact	matched_exact
PI407732	Y	Y	PI407732	exact	matched_exact
PI407733	Y	Y	PI407733	exact	matched_exact
PI407734	Y	Y	PI407734	exact	matched_exact
PI407735	Y	Y	PI407735	exact	matched_exact
PI407736	Y	Y	PI407736	exact	matched_exact
PI407737	Y	Y	PI407737	exact	matched_exact
PI407738	Y	Y	PI407738	exact	matched_exact
PI407739	Y	Y	PI407739	exact	matched_exact
PI407742	Y	Y	PI407742	exact	matched_exact
PI407743	Y	Y	PI407743	exact	matched_exact
PI407744	Y	Y	PI407744	exact	matched_exact
PI407746	Y	Y	PI407746	exact	matched_exact
PI407747	Y	Y	PI407747	exact	matched_exact
PI407748	Y	Y	PI407748	exact	matched_exact
PI407749	Y	Y	PI407749	exact	matched_exact
PI407750	Y	Y	PI407750	exact	matched_exact
PI407751	Y	Y	PI407751	exact	matched_exact
PI407752	Y	Y	PI407752	exact	matched_exact
PI407753	Y	Y	PI407753	exact	matched_exact
PI407755	Y	Y	PI407755	exact	matched_exact
PI407756	Y	Y	PI407756	exact	matched_exact
PI407757	Y	Y	PI407757	exact	matched_exact
PI407758	Y	Y	PI407758	exact	matched_exact
PI407759	Y	Y	PI407759	exact	matched_exact
PI407761	Y	Y	PI407761	exact	matched_exact
PI407762	Y	Y	PI407762	exact	matched_exact
PI407763	Y	Y	PI407763	exact	matched_exact
PI407764	Y	Y	PI407764	exact	matched_exact
PI407765	Y	Y	PI407765	exact	matched_exact
PI407766	Y	Y	PI407766	exact	matched_exact
PI407767	Y	N		none	vcf_only
PI407768	Y	Y	PI407768	exact	matched_exact
PI407769	Y	Y	PI407769	exact	matched_exact
PI407770	Y	Y	PI407770	exact	matched_exact
PI407771	Y	Y	PI407771	exact	matched_exact
PI407772A	Y	Y	PI407772A	exact	matched_exact
PI407772B	Y	Y	PI407772B	exact	matched_exact
PI407773A	Y	Y	PI407773A	exact	matched_exact
PI407773B	Y	Y	PI407773B	exact	matched_exact
PI407774	Y	Y	PI407774	exact	matched_exact
PI407775	Y	Y	PI407775	exact	matched_exact
PI407776	Y	Y	PI407776	exact	matched_exact
PI407777	Y	Y	PI407777	exact	matched_exact
PI407778A	Y	Y	PI407778A	exact	matched_exact
PI407778B	Y	Y	PI407778B	exact	matched_exact
PI407778C	Y	Y	PI407778C	exact	matched_exact
PI407779	Y	Y	PI407779	exact	matched_exact
PI407781A	Y	Y	PI407781A	exact	matched_exact
PI407781B	Y	Y	PI407781B	exact	matched_exact
PI407781C	Y	Y	PI407781C	exact	matched_exact
PI407783	Y	Y	PI407783	exact	matched_exact
PI407784	Y	Y	PI407784	exact	matched_exact
PI407785	Y	Y	PI407785	exact	matched_exact
PI407786A	Y	Y	PI407786A	exact	matched_exact
PI407786B	Y	Y	PI407786B	exact	matched_exact
PI407787	Y	Y	PI407787	exact	matched_exact
PI407788A	Y	Y	PI407788A	exact	matched_exact
PI407788B	Y	Y	PI407788B	exact	matched_exact
PI407788C	Y	Y	PI407788C	exact	matched_exact
PI407789	Y	Y	PI407789	exact	matched_exact
PI407790-1	Y	Y	PI407790-1	exact	matched_exact
PI407790-2	Y	Y	PI407790-2	exact	matched_exact
PI407791	Y	Y	PI407791	exact	matched_exact
PI407792	Y	Y	PI407792	exact	matched_exact
PI407793	Y	Y	PI407793	exact	matched_exact
PI407794	Y	Y	PI407794	exact	matched_exact
PI407795A	Y	Y	PI407795A	exact	matched_exact
PI407795B	Y	Y	PI407795B	exact	matched_exact
PI407796	Y	Y	PI407796	exact	matched_exact
PI407797	Y	Y	PI407797	exact	matched_exact
PI407798	Y	Y	PI407798	exact	matched_exact
PI407799	Y	Y	PI407799	exact	matched_exact
PI407800	Y	Y	PI407800	exact	matched_exact
PI407801	Y	Y	PI407801	exact	matched_exact
PI407802	Y	Y	PI407802	exact	matched_exact
PI407803	Y	Y	PI407803	exact	matched_exact
PI407804	Y	Y	PI407804	exact	matched_exact
PI407805A	Y	Y	PI407805A	exact	matched_exact
PI407805B	Y	Y	PI407805B	exact	matched_exact
PI407805C	Y	Y	PI407805C	exact	matched_exact
PI407805D	Y	Y	PI407805D	exact	matched_exact
PI407806A	Y	Y	PI407806A	exact	matched_exact
PI407806B	Y	Y	PI407806B	exact	matched_exact
PI407807	Y	Y	PI407807	exact	matched_exact
PI407808-1	Y	Y	PI407808-1	exact	matched_exact
PI407808-2	Y	Y	PI407808-2	exact	matched_exact
PI407809	Y	Y	PI407809	exact	matched_exact
PI407810	Y	Y	PI407810	exact	matched_exact
PI407811	Y	Y	PI407811	exact	matched_exact
PI407812	Y	Y	PI407812	exact	matched_exact
PI407813	Y	Y	PI407813	exact	matched_exact
PI407814-1	Y	Y	PI407814-1	exact	matched_exact
PI407814-2	Y	Y	PI407814-2	exact	matched_exact
PI407815	Y	Y	PI407815	exact	matched_exact
PI407816	Y	Y	PI407816	exact	matched_exact
PI407817	Y	Y	PI407817	exact	matched_exact
PI407818A	Y	Y	PI407818A	exact	matched_exact
PI407818B	Y	Y	PI407818B	exact	matched_exact
PI407819	Y	Y	PI407819	exact	matched_exact
PI407820	Y	Y	PI407820	exact	matched_exact
PI407821A	Y	Y	PI407821A	exact	matched_exact
PI407821B	Y	Y	PI407821B	exact	matched_exact
PI407822	Y	Y	PI407822	exact	matched_exact
PI407823	Y	Y	PI407823	exact	matched_exact
PI407824	Y	Y	PI407824	exact	matched_exact
PI407825	Y	Y	PI407825	exact	matched_exact
PI407826	Y	Y	PI407826	exact	matched_exact
PI407827	Y	Y	PI407827	exact	matched_exact
PI407828	Y	N		none	vcf_only
PI407829	Y	N		none	vcf_only
PI407830	Y	Y	PI407830	exact	matched_exact
PI407831	Y	N		none	vcf_only
PI407832A	Y	Y	PI407832A	exact	matched_exact
PI407832B	Y	Y	PI407832B	exact	matched_exact
PI407833A	Y	Y	PI407833A	exact	matched_exact
PI407833B	Y	Y	PI407833B	exact	matched_exact
PI407833C	Y	Y	PI407833C	exact	matched_exact
PI407834	Y	Y	PI407834	exact	matched_exact
PI407835	Y	Y	PI407835	exact	matched_exact
PI407836	Y	Y	PI407836	exact	matched_exact
PI407837	Y	Y	PI407837	exact	matched_exact
PI407838	Y	Y	PI407838	exact	matched_exact
PI407839-1	Y	Y	PI407839-1	exact	matched_exact
PI407839-2	Y	Y	PI407839-2	exact	matched_exact
PI407840	Y	Y	PI407840	exact	matched_exact
PI407841	Y	Y	PI407841	exact	matched_exact
PI407842	Y	Y	PI407842	exact	matched_exact
PI407843	Y	Y	PI407843	exact	matched_exact
PI407844	Y	Y	PI407844	exact	matched_exact
PI407845A	Y	Y	PI407845A	exact	matched_exact
PI407845B	Y	Y	PI407845B	exact	matched_exact
PI407846	Y	Y	PI407846	exact	matched_exact
PI407847	Y	Y	PI407847	exact	matched_exact
PI407848	Y	Y	PI407848	exact	matched_exact
PI407849	Y	Y	PI407849	exact	matched_exact
PI407850	Y	Y	PI407850	exact	matched_exact
PI407851	Y	Y	PI407851	exact	matched_exact
PI407852	Y	Y	PI407852	exact	matched_exact
PI407853	Y	Y	PI407853	exact	matched_exact
PI407854	Y	Y	PI407854	exact	matched_exact
PI407855	Y	Y	PI407855	exact	matched_exact
PI407856	Y	Y	PI407856	exact	matched_exact
PI407857	Y	Y	PI407857	exact	matched_exact
PI407858	Y	Y	PI407858	exact	matched_exact
PI407859-1	Y	Y	PI407859-1	exact	matched_exact
PI407859-2	Y	Y	PI407859-2	exact	matched_exact
PI407860	Y	Y	PI407860	exact	matched_exact
PI407861A	Y	Y	PI407861A	exact	matched_exact
PI407861B	Y	Y	PI407861B	exact	matched_exact
PI407861C	Y	Y	PI407861C	exact	matched_exact
PI407862	Y	Y	PI407862	exact	matched_exact
PI407863	Y	Y	PI407863	exact	matched_exact
PI407864	Y	Y	PI407864	exact	matched_exact
PI407865	Y	Y	PI407865	exact	matched_exact
PI407866	Y	Y	PI407866	exact	matched_exact
PI407867A	Y	Y	PI407867A	exact	matched_exact
PI407867B	Y	Y	PI407867B	exact	matched_exact
PI407867C	Y	Y	PI407867C	exact	matched_exact
PI407868A	Y	Y	PI407868A	exact	matched_exact
PI407868B	Y	Y	PI407868B	exact	matched_exact
PI407868C	Y	Y	PI407868C	exact	matched_exact
PI407869A	Y	Y	PI407869A	exact	matched_exact
PI407869B	Y	Y	PI407869B	exact	matched_exact
PI407870	Y	Y	PI407870	exact	matched_exact
PI407871	Y	Y	PI407871	exact	matched_exact
PI407872A	Y	Y	PI407872A	exact	matched_exact
PI407872B	Y	Y	PI407872B	exact	matched_exact
PI407872C	Y	Y	PI407872C	exact	matched_exact
PI407873	Y	Y	PI407873	exact	matched_exact
PI407874-1	Y	Y	PI407874-1	exact	matched_exact
PI407874-2	Y	Y	PI407874-2	exact	matched_exact
PI407875A	Y	Y	PI407875A	exact	matched_exact
PI407875B	Y	Y	PI407875B	exact	matched_exact
PI407876	Y	Y	PI407876	exact	matched_exact
PI407877A	Y	Y	PI407877A	exact	matched_exact
PI407877B	Y	Y	PI407877B	exact	matched_exact
PI407877C	Y	Y	PI407877C	exact	matched_exact
PI407878	Y	Y	PI407878	exact	matched_exact
PI407879	Y	Y	PI407879	exact	matched_exact
PI407880	Y	Y	PI407880	exact	matched_exact
PI407881	Y	Y	PI407881	exact	matched_exact
PI407882	Y	Y	PI407882	exact	matched_exact
PI407883	Y	Y	PI407883	exact	matched_exact
PI407884	Y	Y	PI407884	exact	matched_exact
PI407885	Y	Y	PI407885	exact	matched_exact
PI407886	Y	Y	PI407886	exact	matched_exact
PI407887	Y	Y	PI407887	exact	matched_exact
PI407888	Y	Y	PI407888	exact	matched_exact
PI407889	Y	Y	PI407889	exact	matched_exact
PI407890-1	Y	Y	PI407890-1	exact	matched_exact
PI407890-2	Y	Y	PI407890-2	exact	matched_exact
PI407891	Y	Y	PI407891	exact	matched_exact
PI407892A	Y	Y	PI407892A	exact	matched_exact
PI407892B	Y	Y	PI407892B	exact	matched_exact
PI407892C	Y	Y	PI407892C	exact	matched_exact
PI407893	Y	Y	PI407893	exact	matched_exact
PI407894	Y	Y	PI407894	exact	matched_exact
PI407895	Y	Y	PI407895	exact	matched_exact
PI407896	Y	Y	PI407896	exact	matched_exact
PI407897	Y	Y	PI407897	exact	matched_exact
PI407898A	Y	Y	PI407898A	exact	matched_exact
PI407898B	Y	Y	PI407898B	exact	matched_exact
PI407899	Y	Y	PI407899	exact	matched_exact
PI407900	Y	Y	PI407900	exact	matched_exact
PI407901	Y	Y	PI407901	exact	matched_exact
PI407902A	Y	Y	PI407902A	exact	matched_exact
PI407902B	Y	Y	PI407902B	exact	matched_exact
PI407903A	Y	Y	PI407903A	exact	matched_exact
PI407903B	Y	Y	PI407903B	exact	matched_exact
PI407904	Y	Y	PI407904	exact	matched_exact
PI407905	Y	Y	PI407905	exact	matched_exact
PI407906	Y	Y	PI407906	exact	matched_exact
PI407907A	Y	Y	PI407907A	exact	matched_exact
PI407907B	Y	Y	PI407907B	exact	matched_exact
PI407908	Y	Y	PI407908	exact	matched_exact
PI407909	Y	Y	PI407909	exact	matched_exact
PI407910	Y	Y	PI407910	exact	matched_exact
PI407911	Y	Y	PI407911	exact	matched_exact
PI407912	Y	Y	PI407912	exact	matched_exact
PI407913A	Y	Y	PI407913A	exact	matched_exact
PI407913B	Y	Y	PI407913B	exact	matched_exact
PI407914A	Y	Y	PI407914A	exact	matched_exact
PI407914B	Y	Y	PI407914B	exact	matched_exact
PI407914C	Y	Y	PI407914C	exact	matched_exact
PI407914D	Y	Y	PI407914D	exact	matched_exact
PI407915	Y	Y	PI407915	exact	matched_exact
PI407916	Y	Y	PI407916	exact	matched_exact
PI407917	Y	Y	PI407917	exact	matched_exact
PI407918A	Y	Y	PI407918A	exact	matched_exact
PI407918B	Y	Y	PI407918B	exact	matched_exact
PI407919	Y	Y	PI407919	exact	matched_exact
PI407920	Y	Y	PI407920	exact	matched_exact
PI407921	Y	Y	PI407921	exact	matched_exact
PI407922	Y	Y	PI407922	exact	matched_exact
PI407923	Y	Y	PI407923	exact	matched_exact
PI407924	Y	Y	PI407924	exact	matched_exact
PI407925	Y	Y	PI407925	exact	matched_exact
PI407926A	Y	Y	PI407926A	exact	matched_exact
PI407926B	Y	Y	PI407926B	exact	matched_exact
PI407927A	Y	Y	PI407927A	exact	matched_exact
PI407927B	Y	Y	PI407927B	exact	matched_exact
PI407928	Y	Y	PI407928	exact	matched_exact
PI407929	Y	Y	PI407929	exact	matched_exact
PI407930	Y	Y	PI407930	exact	matched_exact
PI407931	Y	Y	PI407931	exact	matched_exact
PI407932A	Y	Y	PI407932A	exact	matched_exact
PI407932B	Y	Y	PI407932B	exact	matched_exact
PI407933	Y	Y	PI407933	exact	matched_exact
PI407934	Y	Y	PI407934	exact	matched_exact
PI407935	Y	Y	PI407935	exact	matched_exact
PI407936	Y	Y	PI407936	exact	matched_exact
PI407937-1	Y	Y	PI407937-1	exact	matched_exact
PI407937-2	Y	Y	PI407937-2	exact	matched_exact
PI407938	Y	Y	PI407938	exact	matched_exact
PI407939A	Y	Y	PI407939A	exact	matched_exact
PI407939B	Y	Y	PI407939B	exact	matched_exact
PI407940	Y	Y	PI407940	exact	matched_exact
PI407941A	Y	Y	PI407941A	exact	matched_exact
PI407941B	Y	Y	PI407941B	exact	matched_exact
PI407942	Y	Y	PI407942	exact	matched_exact
PI407943	Y	Y	PI407943	exact	matched_exact
PI407944	Y	Y	PI407944	exact	matched_exact
PI407945	Y	Y	PI407945	exact	matched_exact
PI407946-1	Y	Y	PI407946-1	exact	matched_exact
PI407946-2	Y	Y	PI407946-2	exact	matched_exact
PI407947	Y	Y	PI407947	exact	matched_exact
PI407948	Y	Y	PI407948	exact	matched_exact
PI407949	Y	Y	PI407949	exact	matched_exact
PI407950-1	Y	Y	PI407950-1	exact	matched_exact
PI407950-2	Y	Y	PI407950-2	exact	matched_exact
PI407951	Y	Y	PI407951	exact	matched_exact
PI407952A	Y	Y	PI407952A	exact	matched_exact
PI407952B	Y	Y	PI407952B	exact	matched_exact
PI407953	Y	Y	PI407953	exact	matched_exact
PI407954	Y	Y	PI407954	exact	matched_exact
PI407955	Y	Y	PI407955	exact	matched_exact
PI407956	Y	Y	PI407956	exact	matched_exact
PI407957	Y	Y	PI407957	exact	matched_exact
PI407958	Y	Y	PI407958	exact	matched_exact
PI407959A	Y	Y	PI407959A	exact	matched_exact
PI407959B	Y	Y	PI407959B	exact	matched_exact
PI407960A	Y	Y	PI407960A	exact	matched_exact
PI407960B	Y	Y	PI407960B	exact	matched_exact
PI407961-1	Y	Y	PI407961-1	exact	matched_exact
PI407961-2	Y	Y	PI407961-2	exact	matched_exact
PI407962-1	Y	Y	PI407962-1	exact	matched_exact
PI407962-2	Y	Y	PI407962-2	exact	matched_exact
PI407963	Y	Y	PI407963	exact	matched_exact
PI407964	Y	Y	PI407964	exact	matched_exact
PI407965	Y	Y	PI407965	exact	matched_exact
PI407966A	Y	Y	PI407966A	exact	matched_exact
PI407966B	Y	Y	PI407966B	exact	matched_exact
PI407966C	Y	Y	PI407966C	exact	matched_exact
PI407967	Y	Y	PI407967	exact	matched_exact
PI407968	Y	Y	PI407968	exact	matched_exact
PI407969	Y	Y	PI407969	exact	matched_exact
PI407970	Y	Y	PI407970	exact	matched_exact
PI407972A	Y	Y	PI407972A	exact	matched_exact
PI407972B	Y	Y	PI407972B	exact	matched_exact
PI407972C	Y	Y	PI407972C	exact	matched_exact
PI407973A	Y	Y	PI407973A	exact	matched_exact
PI407973B	Y	Y	PI407973B	exact	matched_exact
PI407974A	Y	Y	PI407974A	exact	matched_exact
PI407974B	Y	Y	PI407974B	exact	matched_exact
PI407975A	Y	Y	PI407975A	exact	matched_exact
PI407975B	Y	Y	PI407975B	exact	matched_exact
PI407976A	Y	Y	PI407976A	exact	matched_exact
PI407976B	Y	Y	PI407976B	exact	matched_exact
PI407977	Y	Y	PI407977	exact	matched_exact
PI407978	Y	Y	PI407978	exact	matched_exact
PI407979	Y	Y	PI407979	exact	matched_exact
PI407980	Y	Y	PI407980	exact	matched_exact
PI407981A	Y	Y	PI407981A	exact	matched_exact
PI407981B	Y	Y	PI407981B	exact	matched_exact
PI407981C	Y	Y	PI407981C	exact	matched_exact
PI407982	Y	Y	PI407982	exact	matched_exact
PI407983	Y	Y	PI407983	exact	matched_exact
PI407984	Y	Y	PI407984	exact	matched_exact
PI407985	Y	Y	PI407985	exact	matched_exact
PI407986A	Y	Y	PI407986A	exact	matched_exact
PI407986B	Y	Y	PI407986B	exact	matched_exact
PI407987	Y	Y	PI407987	exact	matched_exact
PI407988A	Y	Y	PI407988A	exact	matched_exact
PI407988B	Y	Y	PI407988B	exact	matched_exact
PI407989	Y	Y	PI407989	exact	matched_exact
PI407990	Y	Y	PI407990	exact	matched_exact
PI407991	Y	Y	PI407991	exact	matched_exact
PI407992	Y	Y	PI407992	exact	matched_exact
PI407993	Y	Y	PI407993	exact	matched_exact
PI407994	Y	Y	PI407994	exact	matched_exact
PI407995	Y	Y	PI407995	exact	matched_exact
PI407996	Y	Y	PI407996	exact	matched_exact
PI407997	Y	Y	PI407997	exact	matched_exact
PI407998A	Y	Y	PI407998A	exact	matched_exact
PI407998B	Y	Y	PI407998B	exact	matched_exact
PI407998C	Y	Y	PI407998C	exact	matched_exact
PI407998D	Y	Y	PI407998D	exact	matched_exact
PI407999-1	Y	Y	PI407999-1	exact	matched_exact
PI407999-2	Y	Y	PI407999-2	exact	matched_exact
PI408000	Y	Y	PI408000	exact	matched_exact
PI408001	Y	Y	PI408001	exact	matched_exact
PI408002	Y	Y	PI408002	exact	matched_exact
PI408003-1	Y	Y	PI408003-1	exact	matched_exact
PI408003-2	Y	Y	PI408003-2	exact	matched_exact
PI408004-1	Y	Y	PI408004-1	exact	matched_exact
PI408004-2	Y	Y	PI408004-2	exact	matched_exact
PI408005	Y	Y	PI408005	exact	matched_exact
PI408006	Y	Y	PI408006	exact	matched_exact
PI408007	Y	Y	PI408007	exact	matched_exact
PI408008	Y	Y	PI408008	exact	matched_exact
PI408009	Y	Y	PI408009	exact	matched_exact
PI408010-1	Y	Y	PI408010-1	exact	matched_exact
PI408010-2	Y	Y	PI408010-2	exact	matched_exact
PI408011	Y	Y	PI408011	exact	matched_exact
PI408012	Y	Y	PI408012	exact	matched_exact
PI408013	Y	Y	PI408013	exact	matched_exact
PI408014	Y	Y	PI408014	exact	matched_exact
PI408015	Y	Y	PI408015	exact	matched_exact
PI408016A	Y	Y	PI408016A	exact	matched_exact
PI408016B	Y	Y	PI408016B	exact	matched_exact
PI408017	Y	Y	PI408017	exact	matched_exact
PI408018	Y	Y	PI408018	exact	matched_exact
PI408019A	Y	Y	PI408019A	exact	matched_exact
PI408019B	Y	Y	PI408019B	exact	matched_exact
PI408019C	Y	Y	PI408019C	exact	matched_exact
PI408020A	Y	Y	PI408020A	exact	matched_exact
PI408020B	Y	Y	PI408020B	exact	matched_exact
PI408020C	Y	Y	PI408020C	exact	matched_exact
PI408020D	Y	Y	PI408020D	exact	matched_exact
PI408021	Y	Y	PI408021	exact	matched_exact
PI408022	Y	Y	PI408022	exact	matched_exact
PI408023	Y	Y	PI408023	exact	matched_exact
PI408024	Y	Y	PI408024	exact	matched_exact
PI408025	Y	Y	PI408025	exact	matched_exact
PI408026	Y	Y	PI408026	exact	matched_exact
PI408027	Y	Y	PI408027	exact	matched_exact
PI408028	Y	Y	PI408028	exact	matched_exact
PI408029	Y	Y	PI408029	exact	matched_exact
PI408030	Y	Y	PI408030	exact	matched_exact
PI408031	Y	Y	PI408031	exact	matched_exact
PI408032A	Y	Y	PI408032A	exact	matched_exact
PI408032B	Y	Y	PI408032B	exact	matched_exact
PI408033	Y	Y	PI408033	exact	matched_exact
PI408034	Y	Y	PI408034	exact	matched_exact
PI408035	Y	Y	PI408035	exact	matched_exact
PI408036	Y	Y	PI408036	exact	matched_exact
PI408037	Y	Y	PI408037	exact	matched_exact
PI408038	Y	Y	PI408038	exact	matched_exact
PI408039	Y	Y	PI408039	exact	matched_exact
PI408040-1	Y	Y	PI408040-1	exact	matched_exact
PI408040-2	Y	Y	PI408040-2	exact	matched_exact
PI408041	Y	Y	PI408041	exact	matched_exact
PI408042	Y	Y	PI408042	exact	matched_exact
PI408043	Y	Y	PI408043	exact	matched_exact
PI408044	Y	Y	PI408044	exact	matched_exact
PI408045	Y	Y	PI408045	exact	matched_exact
PI408046	Y	Y	PI408046	exact	matched_exact
PI408047	Y	Y	PI408047	exact	matched_exact
PI408048A	Y	Y	PI408048A	exact	matched_exact
PI408048B	Y	Y	PI408048B	exact	matched_exact
PI408049	Y	Y	PI408049	exact	matched_exact
PI408050A	Y	Y	PI408050A	exact	matched_exact
PI408050B	Y	Y	PI408050B	exact	matched_exact
PI408051	Y	Y	PI408051	exact	matched_exact
PI408052A	Y	Y	PI408052A	exact	matched_exact
PI408052B	Y	Y	PI408052B	exact	matched_exact
PI408052C	Y	Y	PI408052C	exact	matched_exact
PI408053	Y	Y	PI408053	exact	matched_exact
PI408054	Y	Y	PI408054	exact	matched_exact
PI408055A	Y	Y	PI408055A	exact	matched_exact
PI408055B	Y	Y	PI408055B	exact	matched_exact
PI408055C	Y	Y	PI408055C	exact	matched_exact
PI408055D	Y	Y	PI408055D	exact	matched_exact
PI408056	Y	Y	PI408056	exact	matched_exact
PI408057	Y	Y	PI408057	exact	matched_exact
PI408058	Y	Y	PI408058	exact	matched_exact
PI408059	Y	Y	PI408059	exact	matched_exact
PI408060	Y	Y	PI408060	exact	matched_exact
PI408061	Y	Y	PI408061	exact	matched_exact
PI408062	Y	Y	PI408062	exact	matched_exact
PI408063	Y	Y	PI408063	exact	matched_exact
PI408064	Y	Y	PI408064	exact	matched_exact
PI408065	Y	Y	PI408065	exact	matched_exact
PI408066A	Y	Y	PI408066A	exact	matched_exact
PI408066B	Y	Y	PI408066B	exact	matched_exact
PI408067A	Y	Y	PI408067A	exact	matched_exact
PI408067B	Y	Y	PI408067B	exact	matched_exact
PI408068A	Y	Y	PI408068A	exact	matched_exact
PI408068B	Y	Y	PI408068B	exact	matched_exact
PI408068C	Y	Y	PI408068C	exact	matched_exact
PI408069	Y	Y	PI408069	exact	matched_exact
PI408070A	Y	Y	PI408070A	exact	matched_exact
PI408070B	Y	Y	PI408070B	exact	matched_exact
PI408071	Y	Y	PI408071	exact	matched_exact
PI408072	Y	Y	PI408072	exact	matched_exact
PI408073	Y	Y	PI408073	exact	matched_exact
PI408074A	Y	Y	PI408074A	exact	matched_exact
PI408074B	Y	Y	PI408074B	exact	matched_exact
PI408074C	Y	Y	PI408074C	exact	matched_exact
PI408075	Y	Y	PI408075	exact	matched_exact
PI408076A	Y	Y	PI408076A	exact	matched_exact
PI408076B	Y	Y	PI408076B	exact	matched_exact
PI408076C	Y	Y	PI408076C	exact	matched_exact
PI408077	Y	Y	PI408077	exact	matched_exact
PI408078	Y	Y	PI408078	exact	matched_exact
PI408079A	Y	Y	PI408079A	exact	matched_exact
PI408079B	Y	Y	PI408079B	exact	matched_exact
PI408080	Y	Y	PI408080	exact	matched_exact
PI408081	Y	Y	PI408081	exact	matched_exact
PI408082	Y	Y	PI408082	exact	matched_exact
PI408083A	Y	Y	PI408083A	exact	matched_exact
PI408083B	Y	Y	PI408083B	exact	matched_exact
PI408084A	Y	Y	PI408084A	exact	matched_exact
PI408084B	Y	Y	PI408084B	exact	matched_exact
PI408084C	Y	Y	PI408084C	exact	matched_exact
PI408085	Y	Y	PI408085	exact	matched_exact
PI408086	Y	Y	PI408086	exact	matched_exact
PI408087	Y	Y	PI408087	exact	matched_exact
PI408088	Y	Y	PI408088	exact	matched_exact
PI408089	Y	Y	PI408089	exact	matched_exact
PI408090	Y	Y	PI408090	exact	matched_exact
PI408091	Y	Y	PI408091	exact	matched_exact
PI408092A	Y	Y	PI408092A	exact	matched_exact
PI408092B	Y	Y	PI408092B	exact	matched_exact
PI408092C	Y	Y	PI408092C	exact	matched_exact
PI408093	Y	Y	PI408093	exact	matched_exact
PI408094-1	Y	Y	PI408094-1	exact	matched_exact
PI408094-2	Y	Y	PI408094-2	exact	matched_exact
PI408095A	Y	Y	PI408095A	exact	matched_exact
PI408095B	Y	Y	PI408095B	exact	matched_exact
PI408095C	Y	Y	PI408095C	exact	matched_exact
PI408096	Y	Y	PI408096	exact	matched_exact
PI408097	Y	Y	PI408097	exact	matched_exact
PI408098	Y	Y	PI408098	exact	matched_exact
PI408099	Y	Y	PI408099	exact	matched_exact
PI408100A	Y	Y	PI408100A	exact	matched_exact
PI408100B	Y	Y	PI408100B	exact	matched_exact
PI408101	Y	Y	PI408101	exact	matched_exact
PI408102	Y	Y	PI408102	exact	matched_exact
PI408103	Y	Y	PI408103	exact	matched_exact
PI408104	Y	Y	PI408104	exact	matched_exact
PI408105A	Y	Y	PI408105A	exact	matched_exact
PI408105B	Y	Y	PI408105B	exact	matched_exact
PI408106	Y	Y	PI408106	exact	matched_exact
PI408107	Y	Y	PI408107	exact	matched_exact
PI408108	Y	Y	PI408108	exact	matched_exact
PI408109A	Y	Y	PI408109A	exact	matched_exact
PI408109B	Y	Y	PI408109B	exact	matched_exact
PI408110A	Y	Y	PI408110A	exact	matched_exact
PI408110B	Y	Y	PI408110B	exact	matched_exact
PI408111	Y	Y	PI408111	exact	matched_exact
PI408112	Y	Y	PI408112	exact	matched_exact
PI408113	Y	Y	PI408113	exact	matched_exact
PI408114	Y	Y	PI408114	exact	matched_exact
PI408115	Y	Y	PI408115	exact	matched_exact
PI408116	Y	Y	PI408116	exact	matched_exact
PI408117	Y	Y	PI408117	exact	matched_exact
PI408118	Y	Y	PI408118	exact	matched_exact
PI408119	Y	Y	PI408119	exact	matched_exact
PI408120	Y	Y	PI408120	exact	matched_exact
PI408121	Y	Y	PI408121	exact	matched_exact
PI408122	Y	Y	PI408122	exact	matched_exact
PI408123	Y	Y	PI408123	exact	matched_exact
PI408124A	Y	Y	PI408124A	exact	matched_exact
PI408124B	Y	Y	PI408124B	exact	matched_exact
PI408124C	Y	Y	PI408124C	exact	matched_exact
PI408124D	Y	Y	PI408124D	exact	matched_exact
PI408125A	Y	Y	PI408125A	exact	matched_exact
PI408125B	Y	Y	PI408125B	exact	matched_exact
PI408126A	Y	Y	PI408126A	exact	matched_exact
PI408126B	Y	Y	PI408126B	exact	matched_exact
PI408127	Y	Y	PI408127	exact	matched_exact
PI408128	Y	Y	PI408128	exact	matched_exact
PI408129	Y	Y	PI408129	exact	matched_exact
PI408130	Y	Y	PI408130	exact	matched_exact
PI408131A	Y	Y	PI408131A	exact	matched_exact
PI408131B	Y	Y	PI408131B	exact	matched_exact
PI408132	Y	Y	PI408132	exact	matched_exact
PI408133	Y	Y	PI408133	exact	matched_exact
PI408134A	Y	Y	PI408134A	exact	matched_exact
PI408134B	Y	Y	PI408134B	exact	matched_exact
PI408134C	Y	Y	PI408134C	exact	matched_exact
PI408135A	Y	Y	PI408135A	exact	matched_exact
PI408135B	Y	Y	PI408135B	exact	matched_exact
PI408136	Y	Y	PI408136	exact	matched_exact
PI408137A	Y	Y	PI408137A	exact	matched_exact
PI408137B	Y	Y	PI408137B	exact	matched_exact
PI408138A	Y	Y	PI408138A	exact	matched_exact
PI408138B	Y	Y	PI408138B	exact	matched_exact
PI408138C	Y	Y	PI408138C	exact	matched_exact
PI408138D	Y	Y	PI408138D	exact	matched_exact
PI408139	Y	Y	PI408139	exact	matched_exact
PI408140A	Y	Y	PI408140A	exact	matched_exact
PI408140B	Y	Y	PI408140B	exact	matched_exact
PI408141	Y	Y	PI408141	exact	matched_exact
PI408142	Y	Y	PI408142	exact	matched_exact
PI408143	Y	Y	PI408143	exact	matched_exact
PI408144	Y	Y	PI408144	exact	matched_exact
PI408145	Y	Y	PI408145	exact	matched_exact
PI408146	Y	Y	PI408146	exact	matched_exact
PI408147	Y	Y	PI408147	exact	matched_exact
PI408148	Y	Y	PI408148	exact	matched_exact
PI408149	Y	Y	PI408149	exact	matched_exact
PI408150	Y	Y	PI408150	exact	matched_exact
PI408151	Y	Y	PI408151	exact	matched_exact
PI408152	Y	Y	PI408152	exact	matched_exact
PI408153	Y	Y	PI408153	exact	matched_exact
PI408154	Y	Y	PI408154	exact	matched_exact
PI408155	Y	Y	PI408155	exact	matched_exact
PI408156	Y	Y	PI408156	exact	matched_exact
PI408157	Y	Y	PI408157	exact	matched_exact
PI408158	Y	Y	PI408158	exact	matched_exact
PI408159	Y	Y	PI408159	exact	matched_exact
PI408160	Y	Y	PI408160	exact	matched_exact
PI408161	Y	Y	PI408161	exact	matched_exact
PI408162	Y	Y	PI408162	exact	matched_exact
PI408163	Y	Y	PI408163	exact	matched_exact
PI408164	Y	Y	PI408164	exact	matched_exact
PI408165	Y	Y	PI408165	exact	matched_exact
PI408166A	Y	Y	PI408166A	exact	matched_exact
PI408166B	Y	Y	PI408166B	exact	matched_exact
PI408166C	Y	Y	PI408166C	exact	matched_exact
PI408167A	Y	Y	PI408167A	exact	matched_exact
PI408167B	Y	Y	PI408167B	exact	matched_exact
PI408167C	Y	Y	PI408167C	exact	matched_exact
PI408168	Y	Y	PI408168	exact	matched_exact
PI408169A	Y	Y	PI408169A	exact	matched_exact
PI408169B	Y	Y	PI408169B	exact	matched_exact
PI408169C	Y	Y	PI408169C	exact	matched_exact
PI408169D	Y	Y	PI408169D	exact	matched_exact
PI408170	Y	Y	PI408170	exact	matched_exact
PI408171	Y	Y	PI408171	exact	matched_exact
PI408172	Y	Y	PI408172	exact	matched_exact
PI408173	Y	Y	PI408173	exact	matched_exact
PI408174	Y	Y	PI408174	exact	matched_exact
PI408175	Y	Y	PI408175	exact	matched_exact
PI408176	Y	Y	PI408176	exact	matched_exact
PI408177	Y	Y	PI408177	exact	matched_exact
PI408178	Y	Y	PI408178	exact	matched_exact
PI408179	Y	Y	PI408179	exact	matched_exact
PI408180-1	Y	Y	PI408180-1	exact	matched_exact
PI408180-2	Y	Y	PI408180-2	exact	matched_exact
PI408181A	Y	Y	PI408181A	exact	matched_exact
PI408181B	Y	Y	PI408181B	exact	matched_exact
PI408181C	Y	Y	PI408181C	exact	matched_exact
PI408181D	Y	Y	PI408181D	exact	matched_exact
PI408182	Y	Y	PI408182	exact	matched_exact
PI408183	Y	Y	PI408183	exact	matched_exact
PI408184A	Y	Y	PI408184A	exact	matched_exact
PI408184B	Y	Y	PI408184B	exact	matched_exact
PI408185	Y	Y	PI408185	exact	matched_exact
PI408186A	Y	Y	PI408186A	exact	matched_exact
PI408186B	Y	Y	PI408186B	exact	matched_exact
PI408186C	Y	Y	PI408186C	exact	matched_exact
PI408187	Y	Y	PI408187	exact	matched_exact
PI408188	Y	Y	PI408188	exact	matched_exact
PI408189	Y	Y	PI408189	exact	matched_exact
PI408190	Y	Y	PI408190	exact	matched_exact
PI408191A	Y	Y	PI408191A	exact	matched_exact
PI408191B	Y	Y	PI408191B	exact	matched_exact
PI408192-1	Y	Y	PI408192-1	exact	matched_exact
PI408192-2	Y	Y	PI408192-2	exact	matched_exact
PI408193	Y	N		none	vcf_only
PI408194	Y	Y	PI408194	exact	matched_exact
PI408195	Y	Y	PI408195	exact	matched_exact
PI408196A	Y	Y	PI408196A	exact	matched_exact
PI408196B	Y	Y	PI408196B	exact	matched_exact
PI408197A	Y	Y	PI408197A	exact	matched_exact
PI408197B	Y	Y	PI408197B	exact	matched_exact
PI408198	Y	Y	PI408198	exact	matched_exact
PI408199	Y	Y	PI408199	exact	matched_exact
PI408200A	Y	Y	PI408200A	exact	matched_exact
PI408200B	Y	Y	PI408200B	exact	matched_exact
PI408201A	Y	Y	PI408201A	exact	matched_exact
PI408201B	Y	Y	PI408201B	exact	matched_exact
PI408202	Y	Y	PI408202	exact	matched_exact
PI408203A	Y	Y	PI408203A	exact	matched_exact
PI408203B	Y	Y	PI408203B	exact	matched_exact
PI408204	Y	Y	PI408204	exact	matched_exact
PI408205	Y	Y	PI408205	exact	matched_exact
PI408206-1	Y	Y	PI408206-1	exact	matched_exact
PI408206-2	Y	Y	PI408206-2	exact	matched_exact
PI408207-1	Y	Y	PI408207-1	exact	matched_exact
PI408207-2	Y	Y	PI408207-2	exact	matched_exact
PI408208	Y	Y	PI408208	exact	matched_exact
PI408209A	Y	Y	PI408209A	exact	matched_exact
PI408209B	Y	Y	PI408209B	exact	matched_exact
PI408209C	Y	Y	PI408209C	exact	matched_exact
PI408210	Y	Y	PI408210	exact	matched_exact
PI408211A	Y	Y	PI408211A	exact	matched_exact
PI408211B	Y	Y	PI408211B	exact	matched_exact
PI408212A	Y	Y	PI408212A	exact	matched_exact
PI408212B	Y	Y	PI408212B	exact	matched_exact
PI408213	Y	Y	PI408213	exact	matched_exact
PI408214	Y	Y	PI408214	exact	matched_exact
PI408215A	Y	Y	PI408215A	exact	matched_exact
PI408215B	Y	Y	PI408215B	exact	matched_exact
PI408216A	Y	Y	PI408216A	exact	matched_exact
PI408216B	Y	Y	PI408216B	exact	matched_exact
PI408217A	Y	Y	PI408217A	exact	matched_exact
PI408217B	Y	Y	PI408217B	exact	matched_exact
PI408217C	Y	Y	PI408217C	exact	matched_exact
PI408218	Y	Y	PI408218	exact	matched_exact
PI408219	Y	Y	PI408219	exact	matched_exact
PI408220	Y	Y	PI408220	exact	matched_exact
PI408221A	Y	Y	PI408221A	exact	matched_exact
PI408221B	Y	Y	PI408221B	exact	matched_exact
PI408221C	Y	Y	PI408221C	exact	matched_exact
PI408222A	Y	Y	PI408222A	exact	matched_exact
PI408222B	Y	Y	PI408222B	exact	matched_exact
PI408222C	Y	Y	PI408222C	exact	matched_exact
PI408223	Y	Y	PI408223	exact	matched_exact
PI408224A	Y	Y	PI408224A	exact	matched_exact
PI408224B	Y	Y	PI408224B	exact	matched_exact
PI408225A	Y	Y	PI408225A	exact	matched_exact
PI408225B	Y	Y	PI408225B	exact	matched_exact
PI408226A	Y	Y	PI408226A	exact	matched_exact
PI408226B	Y	Y	PI408226B	exact	matched_exact
PI408227	Y	Y	PI408227	exact	matched_exact
PI408228A	Y	Y	PI408228A	exact	matched_exact
PI408228B	Y	Y	PI408228B	exact	matched_exact
PI408229A	Y	Y	PI408229A	exact	matched_exact
PI408229B	Y	Y	PI408229B	exact	matched_exact
PI408229C	Y	Y	PI408229C	exact	matched_exact
PI408230	Y	Y	PI408230	exact	matched_exact
PI408231	Y	Y	PI408231	exact	matched_exact
PI408232	Y	Y	PI408232	exact	matched_exact
PI408233A	Y	Y	PI408233A	exact	matched_exact
PI408233B	Y	Y	PI408233B	exact	matched_exact
PI408234A	Y	Y	PI408234A	exact	matched_exact
PI408234B	Y	Y	PI408234B	exact	matched_exact
PI408235	Y	Y	PI408235	exact	matched_exact
PI408236	Y	Y	PI408236	exact	matched_exact
PI408237	Y	Y	PI408237	exact	matched_exact
PI408238-1	Y	Y	PI408238-1	exact	matched_exact
PI408238-2	Y	Y	PI408238-2	exact	matched_exact
PI408239	Y	Y	PI408239	exact	matched_exact
PI408240	Y	Y	PI408240	exact	matched_exact
PI408241	Y	Y	PI408241	exact	matched_exact
PI408242	Y	Y	PI408242	exact	matched_exact
PI408243	Y	Y	PI408243	exact	matched_exact
PI408244	Y	Y	PI408244	exact	matched_exact
PI408245	Y	Y	PI408245	exact	matched_exact
PI408246-1	Y	Y	PI408246-1	exact	matched_exact
PI408246-2	Y	Y	PI408246-2	exact	matched_exact
PI408247	Y	Y	PI408247	exact	matched_exact
PI408248A	Y	Y	PI408248A	exact	matched_exact
PI408248B	Y	Y	PI408248B	exact	matched_exact
PI408249	Y	Y	PI408249	exact	matched_exact
PI408250	Y	Y	PI408250	exact	matched_exact
PI408251	Y	Y	PI408251	exact	matched_exact
PI408252	Y	Y	PI408252	exact	matched_exact
PI408253	Y	Y	PI408253	exact	matched_exact
PI408254	Y	Y	PI408254	exact	matched_exact
PI408255A	Y	Y	PI408255A	exact	matched_exact
PI408255B	Y	Y	PI408255B	exact	matched_exact
PI408256	Y	Y	PI408256	exact	matched_exact
PI408257	Y	Y	PI408257	exact	matched_exact
PI408258	Y	Y	PI408258	exact	matched_exact
PI408259A	Y	Y	PI408259A	exact	matched_exact
PI408259B	Y	Y	PI408259B	exact	matched_exact
PI408260A	Y	Y	PI408260A	exact	matched_exact
PI408260B	Y	Y	PI408260B	exact	matched_exact
PI408260C	Y	Y	PI408260C	exact	matched_exact
PI408261	Y	Y	PI408261	exact	matched_exact
PI408262A	Y	Y	PI408262A	exact	matched_exact
PI408262B	Y	Y	PI408262B	exact	matched_exact
PI408262C	Y	Y	PI408262C	exact	matched_exact
PI408262D	Y	Y	PI408262D	exact	matched_exact
PI408263	Y	Y	PI408263	exact	matched_exact
PI408264	Y	Y	PI408264	exact	matched_exact
PI408265A	Y	Y	PI408265A	exact	matched_exact
PI408265B	Y	Y	PI408265B	exact	matched_exact
PI408265C	Y	Y	PI408265C	exact	matched_exact
PI408266	Y	Y	PI408266	exact	matched_exact
PI408267	Y	Y	PI408267	exact	matched_exact
PI408268	Y	Y	PI408268	exact	matched_exact
PI408269A	Y	Y	PI408269A	exact	matched_exact
PI408269B	Y	Y	PI408269B	exact	matched_exact
PI408269C	Y	Y	PI408269C	exact	matched_exact
PI408269D	Y	Y	PI408269D	exact	matched_exact
PI408270A	Y	Y	PI408270A	exact	matched_exact
PI408270B	Y	Y	PI408270B	exact	matched_exact
PI408270C	Y	Y	PI408270C	exact	matched_exact
PI408271	Y	Y	PI408271	exact	matched_exact
PI408272A	Y	Y	PI408272A	exact	matched_exact
PI408272B	Y	Y	PI408272B	exact	matched_exact
PI408272C	Y	Y	PI408272C	exact	matched_exact
PI408273	Y	Y	PI408273	exact	matched_exact
PI408274	Y	Y	PI408274	exact	matched_exact
PI408275	Y	Y	PI408275	exact	matched_exact
PI408276	Y	Y	PI408276	exact	matched_exact
PI408277	Y	Y	PI408277	exact	matched_exact
PI408278	Y	Y	PI408278	exact	matched_exact
PI408279	Y	Y	PI408279	exact	matched_exact
PI408280	Y	Y	PI408280	exact	matched_exact
PI408281A	Y	Y	PI408281A	exact	matched_exact
PI408281B	Y	Y	PI408281B	exact	matched_exact
PI408282	Y	Y	PI408282	exact	matched_exact
PI408283	Y	Y	PI408283	exact	matched_exact
PI408284	Y	Y	PI408284	exact	matched_exact
PI408285A	Y	Y	PI408285A	exact	matched_exact
PI408285B	Y	Y	PI408285B	exact	matched_exact
PI408285C	Y	Y	PI408285C	exact	matched_exact
PI408286	Y	Y	PI408286	exact	matched_exact
PI408287	Y	Y	PI408287	exact	matched_exact
PI408288	Y	Y	PI408288	exact	matched_exact
PI408289	Y	Y	PI408289	exact	matched_exact
PI408290	Y	Y	PI408290	exact	matched_exact
PI408291	Y	Y	PI408291	exact	matched_exact
PI408292	Y	Y	PI408292	exact	matched_exact
PI408293-1	Y	Y	PI408293-1	exact	matched_exact
PI408293-2	Y	Y	PI408293-2	exact	matched_exact
PI408294A	Y	Y	PI408294A	exact	matched_exact
PI408294B	Y	Y	PI408294B	exact	matched_exact
PI408295A	Y	Y	PI408295A	exact	matched_exact
PI408295B	Y	Y	PI408295B	exact	matched_exact
PI408296A	Y	Y	PI408296A	exact	matched_exact
PI408296B	Y	Y	PI408296B	exact	matched_exact
PI408297	Y	N		none	vcf_only
PI408298A	Y	Y	PI408298A	exact	matched_exact
PI408298B	Y	Y	PI408298B	exact	matched_exact
PI408299	Y	Y	PI408299	exact	matched_exact
PI408300	Y	Y	PI408300	exact	matched_exact
PI408301	Y	Y	PI408301	exact	matched_exact
PI408302	Y	Y	PI408302	exact	matched_exact
PI408303	Y	Y	PI408303	exact	matched_exact
PI408304	Y	Y	PI408304	exact	matched_exact
PI408305	Y	Y	PI408305	exact	matched_exact
PI408306	Y	Y	PI408306	exact	matched_exact
PI408307A	Y	Y	PI408307A	exact	matched_exact
PI408307B	Y	Y	PI408307B	exact	matched_exact
PI408307C	Y	Y	PI408307C	exact	matched_exact
PI408308A	Y	Y	PI408308A	exact	matched_exact
PI408308B	Y	Y	PI408308B	exact	matched_exact
PI408309	Y	Y	PI408309	exact	matched_exact
PI408310A	Y	Y	PI408310A	exact	matched_exact
PI408310B	Y	Y	PI408310B	exact	matched_exact
PI408311-1	Y	Y	PI408311-1	exact	matched_exact
PI408311-2	Y	Y	PI408311-2	exact	matched_exact
PI408312A	Y	Y	PI408312A	exact	matched_exact
PI408312B	Y	Y	PI408312B	exact	matched_exact
PI408313	Y	Y	PI408313	exact	matched_exact
PI408314	Y	Y	PI408314	exact	matched_exact
PI408315A	Y	Y	PI408315A	exact	matched_exact
PI408315B	Y	Y	PI408315B	exact	matched_exact
PI408316	Y	Y	PI408316	exact	matched_exact
PI408317	Y	Y	PI408317	exact	matched_exact
PI408318A	Y	Y	PI408318A	exact	matched_exact
PI408318B	Y	Y	PI408318B	exact	matched_exact
PI408319A	Y	Y	PI408319A	exact	matched_exact
PI408319B	Y	Y	PI408319B	exact	matched_exact
PI408319C	Y	Y	PI408319C	exact	matched_exact
PI408320	Y	Y	PI408320	exact	matched_exact
PI408321	Y	Y	PI408321	exact	matched_exact
PI408322	Y	Y	PI408322	exact	matched_exact
PI408323	Y	Y	PI408323	exact	matched_exact
PI408324	Y	Y	PI408324	exact	matched_exact
PI408325	Y	Y	PI408325	exact	matched_exact
PI408326	Y	Y	PI408326	exact	matched_exact
PI408327A	Y	Y	PI408327A	exact	matched_exact
PI408327B	Y	Y	PI408327B	exact	matched_exact
PI408328	Y	Y	PI408328	exact	matched_exact
PI408329	Y	Y	PI408329	exact	matched_exact
PI408330	Y	Y	PI408330	exact	matched_exact
PI408331	Y	Y	PI408331	exact	matched_exact
PI408332A	Y	Y	PI408332A	exact	matched_exact
PI408332B	Y	Y	PI408332B	exact	matched_exact
PI408332C	Y	Y	PI408332C	exact	matched_exact
PI408333	Y	Y	PI408333	exact	matched_exact
PI408334	Y	Y	PI408334	exact	matched_exact
PI408335A	Y	Y	PI408335A	exact	matched_exact
PI408335B	Y	Y	PI408335B	exact	matched_exact
PI408336	Y	Y	PI408336	exact	matched_exact
PI408337	Y	Y	PI408337	exact	matched_exact
PI408338	Y	Y	PI408338	exact	matched_exact
PI408339	Y	Y	PI408339	exact	matched_exact
PI408340	Y	Y	PI408340	exact	matched_exact
PI408342	Y	Y	PI408342	exact	matched_exact
PI408343	Y	Y	PI408343	exact	matched_exact
PI408344	Y	Y	PI408344	exact	matched_exact
PI408345	Y	Y	PI408345	exact	matched_exact
PI415072	Y	Y	PI415072	exact	matched_exact
PI415073A	Y	Y	PI415073A	exact	matched_exact
PI415073B	Y	Y	PI415073B	exact	matched_exact
PI415074	Y	Y	PI415074	exact	matched_exact
PI415701A	Y	N		none	vcf_only
PI415701B	Y	N		none	vcf_only
PI416746	Y	Y	PI416746	exact	matched_exact
PI416747	Y	Y	PI416747	exact	matched_exact
PI416748	Y	Y	PI416748	exact	matched_exact
PI416749	Y	Y	PI416749	exact	matched_exact
PI416750	Y	Y	PI416750	exact	matched_exact
PI416751	Y	Y	PI416751	exact	matched_exact
PI416752	Y	Y	PI416752	exact	matched_exact
PI416753	Y	Y	PI416753	exact	matched_exact
PI416754	Y	Y	PI416754	exact	matched_exact
PI416755	Y	Y	PI416755	exact	matched_exact
PI416756	Y	Y	PI416756	exact	matched_exact
PI416757	Y	Y	PI416757	exact	matched_exact
PI416758	Y	Y	PI416758	exact	matched_exact
PI416759	Y	Y	PI416759	exact	matched_exact
PI416760	Y	Y	PI416760	exact	matched_exact
PI416761	Y	Y	PI416761	exact	matched_exact
PI416762	Y	Y	PI416762	exact	matched_exact
PI416763	Y	Y	PI416763	exact	matched_exact
PI416764	Y	Y	PI416764	exact	matched_exact
PI416765	Y	Y	PI416765	exact	matched_exact
PI416766	Y	Y	PI416766	exact	matched_exact
PI416767	Y	Y	PI416767	exact	matched_exact
PI416768	Y	Y	PI416768	exact	matched_exact
PI416769A	Y	Y	PI416769A	exact	matched_exact
PI416769B	Y	Y	PI416769B	exact	matched_exact
PI416769C	Y	Y	PI416769C	exact	matched_exact
PI416770	Y	Y	PI416770	exact	matched_exact
PI416771	Y	Y	PI416771	exact	matched_exact
PI416772	Y	Y	PI416772	exact	matched_exact
PI416773	Y	Y	PI416773	exact	matched_exact
PI416774	Y	Y	PI416774	exact	matched_exact
PI416775	Y	Y	PI416775	exact	matched_exact
PI416776	Y	Y	PI416776	exact	matched_exact
PI416777	Y	Y	PI416777	exact	matched_exact
PI416778	Y	Y	PI416778	exact	matched_exact
PI416779	Y	Y	PI416779	exact	matched_exact
PI416780	Y	Y	PI416780	exact	matched_exact
PI416781	Y	Y	PI416781	exact	matched_exact
PI416782	Y	Y	PI416782	exact	matched_exact
PI416783	Y	Y	PI416783	exact	matched_exact
PI416784	Y	Y	PI416784	exact	matched_exact
PI416785	Y	Y	PI416785	exact	matched_exact
PI416786	Y	Y	PI416786	exact	matched_exact
PI416787	Y	Y	PI416787	exact	matched_exact
PI416788	Y	Y	PI416788	exact	matched_exact
PI416789	Y	Y	PI416789	exact	matched_exact
PI416790	Y	Y	PI416790	exact	matched_exact
PI416791	Y	Y	PI416791	exact	matched_exact
PI416792	Y	Y	PI416792	exact	matched_exact
PI416793	Y	Y	PI416793	exact	matched_exact
PI416794	Y	Y	PI416794	exact	matched_exact
PI416795	Y	Y	PI416795	exact	matched_exact
PI416796	Y	Y	PI416796	exact	matched_exact
PI416797	Y	Y	PI416797	exact	matched_exact
PI416798	Y	Y	PI416798	exact	matched_exact
PI416799	Y	Y	PI416799	exact	matched_exact
PI416800	Y	Y	PI416800	exact	matched_exact
PI416801	Y	Y	PI416801	exact	matched_exact
PI416802	Y	Y	PI416802	exact	matched_exact
PI416803	Y	Y	PI416803	exact	matched_exact
PI416804	Y	Y	PI416804	exact	matched_exact
PI416805	Y	Y	PI416805	exact	matched_exact
PI416806	Y	Y	PI416806	exact	matched_exact
PI416807	Y	Y	PI416807	exact	matched_exact
PI416808	Y	Y	PI416808	exact	matched_exact
PI416809	Y	Y	PI416809	exact	matched_exact
PI416810	Y	Y	PI416810	exact	matched_exact
PI416811	Y	Y	PI416811	exact	matched_exact
PI416812	Y	Y	PI416812	exact	matched_exact
PI416813	Y	Y	PI416813	exact	matched_exact
PI416814	Y	Y	PI416814	exact	matched_exact
PI416815	Y	Y	PI416815	exact	matched_exact
PI416816	Y	Y	PI416816	exact	matched_exact
PI416817	Y	Y	PI416817	exact	matched_exact
PI416818	Y	Y	PI416818	exact	matched_exact
PI416819A	Y	Y	PI416819A	exact	matched_exact
PI416819B	Y	Y	PI416819B	exact	matched_exact
PI416820	Y	Y	PI416820	exact	matched_exact
PI416821	Y	Y	PI416821	exact	matched_exact
PI416822	Y	Y	PI416822	exact	matched_exact
PI416823	Y	Y	PI416823	exact	matched_exact
PI416824	Y	Y	PI416824	exact	matched_exact
PI416825A	Y	Y	PI416825A	exact	matched_exact
PI416825B	Y	Y	PI416825B	exact	matched_exact
PI416825C	Y	Y	PI416825C	exact	matched_exact
PI416826A	Y	Y	PI416826A	exact	matched_exact
PI416826B	Y	Y	PI416826B	exact	matched_exact
PI416827	Y	Y	PI416827	exact	matched_exact
PI416828	Y	Y	PI416828	exact	matched_exact
PI416829	Y	Y	PI416829	exact	matched_exact
PI416830	Y	Y	PI416830	exact	matched_exact
PI416831	Y	Y	PI416831	exact	matched_exact
PI416832	Y	Y	PI416832	exact	matched_exact
PI416833	Y	Y	PI416833	exact	matched_exact
PI416834	Y	Y	PI416834	exact	matched_exact
PI416835	Y	Y	PI416835	exact	matched_exact
PI416836	Y	Y	PI416836	exact	matched_exact
PI416837	Y	Y	PI416837	exact	matched_exact
PI416838	Y	Y	PI416838	exact	matched_exact
PI416839	Y	Y	PI416839	exact	matched_exact
PI416840	Y	Y	PI416840	exact	matched_exact
PI416841	Y	Y	PI416841	exact	matched_exact
PI416842	Y	Y	PI416842	exact	matched_exact
PI416843	Y	Y	PI416843	exact	matched_exact
PI416844	Y	Y	PI416844	exact	matched_exact
PI416845	Y	Y	PI416845	exact	matched_exact
PI416846	Y	Y	PI416846	exact	matched_exact
PI416847	Y	Y	PI416847	exact	matched_exact
PI416848	Y	Y	PI416848	exact	matched_exact
PI416849	Y	Y	PI416849	exact	matched_exact
PI416850	Y	Y	PI416850	exact	matched_exact
PI416851	Y	Y	PI416851	exact	matched_exact
PI416852	Y	Y	PI416852	exact	matched_exact
PI416853	Y	Y	PI416853	exact	matched_exact
PI416854	Y	Y	PI416854	exact	matched_exact
PI416855	Y	Y	PI416855	exact	matched_exact
PI416856	Y	Y	PI416856	exact	matched_exact
PI416857	Y	Y	PI416857	exact	matched_exact
PI416858	Y	Y	PI416858	exact	matched_exact
PI416859	Y	Y	PI416859	exact	matched_exact
PI416860	Y	Y	PI416860	exact	matched_exact
PI416861	Y	Y	PI416861	exact	matched_exact
PI416862	Y	Y	PI416862	exact	matched_exact
PI416863	Y	Y	PI416863	exact	matched_exact
PI416864	Y	Y	PI416864	exact	matched_exact
PI416865	Y	Y	PI416865	exact	matched_exact
PI416866	Y	Y	PI416866	exact	matched_exact
PI416867	Y	Y	PI416867	exact	matched_exact
PI416868A	Y	Y	PI416868A	exact	matched_exact
PI416868B	Y	Y	PI416868B	exact	matched_exact
PI416869	Y	Y	PI416869	exact	matched_exact
PI416870	Y	Y	PI416870	exact	matched_exact
PI416871	Y	Y	PI416871	exact	matched_exact
PI416872	Y	Y	PI416872	exact	matched_exact
PI416873A	Y	Y	PI416873A	exact	matched_exact
PI416873B	Y	Y	PI416873B	exact	matched_exact
PI416873C	Y	Y	PI416873C	exact	matched_exact
PI416874A	Y	Y	PI416874A	exact	matched_exact
PI416874B	Y	Y	PI416874B	exact	matched_exact
PI416875	Y	Y	PI416875	exact	matched_exact
PI416876	Y	Y	PI416876	exact	matched_exact
PI416877	Y	Y	PI416877	exact	matched_exact
PI416878	Y	Y	PI416878	exact	matched_exact
PI416879	Y	Y	PI416879	exact	matched_exact
PI416880A	Y	Y	PI416880A	exact	matched_exact
PI416880B	Y	Y	PI416880B	exact	matched_exact
PI416881	Y	Y	PI416881	exact	matched_exact
PI416882	Y	Y	PI416882	exact	matched_exact
PI416883	Y	Y	PI416883	exact	matched_exact
PI416884	Y	Y	PI416884	exact	matched_exact
PI416885	Y	Y	PI416885	exact	matched_exact
PI416886	Y	Y	PI416886	exact	matched_exact
PI416887	Y	Y	PI416887	exact	matched_exact
PI416888	Y	Y	PI416888	exact	matched_exact
PI416889	Y	Y	PI416889	exact	matched_exact
PI416890	Y	Y	PI416890	exact	matched_exact
PI416891	Y	Y	PI416891	exact	matched_exact
PI416892	Y	Y	PI416892	exact	matched_exact
PI416893	Y	Y	PI416893	exact	matched_exact
PI416894A	Y	Y	PI416894A	exact	matched_exact
PI416894B	Y	Y	PI416894B	exact	matched_exact
PI416894C	Y	Y	PI416894C	exact	matched_exact
PI416894D	Y	Y	PI416894D	exact	matched_exact
PI416895	Y	Y	PI416895	exact	matched_exact
PI416896	Y	Y	PI416896	exact	matched_exact
PI416897	Y	Y	PI416897	exact	matched_exact
PI416898	Y	Y	PI416898	exact	matched_exact
PI416899	Y	Y	PI416899	exact	matched_exact
PI416900	Y	Y	PI416900	exact	matched_exact
PI416901	Y	Y	PI416901	exact	matched_exact
PI416902	Y	Y	PI416902	exact	matched_exact
PI416903	Y	Y	PI416903	exact	matched_exact
PI416904A	Y	Y	PI416904A	exact	matched_exact
PI416904B	Y	Y	PI416904B	exact	matched_exact
PI416904C	Y	Y	PI416904C	exact	matched_exact
PI416905	Y	Y	PI416905	exact	matched_exact
PI416906	Y	Y	PI416906	exact	matched_exact
PI416907	Y	Y	PI416907	exact	matched_exact
PI416908	Y	Y	PI416908	exact	matched_exact
PI416909	Y	Y	PI416909	exact	matched_exact
PI416910	Y	Y	PI416910	exact	matched_exact
PI416911	Y	Y	PI416911	exact	matched_exact
PI416912	Y	Y	PI416912	exact	matched_exact
PI416913	Y	Y	PI416913	exact	matched_exact
PI416914	Y	Y	PI416914	exact	matched_exact
PI416915	Y	Y	PI416915	exact	matched_exact
PI416916	Y	Y	PI416916	exact	matched_exact
PI416917	Y	Y	PI416917	exact	matched_exact
PI416918	Y	Y	PI416918	exact	matched_exact
PI416919	Y	Y	PI416919	exact	matched_exact
PI416920	Y	Y	PI416920	exact	matched_exact
PI416921	Y	Y	PI416921	exact	matched_exact
PI416922	Y	Y	PI416922	exact	matched_exact
PI416923	Y	Y	PI416923	exact	matched_exact
PI416924	Y	Y	PI416924	exact	matched_exact
PI416925	Y	Y	PI416925	exact	matched_exact
PI416926A	Y	Y	PI416926A	exact	matched_exact
PI416926B	Y	Y	PI416926B	exact	matched_exact
PI416927	Y	Y	PI416927	exact	matched_exact
PI416928	Y	Y	PI416928	exact	matched_exact
PI416929	Y	Y	PI416929	exact	matched_exact
PI416930	Y	Y	PI416930	exact	matched_exact
PI416931	Y	Y	PI416931	exact	matched_exact
PI416932	Y	Y	PI416932	exact	matched_exact
PI416933	Y	Y	PI416933	exact	matched_exact
PI416934	Y	Y	PI416934	exact	matched_exact
PI416935	Y	Y	PI416935	exact	matched_exact
PI416936	Y	Y	PI416936	exact	matched_exact
PI416937	Y	Y	PI416937	exact	matched_exact
PI416938	Y	Y	PI416938	exact	matched_exact
PI416939	Y	Y	PI416939	exact	matched_exact
PI416940	Y	Y	PI416940	exact	matched_exact
PI416941	Y	Y	PI416941	exact	matched_exact
PI416942	Y	Y	PI416942	exact	matched_exact
PI416943	Y	Y	PI416943	exact	matched_exact
PI416944	Y	Y	PI416944	exact	matched_exact
PI416945	Y	Y	PI416945	exact	matched_exact
PI416946	Y	Y	PI416946	exact	matched_exact
PI416947	Y	Y	PI416947	exact	matched_exact
PI416948	Y	Y	PI416948	exact	matched_exact
PI416949	Y	Y	PI416949	exact	matched_exact
PI416950	Y	Y	PI416950	exact	matched_exact
PI416951	Y	Y	PI416951	exact	matched_exact
PI416952	Y	Y	PI416952	exact	matched_exact
PI416953	Y	Y	PI416953	exact	matched_exact
PI416954	Y	Y	PI416954	exact	matched_exact
PI416955	Y	Y	PI416955	exact	matched_exact
PI416956	Y	Y	PI416956	exact	matched_exact
PI416957	Y	Y	PI416957	exact	matched_exact
PI416958	Y	Y	PI416958	exact	matched_exact
PI416959	Y	Y	PI416959	exact	matched_exact
PI416960	Y	Y	PI416960	exact	matched_exact
PI416961	Y	Y	PI416961	exact	matched_exact
PI416962	Y	Y	PI416962	exact	matched_exact
PI416963	Y	Y	PI416963	exact	matched_exact
PI416964	Y	Y	PI416964	exact	matched_exact
PI416965	Y	Y	PI416965	exact	matched_exact
PI416966	Y	Y	PI416966	exact	matched_exact
PI416967	Y	Y	PI416967	exact	matched_exact
PI416968	Y	Y	PI416968	exact	matched_exact
PI416969	Y	Y	PI416969	exact	matched_exact
PI416970	Y	Y	PI416970	exact	matched_exact
PI416971	Y	Y	PI416971	exact	matched_exact
PI416972	Y	Y	PI416972	exact	matched_exact
PI416973	Y	Y	PI416973	exact	matched_exact
PI416974	Y	Y	PI416974	exact	matched_exact
PI416975	Y	Y	PI416975	exact	matched_exact
PI416976	Y	Y	PI416976	exact	matched_exact
PI416977	Y	Y	PI416977	exact	matched_exact
PI416978	Y	Y	PI416978	exact	matched_exact
PI416979	Y	Y	PI416979	exact	matched_exact
PI416980	Y	Y	PI416980	exact	matched_exact
PI416981	Y	Y	PI416981	exact	matched_exact
PI416982	Y	Y	PI416982	exact	matched_exact
PI416983	Y	Y	PI416983	exact	matched_exact
PI416984	Y	Y	PI416984	exact	matched_exact
PI416985	Y	Y	PI416985	exact	matched_exact
PI416986	Y	Y	PI416986	exact	matched_exact
PI416987	Y	Y	PI416987	exact	matched_exact
PI416988	Y	Y	PI416988	exact	matched_exact
PI416989	Y	Y	PI416989	exact	matched_exact
PI416990	Y	Y	PI416990	exact	matched_exact
PI416991	Y	Y	PI416991	exact	matched_exact
PI416992	Y	Y	PI416992	exact	matched_exact
PI416993	Y	Y	PI416993	exact	matched_exact
PI416994	Y	Y	PI416994	exact	matched_exact
PI416995	Y	Y	PI416995	exact	matched_exact
PI416996	Y	Y	PI416996	exact	matched_exact
PI416997	Y	Y	PI416997	exact	matched_exact
PI416998	Y	Y	PI416998	exact	matched_exact
PI416999	Y	Y	PI416999	exact	matched_exact
PI417000	Y	Y	PI417000	exact	matched_exact
PI417001	Y	Y	PI417001	exact	matched_exact
PI417002	Y	Y	PI417002	exact	matched_exact
PI417003	Y	Y	PI417003	exact	matched_exact
PI417004	Y	Y	PI417004	exact	matched_exact
PI417005	Y	Y	PI417005	exact	matched_exact
PI417006	Y	Y	PI417006	exact	matched_exact
PI417007	Y	Y	PI417007	exact	matched_exact
PI417008	Y	Y	PI417008	exact	matched_exact
PI417009	Y	Y	PI417009	exact	matched_exact
PI417010	Y	Y	PI417010	exact	matched_exact
PI417011	Y	Y	PI417011	exact	matched_exact
PI417012	Y	Y	PI417012	exact	matched_exact
PI417013	Y	Y	PI417013	exact	matched_exact
PI417014A	Y	Y	PI417014A	exact	matched_exact
PI417014B	Y	Y	PI417014B	exact	matched_exact
PI417015	Y	Y	PI417015	exact	matched_exact
PI417016	Y	Y	PI417016	exact	matched_exact
PI417017	Y	Y	PI417017	exact	matched_exact
PI417018	Y	Y	PI417018	exact	matched_exact
PI417019	Y	Y	PI417019	exact	matched_exact
PI417020	Y	Y	PI417020	exact	matched_exact
PI417021	Y	Y	PI417021	exact	matched_exact
PI417022	Y	Y	PI417022	exact	matched_exact
PI417023	Y	Y	PI417023	exact	matched_exact
PI417024	Y	Y	PI417024	exact	matched_exact
PI417025	Y	Y	PI417025	exact	matched_exact
PI417026	Y	Y	PI417026	exact	matched_exact
PI417027	Y	Y	PI417027	exact	matched_exact
PI417028	Y	Y	PI417028	exact	matched_exact
PI417029	Y	Y	PI417029	exact	matched_exact
PI417030	Y	Y	PI417030	exact	matched_exact
PI417031	Y	Y	PI417031	exact	matched_exact
PI417032	Y	Y	PI417032	exact	matched_exact
PI417033A	Y	Y	PI417033A	exact	matched_exact
PI417033B	Y	Y	PI417033B	exact	matched_exact
PI417034	Y	Y	PI417034	exact	matched_exact
PI417035	Y	Y	PI417035	exact	matched_exact
PI417036	Y	Y	PI417036	exact	matched_exact
PI417037	Y	Y	PI417037	exact	matched_exact
PI417038	Y	Y	PI417038	exact	matched_exact
PI417039	Y	Y	PI417039	exact	matched_exact
PI417040A	Y	Y	PI417040A	exact	matched_exact
PI417040B	Y	Y	PI417040B	exact	matched_exact
PI417041	Y	Y	PI417041	exact	matched_exact
PI417042	Y	Y	PI417042	exact	matched_exact
PI417043	Y	Y	PI417043	exact	matched_exact
PI417044	Y	Y	PI417044	exact	matched_exact
PI417045	Y	Y	PI417045	exact	matched_exact
PI417046	Y	Y	PI417046	exact	matched_exact
PI417047	Y	Y	PI417047	exact	matched_exact
PI417048	Y	Y	PI417048	exact	matched_exact
PI417049	Y	Y	PI417049	exact	matched_exact
PI417050	Y	Y	PI417050	exact	matched_exact
PI417051	Y	Y	PI417051	exact	matched_exact
PI417052	Y	Y	PI417052	exact	matched_exact
PI417053	Y	Y	PI417053	exact	matched_exact
PI417054	Y	Y	PI417054	exact	matched_exact
PI417055	Y	Y	PI417055	exact	matched_exact
PI417056	Y	Y	PI417056	exact	matched_exact
PI417057	Y	Y	PI417057	exact	matched_exact
PI417058	Y	Y	PI417058	exact	matched_exact
PI417059	Y	Y	PI417059	exact	matched_exact
PI417060	Y	Y	PI417060	exact	matched_exact
PI417061	Y	Y	PI417061	exact	matched_exact
PI417062	Y	Y	PI417062	exact	matched_exact
PI417063	Y	Y	PI417063	exact	matched_exact
PI417064	Y	Y	PI417064	exact	matched_exact
PI417065	Y	Y	PI417065	exact	matched_exact
PI417066	Y	Y	PI417066	exact	matched_exact
PI417067	Y	Y	PI417067	exact	matched_exact
PI417068	Y	Y	PI417068	exact	matched_exact
PI417069	Y	Y	PI417069	exact	matched_exact
PI417070	Y	Y	PI417070	exact	matched_exact
PI417071	Y	Y	PI417071	exact	matched_exact
PI417072	Y	Y	PI417072	exact	matched_exact
PI417073	Y	Y	PI417073	exact	matched_exact
PI417074	Y	Y	PI417074	exact	matched_exact
PI417075	Y	Y	PI417075	exact	matched_exact
PI417076	Y	Y	PI417076	exact	matched_exact
PI417077	Y	Y	PI417077	exact	matched_exact
PI417078	Y	Y	PI417078	exact	matched_exact
PI417079	Y	Y	PI417079	exact	matched_exact
PI417080	Y	Y	PI417080	exact	matched_exact
PI417081	Y	Y	PI417081	exact	matched_exact
PI417082	Y	Y	PI417082	exact	matched_exact
PI417083	Y	Y	PI417083	exact	matched_exact
PI417084A	Y	Y	PI417084A	exact	matched_exact
PI417084B	Y	Y	PI417084B	exact	matched_exact
PI417085	Y	Y	PI417085	exact	matched_exact
PI417086A	Y	Y	PI417086A	exact	matched_exact
PI417086B	Y	Y	PI417086B	exact	matched_exact
PI417087	Y	Y	PI417087	exact	matched_exact
PI417088	Y	Y	PI417088	exact	matched_exact
PI417089A	Y	Y	PI417089A	exact	matched_exact
PI417089B	Y	Y	PI417089B	exact	matched_exact
PI417090	Y	Y	PI417090	exact	matched_exact
PI417091	Y	Y	PI417091	exact	matched_exact
PI417092	Y	Y	PI417092	exact	matched_exact
PI417093	Y	Y	PI417093	exact	matched_exact
PI417094	Y	Y	PI417094	exact	matched_exact
PI417095	Y	Y	PI417095	exact	matched_exact
PI417096	Y	Y	PI417096	exact	matched_exact
PI417097	Y	Y	PI417097	exact	matched_exact
PI417098	Y	Y	PI417098	exact	matched_exact
PI417099	Y	Y	PI417099	exact	matched_exact
PI417100	Y	Y	PI417100	exact	matched_exact
PI417101	Y	Y	PI417101	exact	matched_exact
PI417102A	Y	Y	PI417102A	exact	matched_exact
PI417102B	Y	Y	PI417102B	exact	matched_exact
PI417103	Y	Y	PI417103	exact	matched_exact
PI417104	Y	Y	PI417104	exact	matched_exact
PI417105	Y	Y	PI417105	exact	matched_exact
PI417106	Y	Y	PI417106	exact	matched_exact
PI417107	Y	Y	PI417107	exact	matched_exact
PI417108	Y	Y	PI417108	exact	matched_exact
PI417109	Y	Y	PI417109	exact	matched_exact
PI417110	Y	Y	PI417110	exact	matched_exact
PI417111	Y	Y	PI417111	exact	matched_exact
PI417112	Y	Y	PI417112	exact	matched_exact
PI417113	Y	Y	PI417113	exact	matched_exact
PI417114	Y	Y	PI417114	exact	matched_exact
PI417115	Y	Y	PI417115	exact	matched_exact
PI417116	Y	Y	PI417116	exact	matched_exact
PI417117	Y	Y	PI417117	exact	matched_exact
PI417118	Y	Y	PI417118	exact	matched_exact
PI417119	Y	Y	PI417119	exact	matched_exact
PI417120	Y	Y	PI417120	exact	matched_exact
PI417121	Y	Y	PI417121	exact	matched_exact
PI417122	Y	Y	PI417122	exact	matched_exact
PI417123	Y	Y	PI417123	exact	matched_exact
PI417124	Y	Y	PI417124	exact	matched_exact
PI417125	Y	Y	PI417125	exact	matched_exact
PI417126	Y	Y	PI417126	exact	matched_exact
PI417127	Y	Y	PI417127	exact	matched_exact
PI417128	Y	Y	PI417128	exact	matched_exact
PI417129A	Y	Y	PI417129A	exact	matched_exact
PI417129B	Y	Y	PI417129B	exact	matched_exact
PI417130	Y	Y	PI417130	exact	matched_exact
PI417131	Y	Y	PI417131	exact	matched_exact
PI417132	Y	Y	PI417132	exact	matched_exact
PI417133	Y	Y	PI417133	exact	matched_exact
PI417134	Y	Y	PI417134	exact	matched_exact
PI417135A	Y	Y	PI417135A	exact	matched_exact
PI417135B	Y	Y	PI417135B	exact	matched_exact
PI417136	Y	Y	PI417136	exact	matched_exact
PI417137	Y	Y	PI417137	exact	matched_exact
PI417138	Y	Y	PI417138	exact	matched_exact
PI417139	Y	Y	PI417139	exact	matched_exact
PI417140	Y	Y	PI417140	exact	matched_exact
PI417141	Y	Y	PI417141	exact	matched_exact
PI417142	Y	Y	PI417142	exact	matched_exact
PI417143	Y	Y	PI417143	exact	matched_exact
PI417144	Y	Y	PI417144	exact	matched_exact
PI417145	Y	Y	PI417145	exact	matched_exact
PI417146	Y	Y	PI417146	exact	matched_exact
PI417147	Y	Y	PI417147	exact	matched_exact
PI417148	Y	Y	PI417148	exact	matched_exact
PI417149	Y	Y	PI417149	exact	matched_exact
PI417150	Y	Y	PI417150	exact	matched_exact
PI417151	Y	Y	PI417151	exact	matched_exact
PI417152	Y	Y	PI417152	exact	matched_exact
PI417153	Y	Y	PI417153	exact	matched_exact
PI417154	Y	Y	PI417154	exact	matched_exact
PI417156	Y	Y	PI417156	exact	matched_exact
PI417157	Y	Y	PI417157	exact	matched_exact
PI417158	Y	Y	PI417158	exact	matched_exact
PI417159	Y	Y	PI417159	exact	matched_exact
PI417160	Y	Y	PI417160	exact	matched_exact
PI417161	Y	Y	PI417161	exact	matched_exact
PI417162	Y	Y	PI417162	exact	matched_exact
PI417163	Y	Y	PI417163	exact	matched_exact
PI417164	Y	Y	PI417164	exact	matched_exact
PI417165	Y	Y	PI417165	exact	matched_exact
PI417166	Y	Y	PI417166	exact	matched_exact
PI417167	Y	Y	PI417167	exact	matched_exact
PI417168	Y	Y	PI417168	exact	matched_exact
PI417169	Y	Y	PI417169	exact	matched_exact
PI417170	Y	Y	PI417170	exact	matched_exact
PI417171	Y	Y	PI417171	exact	matched_exact
PI417172	Y	Y	PI417172	exact	matched_exact
PI417173	Y	Y	PI417173	exact	matched_exact
PI417174	Y	Y	PI417174	exact	matched_exact
PI417175	Y	Y	PI417175	exact	matched_exact
PI417176	Y	Y	PI417176	exact	matched_exact
PI417177	Y	Y	PI417177	exact	matched_exact
PI417178	Y	Y	PI417178	exact	matched_exact
PI417179A	Y	Y	PI417179A	exact	matched_exact
PI417179B	Y	Y	PI417179B	exact	matched_exact
PI417180	Y	Y	PI417180	exact	matched_exact
PI417181	Y	Y	PI417181	exact	matched_exact
PI417183	Y	Y	PI417183	exact	matched_exact
PI417184A	Y	Y	PI417184A	exact	matched_exact
PI417184B	Y	Y	PI417184B	exact	matched_exact
PI417184C	Y	Y	PI417184C	exact	matched_exact
PI417185	Y	Y	PI417185	exact	matched_exact
PI417186	Y	Y	PI417186	exact	matched_exact
PI417187	Y	Y	PI417187	exact	matched_exact
PI417188	Y	Y	PI417188	exact	matched_exact
PI417189	Y	Y	PI417189	exact	matched_exact
PI417190	Y	Y	PI417190	exact	matched_exact
PI417191	Y	Y	PI417191	exact	matched_exact
PI417192	Y	Y	PI417192	exact	matched_exact
PI417193	Y	Y	PI417193	exact	matched_exact
PI417194	Y	Y	PI417194	exact	matched_exact
PI417195	Y	Y	PI417195	exact	matched_exact
PI417196A	Y	Y	PI417196A	exact	matched_exact
PI417196B	Y	Y	PI417196B	exact	matched_exact
PI417197	Y	Y	PI417197	exact	matched_exact
PI417198	Y	Y	PI417198	exact	matched_exact
PI417199	Y	Y	PI417199	exact	matched_exact
PI417200	Y	Y	PI417200	exact	matched_exact
PI417201	Y	Y	PI417201	exact	matched_exact
PI417202	Y	Y	PI417202	exact	matched_exact
PI417203	Y	Y	PI417203	exact	matched_exact
PI417204	Y	Y	PI417204	exact	matched_exact
PI417205	Y	Y	PI417205	exact	matched_exact
PI417206	Y	Y	PI417206	exact	matched_exact
PI417207	Y	Y	PI417207	exact	matched_exact
PI417208	Y	Y	PI417208	exact	matched_exact
PI417209	Y	Y	PI417209	exact	matched_exact
PI417210	Y	Y	PI417210	exact	matched_exact
PI417211	Y	Y	PI417211	exact	matched_exact
PI417212	Y	Y	PI417212	exact	matched_exact
PI417213	Y	Y	PI417213	exact	matched_exact
PI417214	Y	Y	PI417214	exact	matched_exact
PI417215	Y	Y	PI417215	exact	matched_exact
PI417216	Y	Y	PI417216	exact	matched_exact
PI417217	Y	Y	PI417217	exact	matched_exact
PI417218	Y	Y	PI417218	exact	matched_exact
PI417219	Y	Y	PI417219	exact	matched_exact
PI417220	Y	Y	PI417220	exact	matched_exact
PI417221	Y	Y	PI417221	exact	matched_exact
PI417222	Y	Y	PI417222	exact	matched_exact
PI417223	Y	Y	PI417223	exact	matched_exact
PI417224	Y	Y	PI417224	exact	matched_exact
PI417225	Y	Y	PI417225	exact	matched_exact
PI417226	Y	Y	PI417226	exact	matched_exact
PI417227	Y	Y	PI417227	exact	matched_exact
PI417228	Y	Y	PI417228	exact	matched_exact
PI417229	Y	Y	PI417229	exact	matched_exact
PI417230	Y	Y	PI417230	exact	matched_exact
PI417231	Y	Y	PI417231	exact	matched_exact
PI417232	Y	Y	PI417232	exact	matched_exact
PI417233	Y	Y	PI417233	exact	matched_exact
PI417234	Y	Y	PI417234	exact	matched_exact
PI417235	Y	Y	PI417235	exact	matched_exact
PI417236	Y	Y	PI417236	exact	matched_exact
PI417237	Y	Y	PI417237	exact	matched_exact
PI417238	Y	Y	PI417238	exact	matched_exact
PI417239	Y	Y	PI417239	exact	matched_exact
PI417240	Y	Y	PI417240	exact	matched_exact
PI417241	Y	Y	PI417241	exact	matched_exact
PI417242	Y	Y	PI417242	exact	matched_exact
PI417243	Y	Y	PI417243	exact	matched_exact
PI417244	Y	Y	PI417244	exact	matched_exact
PI417245	Y	Y	PI417245	exact	matched_exact
PI417246	Y	Y	PI417246	exact	matched_exact
PI417247	Y	Y	PI417247	exact	matched_exact
PI417248	Y	Y	PI417248	exact	matched_exact
PI417249	Y	Y	PI417249	exact	matched_exact
PI417250	Y	Y	PI417250	exact	matched_exact
PI417251	Y	Y	PI417251	exact	matched_exact
PI417252	Y	Y	PI417252	exact	matched_exact
PI417253	Y	Y	PI417253	exact	matched_exact
PI417254	Y	Y	PI417254	exact	matched_exact
PI417255	Y	Y	PI417255	exact	matched_exact
PI417256	Y	Y	PI417256	exact	matched_exact
PI417257	Y	Y	PI417257	exact	matched_exact
PI417258	Y	Y	PI417258	exact	matched_exact
PI417259	Y	Y	PI417259	exact	matched_exact
PI417260A	Y	Y	PI417260A	exact	matched_exact
PI417260B	Y	Y	PI417260B	exact	matched_exact
PI417261	Y	Y	PI417261	exact	matched_exact
PI417262	Y	Y	PI417262	exact	matched_exact
PI417263	Y	Y	PI417263	exact	matched_exact
PI417264	Y	Y	PI417264	exact	matched_exact
PI417265	Y	Y	PI417265	exact	matched_exact
PI417266	Y	Y	PI417266	exact	matched_exact
PI417267	Y	Y	PI417267	exact	matched_exact
PI417268	Y	Y	PI417268	exact	matched_exact
PI417269	Y	Y	PI417269	exact	matched_exact
PI417270	Y	Y	PI417270	exact	matched_exact
PI417271	Y	Y	PI417271	exact	matched_exact
PI417272	Y	Y	PI417272	exact	matched_exact
PI417273	Y	Y	PI417273	exact	matched_exact
PI417274	Y	Y	PI417274	exact	matched_exact
PI417275	Y	Y	PI417275	exact	matched_exact
PI417276	Y	Y	PI417276	exact	matched_exact
PI417277	Y	Y	PI417277	exact	matched_exact
PI417278	Y	Y	PI417278	exact	matched_exact
PI417279	Y	Y	PI417279	exact	matched_exact
PI417280	Y	Y	PI417280	exact	matched_exact
PI417281	Y	Y	PI417281	exact	matched_exact
PI417282	Y	Y	PI417282	exact	matched_exact
PI417283	Y	Y	PI417283	exact	matched_exact
PI417284	Y	Y	PI417284	exact	matched_exact
PI417285	Y	Y	PI417285	exact	matched_exact
PI417286	Y	Y	PI417286	exact	matched_exact
PI417287	Y	Y	PI417287	exact	matched_exact
PI417288	Y	Y	PI417288	exact	matched_exact
PI417289	Y	Y	PI417289	exact	matched_exact
PI417290	Y	Y	PI417290	exact	matched_exact
PI417291	Y	Y	PI417291	exact	matched_exact
PI417292	Y	Y	PI417292	exact	matched_exact
PI417293	Y	Y	PI417293	exact	matched_exact
PI417294	Y	Y	PI417294	exact	matched_exact
PI417295	Y	Y	PI417295	exact	matched_exact
PI417296	Y	Y	PI417296	exact	matched_exact
PI417297	Y	Y	PI417297	exact	matched_exact
PI417298	Y	Y	PI417298	exact	matched_exact
PI417299	Y	Y	PI417299	exact	matched_exact
PI417300	Y	Y	PI417300	exact	matched_exact
PI417301	Y	Y	PI417301	exact	matched_exact
PI417302	Y	Y	PI417302	exact	matched_exact
PI417303	Y	Y	PI417303	exact	matched_exact
PI417304	Y	Y	PI417304	exact	matched_exact
PI417305	Y	Y	PI417305	exact	matched_exact
PI417306	Y	Y	PI417306	exact	matched_exact
PI417307	Y	Y	PI417307	exact	matched_exact
PI417308	Y	Y	PI417308	exact	matched_exact
PI417309A	Y	Y	PI417309A	exact	matched_exact
PI417309B	Y	Y	PI417309B	exact	matched_exact
PI417310	Y	Y	PI417310	exact	matched_exact
PI417311	Y	Y	PI417311	exact	matched_exact
PI417312	Y	Y	PI417312	exact	matched_exact
PI417313	Y	Y	PI417313	exact	matched_exact
PI417314	Y	Y	PI417314	exact	matched_exact
PI417315	Y	Y	PI417315	exact	matched_exact
PI417316	Y	Y	PI417316	exact	matched_exact
PI417317	Y	Y	PI417317	exact	matched_exact
PI417318	Y	Y	PI417318	exact	matched_exact
PI417319	Y	Y	PI417319	exact	matched_exact
PI417320	Y	Y	PI417320	exact	matched_exact
PI417321	Y	Y	PI417321	exact	matched_exact
PI417322	Y	Y	PI417322	exact	matched_exact
PI417323	Y	Y	PI417323	exact	matched_exact
PI417324A	Y	Y	PI417324A	exact	matched_exact
PI417324B	Y	Y	PI417324B	exact	matched_exact
PI417325	Y	Y	PI417325	exact	matched_exact
PI417326	Y	Y	PI417326	exact	matched_exact
PI417327	Y	Y	PI417327	exact	matched_exact
PI417328	Y	Y	PI417328	exact	matched_exact
PI417329	Y	Y	PI417329	exact	matched_exact
PI417330	Y	Y	PI417330	exact	matched_exact
PI417331	Y	Y	PI417331	exact	matched_exact
PI417332	Y	Y	PI417332	exact	matched_exact
PI417333	Y	Y	PI417333	exact	matched_exact
PI417334	Y	Y	PI417334	exact	matched_exact
PI417335	Y	Y	PI417335	exact	matched_exact
PI417336	Y	Y	PI417336	exact	matched_exact
PI417337	Y	Y	PI417337	exact	matched_exact
PI417338	Y	Y	PI417338	exact	matched_exact
PI417339	Y	Y	PI417339	exact	matched_exact
PI417340	Y	Y	PI417340	exact	matched_exact
PI417341	Y	Y	PI417341	exact	matched_exact
PI417342	Y	Y	PI417342	exact	matched_exact
PI417343	Y	Y	PI417343	exact	matched_exact
PI417344	Y	Y	PI417344	exact	matched_exact
PI417345A	Y	Y	PI417345A	exact	matched_exact
PI417345B	Y	Y	PI417345B	exact	matched_exact
PI417346	Y	Y	PI417346	exact	matched_exact
PI417347	Y	Y	PI417347	exact	matched_exact
PI417348	Y	Y	PI417348	exact	matched_exact
PI417349	Y	Y	PI417349	exact	matched_exact
PI417350	Y	Y	PI417350	exact	matched_exact
PI417351	Y	Y	PI417351	exact	matched_exact
PI417352	Y	Y	PI417352	exact	matched_exact
PI417353	Y	Y	PI417353	exact	matched_exact
PI417354	Y	Y	PI417354	exact	matched_exact
PI417355A	Y	Y	PI417355A	exact	matched_exact
PI417355B	Y	Y	PI417355B	exact	matched_exact
PI417356	Y	Y	PI417356	exact	matched_exact
PI417357	Y	Y	PI417357	exact	matched_exact
PI417358	Y	Y	PI417358	exact	matched_exact
PI417359	Y	Y	PI417359	exact	matched_exact
PI417360	Y	Y	PI417360	exact	matched_exact
PI417361	Y	Y	PI417361	exact	matched_exact
PI417362	Y	Y	PI417362	exact	matched_exact
PI417363	Y	Y	PI417363	exact	matched_exact
PI417364	Y	Y	PI417364	exact	matched_exact
PI417365A	Y	Y	PI417365A	exact	matched_exact
PI417365B	Y	Y	PI417365B	exact	matched_exact
PI417366	Y	Y	PI417366	exact	matched_exact
PI417367	Y	Y	PI417367	exact	matched_exact
PI417368	Y	Y	PI417368	exact	matched_exact
PI417369	Y	Y	PI417369	exact	matched_exact
PI417370	Y	Y	PI417370	exact	matched_exact
PI417371	Y	Y	PI417371	exact	matched_exact
PI417372	Y	Y	PI417372	exact	matched_exact
PI417373	Y	Y	PI417373	exact	matched_exact
PI417374	Y	Y	PI417374	exact	matched_exact
PI417375	Y	Y	PI417375	exact	matched_exact
PI417376	Y	Y	PI417376	exact	matched_exact
PI417377	Y	Y	PI417377	exact	matched_exact
PI417378	Y	Y	PI417378	exact	matched_exact
PI417379	Y	Y	PI417379	exact	matched_exact
PI417380	Y	Y	PI417380	exact	matched_exact
PI417381	Y	Y	PI417381	exact	matched_exact
PI417382	Y	Y	PI417382	exact	matched_exact
PI417383	Y	Y	PI417383	exact	matched_exact
PI417384	Y	Y	PI417384	exact	matched_exact
PI417385	Y	Y	PI417385	exact	matched_exact
PI417386	Y	Y	PI417386	exact	matched_exact
PI417387	Y	Y	PI417387	exact	matched_exact
PI417388	Y	Y	PI417388	exact	matched_exact
PI417389A	Y	Y	PI417389A	exact	matched_exact
PI417389B	Y	Y	PI417389B	exact	matched_exact
PI417390	Y	Y	PI417390	exact	matched_exact
PI417391	Y	Y	PI417391	exact	matched_exact
PI417392	Y	Y	PI417392	exact	matched_exact
PI417393	Y	Y	PI417393	exact	matched_exact
PI417394	Y	Y	PI417394	exact	matched_exact
PI417395	Y	Y	PI417395	exact	matched_exact
PI417396	Y	Y	PI417396	exact	matched_exact
PI417397	Y	Y	PI417397	exact	matched_exact
PI417398	Y	Y	PI417398	exact	matched_exact
PI417399	Y	Y	PI417399	exact	matched_exact
PI417400	Y	Y	PI417400	exact	matched_exact
PI417401	Y	Y	PI417401	exact	matched_exact
PI417402	Y	Y	PI417402	exact	matched_exact
PI417403	Y	Y	PI417403	exact	matched_exact
PI417404	Y	Y	PI417404	exact	matched_exact
PI417405	Y	Y	PI417405	exact	matched_exact
PI417406	Y	Y	PI417406	exact	matched_exact
PI417407	Y	Y	PI417407	exact	matched_exact
PI417408	Y	Y	PI417408	exact	matched_exact
PI417409	Y	Y	PI417409	exact	matched_exact
PI417410	Y	Y	PI417410	exact	matched_exact
PI417411	Y	Y	PI417411	exact	matched_exact
PI417412	Y	Y	PI417412	exact	matched_exact
PI417413	Y	Y	PI417413	exact	matched_exact
PI417414A	Y	Y	PI417414A	exact	matched_exact
PI417414B	Y	Y	PI417414B	exact	matched_exact
PI417415	Y	Y	PI417415	exact	matched_exact
PI417416	Y	Y	PI417416	exact	matched_exact
PI417417	Y	Y	PI417417	exact	matched_exact
PI417418	Y	Y	PI417418	exact	matched_exact
PI417419	Y	Y	PI417419	exact	matched_exact
PI417420	Y	Y	PI417420	exact	matched_exact
PI417421	Y	Y	PI417421	exact	matched_exact
PI417422	Y	Y	PI417422	exact	matched_exact
PI417423	Y	Y	PI417423	exact	matched_exact
PI417424	Y	Y	PI417424	exact	matched_exact
PI417425	Y	Y	PI417425	exact	matched_exact
PI417426	Y	Y	PI417426	exact	matched_exact
PI417427	Y	Y	PI417427	exact	matched_exact
PI417428	Y	Y	PI417428	exact	matched_exact
PI417429	Y	Y	PI417429	exact	matched_exact
PI417430	Y	Y	PI417430	exact	matched_exact
PI417431	Y	Y	PI417431	exact	matched_exact
PI417432	Y	Y	PI417432	exact	matched_exact
PI417433	Y	Y	PI417433	exact	matched_exact
PI417434	Y	Y	PI417434	exact	matched_exact
PI417435	Y	Y	PI417435	exact	matched_exact
PI417436	Y	Y	PI417436	exact	matched_exact
PI417437	Y	Y	PI417437	exact	matched_exact
PI417438	Y	Y	PI417438	exact	matched_exact
PI417439	Y	Y	PI417439	exact	matched_exact
PI417440	Y	Y	PI417440	exact	matched_exact
PI417441	Y	Y	PI417441	exact	matched_exact
PI417442	Y	Y	PI417442	exact	matched_exact
PI417443	Y	Y	PI417443	exact	matched_exact
PI417444	Y	Y	PI417444	exact	matched_exact
PI417445	Y	Y	PI417445	exact	matched_exact
PI417446	Y	Y	PI417446	exact	matched_exact
PI417447	Y	Y	PI417447	exact	matched_exact
PI417448	Y	Y	PI417448	exact	matched_exact
PI417449	Y	Y	PI417449	exact	matched_exact
PI417450	Y	Y	PI417450	exact	matched_exact
PI417451	Y	Y	PI417451	exact	matched_exact
PI417452	Y	Y	PI417452	exact	matched_exact
PI417453	Y	Y	PI417453	exact	matched_exact
PI417454	Y	Y	PI417454	exact	matched_exact
PI417455	Y	Y	PI417455	exact	matched_exact
PI417456	Y	Y	PI417456	exact	matched_exact
PI417457	Y	Y	PI417457	exact	matched_exact
PI417458	Y	Y	PI417458	exact	matched_exact
PI417459	Y	Y	PI417459	exact	matched_exact
PI417460	Y	Y	PI417460	exact	matched_exact
PI417461	Y	Y	PI417461	exact	matched_exact
PI417462	Y	Y	PI417462	exact	matched_exact
PI417463	Y	Y	PI417463	exact	matched_exact
PI417464	Y	Y	PI417464	exact	matched_exact
PI417465	Y	Y	PI417465	exact	matched_exact
PI417466	Y	Y	PI417466	exact	matched_exact
PI417467	Y	Y	PI417467	exact	matched_exact
PI417468	Y	Y	PI417468	exact	matched_exact
PI417469	Y	Y	PI417469	exact	matched_exact
PI417470	Y	Y	PI417470	exact	matched_exact
PI417471	Y	Y	PI417471	exact	matched_exact
PI417472A	Y	Y	PI417472A	exact	matched_exact
PI417472B	Y	Y	PI417472B	exact	matched_exact
PI417472C	Y	Y	PI417472C	exact	matched_exact
PI417472D	Y	Y	PI417472D	exact	matched_exact
PI417473	Y	Y	PI417473	exact	matched_exact
PI417474	Y	Y	PI417474	exact	matched_exact
PI417475	Y	Y	PI417475	exact	matched_exact
PI417476	Y	Y	PI417476	exact	matched_exact
PI417477	Y	Y	PI417477	exact	matched_exact
PI417478	Y	Y	PI417478	exact	matched_exact
PI417479	Y	Y	PI417479	exact	matched_exact
PI417480	Y	Y	PI417480	exact	matched_exact
PI417481	Y	Y	PI417481	exact	matched_exact
PI417482	Y	Y	PI417482	exact	matched_exact
PI417483	Y	Y	PI417483	exact	matched_exact
PI417484	Y	Y	PI417484	exact	matched_exact
PI417485	Y	Y	PI417485	exact	matched_exact
PI417486	Y	Y	PI417486	exact	matched_exact
PI417487	Y	Y	PI417487	exact	matched_exact
PI417488	Y	Y	PI417488	exact	matched_exact
PI417489	Y	Y	PI417489	exact	matched_exact
PI417490	Y	Y	PI417490	exact	matched_exact
PI417491	Y	Y	PI417491	exact	matched_exact
PI417492	Y	Y	PI417492	exact	matched_exact
PI417493	Y	Y	PI417493	exact	matched_exact
PI417494	Y	Y	PI417494	exact	matched_exact
PI417495	Y	Y	PI417495	exact	matched_exact
PI417496	Y	Y	PI417496	exact	matched_exact
PI417497	Y	Y	PI417497	exact	matched_exact
PI417498	Y	Y	PI417498	exact	matched_exact
PI417499	Y	Y	PI417499	exact	matched_exact
PI417500	Y	Y	PI417500	exact	matched_exact
PI417501	Y	Y	PI417501	exact	matched_exact
PI417502	Y	Y	PI417502	exact	matched_exact
PI417503	Y	Y	PI417503	exact	matched_exact
PI417504	Y	Y	PI417504	exact	matched_exact
PI417505	Y	Y	PI417505	exact	matched_exact
PI417506	Y	Y	PI417506	exact	matched_exact
PI417507	Y	Y	PI417507	exact	matched_exact
PI417508	Y	Y	PI417508	exact	matched_exact
PI417509	Y	Y	PI417509	exact	matched_exact
PI417510	Y	Y	PI417510	exact	matched_exact
PI417511	Y	Y	PI417511	exact	matched_exact
PI417512A	Y	Y	PI417512A	exact	matched_exact
PI417512B	Y	Y	PI417512B	exact	matched_exact
PI417513A	Y	Y	PI417513A	exact	matched_exact
PI417513B	Y	Y	PI417513B	exact	matched_exact
PI417513C	Y	Y	PI417513C	exact	matched_exact
PI417514	Y	Y	PI417514	exact	matched_exact
PI417515	Y	Y	PI417515	exact	matched_exact
PI417516	Y	Y	PI417516	exact	matched_exact
PI417517	Y	Y	PI417517	exact	matched_exact
PI417518	Y	Y	PI417518	exact	matched_exact
PI417519A	Y	Y	PI417519A	exact	matched_exact
PI417519B	Y	Y	PI417519B	exact	matched_exact
PI417520	Y	Y	PI417520	exact	matched_exact
PI417521	Y	Y	PI417521	exact	matched_exact
PI417522	Y	Y	PI417522	exact	matched_exact
PI417523	Y	Y	PI417523	exact	matched_exact
PI417524	Y	Y	PI417524	exact	matched_exact
PI417525	Y	Y	PI417525	exact	matched_exact
PI417526	Y	Y	PI417526	exact	matched_exact
PI417527	Y	Y	PI417527	exact	matched_exact
PI417528	Y	Y	PI417528	exact	matched_exact
PI417529	Y	Y	PI417529	exact	matched_exact
PI417530	Y	Y	PI417530	exact	matched_exact
PI417531	Y	Y	PI417531	exact	matched_exact
PI417532	Y	Y	PI417532	exact	matched_exact
PI417533	Y	Y	PI417533	exact	matched_exact
PI417534	Y	Y	PI417534	exact	matched_exact
PI417535	Y	Y	PI417535	exact	matched_exact
PI417536A	Y	Y	PI417536A	exact	matched_exact
PI417536B	Y	Y	PI417536B	exact	matched_exact
PI417537A	Y	Y	PI417537A	exact	matched_exact
PI417537B	Y	Y	PI417537B	exact	matched_exact
PI417538	Y	Y	PI417538	exact	matched_exact
PI417539	Y	Y	PI417539	exact	matched_exact
PI417540	Y	Y	PI417540	exact	matched_exact
PI417541	Y	Y	PI417541	exact	matched_exact
PI417542	Y	Y	PI417542	exact	matched_exact
PI417543	Y	Y	PI417543	exact	matched_exact
PI417544A	Y	Y	PI417544A	exact	matched_exact
PI417544B	Y	Y	PI417544B	exact	matched_exact
PI417545	Y	Y	PI417545	exact	matched_exact
PI417546	Y	Y	PI417546	exact	matched_exact
PI417547	Y	Y	PI417547	exact	matched_exact
PI417548	Y	Y	PI417548	exact	matched_exact
PI417549	Y	Y	PI417549	exact	matched_exact
PI417550	Y	Y	PI417550	exact	matched_exact
PI417551	Y	Y	PI417551	exact	matched_exact
PI417552	Y	Y	PI417552	exact	matched_exact
PI417553	Y	Y	PI417553	exact	matched_exact
PI417554	Y	Y	PI417554	exact	matched_exact
PI417555	Y	Y	PI417555	exact	matched_exact
PI417556	Y	Y	PI417556	exact	matched_exact
PI417557	Y	Y	PI417557	exact	matched_exact
PI417558	Y	Y	PI417558	exact	matched_exact
PI417559	Y	Y	PI417559	exact	matched_exact
PI417560	Y	Y	PI417560	exact	matched_exact
PI417561	Y	Y	PI417561	exact	matched_exact
PI417562	Y	Y	PI417562	exact	matched_exact
PI417563	Y	Y	PI417563	exact	matched_exact
PI417564	Y	Y	PI417564	exact	matched_exact
PI417565	Y	Y	PI417565	exact	matched_exact
PI417566	Y	Y	PI417566	exact	matched_exact
PI417567	Y	Y	PI417567	exact	matched_exact
PI417568	Y	Y	PI417568	exact	matched_exact
PI417569	Y	Y	PI417569	exact	matched_exact
PI417570	Y	Y	PI417570	exact	matched_exact
PI417572A	Y	Y	PI417572A	exact	matched_exact
PI417572B	Y	Y	PI417572B	exact	matched_exact
PI417573	Y	Y	PI417573	exact	matched_exact
PI417574	Y	Y	PI417574	exact	matched_exact
PI417575	Y	Y	PI417575	exact	matched_exact
PI417576	Y	Y	PI417576	exact	matched_exact
PI417577	Y	Y	PI417577	exact	matched_exact
PI417578	Y	Y	PI417578	exact	matched_exact
PI417579	Y	Y	PI417579	exact	matched_exact
PI417580	Y	Y	PI417580	exact	matched_exact
PI417581	Y	Y	PI417581	exact	matched_exact
PI417582	Y	Y	PI417582	exact	matched_exact
PI419043	Y	Y	PI419043	exact	matched_exact
PI420338	Y	Y	PI420338	exact	matched_exact
PI423705	Y	Y	PI423705	exact	matched_exact
PI423706	Y	Y	PI423706	exact	matched_exact
PI423707	Y	Y	PI423707	exact	matched_exact
PI423708A	Y	Y	PI423708A	exact	matched_exact
PI423708B	Y	Y	PI423708B	exact	matched_exact
PI423709	Y	Y	PI423709	exact	matched_exact
PI423710	Y	Y	PI423710	exact	matched_exact
PI423711	Y	Y	PI423711	exact	matched_exact
PI423712	Y	Y	PI423712	exact	matched_exact
PI423713	Y	Y	PI423713	exact	matched_exact
PI423714	Y	Y	PI423714	exact	matched_exact
PI423715	Y	Y	PI423715	exact	matched_exact
PI423716	Y	Y	PI423716	exact	matched_exact
PI423717	Y	Y	PI423717	exact	matched_exact
PI423718	Y	Y	PI423718	exact	matched_exact
PI423719	Y	Y	PI423719	exact	matched_exact
PI423720	Y	Y	PI423720	exact	matched_exact
PI423721	Y	Y	PI423721	exact	matched_exact
PI423722	Y	Y	PI423722	exact	matched_exact
PI423723	Y	Y	PI423723	exact	matched_exact
PI423724	Y	Y	PI423724	exact	matched_exact
PI423725	Y	Y	PI423725	exact	matched_exact
PI423726	Y	Y	PI423726	exact	matched_exact
PI423727	Y	Y	PI423727	exact	matched_exact
PI423728A	Y	Y	PI423728A	exact	matched_exact
PI423728B	Y	Y	PI423728B	exact	matched_exact
PI423729	Y	Y	PI423729	exact	matched_exact
PI423730A	Y	Y	PI423730A	exact	matched_exact
PI423730B	Y	Y	PI423730B	exact	matched_exact
PI423731	Y	Y	PI423731	exact	matched_exact
PI423732	Y	Y	PI423732	exact	matched_exact
PI423733	Y	Y	PI423733	exact	matched_exact
PI423734	Y	Y	PI423734	exact	matched_exact
PI423735	Y	Y	PI423735	exact	matched_exact
PI423736A	Y	Y	PI423736A	exact	matched_exact
PI423736B	Y	Y	PI423736B	exact	matched_exact
PI423737	Y	Y	PI423737	exact	matched_exact
PI423738	Y	Y	PI423738	exact	matched_exact
PI423739	Y	Y	PI423739	exact	matched_exact
PI423740	Y	Y	PI423740	exact	matched_exact
PI423741	Y	Y	PI423741	exact	matched_exact
PI423742	Y	Y	PI423742	exact	matched_exact
PI423743A	Y	Y	PI423743A	exact	matched_exact
PI423743B	Y	Y	PI423743B	exact	matched_exact
PI423743C	Y	Y	PI423743C	exact	matched_exact
PI423744	Y	Y	PI423744	exact	matched_exact
PI423745	Y	Y	PI423745	exact	matched_exact
PI423746	Y	Y	PI423746	exact	matched_exact
PI423747A	Y	Y	PI423747A	exact	matched_exact
PI423747B	Y	Y	PI423747B	exact	matched_exact
PI423748A	Y	Y	PI423748A	exact	matched_exact
PI423748B	Y	Y	PI423748B	exact	matched_exact
PI423748C	Y	Y	PI423748C	exact	matched_exact
PI423749	Y	Y	PI423749	exact	matched_exact
PI423750	Y	Y	PI423750	exact	matched_exact
PI423751	Y	Y	PI423751	exact	matched_exact
PI423752A	Y	Y	PI423752A	exact	matched_exact
PI423752B	Y	Y	PI423752B	exact	matched_exact
PI423753A	Y	Y	PI423753A	exact	matched_exact
PI423753B	Y	Y	PI423753B	exact	matched_exact
PI423754	Y	Y	PI423754	exact	matched_exact
PI423755	Y	Y	PI423755	exact	matched_exact
PI423756A	Y	Y	PI423756A	exact	matched_exact
PI423756B	Y	Y	PI423756B	exact	matched_exact
PI423757	Y	Y	PI423757	exact	matched_exact
PI423758	Y	Y	PI423758	exact	matched_exact
PI423759	Y	Y	PI423759	exact	matched_exact
PI423760	Y	Y	PI423760	exact	matched_exact
PI423761	Y	Y	PI423761	exact	matched_exact
PI423762	Y	Y	PI423762	exact	matched_exact
PI423763	Y	Y	PI423763	exact	matched_exact
PI423764	Y	Y	PI423764	exact	matched_exact
PI423765	Y	Y	PI423765	exact	matched_exact
PI423766	Y	Y	PI423766	exact	matched_exact
PI423767	Y	Y	PI423767	exact	matched_exact
PI423768	Y	Y	PI423768	exact	matched_exact
PI423769A	Y	Y	PI423769A	exact	matched_exact
PI423769B	Y	Y	PI423769B	exact	matched_exact
PI423770	Y	Y	PI423770	exact	matched_exact
PI423771	Y	Y	PI423771	exact	matched_exact
PI423772	Y	Y	PI423772	exact	matched_exact
PI423773	Y	Y	PI423773	exact	matched_exact
PI423774	Y	Y	PI423774	exact	matched_exact
PI423775	Y	Y	PI423775	exact	matched_exact
PI423776	Y	Y	PI423776	exact	matched_exact
PI423777	Y	Y	PI423777	exact	matched_exact
PI423778	Y	Y	PI423778	exact	matched_exact
PI423779	Y	Y	PI423779	exact	matched_exact
PI423780	Y	Y	PI423780	exact	matched_exact
PI423781A	Y	Y	PI423781A	exact	matched_exact
PI423781B	Y	Y	PI423781B	exact	matched_exact
PI423782	Y	Y	PI423782	exact	matched_exact
PI423783	Y	Y	PI423783	exact	matched_exact
PI423784	Y	Y	PI423784	exact	matched_exact
PI423785	Y	Y	PI423785	exact	matched_exact
PI423786	Y	Y	PI423786	exact	matched_exact
PI423787	Y	Y	PI423787	exact	matched_exact
PI423788	Y	Y	PI423788	exact	matched_exact
PI423789	Y	Y	PI423789	exact	matched_exact
PI423790	Y	Y	PI423790	exact	matched_exact
PI423791	Y	Y	PI423791	exact	matched_exact
PI423792	Y	Y	PI423792	exact	matched_exact
PI423793	Y	Y	PI423793	exact	matched_exact
PI423794	Y	Y	PI423794	exact	matched_exact
PI423795	Y	Y	PI423795	exact	matched_exact
PI423796A	Y	Y	PI423796A	exact	matched_exact
PI423796B	Y	Y	PI423796B	exact	matched_exact
PI423797	Y	Y	PI423797	exact	matched_exact
PI423798A	Y	Y	PI423798A	exact	matched_exact
PI423798B	Y	Y	PI423798B	exact	matched_exact
PI423799A	Y	Y	PI423799A	exact	matched_exact
PI423799B	Y	Y	PI423799B	exact	matched_exact
PI423799C	Y	Y	PI423799C	exact	matched_exact
PI423800	Y	Y	PI423800	exact	matched_exact
PI423801	Y	Y	PI423801	exact	matched_exact
PI423802	Y	Y	PI423802	exact	matched_exact
PI423803	Y	Y	PI423803	exact	matched_exact
PI423804	Y	Y	PI423804	exact	matched_exact
PI423805	Y	Y	PI423805	exact	matched_exact
PI423806	Y	Y	PI423806	exact	matched_exact
PI423807	Y	Y	PI423807	exact	matched_exact
PI423808A	Y	Y	PI423808A	exact	matched_exact
PI423808B	Y	Y	PI423808B	exact	matched_exact
PI423809	Y	Y	PI423809	exact	matched_exact
PI423810	Y	Y	PI423810	exact	matched_exact
PI423811	Y	Y	PI423811	exact	matched_exact
PI423812	Y	Y	PI423812	exact	matched_exact
PI423813	Y	Y	PI423813	exact	matched_exact
PI423814A	Y	Y	PI423814A	exact	matched_exact
PI423814B	Y	Y	PI423814B	exact	matched_exact
PI423815	Y	Y	PI423815	exact	matched_exact
PI423816	Y	Y	PI423816	exact	matched_exact
PI423817	Y	Y	PI423817	exact	matched_exact
PI423818	Y	Y	PI423818	exact	matched_exact
PI423819	Y	Y	PI423819	exact	matched_exact
PI423820	Y	Y	PI423820	exact	matched_exact
PI423821	Y	Y	PI423821	exact	matched_exact
PI423822	Y	Y	PI423822	exact	matched_exact
PI423823	Y	Y	PI423823	exact	matched_exact
PI423824	Y	Y	PI423824	exact	matched_exact
PI423825	Y	Y	PI423825	exact	matched_exact
PI423826A	Y	Y	PI423826A	exact	matched_exact
PI423826B	Y	Y	PI423826B	exact	matched_exact
PI423826C	Y	Y	PI423826C	exact	matched_exact
PI423827A	Y	Y	PI423827A	exact	matched_exact
PI423827B	Y	Y	PI423827B	exact	matched_exact
PI423828	Y	Y	PI423828	exact	matched_exact
PI423829	Y	Y	PI423829	exact	matched_exact
PI423830A	Y	Y	PI423830A	exact	matched_exact
PI423830B	Y	Y	PI423830B	exact	matched_exact
PI423831	Y	Y	PI423831	exact	matched_exact
PI423832	Y	Y	PI423832	exact	matched_exact
PI423833A	Y	Y	PI423833A	exact	matched_exact
PI423833B	Y	Y	PI423833B	exact	matched_exact
PI423834	Y	Y	PI423834	exact	matched_exact
PI423835	Y	Y	PI423835	exact	matched_exact
PI423836	Y	Y	PI423836	exact	matched_exact
PI423837A	Y	Y	PI423837A	exact	matched_exact
PI423837B	Y	Y	PI423837B	exact	matched_exact
PI423838	Y	Y	PI423838	exact	matched_exact
PI423839	Y	Y	PI423839	exact	matched_exact
PI423840	Y	Y	PI423840	exact	matched_exact
PI423841	Y	Y	PI423841	exact	matched_exact
PI423842	Y	Y	PI423842	exact	matched_exact
PI423843	Y	Y	PI423843	exact	matched_exact
PI423844	Y	Y	PI423844	exact	matched_exact
PI423845A	Y	Y	PI423845A	exact	matched_exact
PI423845B	Y	Y	PI423845B	exact	matched_exact
PI423846	Y	Y	PI423846	exact	matched_exact
PI423847	Y	Y	PI423847	exact	matched_exact
PI423848	Y	Y	PI423848	exact	matched_exact
PI423849	Y	Y	PI423849	exact	matched_exact
PI423850	Y	Y	PI423850	exact	matched_exact
PI423851	Y	Y	PI423851	exact	matched_exact
PI423852	Y	Y	PI423852	exact	matched_exact
PI423853	Y	Y	PI423853	exact	matched_exact
PI423854	Y	Y	PI423854	exact	matched_exact
PI423855	Y	Y	PI423855	exact	matched_exact
PI423856	Y	Y	PI423856	exact	matched_exact
PI423857	Y	Y	PI423857	exact	matched_exact
PI423858	Y	Y	PI423858	exact	matched_exact
PI423859	Y	Y	PI423859	exact	matched_exact
PI423860	Y	Y	PI423860	exact	matched_exact
PI423861	Y	Y	PI423861	exact	matched_exact
PI423862	Y	Y	PI423862	exact	matched_exact
PI423863A	Y	Y	PI423863A	exact	matched_exact
PI423863B	Y	Y	PI423863B	exact	matched_exact
PI423864	Y	Y	PI423864	exact	matched_exact
PI423865	Y	Y	PI423865	exact	matched_exact
PI423866	Y	Y	PI423866	exact	matched_exact
PI423867	Y	Y	PI423867	exact	matched_exact
PI423868	Y	Y	PI423868	exact	matched_exact
PI423869	Y	Y	PI423869	exact	matched_exact
PI423870	Y	Y	PI423870	exact	matched_exact
PI423871	Y	Y	PI423871	exact	matched_exact
PI423872	Y	Y	PI423872	exact	matched_exact
PI423873	Y	Y	PI423873	exact	matched_exact
PI423874	Y	Y	PI423874	exact	matched_exact
PI423875	Y	Y	PI423875	exact	matched_exact
PI423876	Y	Y	PI423876	exact	matched_exact
PI423877	Y	Y	PI423877	exact	matched_exact
PI423878	Y	Y	PI423878	exact	matched_exact
PI423879	Y	Y	PI423879	exact	matched_exact
PI423880	Y	Y	PI423880	exact	matched_exact
PI423881	Y	Y	PI423881	exact	matched_exact
PI423882A	Y	Y	PI423882A	exact	matched_exact
PI423882B	Y	Y	PI423882B	exact	matched_exact
PI423883	Y	Y	PI423883	exact	matched_exact
PI423884	Y	Y	PI423884	exact	matched_exact
PI423885	Y	Y	PI423885	exact	matched_exact
PI423886	Y	Y	PI423886	exact	matched_exact
PI423888	Y	Y	PI423888	exact	matched_exact
PI423889	Y	Y	PI423889	exact	matched_exact
PI423890A	Y	Y	PI423890A	exact	matched_exact
PI423890B	Y	Y	PI423890B	exact	matched_exact
PI423890C	Y	Y	PI423890C	exact	matched_exact
PI423891	Y	Y	PI423891	exact	matched_exact
PI423892	Y	Y	PI423892	exact	matched_exact
PI423893	Y	Y	PI423893	exact	matched_exact
PI423895	Y	Y	PI423895	exact	matched_exact
PI423896	Y	Y	PI423896	exact	matched_exact
PI423897	Y	Y	PI423897	exact	matched_exact
PI423898	Y	Y	PI423898	exact	matched_exact
PI423899	Y	Y	PI423899	exact	matched_exact
PI423900	Y	Y	PI423900	exact	matched_exact
PI423901-1	Y	Y	PI423901-1	exact	matched_exact
PI423901-2	Y	Y	PI423901-2	exact	matched_exact
PI423902	Y	Y	PI423902	exact	matched_exact
PI423904	Y	Y	PI423904	exact	matched_exact
PI423905	Y	Y	PI423905	exact	matched_exact
PI423906	Y	Y	PI423906	exact	matched_exact
PI423907	Y	Y	PI423907	exact	matched_exact
PI423908	Y	Y	PI423908	exact	matched_exact
PI423909	Y	Y	PI423909	exact	matched_exact
PI423910	Y	Y	PI423910	exact	matched_exact
PI423911	Y	Y	PI423911	exact	matched_exact
PI423912	Y	Y	PI423912	exact	matched_exact
PI423913	Y	Y	PI423913	exact	matched_exact
PI423914A	Y	Y	PI423914A	exact	matched_exact
PI423914B	Y	Y	PI423914B	exact	matched_exact
PI423915	Y	Y	PI423915	exact	matched_exact
PI423916	Y	Y	PI423916	exact	matched_exact
PI423917	Y	Y	PI423917	exact	matched_exact
PI423918	Y	Y	PI423918	exact	matched_exact
PI423919	Y	Y	PI423919	exact	matched_exact
PI423920	Y	Y	PI423920	exact	matched_exact
PI423921	Y	Y	PI423921	exact	matched_exact
PI423922	Y	Y	PI423922	exact	matched_exact
PI423923	Y	Y	PI423923	exact	matched_exact
PI423924	Y	Y	PI423924	exact	matched_exact
PI423925	Y	Y	PI423925	exact	matched_exact
PI423926	Y	Y	PI423926	exact	matched_exact
PI423927	Y	Y	PI423927	exact	matched_exact
PI423928	Y	Y	PI423928	exact	matched_exact
PI423929	Y	Y	PI423929	exact	matched_exact
PI423930A	Y	Y	PI423930A	exact	matched_exact
PI423930B	Y	Y	PI423930B	exact	matched_exact
PI423931	Y	Y	PI423931	exact	matched_exact
PI423932	Y	Y	PI423932	exact	matched_exact
PI423933	Y	Y	PI423933	exact	matched_exact
PI423935	Y	Y	PI423935	exact	matched_exact
PI423936	Y	Y	PI423936	exact	matched_exact
PI423937	Y	Y	PI423937	exact	matched_exact
PI423938	Y	Y	PI423938	exact	matched_exact
PI423939	Y	Y	PI423939	exact	matched_exact
PI423940	Y	Y	PI423940	exact	matched_exact
PI423941	Y	Y	PI423941	exact	matched_exact
PI423942	Y	Y	PI423942	exact	matched_exact
PI423943	Y	Y	PI423943	exact	matched_exact
PI423944	Y	Y	PI423944	exact	matched_exact
PI423945	Y	Y	PI423945	exact	matched_exact
PI423946	Y	Y	PI423946	exact	matched_exact
PI423947	Y	Y	PI423947	exact	matched_exact
PI423948A	Y	Y	PI423948A	exact	matched_exact
PI423948B	Y	Y	PI423948B	exact	matched_exact
PI423949	Y	Y	PI423949	exact	matched_exact
PI423950	Y	Y	PI423950	exact	matched_exact
PI423951	Y	Y	PI423951	exact	matched_exact
PI423952	Y	Y	PI423952	exact	matched_exact
PI423953	Y	Y	PI423953	exact	matched_exact
PI423954	Y	Y	PI423954	exact	matched_exact
PI423955	Y	Y	PI423955	exact	matched_exact
PI423957	Y	Y	PI423957	exact	matched_exact
PI423958	Y	Y	PI423958	exact	matched_exact
PI423959	Y	Y	PI423959	exact	matched_exact
PI423960A	Y	Y	PI423960A	exact	matched_exact
PI423960B	Y	Y	PI423960B	exact	matched_exact
PI423961A	Y	Y	PI423961A	exact	matched_exact
PI423961B	Y	Y	PI423961B	exact	matched_exact
PI423962	Y	Y	PI423962	exact	matched_exact
PI423963	Y	Y	PI423963	exact	matched_exact
PI423964	Y	Y	PI423964	exact	matched_exact
PI423965	Y	Y	PI423965	exact	matched_exact
PI423966	Y	Y	PI423966	exact	matched_exact
PI423967	Y	Y	PI423967	exact	matched_exact
PI423968	Y	Y	PI423968	exact	matched_exact
PI423969	Y	Y	PI423969	exact	matched_exact
PI423970	Y	Y	PI423970	exact	matched_exact
PI423971A	Y	Y	PI423971A	exact	matched_exact
PI423971B	Y	Y	PI423971B	exact	matched_exact
PI423971C	Y	Y	PI423971C	exact	matched_exact
PI423971D	Y	Y	PI423971D	exact	matched_exact
PI423972	Y	Y	PI423972	exact	matched_exact
PI423973	Y	Y	PI423973	exact	matched_exact
PI423974	Y	Y	PI423974	exact	matched_exact
PI423975	Y	Y	PI423975	exact	matched_exact
PI423977	Y	Y	PI423977	exact	matched_exact
PI423978	Y	Y	PI423978	exact	matched_exact
PI423979	Y	Y	PI423979	exact	matched_exact
PI423980	Y	Y	PI423980	exact	matched_exact
PI423981	Y	Y	PI423981	exact	matched_exact
PI423982	Y	Y	PI423982	exact	matched_exact
PI423983	Y	Y	PI423983	exact	matched_exact
PI423984	Y	Y	PI423984	exact	matched_exact
PI423985	Y	Y	PI423985	exact	matched_exact
PI423986	Y	Y	PI423986	exact	matched_exact
PI423987A	Y	Y	PI423987A	exact	matched_exact
PI423987B	Y	Y	PI423987B	exact	matched_exact
PI423988	Y	N		none	vcf_only
PI423989A	Y	N		none	vcf_only
PI423989B	Y	N		none	vcf_only
PI423990A	Y	N		none	vcf_only
PI423990B	Y	N		none	vcf_only
PI423991	Y	N		none	vcf_only
PI423992	Y	N		none	vcf_only
PI423993	Y	N		none	vcf_only
PI423994	Y	N		none	vcf_only
PI423995	Y	N		none	vcf_only
PI423996	Y	N		none	vcf_only
PI423997	Y	N		none	vcf_only
PI423998	Y	N		none	vcf_only
PI423999A	Y	N		none	vcf_only
PI423999B	Y	N		none	vcf_only
PI424000	Y	N		none	vcf_only
PI424001	Y	N		none	vcf_only
PI424002	Y	N		none	vcf_only
PI424003	Y	N		none	vcf_only
PI424004A	Y	N		none	vcf_only
PI424004B	Y	N		none	vcf_only
PI424005	Y	N		none	vcf_only
PI424006A	Y	N		none	vcf_only
PI424006B	Y	N		none	vcf_only
PI424007	Y	N		none	vcf_only
PI424008A	Y	N		none	vcf_only
PI424008B	Y	N		none	vcf_only
PI424008C	Y	N		none	vcf_only
PI424009	Y	N		none	vcf_only
PI424010	Y	N		none	vcf_only
PI424011	Y	N		none	vcf_only
PI424012	Y	N		none	vcf_only
PI424013	Y	N		none	vcf_only
PI424014	Y	N		none	vcf_only
PI424015	Y	N		none	vcf_only
PI424016	Y	N		none	vcf_only
PI424017A	Y	N		none	vcf_only
PI424017B	Y	N		none	vcf_only
PI424018	Y	N		none	vcf_only
PI424019	Y	N		none	vcf_only
PI424020A	Y	N		none	vcf_only
PI424020B	Y	N		none	vcf_only
PI424021A	Y	N		none	vcf_only
PI424021B	Y	N		none	vcf_only
PI424022A	Y	N		none	vcf_only
PI424022B	Y	N		none	vcf_only
PI424023	Y	N		none	vcf_only
PI424024	Y	Y	PI424024	exact	matched_exact
PI424025A	Y	N		none	vcf_only
PI424025B	Y	N		none	vcf_only
PI424025C	Y	N		none	vcf_only
PI424026	Y	N		none	vcf_only
PI424027A	Y	N		none	vcf_only
PI424027B	Y	N		none	vcf_only
PI424028	Y	N		none	vcf_only
PI424029	Y	N		none	vcf_only
PI424030	Y	N		none	vcf_only
PI424031	Y	N		none	vcf_only
PI424032	Y	N		none	vcf_only
PI424033	Y	N		none	vcf_only
PI424034	Y	N		none	vcf_only
PI424035	Y	N		none	vcf_only
PI424036	Y	N		none	vcf_only
PI424037	Y	N		none	vcf_only
PI424038A	Y	N		none	vcf_only
PI424038B	Y	N		none	vcf_only
PI424038C	Y	N		none	vcf_only
PI424039A	Y	N		none	vcf_only
PI424039B	Y	N		none	vcf_only
PI424040	Y	N		none	vcf_only
PI424041	Y	N		none	vcf_only
PI424042	Y	N		none	vcf_only
PI424043A	Y	N		none	vcf_only
PI424043B	Y	N		none	vcf_only
PI424044	Y	N		none	vcf_only
PI424045	Y	N		none	vcf_only
PI424046A	Y	N		none	vcf_only
PI424046B	Y	N		none	vcf_only
PI424047	Y	N		none	vcf_only
PI424048	Y	N		none	vcf_only
PI424049	Y	N		none	vcf_only
PI424050	Y	N		none	vcf_only
PI424051A	Y	N		none	vcf_only
PI424051B	Y	N		none	vcf_only
PI424052	Y	N		none	vcf_only
PI424053	Y	N		none	vcf_only
PI424054A	Y	N		none	vcf_only
PI424054B	Y	N		none	vcf_only
PI424055	Y	N		none	vcf_only
PI424056	Y	N		none	vcf_only
PI424057	Y	N		none	vcf_only
PI424058	Y	N		none	vcf_only
PI424059A	Y	N		none	vcf_only
PI424059B	Y	N		none	vcf_only
PI424060	Y	N		none	vcf_only
PI424061A	Y	N		none	vcf_only
PI424061B	Y	N		none	vcf_only
PI424062	Y	N		none	vcf_only
PI424063	Y	N		none	vcf_only
PI424064	Y	N		none	vcf_only
PI424065	Y	N		none	vcf_only
PI424066	Y	N		none	vcf_only
PI424067	Y	N		none	vcf_only
PI424068	Y	N		none	vcf_only
PI424069	Y	N		none	vcf_only
PI424070A	Y	N		none	vcf_only
PI424070B	Y	N		none	vcf_only
PI424071	Y	N		none	vcf_only
PI424072A	Y	N		none	vcf_only
PI424072B	Y	N		none	vcf_only
PI424073	Y	N		none	vcf_only
PI424074	Y	N		none	vcf_only
PI424075	Y	N		none	vcf_only
PI424076A	Y	N		none	vcf_only
PI424076B	Y	N		none	vcf_only
PI424077	Y	N		none	vcf_only
PI424078	Y	Y	PI424078	exact	matched_exact
PI424079	Y	N		none	vcf_only
PI424080	Y	N		none	vcf_only
PI424081A	Y	N		none	vcf_only
PI424081B	Y	N		none	vcf_only
PI424082	Y	N		none	vcf_only
PI424083A	Y	N		none	vcf_only
PI424083B	Y	N		none	vcf_only
PI424084	Y	N		none	vcf_only
PI424085A	Y	N		none	vcf_only
PI424085B	Y	N		none	vcf_only
PI424086	Y	N		none	vcf_only
PI424087	Y	N		none	vcf_only
PI424088	Y	N		none	vcf_only
PI424089	Y	N		none	vcf_only
PI424090	Y	N		none	vcf_only
PI424091A	Y	N		none	vcf_only
PI424091B	Y	N		none	vcf_only
PI424092	Y	N		none	vcf_only
PI424093	Y	N		none	vcf_only
PI424094	Y	N		none	vcf_only
PI424095	Y	N		none	vcf_only
PI424096	Y	N		none	vcf_only
PI424097	Y	N		none	vcf_only
PI424098	Y	N		none	vcf_only
PI424099A	Y	N		none	vcf_only
PI424099B	Y	N		none	vcf_only
PI424100A	Y	N		none	vcf_only
PI424100B	Y	N		none	vcf_only
PI424101	Y	N		none	vcf_only
PI424102A	Y	N		none	vcf_only
PI424102B	Y	N		none	vcf_only
PI424103A	Y	N		none	vcf_only
PI424103B	Y	N		none	vcf_only
PI424104	Y	N		none	vcf_only
PI424105	Y	N		none	vcf_only
PI424106A	Y	N		none	vcf_only
PI424106B	Y	N		none	vcf_only
PI424107A	Y	N		none	vcf_only
PI424107B	Y	N		none	vcf_only
PI424108	Y	N		none	vcf_only
PI424109A	Y	N		none	vcf_only
PI424109B	Y	N		none	vcf_only
PI424110	Y	N		none	vcf_only
PI424111	Y	N		none	vcf_only
PI424112	Y	N		none	vcf_only
PI424113	Y	N		none	vcf_only
PI424114A	Y	N		none	vcf_only
PI424114B	Y	N		none	vcf_only
PI424115A	Y	N		none	vcf_only
PI424115B	Y	N		none	vcf_only
PI424116	Y	N		none	vcf_only
PI424117	Y	N		none	vcf_only
PI424118	Y	N		none	vcf_only
PI424119	Y	N		none	vcf_only
PI424120	Y	N		none	vcf_only
PI424121	Y	N		none	vcf_only
PI424122	Y	N		none	vcf_only
PI424123	Y	N		none	vcf_only
PI424124	Y	N		none	vcf_only
PI424125	Y	N		none	vcf_only
PI424126	Y	N		none	vcf_only
PI424127A	Y	N		none	vcf_only
PI424127B	Y	N		none	vcf_only
PI424128A	Y	N		none	vcf_only
PI424128B	Y	N		none	vcf_only
PI424129	Y	N		none	vcf_only
PI424130	Y	N		none	vcf_only
PI424131	Y	Y	PI424131	exact	matched_exact
PI424134	Y	Y	PI424134	exact	matched_exact
PI424135	Y	Y	PI424135	exact	matched_exact
PI424136	Y	Y	PI424136	exact	matched_exact
PI424137A	Y	Y	PI424137A	exact	matched_exact
PI424137B	Y	Y	PI424137B	exact	matched_exact
PI424138	Y	Y	PI424138	exact	matched_exact
PI424139	Y	Y	PI424139	exact	matched_exact
PI424140	Y	Y	PI424140	exact	matched_exact
PI424141A	Y	Y	PI424141A	exact	matched_exact
PI424141B	Y	Y	PI424141B	exact	matched_exact
PI424142	Y	Y	PI424142	exact	matched_exact
PI424143	Y	Y	PI424143	exact	matched_exact
PI424144	Y	Y	PI424144	exact	matched_exact
PI424145	Y	Y	PI424145	exact	matched_exact
PI424146	Y	Y	PI424146	exact	matched_exact
PI424147	Y	Y	PI424147	exact	matched_exact
PI424148	Y	Y	PI424148	exact	matched_exact
PI424149	Y	Y	PI424149	exact	matched_exact
PI424150	Y	Y	PI424150	exact	matched_exact
PI424151	Y	Y	PI424151	exact	matched_exact
PI424152	Y	Y	PI424152	exact	matched_exact
PI424153	Y	Y	PI424153	exact	matched_exact
PI424154A	Y	Y	PI424154A	exact	matched_exact
PI424154B	Y	Y	PI424154B	exact	matched_exact
PI424155A	Y	Y	PI424155A	exact	matched_exact
PI424155B	Y	Y	PI424155B	exact	matched_exact
PI424156A	Y	Y	PI424156A	exact	matched_exact
PI424156B	Y	Y	PI424156B	exact	matched_exact
PI424156C	Y	Y	PI424156C	exact	matched_exact
PI424156D	Y	Y	PI424156D	exact	matched_exact
PI424157A	Y	Y	PI424157A	exact	matched_exact
PI424157B	Y	Y	PI424157B	exact	matched_exact
PI424158	Y	Y	PI424158	exact	matched_exact
PI424159A	Y	Y	PI424159A	exact	matched_exact
PI424159B	Y	Y	PI424159B	exact	matched_exact
PI424159C	Y	Y	PI424159C	exact	matched_exact
PI424160	Y	Y	PI424160	exact	matched_exact
PI424161	Y	Y	PI424161	exact	matched_exact
PI424162	Y	Y	PI424162	exact	matched_exact
PI424163	Y	Y	PI424163	exact	matched_exact
PI424164A	Y	Y	PI424164A	exact	matched_exact
PI424164B	Y	Y	PI424164B	exact	matched_exact
PI424165	Y	Y	PI424165	exact	matched_exact
PI424166	Y	Y	PI424166	exact	matched_exact
PI424167	Y	Y	PI424167	exact	matched_exact
PI424168A	Y	Y	PI424168A	exact	matched_exact
PI424168B	Y	Y	PI424168B	exact	matched_exact
PI424168C	Y	Y	PI424168C	exact	matched_exact
PI424169A	Y	Y	PI424169A	exact	matched_exact
PI424169B	Y	Y	PI424169B	exact	matched_exact
PI424170	Y	Y	PI424170	exact	matched_exact
PI424171A	Y	Y	PI424171A	exact	matched_exact
PI424171B	Y	Y	PI424171B	exact	matched_exact
PI424172A	Y	Y	PI424172A	exact	matched_exact
PI424172B	Y	Y	PI424172B	exact	matched_exact
PI424172C	Y	Y	PI424172C	exact	matched_exact
PI424173	Y	Y	PI424173	exact	matched_exact
PI424174	Y	Y	PI424174	exact	matched_exact
PI424175	Y	Y	PI424175	exact	matched_exact
PI424176	Y	Y	PI424176	exact	matched_exact
PI424177	Y	Y	PI424177	exact	matched_exact
PI424178A	Y	Y	PI424178A	exact	matched_exact
PI424178B	Y	Y	PI424178B	exact	matched_exact
PI424178C	Y	Y	PI424178C	exact	matched_exact
PI424179A	Y	Y	PI424179A	exact	matched_exact
PI424179B	Y	Y	PI424179B	exact	matched_exact
PI424180	Y	Y	PI424180	exact	matched_exact
PI424181	Y	Y	PI424181	exact	matched_exact
PI424182A	Y	Y	PI424182A	exact	matched_exact
PI424182B	Y	Y	PI424182B	exact	matched_exact
PI424182C	Y	Y	PI424182C	exact	matched_exact
PI424183	Y	Y	PI424183	exact	matched_exact
PI424184	Y	Y	PI424184	exact	matched_exact
PI424185	Y	Y	PI424185	exact	matched_exact
PI424186	Y	Y	PI424186	exact	matched_exact
PI424187	Y	Y	PI424187	exact	matched_exact
PI424188A	Y	Y	PI424188A	exact	matched_exact
PI424188B	Y	Y	PI424188B	exact	matched_exact
PI424189	Y	Y	PI424189	exact	matched_exact
PI424190	Y	Y	PI424190	exact	matched_exact
PI424191	Y	Y	PI424191	exact	matched_exact
PI424192A	Y	Y	PI424192A	exact	matched_exact
PI424192B	Y	Y	PI424192B	exact	matched_exact
PI424193	Y	Y	PI424193	exact	matched_exact
PI424194	Y	Y	PI424194	exact	matched_exact
PI424195A	Y	Y	PI424195A	exact	matched_exact
PI424195B	Y	Y	PI424195B	exact	matched_exact
PI424196	Y	Y	PI424196	exact	matched_exact
PI424197	Y	Y	PI424197	exact	matched_exact
PI424198	Y	Y	PI424198	exact	matched_exact
PI424199	Y	Y	PI424199	exact	matched_exact
PI424201	Y	Y	PI424201	exact	matched_exact
PI424202	Y	Y	PI424202	exact	matched_exact
PI424204	Y	Y	PI424204	exact	matched_exact
PI424205	Y	Y	PI424205	exact	matched_exact
PI424206	Y	Y	PI424206	exact	matched_exact
PI424207	Y	Y	PI424207	exact	matched_exact
PI424208	Y	Y	PI424208	exact	matched_exact
PI424209	Y	Y	PI424209	exact	matched_exact
PI424210	Y	Y	PI424210	exact	matched_exact
PI424211	Y	Y	PI424211	exact	matched_exact
PI424212	Y	Y	PI424212	exact	matched_exact
PI424213	Y	Y	PI424213	exact	matched_exact
PI424214A	Y	Y	PI424214A	exact	matched_exact
PI424214B	Y	Y	PI424214B	exact	matched_exact
PI424214C	Y	Y	PI424214C	exact	matched_exact
PI424215	Y	Y	PI424215	exact	matched_exact
PI424216	Y	Y	PI424216	exact	matched_exact
PI424217A	Y	Y	PI424217A	exact	matched_exact
PI424217B	Y	Y	PI424217B	exact	matched_exact
PI424218	Y	Y	PI424218	exact	matched_exact
PI424219A	Y	Y	PI424219A	exact	matched_exact
PI424219B	Y	Y	PI424219B	exact	matched_exact
PI424220A	Y	Y	PI424220A	exact	matched_exact
PI424220B	Y	Y	PI424220B	exact	matched_exact
PI424221A	Y	Y	PI424221A	exact	matched_exact
PI424221B	Y	Y	PI424221B	exact	matched_exact
PI424222A	Y	Y	PI424222A	exact	matched_exact
PI424222B	Y	Y	PI424222B	exact	matched_exact
PI424222C	Y	Y	PI424222C	exact	matched_exact
PI424223	Y	Y	PI424223	exact	matched_exact
PI424224	Y	Y	PI424224	exact	matched_exact
PI424225	Y	Y	PI424225	exact	matched_exact
PI424226	Y	Y	PI424226	exact	matched_exact
PI424227A	Y	Y	PI424227A	exact	matched_exact
PI424227B	Y	Y	PI424227B	exact	matched_exact
PI424228	Y	Y	PI424228	exact	matched_exact
PI424229A	Y	Y	PI424229A	exact	matched_exact
PI424229B	Y	Y	PI424229B	exact	matched_exact
PI424230	Y	Y	PI424230	exact	matched_exact
PI424231	Y	Y	PI424231	exact	matched_exact
PI424232A	Y	Y	PI424232A	exact	matched_exact
PI424232B	Y	Y	PI424232B	exact	matched_exact
PI424233	Y	Y	PI424233	exact	matched_exact
PI424234A	Y	Y	PI424234A	exact	matched_exact
PI424234B	Y	Y	PI424234B	exact	matched_exact
PI424234C	Y	Y	PI424234C	exact	matched_exact
PI424235	Y	Y	PI424235	exact	matched_exact
PI424236	Y	Y	PI424236	exact	matched_exact
PI424237A	Y	Y	PI424237A	exact	matched_exact
PI424237B	Y	Y	PI424237B	exact	matched_exact
PI424238	Y	Y	PI424238	exact	matched_exact
PI424239	Y	Y	PI424239	exact	matched_exact
PI424240	Y	Y	PI424240	exact	matched_exact
PI424241	Y	Y	PI424241	exact	matched_exact
PI424242	Y	Y	PI424242	exact	matched_exact
PI424243	Y	Y	PI424243	exact	matched_exact
PI424244	Y	Y	PI424244	exact	matched_exact
PI424245	Y	Y	PI424245	exact	matched_exact
PI424246	Y	Y	PI424246	exact	matched_exact
PI424247A	Y	Y	PI424247A	exact	matched_exact
PI424247B	Y	Y	PI424247B	exact	matched_exact
PI424248	Y	Y	PI424248	exact	matched_exact
PI424249A	Y	Y	PI424249A	exact	matched_exact
PI424249B	Y	Y	PI424249B	exact	matched_exact
PI424249C	Y	Y	PI424249C	exact	matched_exact
PI424249D	Y	Y	PI424249D	exact	matched_exact
PI424249E	Y	Y	PI424249E	exact	matched_exact
PI424250A	Y	Y	PI424250A	exact	matched_exact
PI424250B	Y	Y	PI424250B	exact	matched_exact
PI424251A	Y	Y	PI424251A	exact	matched_exact
PI424251B	Y	Y	PI424251B	exact	matched_exact
PI424252	Y	Y	PI424252	exact	matched_exact
PI424253	Y	Y	PI424253	exact	matched_exact
PI424254	Y	Y	PI424254	exact	matched_exact
PI424255A	Y	Y	PI424255A	exact	matched_exact
PI424255B	Y	Y	PI424255B	exact	matched_exact
PI424255C	Y	Y	PI424255C	exact	matched_exact
PI424256	Y	Y	PI424256	exact	matched_exact
PI424257A	Y	Y	PI424257A	exact	matched_exact
PI424257B	Y	Y	PI424257B	exact	matched_exact
PI424258	Y	Y	PI424258	exact	matched_exact
PI424259	Y	Y	PI424259	exact	matched_exact
PI424260	Y	Y	PI424260	exact	matched_exact
PI424261	Y	Y	PI424261	exact	matched_exact
PI424262	Y	Y	PI424262	exact	matched_exact
PI424263	Y	Y	PI424263	exact	matched_exact
PI424264	Y	Y	PI424264	exact	matched_exact
PI424265	Y	Y	PI424265	exact	matched_exact
PI424266	Y	Y	PI424266	exact	matched_exact
PI424267	Y	Y	PI424267	exact	matched_exact
PI424268	Y	Y	PI424268	exact	matched_exact
PI424269A	Y	Y	PI424269A	exact	matched_exact
PI424269B	Y	Y	PI424269B	exact	matched_exact
PI424269C	Y	Y	PI424269C	exact	matched_exact
PI424270A	Y	Y	PI424270A	exact	matched_exact
PI424270B	Y	Y	PI424270B	exact	matched_exact
PI424270C	Y	Y	PI424270C	exact	matched_exact
PI424271	Y	Y	PI424271	exact	matched_exact
PI424272A	Y	Y	PI424272A	exact	matched_exact
PI424272B	Y	Y	PI424272B	exact	matched_exact
PI424273A	Y	Y	PI424273A	exact	matched_exact
PI424273B	Y	Y	PI424273B	exact	matched_exact
PI424274A	Y	Y	PI424274A	exact	matched_exact
PI424274B	Y	Y	PI424274B	exact	matched_exact
PI424275	Y	Y	PI424275	exact	matched_exact
PI424276	Y	Y	PI424276	exact	matched_exact
PI424277A	Y	Y	PI424277A	exact	matched_exact
PI424277B	Y	Y	PI424277B	exact	matched_exact
PI424278A	Y	Y	PI424278A	exact	matched_exact
PI424278B	Y	Y	PI424278B	exact	matched_exact
PI424279	Y	Y	PI424279	exact	matched_exact
PI424280	Y	Y	PI424280	exact	matched_exact
PI424281A	Y	Y	PI424281A	exact	matched_exact
PI424281B	Y	Y	PI424281B	exact	matched_exact
PI424282	Y	Y	PI424282	exact	matched_exact
PI424283	Y	Y	PI424283	exact	matched_exact
PI424284A	Y	Y	PI424284A	exact	matched_exact
PI424284B	Y	Y	PI424284B	exact	matched_exact
PI424285A	Y	Y	PI424285A	exact	matched_exact
PI424285B	Y	Y	PI424285B	exact	matched_exact
PI424285C	Y	Y	PI424285C	exact	matched_exact
PI424285D	Y	Y	PI424285D	exact	matched_exact
PI424286	Y	Y	PI424286	exact	matched_exact
PI424287	Y	Y	PI424287	exact	matched_exact
PI424288	Y	Y	PI424288	exact	matched_exact
PI424289	Y	Y	PI424289	exact	matched_exact
PI424290	Y	Y	PI424290	exact	matched_exact
PI424291	Y	Y	PI424291	exact	matched_exact
PI424292	Y	Y	PI424292	exact	matched_exact
PI424293	Y	Y	PI424293	exact	matched_exact
PI424294A	Y	Y	PI424294A	exact	matched_exact
PI424294B	Y	Y	PI424294B	exact	matched_exact
PI424294C	Y	Y	PI424294C	exact	matched_exact
PI424295	Y	Y	PI424295	exact	matched_exact
PI424296A	Y	Y	PI424296A	exact	matched_exact
PI424296B	Y	Y	PI424296B	exact	matched_exact
PI424296C	Y	Y	PI424296C	exact	matched_exact
PI424297	Y	Y	PI424297	exact	matched_exact
PI424298	Y	Y	PI424298	exact	matched_exact
PI424299A	Y	Y	PI424299A	exact	matched_exact
PI424299B	Y	Y	PI424299B	exact	matched_exact
PI424299C	Y	Y	PI424299C	exact	matched_exact
PI424300A	Y	Y	PI424300A	exact	matched_exact
PI424300B	Y	Y	PI424300B	exact	matched_exact
PI424301	Y	Y	PI424301	exact	matched_exact
PI424302	Y	Y	PI424302	exact	matched_exact
PI424303	Y	Y	PI424303	exact	matched_exact
PI424304	Y	Y	PI424304	exact	matched_exact
PI424305	Y	Y	PI424305	exact	matched_exact
PI424306	Y	Y	PI424306	exact	matched_exact
PI424307	Y	Y	PI424307	exact	matched_exact
PI424308	Y	Y	PI424308	exact	matched_exact
PI424309A	Y	Y	PI424309A	exact	matched_exact
PI424309B	Y	Y	PI424309B	exact	matched_exact
PI424310	Y	Y	PI424310	exact	matched_exact
PI424311	Y	Y	PI424311	exact	matched_exact
PI424312	Y	Y	PI424312	exact	matched_exact
PI424313	Y	Y	PI424313	exact	matched_exact
PI424314	Y	Y	PI424314	exact	matched_exact
PI424315	Y	Y	PI424315	exact	matched_exact
PI424316	Y	Y	PI424316	exact	matched_exact
PI424317	Y	Y	PI424317	exact	matched_exact
PI424318	Y	Y	PI424318	exact	matched_exact
PI424319	Y	Y	PI424319	exact	matched_exact
PI424320	Y	Y	PI424320	exact	matched_exact
PI424321	Y	Y	PI424321	exact	matched_exact
PI424322	Y	Y	PI424322	exact	matched_exact
PI424323	Y	Y	PI424323	exact	matched_exact
PI424324A	Y	Y	PI424324A	exact	matched_exact
PI424324B	Y	Y	PI424324B	exact	matched_exact
PI424325	Y	Y	PI424325	exact	matched_exact
PI424326	Y	Y	PI424326	exact	matched_exact
PI424327	Y	Y	PI424327	exact	matched_exact
PI424328	Y	Y	PI424328	exact	matched_exact
PI424329	Y	Y	PI424329	exact	matched_exact
PI424330	Y	Y	PI424330	exact	matched_exact
PI424331	Y	Y	PI424331	exact	matched_exact
PI424332	Y	Y	PI424332	exact	matched_exact
PI424333	Y	Y	PI424333	exact	matched_exact
PI424334	Y	Y	PI424334	exact	matched_exact
PI424335A	Y	Y	PI424335A	exact	matched_exact
PI424335B	Y	Y	PI424335B	exact	matched_exact
PI424336	Y	Y	PI424336	exact	matched_exact
PI424337-1	Y	Y	PI424337-1	exact	matched_exact
PI424337-2	Y	Y	PI424337-2	exact	matched_exact
PI424338	Y	Y	PI424338	exact	matched_exact
PI424339	Y	Y	PI424339	exact	matched_exact
PI424340A	Y	Y	PI424340A	exact	matched_exact
PI424340B	Y	Y	PI424340B	exact	matched_exact
PI424341	Y	Y	PI424341	exact	matched_exact
PI424342A	Y	Y	PI424342A	exact	matched_exact
PI424342B	Y	Y	PI424342B	exact	matched_exact
PI424343	Y	Y	PI424343	exact	matched_exact
PI424344	Y	Y	PI424344	exact	matched_exact
PI424345	Y	Y	PI424345	exact	matched_exact
PI424346	Y	Y	PI424346	exact	matched_exact
PI424347A	Y	Y	PI424347A	exact	matched_exact
PI424347B	Y	Y	PI424347B	exact	matched_exact
PI424348A	Y	Y	PI424348A	exact	matched_exact
PI424348B	Y	Y	PI424348B	exact	matched_exact
PI424348C	Y	Y	PI424348C	exact	matched_exact
PI424349A	Y	Y	PI424349A	exact	matched_exact
PI424349B	Y	Y	PI424349B	exact	matched_exact
PI424349C	Y	Y	PI424349C	exact	matched_exact
PI424350	Y	Y	PI424350	exact	matched_exact
PI424351	Y	Y	PI424351	exact	matched_exact
PI424352	Y	Y	PI424352	exact	matched_exact
PI424353	Y	Y	PI424353	exact	matched_exact
PI424354	Y	Y	PI424354	exact	matched_exact
PI424355	Y	Y	PI424355	exact	matched_exact
PI424356	Y	Y	PI424356	exact	matched_exact
PI424357A	Y	Y	PI424357A	exact	matched_exact
PI424357B	Y	Y	PI424357B	exact	matched_exact
PI424358	Y	Y	PI424358	exact	matched_exact
PI424359	Y	Y	PI424359	exact	matched_exact
PI424360	Y	Y	PI424360	exact	matched_exact
PI424361	Y	Y	PI424361	exact	matched_exact
PI424362	Y	Y	PI424362	exact	matched_exact
PI424363	Y	Y	PI424363	exact	matched_exact
PI424364A	Y	Y	PI424364A	exact	matched_exact
PI424364B	Y	Y	PI424364B	exact	matched_exact
PI424365	Y	Y	PI424365	exact	matched_exact
PI424366	Y	Y	PI424366	exact	matched_exact
PI424367	Y	Y	PI424367	exact	matched_exact
PI424368A	Y	Y	PI424368A	exact	matched_exact
PI424368B	Y	Y	PI424368B	exact	matched_exact
PI424369	Y	Y	PI424369	exact	matched_exact
PI424370A	Y	Y	PI424370A	exact	matched_exact
PI424370B	Y	Y	PI424370B	exact	matched_exact
PI424371	Y	Y	PI424371	exact	matched_exact
PI424372	Y	Y	PI424372	exact	matched_exact
PI424373	Y	Y	PI424373	exact	matched_exact
PI424374	Y	Y	PI424374	exact	matched_exact
PI424375	Y	Y	PI424375	exact	matched_exact
PI424376	Y	Y	PI424376	exact	matched_exact
PI424377	Y	Y	PI424377	exact	matched_exact
PI424378	Y	Y	PI424378	exact	matched_exact
PI424379	Y	Y	PI424379	exact	matched_exact
PI424380	Y	Y	PI424380	exact	matched_exact
PI424381	Y	Y	PI424381	exact	matched_exact
PI424382	Y	Y	PI424382	exact	matched_exact
PI424383	Y	Y	PI424383	exact	matched_exact
PI424384	Y	Y	PI424384	exact	matched_exact
PI424385	Y	Y	PI424385	exact	matched_exact
PI424386A	Y	Y	PI424386A	exact	matched_exact
PI424386B	Y	Y	PI424386B	exact	matched_exact
PI424387	Y	Y	PI424387	exact	matched_exact
PI424388	Y	Y	PI424388	exact	matched_exact
PI424389	Y	Y	PI424389	exact	matched_exact
PI424390	Y	Y	PI424390	exact	matched_exact
PI424391	Y	Y	PI424391	exact	matched_exact
PI424392	Y	Y	PI424392	exact	matched_exact
PI424393	Y	Y	PI424393	exact	matched_exact
PI424394	Y	Y	PI424394	exact	matched_exact
PI424395	Y	Y	PI424395	exact	matched_exact
PI424396	Y	Y	PI424396	exact	matched_exact
PI424397	Y	Y	PI424397	exact	matched_exact
PI424398	Y	Y	PI424398	exact	matched_exact
PI424399	Y	Y	PI424399	exact	matched_exact
PI424400	Y	Y	PI424400	exact	matched_exact
PI424401	Y	Y	PI424401	exact	matched_exact
PI424402A	Y	Y	PI424402A	exact	matched_exact
PI424402B	Y	Y	PI424402B	exact	matched_exact
PI424403	Y	Y	PI424403	exact	matched_exact
PI424404	Y	Y	PI424404	exact	matched_exact
PI424405A	Y	Y	PI424405A	exact	matched_exact
PI424405B	Y	Y	PI424405B	exact	matched_exact
PI424405C	Y	Y	PI424405C	exact	matched_exact
PI424406A	Y	Y	PI424406A	exact	matched_exact
PI424406B	Y	Y	PI424406B	exact	matched_exact
PI424407	Y	Y	PI424407	exact	matched_exact
PI424408	Y	Y	PI424408	exact	matched_exact
PI424409	Y	Y	PI424409	exact	matched_exact
PI424410	Y	Y	PI424410	exact	matched_exact
PI424411	Y	Y	PI424411	exact	matched_exact
PI424412	Y	Y	PI424412	exact	matched_exact
PI424413	Y	Y	PI424413	exact	matched_exact
PI424414	Y	Y	PI424414	exact	matched_exact
PI424415	Y	Y	PI424415	exact	matched_exact
PI424416	Y	Y	PI424416	exact	matched_exact
PI424417	Y	Y	PI424417	exact	matched_exact
PI424418	Y	Y	PI424418	exact	matched_exact
PI424419	Y	Y	PI424419	exact	matched_exact
PI424420	Y	Y	PI424420	exact	matched_exact
PI424421	Y	Y	PI424421	exact	matched_exact
PI424422	Y	Y	PI424422	exact	matched_exact
PI424423	Y	Y	PI424423	exact	matched_exact
PI424424	Y	Y	PI424424	exact	matched_exact
PI424425	Y	Y	PI424425	exact	matched_exact
PI424426	Y	Y	PI424426	exact	matched_exact
PI424427	Y	Y	PI424427	exact	matched_exact
PI424428	Y	Y	PI424428	exact	matched_exact
PI424429	Y	Y	PI424429	exact	matched_exact
PI424430	Y	Y	PI424430	exact	matched_exact
PI424431	Y	Y	PI424431	exact	matched_exact
PI424432	Y	Y	PI424432	exact	matched_exact
PI424433	Y	Y	PI424433	exact	matched_exact
PI424434	Y	Y	PI424434	exact	matched_exact
PI424435	Y	Y	PI424435	exact	matched_exact
PI424436	Y	Y	PI424436	exact	matched_exact
PI424437	Y	Y	PI424437	exact	matched_exact
PI424438	Y	Y	PI424438	exact	matched_exact
PI424439	Y	Y	PI424439	exact	matched_exact
PI424440	Y	Y	PI424440	exact	matched_exact
PI424441	Y	Y	PI424441	exact	matched_exact
PI424442	Y	Y	PI424442	exact	matched_exact
PI424443	Y	Y	PI424443	exact	matched_exact
PI424444A	Y	Y	PI424444A	exact	matched_exact
PI424444B	Y	Y	PI424444B	exact	matched_exact
PI424444C	Y	Y	PI424444C	exact	matched_exact
PI424445	Y	Y	PI424445	exact	matched_exact
PI424446	Y	Y	PI424446	exact	matched_exact
PI424447	Y	Y	PI424447	exact	matched_exact
PI424448	Y	Y	PI424448	exact	matched_exact
PI424449	Y	Y	PI424449	exact	matched_exact
PI424450	Y	Y	PI424450	exact	matched_exact
PI424451	Y	Y	PI424451	exact	matched_exact
PI424452	Y	Y	PI424452	exact	matched_exact
PI424453	Y	Y	PI424453	exact	matched_exact
PI424454	Y	Y	PI424454	exact	matched_exact
PI424455	Y	Y	PI424455	exact	matched_exact
PI424456	Y	Y	PI424456	exact	matched_exact
PI424457	Y	Y	PI424457	exact	matched_exact
PI424458	Y	Y	PI424458	exact	matched_exact
PI424459	Y	Y	PI424459	exact	matched_exact
PI424460	Y	Y	PI424460	exact	matched_exact
PI424461	Y	Y	PI424461	exact	matched_exact
PI424462A	Y	Y	PI424462A	exact	matched_exact
PI424462B	Y	Y	PI424462B	exact	matched_exact
PI424462C	Y	Y	PI424462C	exact	matched_exact
PI424463	Y	Y	PI424463	exact	matched_exact
PI424464	Y	Y	PI424464	exact	matched_exact
PI424465	Y	Y	PI424465	exact	matched_exact
PI424466	Y	Y	PI424466	exact	matched_exact
PI424467	Y	Y	PI424467	exact	matched_exact
PI424468	Y	Y	PI424468	exact	matched_exact
PI424469	Y	Y	PI424469	exact	matched_exact
PI424470	Y	Y	PI424470	exact	matched_exact
PI424471	Y	Y	PI424471	exact	matched_exact
PI424472A	Y	Y	PI424472A	exact	matched_exact
PI424472B	Y	Y	PI424472B	exact	matched_exact
PI424473	Y	Y	PI424473	exact	matched_exact
PI424474-1	Y	Y	PI424474-1	exact	matched_exact
PI424474-2	Y	Y	PI424474-2	exact	matched_exact
PI424475	Y	Y	PI424475	exact	matched_exact
PI424476	Y	Y	PI424476	exact	matched_exact
PI424477	Y	Y	PI424477	exact	matched_exact
PI424478	Y	Y	PI424478	exact	matched_exact
PI424479	Y	Y	PI424479	exact	matched_exact
PI424480	Y	Y	PI424480	exact	matched_exact
PI424481A	Y	Y	PI424481A	exact	matched_exact
PI424481B	Y	Y	PI424481B	exact	matched_exact
PI424482	Y	Y	PI424482	exact	matched_exact
PI424483	Y	Y	PI424483	exact	matched_exact
PI424484A	Y	Y	PI424484A	exact	matched_exact
PI424484B	Y	Y	PI424484B	exact	matched_exact
PI424485	Y	Y	PI424485	exact	matched_exact
PI424486	Y	Y	PI424486	exact	matched_exact
PI424487A	Y	Y	PI424487A	exact	matched_exact
PI424487B	Y	Y	PI424487B	exact	matched_exact
PI424488A	Y	Y	PI424488A	exact	matched_exact
PI424488B	Y	Y	PI424488B	exact	matched_exact
PI424489A	Y	Y	PI424489A	exact	matched_exact
PI424489B	Y	Y	PI424489B	exact	matched_exact
PI424490	Y	Y	PI424490	exact	matched_exact
PI424491A	Y	Y	PI424491A	exact	matched_exact
PI424491B	Y	Y	PI424491B	exact	matched_exact
PI424492	Y	Y	PI424492	exact	matched_exact
PI424493A	Y	Y	PI424493A	exact	matched_exact
PI424493B	Y	Y	PI424493B	exact	matched_exact
PI424494	Y	Y	PI424494	exact	matched_exact
PI424495	Y	Y	PI424495	exact	matched_exact
PI424496	Y	Y	PI424496	exact	matched_exact
PI424497	Y	Y	PI424497	exact	matched_exact
PI424498	Y	Y	PI424498	exact	matched_exact
PI424499A	Y	Y	PI424499A	exact	matched_exact
PI424499B	Y	Y	PI424499B	exact	matched_exact
PI424499C	Y	Y	PI424499C	exact	matched_exact
PI424499D	Y	Y	PI424499D	exact	matched_exact
PI424500	Y	Y	PI424500	exact	matched_exact
PI424501	Y	Y	PI424501	exact	matched_exact
PI424502	Y	Y	PI424502	exact	matched_exact
PI424503	Y	Y	PI424503	exact	matched_exact
PI424504A	Y	Y	PI424504A	exact	matched_exact
PI424504B	Y	Y	PI424504B	exact	matched_exact
PI424505	Y	Y	PI424505	exact	matched_exact
PI424506	Y	Y	PI424506	exact	matched_exact
PI424507	Y	Y	PI424507	exact	matched_exact
PI424508	Y	Y	PI424508	exact	matched_exact
PI424509	Y	Y	PI424509	exact	matched_exact
PI424510	Y	Y	PI424510	exact	matched_exact
PI424511	Y	Y	PI424511	exact	matched_exact
PI424512	Y	Y	PI424512	exact	matched_exact
PI424513	Y	Y	PI424513	exact	matched_exact
PI424514	Y	Y	PI424514	exact	matched_exact
PI424515	Y	Y	PI424515	exact	matched_exact
PI424516	Y	Y	PI424516	exact	matched_exact
PI424517A	Y	Y	PI424517A	exact	matched_exact
PI424517B	Y	Y	PI424517B	exact	matched_exact
PI424518	Y	Y	PI424518	exact	matched_exact
PI424519	Y	Y	PI424519	exact	matched_exact
PI424520	Y	Y	PI424520	exact	matched_exact
PI424521A	Y	Y	PI424521A	exact	matched_exact
PI424521B	Y	Y	PI424521B	exact	matched_exact
PI424522	Y	Y	PI424522	exact	matched_exact
PI424523A	Y	Y	PI424523A	exact	matched_exact
PI424523B	Y	Y	PI424523B	exact	matched_exact
PI424524	Y	Y	PI424524	exact	matched_exact
PI424525	Y	Y	PI424525	exact	matched_exact
PI424526	Y	Y	PI424526	exact	matched_exact
PI424527	Y	Y	PI424527	exact	matched_exact
PI424528	Y	Y	PI424528	exact	matched_exact
PI424529	Y	Y	PI424529	exact	matched_exact
PI424530	Y	Y	PI424530	exact	matched_exact
PI424531	Y	Y	PI424531	exact	matched_exact
PI424532	Y	Y	PI424532	exact	matched_exact
PI424533	Y	Y	PI424533	exact	matched_exact
PI424534	Y	Y	PI424534	exact	matched_exact
PI424535A	Y	Y	PI424535A	exact	matched_exact
PI424535B	Y	Y	PI424535B	exact	matched_exact
PI424536	Y	Y	PI424536	exact	matched_exact
PI424537	Y	Y	PI424537	exact	matched_exact
PI424538	Y	Y	PI424538	exact	matched_exact
PI424539	Y	Y	PI424539	exact	matched_exact
PI424540	Y	Y	PI424540	exact	matched_exact
PI424541	Y	Y	PI424541	exact	matched_exact
PI424542	Y	Y	PI424542	exact	matched_exact
PI424543	Y	Y	PI424543	exact	matched_exact
PI424544	Y	Y	PI424544	exact	matched_exact
PI424545	Y	Y	PI424545	exact	matched_exact
PI424546A	Y	Y	PI424546A	exact	matched_exact
PI424546B	Y	Y	PI424546B	exact	matched_exact
PI424547	Y	Y	PI424547	exact	matched_exact
PI424548	Y	Y	PI424548	exact	matched_exact
PI424549A	Y	Y	PI424549A	exact	matched_exact
PI424549B	Y	Y	PI424549B	exact	matched_exact
PI424550	Y	Y	PI424550	exact	matched_exact
PI424551	Y	Y	PI424551	exact	matched_exact
PI424552	Y	Y	PI424552	exact	matched_exact
PI424553	Y	Y	PI424553	exact	matched_exact
PI424554	Y	Y	PI424554	exact	matched_exact
PI424555A	Y	Y	PI424555A	exact	matched_exact
PI424555B	Y	Y	PI424555B	exact	matched_exact
PI424556	Y	Y	PI424556	exact	matched_exact
PI424557	Y	Y	PI424557	exact	matched_exact
PI424558A	Y	Y	PI424558A	exact	matched_exact
PI424558B	Y	Y	PI424558B	exact	matched_exact
PI424559	Y	Y	PI424559	exact	matched_exact
PI424560	Y	Y	PI424560	exact	matched_exact
PI424561	Y	Y	PI424561	exact	matched_exact
PI424562	Y	Y	PI424562	exact	matched_exact
PI424563	Y	Y	PI424563	exact	matched_exact
PI424564	Y	Y	PI424564	exact	matched_exact
PI424565	Y	Y	PI424565	exact	matched_exact
PI424566	Y	Y	PI424566	exact	matched_exact
PI424567	Y	Y	PI424567	exact	matched_exact
PI424568	Y	Y	PI424568	exact	matched_exact
PI424569A	Y	Y	PI424569A	exact	matched_exact
PI424569B	Y	Y	PI424569B	exact	matched_exact
PI424570	Y	Y	PI424570	exact	matched_exact
PI424571	Y	Y	PI424571	exact	matched_exact
PI424572	Y	Y	PI424572	exact	matched_exact
PI424573	Y	Y	PI424573	exact	matched_exact
PI424574	Y	Y	PI424574	exact	matched_exact
PI424575	Y	Y	PI424575	exact	matched_exact
PI424576	Y	Y	PI424576	exact	matched_exact
PI424577	Y	Y	PI424577	exact	matched_exact
PI424578	Y	Y	PI424578	exact	matched_exact
PI424579	Y	Y	PI424579	exact	matched_exact
PI424580	Y	Y	PI424580	exact	matched_exact
PI424581	Y	Y	PI424581	exact	matched_exact
PI424582	Y	Y	PI424582	exact	matched_exact
PI424583	Y	Y	PI424583	exact	matched_exact
PI424584	Y	Y	PI424584	exact	matched_exact
PI424585	Y	Y	PI424585	exact	matched_exact
PI424586	Y	Y	PI424586	exact	matched_exact
PI424587	Y	Y	PI424587	exact	matched_exact
PI424588	Y	Y	PI424588	exact	matched_exact
PI424589	Y	Y	PI424589	exact	matched_exact
PI424590A	Y	Y	PI424590A	exact	matched_exact
PI424590B	Y	Y	PI424590B	exact	matched_exact
PI424591	Y	Y	PI424591	exact	matched_exact
PI424592	Y	Y	PI424592	exact	matched_exact
PI424593	Y	Y	PI424593	exact	matched_exact
PI424594	Y	Y	PI424594	exact	matched_exact
PI424595	Y	Y	PI424595	exact	matched_exact
PI424596	Y	Y	PI424596	exact	matched_exact
PI424597	Y	Y	PI424597	exact	matched_exact
PI424598	Y	Y	PI424598	exact	matched_exact
PI424599	Y	Y	PI424599	exact	matched_exact
PI424600	Y	Y	PI424600	exact	matched_exact
PI424601	Y	Y	PI424601	exact	matched_exact
PI424602	Y	Y	PI424602	exact	matched_exact
PI424603	Y	Y	PI424603	exact	matched_exact
PI424604	Y	Y	PI424604	exact	matched_exact
PI424605A	Y	Y	PI424605A	exact	matched_exact
PI424605B	Y	Y	PI424605B	exact	matched_exact
PI424606	Y	Y	PI424606	exact	matched_exact
PI424607	Y	Y	PI424607	exact	matched_exact
PI424608A	Y	Y	PI424608A	exact	matched_exact
PI424608B	Y	Y	PI424608B	exact	matched_exact
PI424609	Y	Y	PI424609	exact	matched_exact
PI424610	Y	Y	PI424610	exact	matched_exact
PI424611A	Y	Y	PI424611A	exact	matched_exact
PI424611B	Y	Y	PI424611B	exact	matched_exact
PI424612	Y	Y	PI424612	exact	matched_exact
PI424613	Y	Y	PI424613	exact	matched_exact
PI424614	Y	Y	PI424614	exact	matched_exact
PI424615	Y	Y	PI424615	exact	matched_exact
PI424616	Y	Y	PI424616	exact	matched_exact
PI424617	Y	Y	PI424617	exact	matched_exact
PI427088A	Y	Y	PI427088A	exact	matched_exact
PI427088B	Y	Y	PI427088B	exact	matched_exact
PI427088C	Y	Y	PI427088C	exact	matched_exact
PI427088D	Y	Y	PI427088D	exact	matched_exact
PI427088E	Y	Y	PI427088E	exact	matched_exact
PI427088F	Y	Y	PI427088F	exact	matched_exact
PI427088G	Y	Y	PI427088G	exact	matched_exact
PI427088H	Y	Y	PI427088H	exact	matched_exact
PI427088I	Y	Y	PI427088I	exact	matched_exact
PI427088J	Y	Y	PI427088J	exact	matched_exact
PI427099	Y	Y	PI427099	exact	matched_exact
PI427105A	Y	Y	PI427105A	exact	matched_exact
PI427105B	Y	Y	PI427105B	exact	matched_exact
PI427106	Y	Y	PI427106	exact	matched_exact
PI427107A	Y	Y	PI427107A	exact	matched_exact
PI427107B	Y	Y	PI427107B	exact	matched_exact
PI427107C	Y	Y	PI427107C	exact	matched_exact
PI427136	Y	Y	PI427136	exact	matched_exact
PI427137	Y	Y	PI427137	exact	matched_exact
PI427138	Y	Y	PI427138	exact	matched_exact
PI427139	Y	Y	PI427139	exact	matched_exact
PI427140	Y	Y	PI427140	exact	matched_exact
PI427141	Y	Y	PI427141	exact	matched_exact
PI427142	Y	Y	PI427142	exact	matched_exact
PI427143	Y	Y	PI427143	exact	matched_exact
PI427241	Y	N		none	vcf_only
PI427242	Y	N		none	vcf_only
PI427276	Y	Y	PI427276	exact	matched_exact
PI428691	Y	Y	PI428691	exact	matched_exact
PI428692	Y	N		none	vcf_only
PI429327	Y	N		none	vcf_only
PI429328	Y	Y	PI429328	exact	matched_exact
PI429329	Y	Y	PI429329	exact	matched_exact
PI429330	Y	Y	PI429330	exact	matched_exact
PI429809	N	Y		none	phenotype_only
PI430457	Y	Y	PI430457	exact	matched_exact
PI430460A	Y	Y	PI430460A	exact	matched_exact
PI430460B	Y	Y	PI430460B	exact	matched_exact
PI430491	Y	Y	PI430491	exact	matched_exact
PI430536	Y	Y	PI430536	exact	matched_exact
PI430594	Y	Y	PI430594	exact	matched_exact
PI430595	Y	Y	PI430595	exact	matched_exact
PI430596	Y	Y	PI430596	exact	matched_exact
PI430597	Y	Y	PI430597	exact	matched_exact
PI430598A	Y	Y	PI430598A	exact	matched_exact
PI430598B	Y	Y	PI430598B	exact	matched_exact
PI430599	Y	Y	PI430599	exact	matched_exact
PI430600A	Y	Y	PI430600A	exact	matched_exact
PI430600B	Y	Y	PI430600B	exact	matched_exact
PI430600C	Y	Y	PI430600C	exact	matched_exact
PI430619	Y	Y	PI430619	exact	matched_exact
PI430620	Y	Y	PI430620	exact	matched_exact
PI430622	Y	Y	PI430622	exact	matched_exact
PI430623	Y	Y	PI430623	exact	matched_exact
PI430624	Y	Y	PI430624	exact	matched_exact
PI430625	Y	Y	PI430625	exact	matched_exact
PI430626	Y	Y	PI430626	exact	matched_exact
PI430736	Y	Y	PI430736	exact	matched_exact
PI430737	Y	Y	PI430737	exact	matched_exact
PI430901	Y	N		none	vcf_only
PI432359	Y	Y	PI432359	exact	matched_exact
PI434973A	Y	Y	PI434973A	exact	matched_exact
PI434973B	Y	Y	PI434973B	exact	matched_exact
PI434974	Y	Y	PI434974	exact	matched_exact
PI434975	Y	Y	PI434975	exact	matched_exact
PI434976	Y	N		none	vcf_only
PI434977A	Y	Y	PI434977A	exact	matched_exact
PI434977B	Y	Y	PI434977B	exact	matched_exact
PI434979	Y	Y	PI434979	exact	matched_exact
PI434980A	Y	Y	PI434980A	exact	matched_exact
PI434980B	Y	Y	PI434980B	exact	matched_exact
PI434981	Y	Y	PI434981	exact	matched_exact
PI434982	Y	Y	PI434982	exact	matched_exact
PI436562	Y	Y	PI436562	exact	matched_exact
PI436563	Y	Y	PI436563	exact	matched_exact
PI436565	Y	Y	PI436565	exact	matched_exact
PI436566	Y	Y	PI436566	exact	matched_exact
PI436567	Y	Y	PI436567	exact	matched_exact
PI436568	Y	Y	PI436568	exact	matched_exact
PI436611	Y	Y	PI436611	exact	matched_exact
PI436612	Y	Y	PI436612	exact	matched_exact
PI436613	Y	Y	PI436613	exact	matched_exact
PI436617	Y	Y	PI436617	exact	matched_exact
PI436618	Y	Y	PI436618	exact	matched_exact
PI436619	Y	Y	PI436619	exact	matched_exact
PI436620	Y	Y	PI436620	exact	matched_exact
PI436681	Y	Y	PI436681	exact	matched_exact
PI436682	Y	Y	PI436682	exact	matched_exact
PI436683	Y	Y	PI436683	exact	matched_exact
PI436684	Y	Y	PI436684	exact	matched_exact
PI437069	Y	Y	PI437069	exact	matched_exact
PI437070	Y	Y	PI437070	exact	matched_exact
PI437071	Y	Y	PI437071	exact	matched_exact
PI437072	Y	Y	PI437072	exact	matched_exact
PI437074	Y	Y	PI437074	exact	matched_exact
PI437075	Y	Y	PI437075	exact	matched_exact
PI437076	Y	Y	PI437076	exact	matched_exact
PI437077	Y	Y	PI437077	exact	matched_exact
PI437078A	Y	Y	PI437078A	exact	matched_exact
PI437078B	Y	Y	PI437078B	exact	matched_exact
PI437079A	Y	Y	PI437079A	exact	matched_exact
PI437079B	Y	Y	PI437079B	exact	matched_exact
PI437080	Y	Y	PI437080	exact	matched_exact
PI437081A	Y	Y	PI437081A	exact	matched_exact
PI437081B	Y	Y	PI437081B	exact	matched_exact
PI437082	Y	Y	PI437082	exact	matched_exact
PI437083	Y	Y	PI437083	exact	matched_exact
PI437084	Y	Y	PI437084	exact	matched_exact
PI437085	Y	Y	PI437085	exact	matched_exact
PI437086	Y	Y	PI437086	exact	matched_exact
PI437087	Y	Y	PI437087	exact	matched_exact
PI437088A	Y	Y	PI437088A	exact	matched_exact
PI437088B	Y	Y	PI437088B	exact	matched_exact
PI437089	Y	Y	PI437089	exact	matched_exact
PI437090	Y	Y	PI437090	exact	matched_exact
PI437091	Y	Y	PI437091	exact	matched_exact
PI437092	Y	Y	PI437092	exact	matched_exact
PI437093	Y	Y	PI437093	exact	matched_exact
PI437094	Y	Y	PI437094	exact	matched_exact
PI437095	Y	Y	PI437095	exact	matched_exact
PI437096	Y	Y	PI437096	exact	matched_exact
PI437097	Y	Y	PI437097	exact	matched_exact
PI437098	Y	Y	PI437098	exact	matched_exact
PI437099	Y	Y	PI437099	exact	matched_exact
PI437100	Y	Y	PI437100	exact	matched_exact
PI437101	Y	Y	PI437101	exact	matched_exact
PI437102	Y	Y	PI437102	exact	matched_exact
PI437103	Y	Y	PI437103	exact	matched_exact
PI437104	Y	Y	PI437104	exact	matched_exact
PI437105A	Y	Y	PI437105A	exact	matched_exact
PI437105B	Y	Y	PI437105B	exact	matched_exact
PI437105C	Y	Y	PI437105C	exact	matched_exact
PI437105D	Y	Y	PI437105D	exact	matched_exact
PI437106	Y	Y	PI437106	exact	matched_exact
PI437107	Y	Y	PI437107	exact	matched_exact
PI437108	Y	Y	PI437108	exact	matched_exact
PI437109A	Y	Y	PI437109A	exact	matched_exact
PI437109B	Y	Y	PI437109B	exact	matched_exact
PI437109C	Y	Y	PI437109C	exact	matched_exact
PI437110A	Y	Y	PI437110A	exact	matched_exact
PI437110B	Y	Y	PI437110B	exact	matched_exact
PI437111	Y	Y	PI437111	exact	matched_exact
PI437112A	Y	Y	PI437112A	exact	matched_exact
PI437112B	Y	Y	PI437112B	exact	matched_exact
PI437113	Y	Y	PI437113	exact	matched_exact
PI437114	Y	Y	PI437114	exact	matched_exact
PI437115	Y	Y	PI437115	exact	matched_exact
PI437116	Y	Y	PI437116	exact	matched_exact
PI437117	Y	Y	PI437117	exact	matched_exact
PI437118A	Y	Y	PI437118A	exact	matched_exact
PI437118B	Y	Y	PI437118B	exact	matched_exact
PI437119	Y	Y	PI437119	exact	matched_exact
PI437120	Y	Y	PI437120	exact	matched_exact
PI437121A	Y	Y	PI437121A	exact	matched_exact
PI437121B	Y	Y	PI437121B	exact	matched_exact
PI437122	Y	Y	PI437122	exact	matched_exact
PI437123	Y	Y	PI437123	exact	matched_exact
PI437124	Y	Y	PI437124	exact	matched_exact
PI437126A	Y	Y	PI437126A	exact	matched_exact
PI437126B	Y	Y	PI437126B	exact	matched_exact
PI437126C	Y	Y	PI437126C	exact	matched_exact
PI437127A	Y	Y	PI437127A	exact	matched_exact
PI437127B	Y	Y	PI437127B	exact	matched_exact
PI437128	Y	Y	PI437128	exact	matched_exact
PI437129A	Y	Y	PI437129A	exact	matched_exact
PI437129B	Y	Y	PI437129B	exact	matched_exact
PI437130	Y	Y	PI437130	exact	matched_exact
PI437131	Y	Y	PI437131	exact	matched_exact
PI437132A	Y	Y	PI437132A	exact	matched_exact
PI437132B	Y	Y	PI437132B	exact	matched_exact
PI437133	Y	Y	PI437133	exact	matched_exact
PI437134	Y	Y	PI437134	exact	matched_exact
PI437135A	Y	Y	PI437135A	exact	matched_exact
PI437135B	Y	Y	PI437135B	exact	matched_exact
PI437136	Y	Y	PI437136	exact	matched_exact
PI437137	Y	Y	PI437137	exact	matched_exact
PI437138	Y	Y	PI437138	exact	matched_exact
PI437139	Y	Y	PI437139	exact	matched_exact
PI437140	Y	Y	PI437140	exact	matched_exact
PI437141	Y	Y	PI437141	exact	matched_exact
PI437142	Y	Y	PI437142	exact	matched_exact
PI437143	Y	Y	PI437143	exact	matched_exact
PI437144	Y	Y	PI437144	exact	matched_exact
PI437145A	Y	Y	PI437145A	exact	matched_exact
PI437145B	Y	Y	PI437145B	exact	matched_exact
PI437146	Y	Y	PI437146	exact	matched_exact
PI437147	Y	Y	PI437147	exact	matched_exact
PI437148	Y	Y	PI437148	exact	matched_exact
PI437149	Y	Y	PI437149	exact	matched_exact
PI437150	Y	Y	PI437150	exact	matched_exact
PI437151	Y	Y	PI437151	exact	matched_exact
PI437152	Y	Y	PI437152	exact	matched_exact
PI437153A	Y	Y	PI437153A	exact	matched_exact
PI437153B	Y	Y	PI437153B	exact	matched_exact
PI437154	Y	Y	PI437154	exact	matched_exact
PI437155	Y	Y	PI437155	exact	matched_exact
PI437156A	Y	Y	PI437156A	exact	matched_exact
PI437156B	Y	Y	PI437156B	exact	matched_exact
PI437156C	Y	Y	PI437156C	exact	matched_exact
PI437157	Y	Y	PI437157	exact	matched_exact
PI437158	Y	Y	PI437158	exact	matched_exact
PI437159	Y	Y	PI437159	exact	matched_exact
PI437160	Y	Y	PI437160	exact	matched_exact
PI437161	Y	Y	PI437161	exact	matched_exact
PI437162	Y	Y	PI437162	exact	matched_exact
PI437163	Y	Y	PI437163	exact	matched_exact
PI437164	Y	Y	PI437164	exact	matched_exact
PI437165A	Y	Y	PI437165A	exact	matched_exact
PI437165B	Y	Y	PI437165B	exact	matched_exact
PI437166A	Y	Y	PI437166A	exact	matched_exact
PI437166B	Y	Y	PI437166B	exact	matched_exact
PI437167A	Y	Y	PI437167A	exact	matched_exact
PI437167B	Y	Y	PI437167B	exact	matched_exact
PI437167C	Y	Y	PI437167C	exact	matched_exact
PI437168A	Y	Y	PI437168A	exact	matched_exact
PI437168B	Y	Y	PI437168B	exact	matched_exact
PI437168C	Y	Y	PI437168C	exact	matched_exact
PI437169A	Y	Y	PI437169A	exact	matched_exact
PI437169B	Y	Y	PI437169B	exact	matched_exact
PI437170	Y	Y	PI437170	exact	matched_exact
PI437171	Y	Y	PI437171	exact	matched_exact
PI437172	Y	Y	PI437172	exact	matched_exact
PI437173	Y	Y	PI437173	exact	matched_exact
PI437174A	Y	Y	PI437174A	exact	matched_exact
PI437174B	Y	Y	PI437174B	exact	matched_exact
PI437175	Y	Y	PI437175	exact	matched_exact
PI437176	Y	Y	PI437176	exact	matched_exact
PI437177	Y	Y	PI437177	exact	matched_exact
PI437178	Y	Y	PI437178	exact	matched_exact
PI437179	Y	Y	PI437179	exact	matched_exact
PI437180	Y	Y	PI437180	exact	matched_exact
PI437181	Y	Y	PI437181	exact	matched_exact
PI437182	Y	Y	PI437182	exact	matched_exact
PI437183	Y	Y	PI437183	exact	matched_exact
PI437184	Y	Y	PI437184	exact	matched_exact
PI437185	Y	Y	PI437185	exact	matched_exact
PI437186	Y	Y	PI437186	exact	matched_exact
PI437187	Y	Y	PI437187	exact	matched_exact
PI437188	Y	Y	PI437188	exact	matched_exact
PI437189A	Y	Y	PI437189A	exact	matched_exact
PI437189B	Y	Y	PI437189B	exact	matched_exact
PI437190	Y	Y	PI437190	exact	matched_exact
PI437191	Y	Y	PI437191	exact	matched_exact
PI437192	Y	Y	PI437192	exact	matched_exact
PI437193	Y	Y	PI437193	exact	matched_exact
PI437194	Y	Y	PI437194	exact	matched_exact
PI437195	Y	Y	PI437195	exact	matched_exact
PI437196	Y	Y	PI437196	exact	matched_exact
PI437197	Y	Y	PI437197	exact	matched_exact
PI437198	Y	Y	PI437198	exact	matched_exact
PI437199	Y	Y	PI437199	exact	matched_exact
PI437200A	Y	Y	PI437200A	exact	matched_exact
PI437200B	Y	Y	PI437200B	exact	matched_exact
PI437201	Y	Y	PI437201	exact	matched_exact
PI437202	Y	Y	PI437202	exact	matched_exact
PI437203	Y	Y	PI437203	exact	matched_exact
PI437204	Y	Y	PI437204	exact	matched_exact
PI437205A	Y	Y	PI437205A	exact	matched_exact
PI437205B	Y	Y	PI437205B	exact	matched_exact
PI437206	Y	Y	PI437206	exact	matched_exact
PI437207	Y	Y	PI437207	exact	matched_exact
PI437208	Y	Y	PI437208	exact	matched_exact
PI437209	Y	Y	PI437209	exact	matched_exact
PI437210	Y	Y	PI437210	exact	matched_exact
PI437211A	Y	Y	PI437211A	exact	matched_exact
PI437211B	Y	Y	PI437211B	exact	matched_exact
PI437212	Y	Y	PI437212	exact	matched_exact
PI437213	Y	Y	PI437213	exact	matched_exact
PI437214	Y	Y	PI437214	exact	matched_exact
PI437215	Y	Y	PI437215	exact	matched_exact
PI437216	Y	Y	PI437216	exact	matched_exact
PI437217	Y	Y	PI437217	exact	matched_exact
PI437218	Y	Y	PI437218	exact	matched_exact
PI437219	Y	Y	PI437219	exact	matched_exact
PI437220	Y	Y	PI437220	exact	matched_exact
PI437221	Y	Y	PI437221	exact	matched_exact
PI437222	Y	Y	PI437222	exact	matched_exact
PI437223A	Y	Y	PI437223A	exact	matched_exact
PI437223B	Y	Y	PI437223B	exact	matched_exact
PI437224	Y	Y	PI437224	exact	matched_exact
PI437225	Y	Y	PI437225	exact	matched_exact
PI437226	Y	Y	PI437226	exact	matched_exact
PI437227	Y	Y	PI437227	exact	matched_exact
PI437228	Y	Y	PI437228	exact	matched_exact
PI437229	Y	Y	PI437229	exact	matched_exact
PI437230	Y	Y	PI437230	exact	matched_exact
PI437231	Y	Y	PI437231	exact	matched_exact
PI437232	Y	Y	PI437232	exact	matched_exact
PI437233	Y	Y	PI437233	exact	matched_exact
PI437234	Y	Y	PI437234	exact	matched_exact
PI437235	Y	Y	PI437235	exact	matched_exact
PI437236	Y	Y	PI437236	exact	matched_exact
PI437237	Y	Y	PI437237	exact	matched_exact
PI437238	Y	Y	PI437238	exact	matched_exact
PI437239	Y	Y	PI437239	exact	matched_exact
PI437240	Y	Y	PI437240	exact	matched_exact
PI437241	Y	Y	PI437241	exact	matched_exact
PI437242	Y	Y	PI437242	exact	matched_exact
PI437243	Y	Y	PI437243	exact	matched_exact
PI437244	Y	Y	PI437244	exact	matched_exact
PI437245	Y	Y	PI437245	exact	matched_exact
PI437246A	Y	Y	PI437246A	exact	matched_exact
PI437246B	Y	Y	PI437246B	exact	matched_exact
PI437246C	Y	Y	PI437246C	exact	matched_exact
PI437247	Y	Y	PI437247	exact	matched_exact
PI437248	Y	Y	PI437248	exact	matched_exact
PI437249	Y	Y	PI437249	exact	matched_exact
PI437250	Y	Y	PI437250	exact	matched_exact
PI437251A	Y	Y	PI437251A	exact	matched_exact
PI437251B	Y	Y	PI437251B	exact	matched_exact
PI437252	Y	Y	PI437252	exact	matched_exact
PI437253	Y	Y	PI437253	exact	matched_exact
PI437254	Y	Y	PI437254	exact	matched_exact
PI437255	Y	Y	PI437255	exact	matched_exact
PI437256	Y	Y	PI437256	exact	matched_exact
PI437257	Y	Y	PI437257	exact	matched_exact
PI437258	Y	Y	PI437258	exact	matched_exact
PI437259	Y	Y	PI437259	exact	matched_exact
PI437260A	Y	Y	PI437260A	exact	matched_exact
PI437260B	Y	Y	PI437260B	exact	matched_exact
PI437261A	Y	Y	PI437261A	exact	matched_exact
PI437261B	Y	Y	PI437261B	exact	matched_exact
PI437261C	Y	Y	PI437261C	exact	matched_exact
PI437261D	Y	Y	PI437261D	exact	matched_exact
PI437262	Y	Y	PI437262	exact	matched_exact
PI437263	Y	Y	PI437263	exact	matched_exact
PI437264	Y	Y	PI437264	exact	matched_exact
PI437265A	Y	Y	PI437265A	exact	matched_exact
PI437265B	Y	Y	PI437265B	exact	matched_exact
PI437265C	Y	Y	PI437265C	exact	matched_exact
PI437265D	Y	Y	PI437265D	exact	matched_exact
PI437266	Y	Y	PI437266	exact	matched_exact
PI437267	Y	Y	PI437267	exact	matched_exact
PI437268	Y	Y	PI437268	exact	matched_exact
PI437269	Y	Y	PI437269	exact	matched_exact
PI437270A	Y	Y	PI437270A	exact	matched_exact
PI437270B	Y	Y	PI437270B	exact	matched_exact
PI437271	Y	Y	PI437271	exact	matched_exact
PI437272	Y	Y	PI437272	exact	matched_exact
PI437273A	Y	Y	PI437273A	exact	matched_exact
PI437273B	Y	Y	PI437273B	exact	matched_exact
PI437274	Y	Y	PI437274	exact	matched_exact
PI437275	Y	Y	PI437275	exact	matched_exact
PI437276	Y	Y	PI437276	exact	matched_exact
PI437277	Y	Y	PI437277	exact	matched_exact
PI437278	Y	Y	PI437278	exact	matched_exact
PI437279	Y	Y	PI437279	exact	matched_exact
PI437280	Y	Y	PI437280	exact	matched_exact
PI437281	Y	Y	PI437281	exact	matched_exact
PI437282	Y	Y	PI437282	exact	matched_exact
PI437283	Y	Y	PI437283	exact	matched_exact
PI437284	Y	Y	PI437284	exact	matched_exact
PI437285	Y	Y	PI437285	exact	matched_exact
PI437286	Y	Y	PI437286	exact	matched_exact
PI437287	Y	Y	PI437287	exact	matched_exact
PI437288	Y	Y	PI437288	exact	matched_exact
PI437289	Y	Y	PI437289	exact	matched_exact
PI437290	Y	Y	PI437290	exact	matched_exact
PI437291	Y	Y	PI437291	exact	matched_exact
PI437292A	Y	Y	PI437292A	exact	matched_exact
PI437292B	Y	Y	PI437292B	exact	matched_exact
PI437293	Y	Y	PI437293	exact	matched_exact
PI437294A	Y	Y	PI437294A	exact	matched_exact
PI437294B	Y	Y	PI437294B	exact	matched_exact
PI437295	Y	Y	PI437295	exact	matched_exact
PI437296	Y	Y	PI437296	exact	matched_exact
PI437297	Y	Y	PI437297	exact	matched_exact
PI437298	Y	Y	PI437298	exact	matched_exact
PI437299	Y	Y	PI437299	exact	matched_exact
PI437300	Y	Y	PI437300	exact	matched_exact
PI437301	Y	Y	PI437301	exact	matched_exact
PI437302	Y	Y	PI437302	exact	matched_exact
PI437303	Y	Y	PI437303	exact	matched_exact
PI437304	Y	Y	PI437304	exact	matched_exact
PI437305	Y	Y	PI437305	exact	matched_exact
PI437306A	Y	Y	PI437306A	exact	matched_exact
PI437306B	Y	Y	PI437306B	exact	matched_exact
PI437307	Y	Y	PI437307	exact	matched_exact
PI437308	Y	Y	PI437308	exact	matched_exact
PI437309	Y	Y	PI437309	exact	matched_exact
PI437310	Y	Y	PI437310	exact	matched_exact
PI437311A	Y	Y	PI437311A	exact	matched_exact
PI437311B	Y	Y	PI437311B	exact	matched_exact
PI437312	Y	Y	PI437312	exact	matched_exact
PI437313	Y	Y	PI437313	exact	matched_exact
PI437314	Y	Y	PI437314	exact	matched_exact
PI437315	Y	Y	PI437315	exact	matched_exact
PI437316	Y	Y	PI437316	exact	matched_exact
PI437317	Y	Y	PI437317	exact	matched_exact
PI437318	Y	Y	PI437318	exact	matched_exact
PI437319	Y	Y	PI437319	exact	matched_exact
PI437320	Y	Y	PI437320	exact	matched_exact
PI437321	Y	Y	PI437321	exact	matched_exact
PI437322	Y	Y	PI437322	exact	matched_exact
PI437323	Y	Y	PI437323	exact	matched_exact
PI437324	Y	Y	PI437324	exact	matched_exact
PI437325	Y	Y	PI437325	exact	matched_exact
PI437326	Y	Y	PI437326	exact	matched_exact
PI437327	Y	Y	PI437327	exact	matched_exact
PI437328	Y	Y	PI437328	exact	matched_exact
PI437329	Y	Y	PI437329	exact	matched_exact
PI437330A	Y	Y	PI437330A	exact	matched_exact
PI437330B	Y	Y	PI437330B	exact	matched_exact
PI437331	Y	Y	PI437331	exact	matched_exact
PI437332	Y	Y	PI437332	exact	matched_exact
PI437333	Y	Y	PI437333	exact	matched_exact
PI437334	Y	Y	PI437334	exact	matched_exact
PI437335	Y	Y	PI437335	exact	matched_exact
PI437336A	Y	Y	PI437336A	exact	matched_exact
PI437336B	Y	Y	PI437336B	exact	matched_exact
PI437337	Y	Y	PI437337	exact	matched_exact
PI437338	Y	Y	PI437338	exact	matched_exact
PI437339A	Y	Y	PI437339A	exact	matched_exact
PI437339B	Y	Y	PI437339B	exact	matched_exact
PI437339C	Y	Y	PI437339C	exact	matched_exact
PI437340A	Y	Y	PI437340A	exact	matched_exact
PI437340B	Y	Y	PI437340B	exact	matched_exact
PI437340C	Y	Y	PI437340C	exact	matched_exact
PI437341	Y	Y	PI437341	exact	matched_exact
PI437342	Y	Y	PI437342	exact	matched_exact
PI437343	Y	Y	PI437343	exact	matched_exact
PI437344A	Y	Y	PI437344A	exact	matched_exact
PI437344B	Y	Y	PI437344B	exact	matched_exact
PI437344C	Y	Y	PI437344C	exact	matched_exact
PI437344D	Y	Y	PI437344D	exact	matched_exact
PI437345	Y	Y	PI437345	exact	matched_exact
PI437346	Y	Y	PI437346	exact	matched_exact
PI437347	Y	Y	PI437347	exact	matched_exact
PI437348	Y	Y	PI437348	exact	matched_exact
PI437350	Y	Y	PI437350	exact	matched_exact
PI437351	Y	Y	PI437351	exact	matched_exact
PI437352	Y	Y	PI437352	exact	matched_exact
PI437353	Y	Y	PI437353	exact	matched_exact
PI437354	Y	Y	PI437354	exact	matched_exact
PI437355	Y	Y	PI437355	exact	matched_exact
PI437356	Y	Y	PI437356	exact	matched_exact
PI437357	Y	Y	PI437357	exact	matched_exact
PI437358	Y	Y	PI437358	exact	matched_exact
PI437359	Y	Y	PI437359	exact	matched_exact
PI437360	Y	Y	PI437360	exact	matched_exact
PI437361	Y	Y	PI437361	exact	matched_exact
PI437362	Y	Y	PI437362	exact	matched_exact
PI437363A	Y	Y	PI437363A	exact	matched_exact
PI437363B	Y	Y	PI437363B	exact	matched_exact
PI437364	Y	Y	PI437364	exact	matched_exact
PI437365	Y	Y	PI437365	exact	matched_exact
PI437366	Y	Y	PI437366	exact	matched_exact
PI437367	Y	Y	PI437367	exact	matched_exact
PI437368	Y	Y	PI437368	exact	matched_exact
PI437369	Y	Y	PI437369	exact	matched_exact
PI437370	Y	Y	PI437370	exact	matched_exact
PI437371	Y	Y	PI437371	exact	matched_exact
PI437372	Y	Y	PI437372	exact	matched_exact
PI437373	Y	Y	PI437373	exact	matched_exact
PI437374	Y	Y	PI437374	exact	matched_exact
PI437375A	Y	Y	PI437375A	exact	matched_exact
PI437375B	Y	Y	PI437375B	exact	matched_exact
PI437376A	Y	Y	PI437376A	exact	matched_exact
PI437376B	Y	Y	PI437376B	exact	matched_exact
PI437377	Y	Y	PI437377	exact	matched_exact
PI437378A	Y	Y	PI437378A	exact	matched_exact
PI437378B	Y	Y	PI437378B	exact	matched_exact
PI437378C	Y	Y	PI437378C	exact	matched_exact
PI437379	Y	Y	PI437379	exact	matched_exact
PI437380	Y	Y	PI437380	exact	matched_exact
PI437381A	Y	Y	PI437381A	exact	matched_exact
PI437381B	Y	Y	PI437381B	exact	matched_exact
PI437381C	Y	Y	PI437381C	exact	matched_exact
PI437381D	Y	Y	PI437381D	exact	matched_exact
PI437382	Y	Y	PI437382	exact	matched_exact
PI437383	Y	Y	PI437383	exact	matched_exact
PI437384	Y	Y	PI437384	exact	matched_exact
PI437385A	Y	Y	PI437385A	exact	matched_exact
PI437385B	Y	Y	PI437385B	exact	matched_exact
PI437386	Y	Y	PI437386	exact	matched_exact
PI437387	Y	Y	PI437387	exact	matched_exact
PI437388	Y	Y	PI437388	exact	matched_exact
PI437389A	Y	Y	PI437389A	exact	matched_exact
PI437389B	Y	Y	PI437389B	exact	matched_exact
PI437389C	Y	Y	PI437389C	exact	matched_exact
PI437390	Y	Y	PI437390	exact	matched_exact
PI437391	Y	Y	PI437391	exact	matched_exact
PI437392	Y	Y	PI437392	exact	matched_exact
PI437393	Y	Y	PI437393	exact	matched_exact
PI437394	Y	Y	PI437394	exact	matched_exact
PI437395A	Y	Y	PI437395A	exact	matched_exact
PI437395B	Y	Y	PI437395B	exact	matched_exact
PI437396	Y	Y	PI437396	exact	matched_exact
PI437397	Y	Y	PI437397	exact	matched_exact
PI437398	Y	Y	PI437398	exact	matched_exact
PI437399	Y	Y	PI437399	exact	matched_exact
PI437400	Y	Y	PI437400	exact	matched_exact
PI437401	Y	Y	PI437401	exact	matched_exact
PI437402	Y	Y	PI437402	exact	matched_exact
PI437403	Y	Y	PI437403	exact	matched_exact
PI437404	Y	Y	PI437404	exact	matched_exact
PI437405	Y	Y	PI437405	exact	matched_exact
PI437406	Y	Y	PI437406	exact	matched_exact
PI437407	Y	Y	PI437407	exact	matched_exact
PI437408A	Y	Y	PI437408A	exact	matched_exact
PI437408B	Y	Y	PI437408B	exact	matched_exact
PI437408C	Y	Y	PI437408C	exact	matched_exact
PI437409	Y	Y	PI437409	exact	matched_exact
PI437410	Y	Y	PI437410	exact	matched_exact
PI437411	Y	Y	PI437411	exact	matched_exact
PI437412	Y	Y	PI437412	exact	matched_exact
PI437413	Y	Y	PI437413	exact	matched_exact
PI437414	Y	Y	PI437414	exact	matched_exact
PI437415	Y	Y	PI437415	exact	matched_exact
PI437416	Y	Y	PI437416	exact	matched_exact
PI437417	Y	Y	PI437417	exact	matched_exact
PI437418	Y	Y	PI437418	exact	matched_exact
PI437419A	Y	Y	PI437419A	exact	matched_exact
PI437419B	Y	Y	PI437419B	exact	matched_exact
PI437420A	Y	Y	PI437420A	exact	matched_exact
PI437420B	Y	Y	PI437420B	exact	matched_exact
PI437420C	Y	Y	PI437420C	exact	matched_exact
PI437421	Y	Y	PI437421	exact	matched_exact
PI437422	Y	Y	PI437422	exact	matched_exact
PI437423	Y	Y	PI437423	exact	matched_exact
PI437424	Y	Y	PI437424	exact	matched_exact
PI437425	Y	Y	PI437425	exact	matched_exact
PI437426	Y	Y	PI437426	exact	matched_exact
PI437427A	Y	Y	PI437427A	exact	matched_exact
PI437427B	Y	Y	PI437427B	exact	matched_exact
PI437427C	Y	Y	PI437427C	exact	matched_exact
PI437428A	Y	Y	PI437428A	exact	matched_exact
PI437428B	Y	Y	PI437428B	exact	matched_exact
PI437429A	Y	Y	PI437429A	exact	matched_exact
PI437429B	Y	Y	PI437429B	exact	matched_exact
PI437430	Y	Y	PI437430	exact	matched_exact
PI437431	Y	Y	PI437431	exact	matched_exact
PI437432A	Y	Y	PI437432A	exact	matched_exact
PI437432B	Y	Y	PI437432B	exact	matched_exact
PI437433	Y	Y	PI437433	exact	matched_exact
PI437434A	Y	Y	PI437434A	exact	matched_exact
PI437434B	Y	Y	PI437434B	exact	matched_exact
PI437435	Y	Y	PI437435	exact	matched_exact
PI437436A	Y	Y	PI437436A	exact	matched_exact
PI437436B	Y	Y	PI437436B	exact	matched_exact
PI437437A	Y	Y	PI437437A	exact	matched_exact
PI437437B	Y	Y	PI437437B	exact	matched_exact
PI437438	Y	Y	PI437438	exact	matched_exact
PI437439	Y	Y	PI437439	exact	matched_exact
PI437440	Y	Y	PI437440	exact	matched_exact
PI437441	Y	Y	PI437441	exact	matched_exact
PI437442	Y	Y	PI437442	exact	matched_exact
PI437443	Y	Y	PI437443	exact	matched_exact
PI437444	Y	Y	PI437444	exact	matched_exact
PI437445	Y	Y	PI437445	exact	matched_exact
PI437446	Y	Y	PI437446	exact	matched_exact
PI437447	Y	Y	PI437447	exact	matched_exact
PI437448	Y	Y	PI437448	exact	matched_exact
PI437449	Y	Y	PI437449	exact	matched_exact
PI437450	Y	Y	PI437450	exact	matched_exact
PI437451	Y	Y	PI437451	exact	matched_exact
PI437452A	Y	Y	PI437452A	exact	matched_exact
PI437452B	Y	Y	PI437452B	exact	matched_exact
PI437453	Y	Y	PI437453	exact	matched_exact
PI437454	Y	Y	PI437454	exact	matched_exact
PI437455	Y	Y	PI437455	exact	matched_exact
PI437456	Y	Y	PI437456	exact	matched_exact
PI437457	Y	Y	PI437457	exact	matched_exact
PI437458A	Y	Y	PI437458A	exact	matched_exact
PI437458B	Y	Y	PI437458B	exact	matched_exact
PI437459	Y	Y	PI437459	exact	matched_exact
PI437460	Y	Y	PI437460	exact	matched_exact
PI437461	Y	Y	PI437461	exact	matched_exact
PI437462A	Y	Y	PI437462A	exact	matched_exact
PI437462B	Y	Y	PI437462B	exact	matched_exact
PI437462C	Y	Y	PI437462C	exact	matched_exact
PI437462D	Y	Y	PI437462D	exact	matched_exact
PI437463A	Y	Y	PI437463A	exact	matched_exact
PI437463B	Y	Y	PI437463B	exact	matched_exact
PI437464	Y	Y	PI437464	exact	matched_exact
PI437465	Y	Y	PI437465	exact	matched_exact
PI437466	Y	Y	PI437466	exact	matched_exact
PI437467	Y	Y	PI437467	exact	matched_exact
PI437468	Y	Y	PI437468	exact	matched_exact
PI437469A	Y	Y	PI437469A	exact	matched_exact
PI437469B	Y	Y	PI437469B	exact	matched_exact
PI437470	Y	Y	PI437470	exact	matched_exact
PI437471	Y	Y	PI437471	exact	matched_exact
PI437472	Y	Y	PI437472	exact	matched_exact
PI437473	Y	Y	PI437473	exact	matched_exact
PI437474A	Y	Y	PI437474A	exact	matched_exact
PI437474B	Y	Y	PI437474B	exact	matched_exact
PI437475	Y	Y	PI437475	exact	matched_exact
PI437476	Y	Y	PI437476	exact	matched_exact
PI437477A	Y	Y	PI437477A	exact	matched_exact
PI437477B	Y	Y	PI437477B	exact	matched_exact
PI437478	Y	Y	PI437478	exact	matched_exact
PI437479	Y	Y	PI437479	exact	matched_exact
PI437480	Y	Y	PI437480	exact	matched_exact
PI437481	Y	Y	PI437481	exact	matched_exact
PI437482	Y	Y	PI437482	exact	matched_exact
PI437483	Y	Y	PI437483	exact	matched_exact
PI437484	Y	Y	PI437484	exact	matched_exact
PI437485	Y	Y	PI437485	exact	matched_exact
PI437486	Y	Y	PI437486	exact	matched_exact
PI437487	Y	Y	PI437487	exact	matched_exact
PI437488	Y	Y	PI437488	exact	matched_exact
PI437489	Y	Y	PI437489	exact	matched_exact
PI437490	Y	Y	PI437490	exact	matched_exact
PI437491	Y	Y	PI437491	exact	matched_exact
PI437492	Y	Y	PI437492	exact	matched_exact
PI437493	Y	Y	PI437493	exact	matched_exact
PI437494	Y	Y	PI437494	exact	matched_exact
PI437495	Y	Y	PI437495	exact	matched_exact
PI437496	Y	Y	PI437496	exact	matched_exact
PI437497	Y	Y	PI437497	exact	matched_exact
PI437498	Y	Y	PI437498	exact	matched_exact
PI437499	Y	Y	PI437499	exact	matched_exact
PI437500A	Y	Y	PI437500A	exact	matched_exact
PI437500B	Y	Y	PI437500B	exact	matched_exact
PI437500C	Y	Y	PI437500C	exact	matched_exact
PI437501A	Y	Y	PI437501A	exact	matched_exact
PI437501B	Y	Y	PI437501B	exact	matched_exact
PI437502	Y	Y	PI437502	exact	matched_exact
PI437503	Y	Y	PI437503	exact	matched_exact
PI437504	Y	Y	PI437504	exact	matched_exact
PI437505	Y	Y	PI437505	exact	matched_exact
PI437506	Y	Y	PI437506	exact	matched_exact
PI437507	Y	Y	PI437507	exact	matched_exact
PI437508A	Y	Y	PI437508A	exact	matched_exact
PI437508B	Y	Y	PI437508B	exact	matched_exact
PI437509	Y	Y	PI437509	exact	matched_exact
PI437510	Y	Y	PI437510	exact	matched_exact
PI437511	Y	Y	PI437511	exact	matched_exact
PI437512	Y	Y	PI437512	exact	matched_exact
PI437513	Y	Y	PI437513	exact	matched_exact
PI437514A	Y	Y	PI437514A	exact	matched_exact
PI437514B	Y	Y	PI437514B	exact	matched_exact
PI437515A	Y	Y	PI437515A	exact	matched_exact
PI437515B	Y	Y	PI437515B	exact	matched_exact
PI437516	Y	Y	PI437516	exact	matched_exact
PI437517	Y	Y	PI437517	exact	matched_exact
PI437518	Y	Y	PI437518	exact	matched_exact
PI437519	Y	Y	PI437519	exact	matched_exact
PI437520A	Y	Y	PI437520A	exact	matched_exact
PI437520B	Y	Y	PI437520B	exact	matched_exact
PI437521	Y	Y	PI437521	exact	matched_exact
PI437522	Y	Y	PI437522	exact	matched_exact
PI437523	Y	Y	PI437523	exact	matched_exact
PI437524	Y	Y	PI437524	exact	matched_exact
PI437525	Y	Y	PI437525	exact	matched_exact
PI437526A	Y	Y	PI437526A	exact	matched_exact
PI437526B	Y	Y	PI437526B	exact	matched_exact
PI437527	Y	Y	PI437527	exact	matched_exact
PI437528	Y	Y	PI437528	exact	matched_exact
PI437529	Y	Y	PI437529	exact	matched_exact
PI437530	Y	Y	PI437530	exact	matched_exact
PI437531	Y	Y	PI437531	exact	matched_exact
PI437532	Y	Y	PI437532	exact	matched_exact
PI437533A	Y	Y	PI437533A	exact	matched_exact
PI437533B	Y	Y	PI437533B	exact	matched_exact
PI437534	Y	Y	PI437534	exact	matched_exact
PI437535	Y	Y	PI437535	exact	matched_exact
PI437536	Y	Y	PI437536	exact	matched_exact
PI437537	Y	Y	PI437537	exact	matched_exact
PI437538	Y	Y	PI437538	exact	matched_exact
PI437539	Y	Y	PI437539	exact	matched_exact
PI437540	Y	Y	PI437540	exact	matched_exact
PI437541	Y	Y	PI437541	exact	matched_exact
PI437542	Y	Y	PI437542	exact	matched_exact
PI437543	Y	Y	PI437543	exact	matched_exact
PI437545	Y	Y	PI437545	exact	matched_exact
PI437546	Y	Y	PI437546	exact	matched_exact
PI437547	Y	Y	PI437547	exact	matched_exact
PI437548	Y	Y	PI437548	exact	matched_exact
PI437549	Y	Y	PI437549	exact	matched_exact
PI437550A	Y	Y	PI437550A	exact	matched_exact
PI437550B	Y	Y	PI437550B	exact	matched_exact
PI437550C	Y	Y	PI437550C	exact	matched_exact
PI437551	Y	Y	PI437551	exact	matched_exact
PI437552	Y	Y	PI437552	exact	matched_exact
PI437553	Y	Y	PI437553	exact	matched_exact
PI437554	Y	Y	PI437554	exact	matched_exact
PI437556	Y	Y	PI437556	exact	matched_exact
PI437557	Y	Y	PI437557	exact	matched_exact
PI437558	Y	Y	PI437558	exact	matched_exact
PI437559	Y	Y	PI437559	exact	matched_exact
PI437560	Y	Y	PI437560	exact	matched_exact
PI437561	Y	Y	PI437561	exact	matched_exact
PI437562	Y	Y	PI437562	exact	matched_exact
PI437563	Y	Y	PI437563	exact	matched_exact
PI437564	Y	Y	PI437564	exact	matched_exact
PI437565	Y	Y	PI437565	exact	matched_exact
PI437566	Y	Y	PI437566	exact	matched_exact
PI437567	Y	Y	PI437567	exact	matched_exact
PI437568	Y	Y	PI437568	exact	matched_exact
PI437569	Y	Y	PI437569	exact	matched_exact
PI437570	Y	Y	PI437570	exact	matched_exact
PI437571	Y	Y	PI437571	exact	matched_exact
PI437572	Y	Y	PI437572	exact	matched_exact
PI437573A	Y	Y	PI437573A	exact	matched_exact
PI437573B	Y	Y	PI437573B	exact	matched_exact
PI437574	Y	Y	PI437574	exact	matched_exact
PI437576	Y	Y	PI437576	exact	matched_exact
PI437577	Y	Y	PI437577	exact	matched_exact
PI437578	Y	Y	PI437578	exact	matched_exact
PI437579	Y	Y	PI437579	exact	matched_exact
PI437580	Y	Y	PI437580	exact	matched_exact
PI437581	Y	Y	PI437581	exact	matched_exact
PI437582	Y	Y	PI437582	exact	matched_exact
PI437583	Y	Y	PI437583	exact	matched_exact
PI437584	Y	Y	PI437584	exact	matched_exact
PI437585	Y	Y	PI437585	exact	matched_exact
PI437586A	Y	Y	PI437586A	exact	matched_exact
PI437586B	Y	Y	PI437586B	exact	matched_exact
PI437586C	Y	Y	PI437586C	exact	matched_exact
PI437587	Y	Y	PI437587	exact	matched_exact
PI437589	Y	Y	PI437589	exact	matched_exact
PI437590	Y	Y	PI437590	exact	matched_exact
PI437591	Y	Y	PI437591	exact	matched_exact
PI437592	Y	Y	PI437592	exact	matched_exact
PI437593A	Y	Y	PI437593A	exact	matched_exact
PI437593B	Y	Y	PI437593B	exact	matched_exact
PI437594A	Y	Y	PI437594A	exact	matched_exact
PI437594B	Y	Y	PI437594B	exact	matched_exact
PI437595	Y	Y	PI437595	exact	matched_exact
PI437596	Y	Y	PI437596	exact	matched_exact
PI437597A	Y	Y	PI437597A	exact	matched_exact
PI437597B	Y	Y	PI437597B	exact	matched_exact
PI437597C	Y	Y	PI437597C	exact	matched_exact
PI437598A	Y	Y	PI437598A	exact	matched_exact
PI437598B	Y	Y	PI437598B	exact	matched_exact
PI437599	Y	Y	PI437599	exact	matched_exact
PI437600	Y	Y	PI437600	exact	matched_exact
PI437601	Y	Y	PI437601	exact	matched_exact
PI437602	Y	Y	PI437602	exact	matched_exact
PI437603	Y	Y	PI437603	exact	matched_exact
PI437604	Y	Y	PI437604	exact	matched_exact
PI437605A	Y	Y	PI437605A	exact	matched_exact
PI437605B	Y	Y	PI437605B	exact	matched_exact
PI437605C	Y	Y	PI437605C	exact	matched_exact
PI437606	Y	Y	PI437606	exact	matched_exact
PI437607	Y	Y	PI437607	exact	matched_exact
PI437608	Y	Y	PI437608	exact	matched_exact
PI437609A	Y	Y	PI437609A	exact	matched_exact
PI437609B	Y	Y	PI437609B	exact	matched_exact
PI437610A	Y	Y	PI437610A	exact	matched_exact
PI437610B	Y	Y	PI437610B	exact	matched_exact
PI437611A	Y	Y	PI437611A	exact	matched_exact
PI437611B	Y	Y	PI437611B	exact	matched_exact
PI437612	Y	Y	PI437612	exact	matched_exact
PI437613	Y	Y	PI437613	exact	matched_exact
PI437614A	Y	Y	PI437614A	exact	matched_exact
PI437614B	Y	Y	PI437614B	exact	matched_exact
PI437615A	Y	Y	PI437615A	exact	matched_exact
PI437615B	Y	Y	PI437615B	exact	matched_exact
PI437615C	Y	Y	PI437615C	exact	matched_exact
PI437616	Y	Y	PI437616	exact	matched_exact
PI437617	Y	Y	PI437617	exact	matched_exact
PI437618	Y	Y	PI437618	exact	matched_exact
PI437619	Y	Y	PI437619	exact	matched_exact
PI437620	Y	Y	PI437620	exact	matched_exact
PI437621A	Y	Y	PI437621A	exact	matched_exact
PI437621B	Y	Y	PI437621B	exact	matched_exact
PI437622A	Y	Y	PI437622A	exact	matched_exact
PI437622B	Y	Y	PI437622B	exact	matched_exact
PI437623	Y	Y	PI437623	exact	matched_exact
PI437624	Y	Y	PI437624	exact	matched_exact
PI437625	Y	Y	PI437625	exact	matched_exact
PI437626	Y	Y	PI437626	exact	matched_exact
PI437627	Y	Y	PI437627	exact	matched_exact
PI437628	Y	Y	PI437628	exact	matched_exact
PI437629	Y	Y	PI437629	exact	matched_exact
PI437630A	Y	Y	PI437630A	exact	matched_exact
PI437630B	Y	Y	PI437630B	exact	matched_exact
PI437630C	Y	Y	PI437630C	exact	matched_exact
PI437630D	Y	Y	PI437630D	exact	matched_exact
PI437631	Y	Y	PI437631	exact	matched_exact
PI437632A	Y	Y	PI437632A	exact	matched_exact
PI437632B	Y	Y	PI437632B	exact	matched_exact
PI437633A	Y	Y	PI437633A	exact	matched_exact
PI437633B	Y	Y	PI437633B	exact	matched_exact
PI437633C	Y	Y	PI437633C	exact	matched_exact
PI437633D	Y	Y	PI437633D	exact	matched_exact
PI437634	Y	Y	PI437634	exact	matched_exact
PI437635A	Y	Y	PI437635A	exact	matched_exact
PI437635B	Y	Y	PI437635B	exact	matched_exact
PI437635C	Y	Y	PI437635C	exact	matched_exact
PI437635D	Y	Y	PI437635D	exact	matched_exact
PI437635E	Y	Y	PI437635E	exact	matched_exact
PI437636A	Y	Y	PI437636A	exact	matched_exact
PI437636B	Y	Y	PI437636B	exact	matched_exact
PI437637	Y	Y	PI437637	exact	matched_exact
PI437638	Y	Y	PI437638	exact	matched_exact
PI437639	Y	Y	PI437639	exact	matched_exact
PI437640A	Y	Y	PI437640A	exact	matched_exact
PI437640B	Y	Y	PI437640B	exact	matched_exact
PI437641A	Y	Y	PI437641A	exact	matched_exact
PI437641B	Y	Y	PI437641B	exact	matched_exact
PI437642	Y	Y	PI437642	exact	matched_exact
PI437643A	Y	Y	PI437643A	exact	matched_exact
PI437643B	Y	Y	PI437643B	exact	matched_exact
PI437644	Y	Y	PI437644	exact	matched_exact
PI437645A	Y	Y	PI437645A	exact	matched_exact
PI437645B	Y	Y	PI437645B	exact	matched_exact
PI437646A	Y	Y	PI437646A	exact	matched_exact
PI437646B	Y	Y	PI437646B	exact	matched_exact
PI437647	Y	Y	PI437647	exact	matched_exact
PI437648A	Y	Y	PI437648A	exact	matched_exact
PI437648B	Y	Y	PI437648B	exact	matched_exact
PI437649A	Y	Y	PI437649A	exact	matched_exact
PI437649B	Y	Y	PI437649B	exact	matched_exact
PI437650A	Y	Y	PI437650A	exact	matched_exact
PI437650B	Y	Y	PI437650B	exact	matched_exact
PI437651A	Y	Y	PI437651A	exact	matched_exact
PI437651B	Y	Y	PI437651B	exact	matched_exact
PI437652	Y	Y	PI437652	exact	matched_exact
PI437653	Y	Y	PI437653	exact	matched_exact
PI437654	Y	Y	PI437654	exact	matched_exact
PI437655	Y	Y	PI437655	exact	matched_exact
PI437656	Y	Y	PI437656	exact	matched_exact
PI437657	Y	Y	PI437657	exact	matched_exact
PI437658	Y	Y	PI437658	exact	matched_exact
PI437659	Y	Y	PI437659	exact	matched_exact
PI437660	Y	Y	PI437660	exact	matched_exact
PI437661A	Y	Y	PI437661A	exact	matched_exact
PI437661B	Y	Y	PI437661B	exact	matched_exact
PI437662	Y	Y	PI437662	exact	matched_exact
PI437663	Y	Y	PI437663	exact	matched_exact
PI437664	Y	Y	PI437664	exact	matched_exact
PI437665	Y	Y	PI437665	exact	matched_exact
PI437666	Y	Y	PI437666	exact	matched_exact
PI437667	Y	Y	PI437667	exact	matched_exact
PI437668	Y	Y	PI437668	exact	matched_exact
PI437669	Y	Y	PI437669	exact	matched_exact
PI437670	Y	Y	PI437670	exact	matched_exact
PI437671	Y	Y	PI437671	exact	matched_exact
PI437672	Y	Y	PI437672	exact	matched_exact
PI437673	Y	Y	PI437673	exact	matched_exact
PI437674	Y	Y	PI437674	exact	matched_exact
PI437675	Y	Y	PI437675	exact	matched_exact
PI437676A	Y	Y	PI437676A	exact	matched_exact
PI437676B	Y	Y	PI437676B	exact	matched_exact
PI437677	Y	Y	PI437677	exact	matched_exact
PI437678A	Y	Y	PI437678A	exact	matched_exact
PI437678B	Y	Y	PI437678B	exact	matched_exact
PI437679	Y	Y	PI437679	exact	matched_exact
PI437680A	Y	Y	PI437680A	exact	matched_exact
PI437680B	Y	Y	PI437680B	exact	matched_exact
PI437681	Y	Y	PI437681	exact	matched_exact
PI437682A	Y	Y	PI437682A	exact	matched_exact
PI437682B	Y	Y	PI437682B	exact	matched_exact
PI437683	Y	Y	PI437683	exact	matched_exact
PI437684	Y	Y	PI437684	exact	matched_exact
PI437685A	Y	Y	PI437685A	exact	matched_exact
PI437685B	Y	Y	PI437685B	exact	matched_exact
PI437685C	Y	Y	PI437685C	exact	matched_exact
PI437685D	Y	Y	PI437685D	exact	matched_exact
PI437686	Y	Y	PI437686	exact	matched_exact
PI437687	Y	Y	PI437687	exact	matched_exact
PI437689	Y	Y	PI437689	exact	matched_exact
PI437690	Y	Y	PI437690	exact	matched_exact
PI437692	Y	Y	PI437692	exact	matched_exact
PI437693	Y	Y	PI437693	exact	matched_exact
PI437694	Y	Y	PI437694	exact	matched_exact
PI437695A	Y	Y	PI437695A	exact	matched_exact
PI437695B	Y	Y	PI437695B	exact	matched_exact
PI437695C	Y	Y	PI437695C	exact	matched_exact
PI437696	Y	Y	PI437696	exact	matched_exact
PI437697	Y	Y	PI437697	exact	matched_exact
PI437698	Y	Y	PI437698	exact	matched_exact
PI437699	Y	Y	PI437699	exact	matched_exact
PI437700	Y	Y	PI437700	exact	matched_exact
PI437701	Y	Y	PI437701	exact	matched_exact
PI437703	Y	Y	PI437703	exact	matched_exact
PI437704	Y	Y	PI437704	exact	matched_exact
PI437705	Y	Y	PI437705	exact	matched_exact
PI437706	Y	Y	PI437706	exact	matched_exact
PI437707	Y	Y	PI437707	exact	matched_exact
PI437708	Y	Y	PI437708	exact	matched_exact
PI437709	Y	Y	PI437709	exact	matched_exact
PI437710	Y	Y	PI437710	exact	matched_exact
PI437711A	Y	Y	PI437711A	exact	matched_exact
PI437711B	Y	Y	PI437711B	exact	matched_exact
PI437712	Y	Y	PI437712	exact	matched_exact
PI437713	Y	Y	PI437713	exact	matched_exact
PI437714	Y	Y	PI437714	exact	matched_exact
PI437715	Y	Y	PI437715	exact	matched_exact
PI437716A	Y	Y	PI437716A	exact	matched_exact
PI437716B	Y	Y	PI437716B	exact	matched_exact
PI437717	Y	Y	PI437717	exact	matched_exact
PI437718	Y	Y	PI437718	exact	matched_exact
PI437719	Y	Y	PI437719	exact	matched_exact
PI437720	Y	Y	PI437720	exact	matched_exact
PI437721A	Y	Y	PI437721A	exact	matched_exact
PI437721B	Y	Y	PI437721B	exact	matched_exact
PI437721C	Y	Y	PI437721C	exact	matched_exact
PI437722	Y	Y	PI437722	exact	matched_exact
PI437723	Y	Y	PI437723	exact	matched_exact
PI437724	Y	Y	PI437724	exact	matched_exact
PI437725	Y	Y	PI437725	exact	matched_exact
PI437726	Y	Y	PI437726	exact	matched_exact
PI437728	Y	Y	PI437728	exact	matched_exact
PI437729	Y	Y	PI437729	exact	matched_exact
PI437730	Y	Y	PI437730	exact	matched_exact
PI437731	Y	Y	PI437731	exact	matched_exact
PI437733	Y	Y	PI437733	exact	matched_exact
PI437734	Y	Y	PI437734	exact	matched_exact
PI437735	Y	Y	PI437735	exact	matched_exact
PI437737	Y	Y	PI437737	exact	matched_exact
PI437738A	Y	Y	PI437738A	exact	matched_exact
PI437738B	Y	Y	PI437738B	exact	matched_exact
PI437739	Y	Y	PI437739	exact	matched_exact
PI437740A	Y	Y	PI437740A	exact	matched_exact
PI437740B	Y	Y	PI437740B	exact	matched_exact
PI437741	Y	Y	PI437741	exact	matched_exact
PI437742	Y	Y	PI437742	exact	matched_exact
PI437743	Y	Y	PI437743	exact	matched_exact
PI437745	Y	Y	PI437745	exact	matched_exact
PI437746	Y	Y	PI437746	exact	matched_exact
PI437748	Y	Y	PI437748	exact	matched_exact
PI437749	Y	Y	PI437749	exact	matched_exact
PI437750	Y	Y	PI437750	exact	matched_exact
PI437751	Y	Y	PI437751	exact	matched_exact
PI437752A	Y	Y	PI437752A	exact	matched_exact
PI437752B	Y	Y	PI437752B	exact	matched_exact
PI437752C	Y	Y	PI437752C	exact	matched_exact
PI437753A	Y	Y	PI437753A	exact	matched_exact
PI437753B	Y	Y	PI437753B	exact	matched_exact
PI437754	Y	Y	PI437754	exact	matched_exact
PI437755	Y	Y	PI437755	exact	matched_exact
PI437756A	Y	Y	PI437756A	exact	matched_exact
PI437756B	Y	Y	PI437756B	exact	matched_exact
PI437757	Y	Y	PI437757	exact	matched_exact
PI437758	Y	N		none	vcf_only
PI437759	Y	N		none	vcf_only
PI437760	Y	Y	PI437760	exact	matched_exact
PI437761	Y	N		none	vcf_only
PI437762	Y	Y	PI437762	exact	matched_exact
PI437763	Y	Y	PI437763	exact	matched_exact
PI437764	Y	N		none	vcf_only
PI437765	Y	Y	PI437765	exact	matched_exact
PI437766	Y	N		none	vcf_only
PI437767	Y	N		none	vcf_only
PI437768	Y	N		none	vcf_only
PI437769	Y	N		none	vcf_only
PI437770	Y	Y	PI437770	exact	matched_exact
PI437771	Y	Y	PI437771	exact	matched_exact
PI437772A	Y	N		none	vcf_only
PI437772B	Y	N		none	vcf_only
PI437773	Y	N		none	vcf_only
PI437774A	Y	N		none	vcf_only
PI437774B	Y	Y	PI437774B	exact	matched_exact
PI437774C	Y	Y	PI437774C	exact	matched_exact
PI437775	Y	N		none	vcf_only
PI437776	Y	Y	PI437776	exact	matched_exact
PI437777	Y	Y	PI437777	exact	matched_exact
PI437778	Y	Y	PI437778	exact	matched_exact
PI437779	Y	Y	PI437779	exact	matched_exact
PI437780	Y	Y	PI437780	exact	matched_exact
PI437781	Y	Y	PI437781	exact	matched_exact
PI437782	Y	Y	PI437782	exact	matched_exact
PI437783	Y	Y	PI437783	exact	matched_exact
PI437784	Y	N		none	vcf_only
PI437785	Y	Y	PI437785	exact	matched_exact
PI437786	Y	Y	PI437786	exact	matched_exact
PI437787	Y	Y	PI437787	exact	matched_exact
PI437788A	Y	Y	PI437788A	exact	matched_exact
PI437788B	Y	Y	PI437788B	exact	matched_exact
PI437789	Y	Y	PI437789	exact	matched_exact
PI437790	Y	Y	PI437790	exact	matched_exact
PI437791	Y	Y	PI437791	exact	matched_exact
PI437792	Y	Y	PI437792	exact	matched_exact
PI437793	Y	Y	PI437793	exact	matched_exact
PI437794	Y	Y	PI437794	exact	matched_exact
PI437795	Y	Y	PI437795	exact	matched_exact
PI437796	Y	Y	PI437796	exact	matched_exact
PI437797	Y	Y	PI437797	exact	matched_exact
PI437798	Y	Y	PI437798	exact	matched_exact
PI437799	Y	Y	PI437799	exact	matched_exact
PI437800	Y	Y	PI437800	exact	matched_exact
PI437801	Y	Y	PI437801	exact	matched_exact
PI437802	Y	Y	PI437802	exact	matched_exact
PI437803	Y	Y	PI437803	exact	matched_exact
PI437804	Y	Y	PI437804	exact	matched_exact
PI437805	Y	Y	PI437805	exact	matched_exact
PI437806	Y	Y	PI437806	exact	matched_exact
PI437807	Y	Y	PI437807	exact	matched_exact
PI437808	Y	Y	PI437808	exact	matched_exact
PI437809	Y	Y	PI437809	exact	matched_exact
PI437810	Y	Y	PI437810	exact	matched_exact
PI437811	Y	Y	PI437811	exact	matched_exact
PI437812	Y	Y	PI437812	exact	matched_exact
PI437813	Y	Y	PI437813	exact	matched_exact
PI437814A	Y	Y	PI437814A	exact	matched_exact
PI437814B	Y	Y	PI437814B	exact	matched_exact
PI437815	Y	Y	PI437815	exact	matched_exact
PI437816	Y	Y	PI437816	exact	matched_exact
PI437817	Y	Y	PI437817	exact	matched_exact
PI437818A	Y	Y	PI437818A	exact	matched_exact
PI437818B	Y	Y	PI437818B	exact	matched_exact
PI437819	Y	Y	PI437819	exact	matched_exact
PI437820	Y	Y	PI437820	exact	matched_exact
PI437821	Y	Y	PI437821	exact	matched_exact
PI437822	Y	Y	PI437822	exact	matched_exact
PI437823	Y	Y	PI437823	exact	matched_exact
PI437824	Y	Y	PI437824	exact	matched_exact
PI437825	Y	Y	PI437825	exact	matched_exact
PI437826	Y	Y	PI437826	exact	matched_exact
PI437827	Y	Y	PI437827	exact	matched_exact
PI437828	Y	Y	PI437828	exact	matched_exact
PI437829	Y	Y	PI437829	exact	matched_exact
PI437830	Y	Y	PI437830	exact	matched_exact
PI437831	Y	Y	PI437831	exact	matched_exact
PI437832	Y	Y	PI437832	exact	matched_exact
PI437833	Y	Y	PI437833	exact	matched_exact
PI437834A	Y	Y	PI437834A	exact	matched_exact
PI437834B	Y	Y	PI437834B	exact	matched_exact
PI437835	Y	Y	PI437835	exact	matched_exact
PI437836	Y	Y	PI437836	exact	matched_exact
PI437837A	Y	Y	PI437837A	exact	matched_exact
PI437837B	Y	Y	PI437837B	exact	matched_exact
PI437838	Y	Y	PI437838	exact	matched_exact
PI437839A	Y	Y	PI437839A	exact	matched_exact
PI437839B	Y	Y	PI437839B	exact	matched_exact
PI437840A	Y	Y	PI437840A	exact	matched_exact
PI437840B	Y	Y	PI437840B	exact	matched_exact
PI437841	Y	Y	PI437841	exact	matched_exact
PI437842	Y	Y	PI437842	exact	matched_exact
PI437843A	Y	Y	PI437843A	exact	matched_exact
PI437843B	Y	Y	PI437843B	exact	matched_exact
PI437844A	Y	Y	PI437844A	exact	matched_exact
PI437844B	Y	Y	PI437844B	exact	matched_exact
PI437845A	Y	Y	PI437845A	exact	matched_exact
PI437845B	Y	Y	PI437845B	exact	matched_exact
PI437845C	Y	Y	PI437845C	exact	matched_exact
PI437845D	Y	Y	PI437845D	exact	matched_exact
PI437846	Y	Y	PI437846	exact	matched_exact
PI437847A	Y	Y	PI437847A	exact	matched_exact
PI437847B	Y	Y	PI437847B	exact	matched_exact
PI437848A	Y	Y	PI437848A	exact	matched_exact
PI437848B	Y	Y	PI437848B	exact	matched_exact
PI437849	Y	Y	PI437849	exact	matched_exact
PI437850	Y	Y	PI437850	exact	matched_exact
PI437851A	Y	Y	PI437851A	exact	matched_exact
PI437851B	Y	Y	PI437851B	exact	matched_exact
PI437852	Y	Y	PI437852	exact	matched_exact
PI437853A	Y	Y	PI437853A	exact	matched_exact
PI437853B	Y	Y	PI437853B	exact	matched_exact
PI437854	Y	Y	PI437854	exact	matched_exact
PI437855	Y	Y	PI437855	exact	matched_exact
PI437856A	Y	Y	PI437856A	exact	matched_exact
PI437856B	Y	Y	PI437856B	exact	matched_exact
PI437857A	Y	Y	PI437857A	exact	matched_exact
PI437857B	Y	Y	PI437857B	exact	matched_exact
PI437857C	Y	Y	PI437857C	exact	matched_exact
PI437858	Y	Y	PI437858	exact	matched_exact
PI437859	Y	Y	PI437859	exact	matched_exact
PI437860A	Y	Y	PI437860A	exact	matched_exact
PI437860B	Y	Y	PI437860B	exact	matched_exact
PI437861	Y	Y	PI437861	exact	matched_exact
PI437862	Y	Y	PI437862	exact	matched_exact
PI437863A	Y	Y	PI437863A	exact	matched_exact
PI437863B	Y	Y	PI437863B	exact	matched_exact
PI437864A	Y	Y	PI437864A	exact	matched_exact
PI437864B	Y	Y	PI437864B	exact	matched_exact
PI437865	Y	Y	PI437865	exact	matched_exact
PI437866	Y	Y	PI437866	exact	matched_exact
PI437867A	Y	Y	PI437867A	exact	matched_exact
PI437867B	Y	Y	PI437867B	exact	matched_exact
PI437868	Y	Y	PI437868	exact	matched_exact
PI437869	Y	Y	PI437869	exact	matched_exact
PI437870	Y	Y	PI437870	exact	matched_exact
PI437871	Y	Y	PI437871	exact	matched_exact
PI437872	Y	Y	PI437872	exact	matched_exact
PI437873	Y	Y	PI437873	exact	matched_exact
PI437874	Y	Y	PI437874	exact	matched_exact
PI437875A	Y	Y	PI437875A	exact	matched_exact
PI437875B	Y	Y	PI437875B	exact	matched_exact
PI437876	Y	Y	PI437876	exact	matched_exact
PI437877A	Y	Y	PI437877A	exact	matched_exact
PI437877B	Y	Y	PI437877B	exact	matched_exact
PI437877C	Y	Y	PI437877C	exact	matched_exact
PI437878A	Y	Y	PI437878A	exact	matched_exact
PI437878B	Y	Y	PI437878B	exact	matched_exact
PI437879	Y	Y	PI437879	exact	matched_exact
PI437880	Y	Y	PI437880	exact	matched_exact
PI437881	Y	Y	PI437881	exact	matched_exact
PI437882A	Y	Y	PI437882A	exact	matched_exact
PI437882B	Y	Y	PI437882B	exact	matched_exact
PI437883	Y	Y	PI437883	exact	matched_exact
PI437884	Y	Y	PI437884	exact	matched_exact
PI437885	Y	Y	PI437885	exact	matched_exact
PI437886A	Y	Y	PI437886A	exact	matched_exact
PI437886B	Y	Y	PI437886B	exact	matched_exact
PI437887A	Y	Y	PI437887A	exact	matched_exact
PI437887B	Y	Y	PI437887B	exact	matched_exact
PI437887C	Y	Y	PI437887C	exact	matched_exact
PI437888A	Y	Y	PI437888A	exact	matched_exact
PI437888B	Y	Y	PI437888B	exact	matched_exact
PI437889	Y	Y	PI437889	exact	matched_exact
PI437890A	Y	Y	PI437890A	exact	matched_exact
PI437890B	Y	Y	PI437890B	exact	matched_exact
PI437891	Y	Y	PI437891	exact	matched_exact
PI437892	Y	Y	PI437892	exact	matched_exact
PI437893	Y	Y	PI437893	exact	matched_exact
PI437894	Y	Y	PI437894	exact	matched_exact
PI437895A	Y	Y	PI437895A	exact	matched_exact
PI437895B	Y	Y	PI437895B	exact	matched_exact
PI437895C	Y	Y	PI437895C	exact	matched_exact
PI437896	Y	Y	PI437896	exact	matched_exact
PI437897	Y	Y	PI437897	exact	matched_exact
PI437898	Y	Y	PI437898	exact	matched_exact
PI437899	Y	Y	PI437899	exact	matched_exact
PI437900	Y	Y	PI437900	exact	matched_exact
PI437901	Y	Y	PI437901	exact	matched_exact
PI437902A	Y	Y	PI437902A	exact	matched_exact
PI437902B	Y	Y	PI437902B	exact	matched_exact
PI437902C	Y	Y	PI437902C	exact	matched_exact
PI437902D	Y	Y	PI437902D	exact	matched_exact
PI437903	Y	Y	PI437903	exact	matched_exact
PI437904	Y	Y	PI437904	exact	matched_exact
PI437905	Y	Y	PI437905	exact	matched_exact
PI437906	Y	Y	PI437906	exact	matched_exact
PI437907	Y	Y	PI437907	exact	matched_exact
PI437908	Y	Y	PI437908	exact	matched_exact
PI437909A	Y	Y	PI437909A	exact	matched_exact
PI437909B	Y	Y	PI437909B	exact	matched_exact
PI437910A	Y	Y	PI437910A	exact	matched_exact
PI437910B	Y	Y	PI437910B	exact	matched_exact
PI437910C	Y	Y	PI437910C	exact	matched_exact
PI437911	Y	Y	PI437911	exact	matched_exact
PI437912	Y	Y	PI437912	exact	matched_exact
PI437913	Y	Y	PI437913	exact	matched_exact
PI437914	Y	Y	PI437914	exact	matched_exact
PI437915A	Y	Y	PI437915A	exact	matched_exact
PI437915B	Y	Y	PI437915B	exact	matched_exact
PI437916	Y	Y	PI437916	exact	matched_exact
PI437917	Y	Y	PI437917	exact	matched_exact
PI437918	Y	Y	PI437918	exact	matched_exact
PI437919	Y	Y	PI437919	exact	matched_exact
PI437920A	Y	Y	PI437920A	exact	matched_exact
PI437920B	Y	Y	PI437920B	exact	matched_exact
PI437920C	Y	Y	PI437920C	exact	matched_exact
PI437921	Y	Y	PI437921	exact	matched_exact
PI437922	Y	Y	PI437922	exact	matched_exact
PI437923	Y	Y	PI437923	exact	matched_exact
PI437924	Y	Y	PI437924	exact	matched_exact
PI437926	Y	Y	PI437926	exact	matched_exact
PI437927	Y	Y	PI437927	exact	matched_exact
PI437928	Y	Y	PI437928	exact	matched_exact
PI437929	Y	Y	PI437929	exact	matched_exact
PI437930	Y	Y	PI437930	exact	matched_exact
PI437931	Y	Y	PI437931	exact	matched_exact
PI437932	Y	Y	PI437932	exact	matched_exact
PI437933A	Y	Y	PI437933A	exact	matched_exact
PI437933B	Y	Y	PI437933B	exact	matched_exact
PI437934A	Y	Y	PI437934A	exact	matched_exact
PI437934B	Y	Y	PI437934B	exact	matched_exact
PI437935	Y	Y	PI437935	exact	matched_exact
PI437936	Y	Y	PI437936	exact	matched_exact
PI437937	Y	Y	PI437937	exact	matched_exact
PI437938	Y	Y	PI437938	exact	matched_exact
PI437939	Y	Y	PI437939	exact	matched_exact
PI437940	Y	Y	PI437940	exact	matched_exact
PI437941	Y	Y	PI437941	exact	matched_exact
PI437942	Y	Y	PI437942	exact	matched_exact
PI437943	Y	Y	PI437943	exact	matched_exact
PI437944	Y	Y	PI437944	exact	matched_exact
PI437945A	Y	Y	PI437945A	exact	matched_exact
PI437945B	Y	Y	PI437945B	exact	matched_exact
PI437946A	Y	Y	PI437946A	exact	matched_exact
PI437946B	Y	Y	PI437946B	exact	matched_exact
PI437947	Y	Y	PI437947	exact	matched_exact
PI437948	Y	Y	PI437948	exact	matched_exact
PI437949	Y	Y	PI437949	exact	matched_exact
PI437950	Y	Y	PI437950	exact	matched_exact
PI437951	Y	Y	PI437951	exact	matched_exact
PI437952	Y	Y	PI437952	exact	matched_exact
PI437953A	Y	Y	PI437953A	exact	matched_exact
PI437953B	Y	Y	PI437953B	exact	matched_exact
PI437954	Y	Y	PI437954	exact	matched_exact
PI437955A	Y	Y	PI437955A	exact	matched_exact
PI437955B	Y	Y	PI437955B	exact	matched_exact
PI437956A	Y	Y	PI437956A	exact	matched_exact
PI437956B	Y	Y	PI437956B	exact	matched_exact
PI437957A	Y	Y	PI437957A	exact	matched_exact
PI437957B	Y	Y	PI437957B	exact	matched_exact
PI437958	Y	Y	PI437958	exact	matched_exact
PI437959	Y	Y	PI437959	exact	matched_exact
PI437960	Y	Y	PI437960	exact	matched_exact
PI437961	Y	Y	PI437961	exact	matched_exact
PI437962	Y	Y	PI437962	exact	matched_exact
PI437963	Y	Y	PI437963	exact	matched_exact
PI437964A	Y	Y	PI437964A	exact	matched_exact
PI437964B	Y	Y	PI437964B	exact	matched_exact
PI437965	Y	Y	PI437965	exact	matched_exact
PI437966	Y	Y	PI437966	exact	matched_exact
PI437967	Y	Y	PI437967	exact	matched_exact
PI437968	Y	Y	PI437968	exact	matched_exact
PI437969	Y	Y	PI437969	exact	matched_exact
PI437970	Y	Y	PI437970	exact	matched_exact
PI437971	Y	Y	PI437971	exact	matched_exact
PI437972	Y	Y	PI437972	exact	matched_exact
PI437973	Y	Y	PI437973	exact	matched_exact
PI437974A	Y	Y	PI437974A	exact	matched_exact
PI437974B	Y	Y	PI437974B	exact	matched_exact
PI437975A	Y	Y	PI437975A	exact	matched_exact
PI437975B	Y	Y	PI437975B	exact	matched_exact
PI437976	Y	Y	PI437976	exact	matched_exact
PI437977	Y	Y	PI437977	exact	matched_exact
PI437978	Y	Y	PI437978	exact	matched_exact
PI437979	Y	Y	PI437979	exact	matched_exact
PI437980	Y	Y	PI437980	exact	matched_exact
PI437981	Y	Y	PI437981	exact	matched_exact
PI437982	Y	Y	PI437982	exact	matched_exact
PI437983	Y	Y	PI437983	exact	matched_exact
PI437984	Y	Y	PI437984	exact	matched_exact
PI437985A	Y	Y	PI437985A	exact	matched_exact
PI437985B	Y	Y	PI437985B	exact	matched_exact
PI437986	Y	Y	PI437986	exact	matched_exact
PI437987	Y	Y	PI437987	exact	matched_exact
PI437988	Y	Y	PI437988	exact	matched_exact
PI437989	Y	Y	PI437989	exact	matched_exact
PI437990	Y	Y	PI437990	exact	matched_exact
PI437991A	Y	Y	PI437991A	exact	matched_exact
PI437991B	Y	Y	PI437991B	exact	matched_exact
PI437992	Y	Y	PI437992	exact	matched_exact
PI437993	Y	Y	PI437993	exact	matched_exact
PI437994	Y	Y	PI437994	exact	matched_exact
PI437995A	Y	Y	PI437995A	exact	matched_exact
PI437995B	Y	Y	PI437995B	exact	matched_exact
PI437995C	Y	Y	PI437995C	exact	matched_exact
PI437996A	Y	Y	PI437996A	exact	matched_exact
PI437996B	Y	Y	PI437996B	exact	matched_exact
PI437996C	Y	Y	PI437996C	exact	matched_exact
PI437997	Y	Y	PI437997	exact	matched_exact
PI437998	Y	Y	PI437998	exact	matched_exact
PI437999	Y	Y	PI437999	exact	matched_exact
PI438000	Y	Y	PI438000	exact	matched_exact
PI438001	Y	Y	PI438001	exact	matched_exact
PI438002	Y	Y	PI438002	exact	matched_exact
PI438003	Y	Y	PI438003	exact	matched_exact
PI438004A	Y	Y	PI438004A	exact	matched_exact
PI438004B	Y	Y	PI438004B	exact	matched_exact
PI438005	Y	Y	PI438005	exact	matched_exact
PI438006	Y	Y	PI438006	exact	matched_exact
PI438007	Y	Y	PI438007	exact	matched_exact
PI438008	Y	Y	PI438008	exact	matched_exact
PI438009	Y	Y	PI438009	exact	matched_exact
PI438010	Y	Y	PI438010	exact	matched_exact
PI438011	Y	Y	PI438011	exact	matched_exact
PI438012	Y	Y	PI438012	exact	matched_exact
PI438013	Y	Y	PI438013	exact	matched_exact
PI438014	Y	Y	PI438014	exact	matched_exact
PI438015	Y	Y	PI438015	exact	matched_exact
PI438016A	Y	Y	PI438016A	exact	matched_exact
PI438016B	Y	Y	PI438016B	exact	matched_exact
PI438016C	Y	Y	PI438016C	exact	matched_exact
PI438017	Y	Y	PI438017	exact	matched_exact
PI438018	Y	Y	PI438018	exact	matched_exact
PI438019A	Y	Y	PI438019A	exact	matched_exact
PI438019B	Y	Y	PI438019B	exact	matched_exact
PI438020	Y	Y	PI438020	exact	matched_exact
PI438021	Y	Y	PI438021	exact	matched_exact
PI438022	Y	Y	PI438022	exact	matched_exact
PI438023	Y	Y	PI438023	exact	matched_exact
PI438024	Y	Y	PI438024	exact	matched_exact
PI438025	Y	Y	PI438025	exact	matched_exact
PI438026	Y	Y	PI438026	exact	matched_exact
PI438027A	Y	Y	PI438027A	exact	matched_exact
PI438027B	Y	Y	PI438027B	exact	matched_exact
PI438028	Y	Y	PI438028	exact	matched_exact
PI438029	Y	Y	PI438029	exact	matched_exact
PI438030	Y	Y	PI438030	exact	matched_exact
PI438031	Y	Y	PI438031	exact	matched_exact
PI438032	Y	Y	PI438032	exact	matched_exact
PI438033	Y	Y	PI438033	exact	matched_exact
PI438034	Y	Y	PI438034	exact	matched_exact
PI438035	Y	Y	PI438035	exact	matched_exact
PI438036	Y	Y	PI438036	exact	matched_exact
PI438037	Y	Y	PI438037	exact	matched_exact
PI438038	Y	Y	PI438038	exact	matched_exact
PI438039	Y	Y	PI438039	exact	matched_exact
PI438040	Y	Y	PI438040	exact	matched_exact
PI438041	Y	Y	PI438041	exact	matched_exact
PI438042	Y	Y	PI438042	exact	matched_exact
PI438043	Y	Y	PI438043	exact	matched_exact
PI438044	Y	Y	PI438044	exact	matched_exact
PI438045	Y	Y	PI438045	exact	matched_exact
PI438046	Y	Y	PI438046	exact	matched_exact
PI438047	Y	Y	PI438047	exact	matched_exact
PI438048A	Y	Y	PI438048A	exact	matched_exact
PI438048B	Y	Y	PI438048B	exact	matched_exact
PI438049	Y	Y	PI438049	exact	matched_exact
PI438050A	Y	Y	PI438050A	exact	matched_exact
PI438050B	Y	Y	PI438050B	exact	matched_exact
PI438051A	Y	Y	PI438051A	exact	matched_exact
PI438051B	Y	Y	PI438051B	exact	matched_exact
PI438052	Y	Y	PI438052	exact	matched_exact
PI438053	Y	Y	PI438053	exact	matched_exact
PI438054	Y	Y	PI438054	exact	matched_exact
PI438055A	Y	Y	PI438055A	exact	matched_exact
PI438055B	Y	Y	PI438055B	exact	matched_exact
PI438056	Y	Y	PI438056	exact	matched_exact
PI438057	Y	Y	PI438057	exact	matched_exact
PI438058	Y	Y	PI438058	exact	matched_exact
PI438059	Y	Y	PI438059	exact	matched_exact
PI438060	Y	Y	PI438060	exact	matched_exact
PI438061	Y	Y	PI438061	exact	matched_exact
PI438062	Y	Y	PI438062	exact	matched_exact
PI438063	Y	Y	PI438063	exact	matched_exact
PI438064	Y	Y	PI438064	exact	matched_exact
PI438065	Y	Y	PI438065	exact	matched_exact
PI438066	Y	Y	PI438066	exact	matched_exact
PI438067	Y	Y	PI438067	exact	matched_exact
PI438068	Y	Y	PI438068	exact	matched_exact
PI438069A	Y	Y	PI438069A	exact	matched_exact
PI438069B	Y	Y	PI438069B	exact	matched_exact
PI438069C	Y	Y	PI438069C	exact	matched_exact
PI438070	Y	Y	PI438070	exact	matched_exact
PI438071	Y	Y	PI438071	exact	matched_exact
PI438072	Y	Y	PI438072	exact	matched_exact
PI438073	Y	Y	PI438073	exact	matched_exact
PI438074	Y	Y	PI438074	exact	matched_exact
PI438075	Y	Y	PI438075	exact	matched_exact
PI438076	Y	Y	PI438076	exact	matched_exact
PI438077	Y	Y	PI438077	exact	matched_exact
PI438078	Y	Y	PI438078	exact	matched_exact
PI438079	Y	Y	PI438079	exact	matched_exact
PI438080	Y	Y	PI438080	exact	matched_exact
PI438081	Y	Y	PI438081	exact	matched_exact
PI438082	Y	Y	PI438082	exact	matched_exact
PI438083	Y	Y	PI438083	exact	matched_exact
PI438084	Y	Y	PI438084	exact	matched_exact
PI438085	Y	Y	PI438085	exact	matched_exact
PI438086	Y	Y	PI438086	exact	matched_exact
PI438087	Y	Y	PI438087	exact	matched_exact
PI438088	Y	Y	PI438088	exact	matched_exact
PI438089	Y	Y	PI438089	exact	matched_exact
PI438090	Y	Y	PI438090	exact	matched_exact
PI438091	Y	Y	PI438091	exact	matched_exact
PI438092	Y	Y	PI438092	exact	matched_exact
PI438093	Y	Y	PI438093	exact	matched_exact
PI438094A	Y	Y	PI438094A	exact	matched_exact
PI438094B	Y	Y	PI438094B	exact	matched_exact
PI438095	Y	Y	PI438095	exact	matched_exact
PI438096	Y	Y	PI438096	exact	matched_exact
PI438097	Y	Y	PI438097	exact	matched_exact
PI438098	Y	Y	PI438098	exact	matched_exact
PI438099	Y	Y	PI438099	exact	matched_exact
PI438100	Y	Y	PI438100	exact	matched_exact
PI438101	Y	Y	PI438101	exact	matched_exact
PI438102	Y	Y	PI438102	exact	matched_exact
PI438103	Y	Y	PI438103	exact	matched_exact
PI438104	Y	Y	PI438104	exact	matched_exact
PI438105A	Y	Y	PI438105A	exact	matched_exact
PI438105B	Y	Y	PI438105B	exact	matched_exact
PI438106	Y	Y	PI438106	exact	matched_exact
PI438107	Y	Y	PI438107	exact	matched_exact
PI438108	Y	Y	PI438108	exact	matched_exact
PI438109A	Y	Y	PI438109A	exact	matched_exact
PI438109B	Y	Y	PI438109B	exact	matched_exact
PI438109C	Y	Y	PI438109C	exact	matched_exact
PI438110	Y	Y	PI438110	exact	matched_exact
PI438111A	Y	Y	PI438111A	exact	matched_exact
PI438111B	Y	Y	PI438111B	exact	matched_exact
PI438112A	Y	Y	PI438112A	exact	matched_exact
PI438112B	Y	Y	PI438112B	exact	matched_exact
PI438113	Y	Y	PI438113	exact	matched_exact
PI438114	Y	Y	PI438114	exact	matched_exact
PI438115	Y	Y	PI438115	exact	matched_exact
PI438116	Y	Y	PI438116	exact	matched_exact
PI438117	Y	Y	PI438117	exact	matched_exact
PI438118	Y	Y	PI438118	exact	matched_exact
PI438119	Y	Y	PI438119	exact	matched_exact
PI438120	Y	Y	PI438120	exact	matched_exact
PI438121	Y	Y	PI438121	exact	matched_exact
PI438122	Y	Y	PI438122	exact	matched_exact
PI438123A	Y	Y	PI438123A	exact	matched_exact
PI438123B	Y	Y	PI438123B	exact	matched_exact
PI438123C	Y	Y	PI438123C	exact	matched_exact
PI438124A	Y	Y	PI438124A	exact	matched_exact
PI438124B	Y	Y	PI438124B	exact	matched_exact
PI438125	Y	Y	PI438125	exact	matched_exact
PI438126	Y	Y	PI438126	exact	matched_exact
PI438127	Y	Y	PI438127	exact	matched_exact
PI438128A	Y	Y	PI438128A	exact	matched_exact
PI438128B	Y	Y	PI438128B	exact	matched_exact
PI438129	Y	Y	PI438129	exact	matched_exact
PI438130	Y	Y	PI438130	exact	matched_exact
PI438131	Y	Y	PI438131	exact	matched_exact
PI438132	Y	Y	PI438132	exact	matched_exact
PI438133A	Y	Y	PI438133A	exact	matched_exact
PI438133B	Y	Y	PI438133B	exact	matched_exact
PI438134	Y	Y	PI438134	exact	matched_exact
PI438135	Y	Y	PI438135	exact	matched_exact
PI438136	Y	Y	PI438136	exact	matched_exact
PI438137A	Y	Y	PI438137A	exact	matched_exact
PI438137B	Y	Y	PI438137B	exact	matched_exact
PI438138A	Y	Y	PI438138A	exact	matched_exact
PI438138B	Y	Y	PI438138B	exact	matched_exact
PI438139	Y	Y	PI438139	exact	matched_exact
PI438140	Y	Y	PI438140	exact	matched_exact
PI438141A	Y	Y	PI438141A	exact	matched_exact
PI438141B	Y	Y	PI438141B	exact	matched_exact
PI438142	Y	Y	PI438142	exact	matched_exact
PI438143	Y	Y	PI438143	exact	matched_exact
PI438144	Y	Y	PI438144	exact	matched_exact
PI438145	Y	Y	PI438145	exact	matched_exact
PI438146	Y	Y	PI438146	exact	matched_exact
PI438147	Y	Y	PI438147	exact	matched_exact
PI438148	Y	Y	PI438148	exact	matched_exact
PI438149	Y	Y	PI438149	exact	matched_exact
PI438150	Y	Y	PI438150	exact	matched_exact
PI438151	Y	Y	PI438151	exact	matched_exact
PI438152	Y	Y	PI438152	exact	matched_exact
PI438153	Y	Y	PI438153	exact	matched_exact
PI438154	Y	Y	PI438154	exact	matched_exact
PI438155	Y	Y	PI438155	exact	matched_exact
PI438156	Y	Y	PI438156	exact	matched_exact
PI438157	Y	Y	PI438157	exact	matched_exact
PI438158A	Y	Y	PI438158A	exact	matched_exact
PI438158B	Y	Y	PI438158B	exact	matched_exact
PI438159	Y	Y	PI438159	exact	matched_exact
PI438160A	Y	Y	PI438160A	exact	matched_exact
PI438160B	Y	Y	PI438160B	exact	matched_exact
PI438160C	Y	Y	PI438160C	exact	matched_exact
PI438161	Y	Y	PI438161	exact	matched_exact
PI438162	Y	Y	PI438162	exact	matched_exact
PI438163	Y	Y	PI438163	exact	matched_exact
PI438164A	Y	Y	PI438164A	exact	matched_exact
PI438164B	Y	Y	PI438164B	exact	matched_exact
PI438165	Y	Y	PI438165	exact	matched_exact
PI438166A	Y	Y	PI438166A	exact	matched_exact
PI438166B	Y	Y	PI438166B	exact	matched_exact
PI438167	Y	Y	PI438167	exact	matched_exact
PI438168	Y	Y	PI438168	exact	matched_exact
PI438169	Y	Y	PI438169	exact	matched_exact
PI438170	Y	Y	PI438170	exact	matched_exact
PI438171	Y	Y	PI438171	exact	matched_exact
PI438172	Y	Y	PI438172	exact	matched_exact
PI438173	Y	Y	PI438173	exact	matched_exact
PI438174	Y	Y	PI438174	exact	matched_exact
PI438175	Y	Y	PI438175	exact	matched_exact
PI438176	Y	Y	PI438176	exact	matched_exact
PI438177	Y	Y	PI438177	exact	matched_exact
PI438178	Y	Y	PI438178	exact	matched_exact
PI438179	Y	Y	PI438179	exact	matched_exact
PI438180	Y	Y	PI438180	exact	matched_exact
PI438181A	Y	Y	PI438181A	exact	matched_exact
PI438181B	Y	Y	PI438181B	exact	matched_exact
PI438182	Y	Y	PI438182	exact	matched_exact
PI438183	Y	Y	PI438183	exact	matched_exact
PI438184	Y	Y	PI438184	exact	matched_exact
PI438185	Y	Y	PI438185	exact	matched_exact
PI438186	Y	Y	PI438186	exact	matched_exact
PI438187	Y	Y	PI438187	exact	matched_exact
PI438188	Y	Y	PI438188	exact	matched_exact
PI438189	Y	Y	PI438189	exact	matched_exact
PI438190	Y	Y	PI438190	exact	matched_exact
PI438191	Y	Y	PI438191	exact	matched_exact
PI438192	Y	Y	PI438192	exact	matched_exact
PI438193	Y	Y	PI438193	exact	matched_exact
PI438194	Y	Y	PI438194	exact	matched_exact
PI438195	Y	Y	PI438195	exact	matched_exact
PI438196	Y	Y	PI438196	exact	matched_exact
PI438197	Y	Y	PI438197	exact	matched_exact
PI438198	Y	Y	PI438198	exact	matched_exact
PI438199	Y	Y	PI438199	exact	matched_exact
PI438200	Y	Y	PI438200	exact	matched_exact
PI438201	Y	Y	PI438201	exact	matched_exact
PI438202	Y	Y	PI438202	exact	matched_exact
PI438203	Y	Y	PI438203	exact	matched_exact
PI438204	Y	Y	PI438204	exact	matched_exact
PI438205	Y	Y	PI438205	exact	matched_exact
PI438206	Y	Y	PI438206	exact	matched_exact
PI438207A	Y	Y	PI438207A	exact	matched_exact
PI438207B	Y	Y	PI438207B	exact	matched_exact
PI438208	Y	Y	PI438208	exact	matched_exact
PI438209	Y	Y	PI438209	exact	matched_exact
PI438210	Y	Y	PI438210	exact	matched_exact
PI438211A	Y	Y	PI438211A	exact	matched_exact
PI438211B	Y	Y	PI438211B	exact	matched_exact
PI438212A	Y	Y	PI438212A	exact	matched_exact
PI438212B	Y	Y	PI438212B	exact	matched_exact
PI438212C	Y	Y	PI438212C	exact	matched_exact
PI438213	Y	Y	PI438213	exact	matched_exact
PI438214	Y	Y	PI438214	exact	matched_exact
PI438215	Y	Y	PI438215	exact	matched_exact
PI438216	Y	Y	PI438216	exact	matched_exact
PI438217	Y	Y	PI438217	exact	matched_exact
PI438218	Y	Y	PI438218	exact	matched_exact
PI438219	Y	Y	PI438219	exact	matched_exact
PI438220	Y	Y	PI438220	exact	matched_exact
PI438221	Y	Y	PI438221	exact	matched_exact
PI438222	Y	Y	PI438222	exact	matched_exact
PI438223	Y	Y	PI438223	exact	matched_exact
PI438224	Y	Y	PI438224	exact	matched_exact
PI438225	Y	Y	PI438225	exact	matched_exact
PI438226	Y	Y	PI438226	exact	matched_exact
PI438227	Y	Y	PI438227	exact	matched_exact
PI438228	Y	Y	PI438228	exact	matched_exact
PI438229	Y	Y	PI438229	exact	matched_exact
PI438230A	Y	Y	PI438230A	exact	matched_exact
PI438230B	Y	Y	PI438230B	exact	matched_exact
PI438231	Y	Y	PI438231	exact	matched_exact
PI438232	Y	Y	PI438232	exact	matched_exact
PI438233A	Y	Y	PI438233A	exact	matched_exact
PI438233B	Y	Y	PI438233B	exact	matched_exact
PI438233C	Y	Y	PI438233C	exact	matched_exact
PI438234A	Y	Y	PI438234A	exact	matched_exact
PI438234B	Y	Y	PI438234B	exact	matched_exact
PI438235	Y	Y	PI438235	exact	matched_exact
PI438236	Y	Y	PI438236	exact	matched_exact
PI438237	Y	Y	PI438237	exact	matched_exact
PI438238A	Y	Y	PI438238A	exact	matched_exact
PI438238B	Y	Y	PI438238B	exact	matched_exact
PI438239A	Y	Y	PI438239A	exact	matched_exact
PI438239B	Y	Y	PI438239B	exact	matched_exact
PI438240	Y	Y	PI438240	exact	matched_exact
PI438241	Y	Y	PI438241	exact	matched_exact
PI438242	Y	Y	PI438242	exact	matched_exact
PI438243	Y	Y	PI438243	exact	matched_exact
PI438244	Y	Y	PI438244	exact	matched_exact
PI438245	Y	Y	PI438245	exact	matched_exact
PI438246	Y	Y	PI438246	exact	matched_exact
PI438247	Y	Y	PI438247	exact	matched_exact
PI438248	Y	Y	PI438248	exact	matched_exact
PI438249A	Y	Y	PI438249A	exact	matched_exact
PI438249B	Y	Y	PI438249B	exact	matched_exact
PI438250A	Y	Y	PI438250A	exact	matched_exact
PI438250B	Y	Y	PI438250B	exact	matched_exact
PI438251	Y	Y	PI438251	exact	matched_exact
PI438252A	Y	Y	PI438252A	exact	matched_exact
PI438252B	Y	Y	PI438252B	exact	matched_exact
PI438252C	Y	Y	PI438252C	exact	matched_exact
PI438253	Y	Y	PI438253	exact	matched_exact
PI438254A	Y	Y	PI438254A	exact	matched_exact
PI438254B	Y	Y	PI438254B	exact	matched_exact
PI438254C	Y	Y	PI438254C	exact	matched_exact
PI438254D	Y	Y	PI438254D	exact	matched_exact
PI438255	Y	Y	PI438255	exact	matched_exact
PI438256A	Y	Y	PI438256A	exact	matched_exact
PI438256B	Y	Y	PI438256B	exact	matched_exact
PI438257A	Y	Y	PI438257A	exact	matched_exact
PI438257B	Y	Y	PI438257B	exact	matched_exact
PI438258	Y	Y	PI438258	exact	matched_exact
PI438259A	Y	Y	PI438259A	exact	matched_exact
PI438259B	Y	Y	PI438259B	exact	matched_exact
PI438260	Y	Y	PI438260	exact	matched_exact
PI438261	Y	Y	PI438261	exact	matched_exact
PI438262	Y	Y	PI438262	exact	matched_exact
PI438263	Y	Y	PI438263	exact	matched_exact
PI438264	Y	Y	PI438264	exact	matched_exact
PI438265	Y	Y	PI438265	exact	matched_exact
PI438266A	Y	Y	PI438266A	exact	matched_exact
PI438266B	Y	Y	PI438266B	exact	matched_exact
PI438267	Y	Y	PI438267	exact	matched_exact
PI438268	Y	Y	PI438268	exact	matched_exact
PI438269	Y	Y	PI438269	exact	matched_exact
PI438270	Y	Y	PI438270	exact	matched_exact
PI438271A	Y	Y	PI438271A	exact	matched_exact
PI438271B	Y	Y	PI438271B	exact	matched_exact
PI438272	Y	Y	PI438272	exact	matched_exact
PI438273	Y	Y	PI438273	exact	matched_exact
PI438274	Y	Y	PI438274	exact	matched_exact
PI438276	Y	Y	PI438276	exact	matched_exact
PI438277	Y	Y	PI438277	exact	matched_exact
PI438278	Y	Y	PI438278	exact	matched_exact
PI438279	Y	Y	PI438279	exact	matched_exact
PI438280	Y	Y	PI438280	exact	matched_exact
PI438281	Y	Y	PI438281	exact	matched_exact
PI438282A	Y	Y	PI438282A	exact	matched_exact
PI438282B	Y	Y	PI438282B	exact	matched_exact
PI438284	Y	Y	PI438284	exact	matched_exact
PI438285	Y	Y	PI438285	exact	matched_exact
PI438286	Y	Y	PI438286	exact	matched_exact
PI438287	Y	Y	PI438287	exact	matched_exact
PI438289	Y	Y	PI438289	exact	matched_exact
PI438290	Y	Y	PI438290	exact	matched_exact
PI438291	Y	Y	PI438291	exact	matched_exact
PI438292	Y	Y	PI438292	exact	matched_exact
PI438293	Y	Y	PI438293	exact	matched_exact
PI438294	Y	Y	PI438294	exact	matched_exact
PI438295	Y	Y	PI438295	exact	matched_exact
PI438296	Y	Y	PI438296	exact	matched_exact
PI438297	Y	Y	PI438297	exact	matched_exact
PI438298	Y	Y	PI438298	exact	matched_exact
PI438299	Y	Y	PI438299	exact	matched_exact
PI438300	Y	Y	PI438300	exact	matched_exact
PI438301	Y	Y	PI438301	exact	matched_exact
PI438302A	Y	Y	PI438302A	exact	matched_exact
PI438302B	Y	Y	PI438302B	exact	matched_exact
PI438303	Y	Y	PI438303	exact	matched_exact
PI438304A	Y	Y	PI438304A	exact	matched_exact
PI438304B	Y	Y	PI438304B	exact	matched_exact
PI438305	Y	Y	PI438305	exact	matched_exact
PI438306	Y	Y	PI438306	exact	matched_exact
PI438307	Y	Y	PI438307	exact	matched_exact
PI438308A	Y	Y	PI438308A	exact	matched_exact
PI438308B	Y	Y	PI438308B	exact	matched_exact
PI438309	Y	Y	PI438309	exact	matched_exact
PI438310	Y	Y	PI438310	exact	matched_exact
PI438311	Y	Y	PI438311	exact	matched_exact
PI438312	Y	Y	PI438312	exact	matched_exact
PI438313	Y	Y	PI438313	exact	matched_exact
PI438314	Y	Y	PI438314	exact	matched_exact
PI438315	Y	Y	PI438315	exact	matched_exact
PI438316	Y	Y	PI438316	exact	matched_exact
PI438317	Y	Y	PI438317	exact	matched_exact
PI438318	Y	Y	PI438318	exact	matched_exact
PI438319A	Y	Y	PI438319A	exact	matched_exact
PI438319B	Y	Y	PI438319B	exact	matched_exact
PI438321	Y	Y	PI438321	exact	matched_exact
PI438322	Y	Y	PI438322	exact	matched_exact
PI438323	Y	Y	PI438323	exact	matched_exact
PI438324	Y	Y	PI438324	exact	matched_exact
PI438325	Y	Y	PI438325	exact	matched_exact
PI438326	Y	Y	PI438326	exact	matched_exact
PI438327	Y	Y	PI438327	exact	matched_exact
PI438329	Y	Y	PI438329	exact	matched_exact
PI438330A	Y	Y	PI438330A	exact	matched_exact
PI438330B	Y	Y	PI438330B	exact	matched_exact
PI438331A	Y	Y	PI438331A	exact	matched_exact
PI438331B	Y	Y	PI438331B	exact	matched_exact
PI438332	Y	Y	PI438332	exact	matched_exact
PI438333	Y	Y	PI438333	exact	matched_exact
PI438334A	Y	Y	PI438334A	exact	matched_exact
PI438334B	Y	Y	PI438334B	exact	matched_exact
PI438335	Y	Y	PI438335	exact	matched_exact
PI438336	Y	Y	PI438336	exact	matched_exact
PI438337	Y	Y	PI438337	exact	matched_exact
PI438338	Y	Y	PI438338	exact	matched_exact
PI438339A	Y	Y	PI438339A	exact	matched_exact
PI438339B	Y	Y	PI438339B	exact	matched_exact
PI438340A	Y	Y	PI438340A	exact	matched_exact
PI438340B	Y	Y	PI438340B	exact	matched_exact
PI438341	Y	Y	PI438341	exact	matched_exact
PI438342	Y	Y	PI438342	exact	matched_exact
PI438343	Y	Y	PI438343	exact	matched_exact
PI438344	Y	Y	PI438344	exact	matched_exact
PI438345	Y	Y	PI438345	exact	matched_exact
PI438346	Y	Y	PI438346	exact	matched_exact
PI438347	Y	Y	PI438347	exact	matched_exact
PI438348A	Y	Y	PI438348A	exact	matched_exact
PI438348B	Y	Y	PI438348B	exact	matched_exact
PI438349	Y	Y	PI438349	exact	matched_exact
PI438350A	Y	Y	PI438350A	exact	matched_exact
PI438350B	Y	Y	PI438350B	exact	matched_exact
PI438351	Y	Y	PI438351	exact	matched_exact
PI438352	Y	Y	PI438352	exact	matched_exact
PI438353	Y	Y	PI438353	exact	matched_exact
PI438355	Y	Y	PI438355	exact	matched_exact
PI438356	Y	Y	PI438356	exact	matched_exact
PI438357A	Y	Y	PI438357A	exact	matched_exact
PI438357B	Y	Y	PI438357B	exact	matched_exact
PI438358A	Y	Y	PI438358A	exact	matched_exact
PI438358B	Y	Y	PI438358B	exact	matched_exact
PI438359	Y	Y	PI438359	exact	matched_exact
PI438360A	Y	Y	PI438360A	exact	matched_exact
PI438360B	Y	Y	PI438360B	exact	matched_exact
PI438361	Y	Y	PI438361	exact	matched_exact
PI438363	Y	Y	PI438363	exact	matched_exact
PI438364	Y	Y	PI438364	exact	matched_exact
PI438365	Y	Y	PI438365	exact	matched_exact
PI438366	Y	Y	PI438366	exact	matched_exact
PI438367	Y	Y	PI438367	exact	matched_exact
PI438368	Y	Y	PI438368	exact	matched_exact
PI438369A	Y	Y	PI438369A	exact	matched_exact
PI438369B	Y	Y	PI438369B	exact	matched_exact
PI438370	Y	Y	PI438370	exact	matched_exact
PI438371	Y	Y	PI438371	exact	matched_exact
PI438372	Y	Y	PI438372	exact	matched_exact
PI438373	Y	Y	PI438373	exact	matched_exact
PI438374	Y	Y	PI438374	exact	matched_exact
PI438375A	Y	Y	PI438375A	exact	matched_exact
PI438375B	Y	Y	PI438375B	exact	matched_exact
PI438376	Y	Y	PI438376	exact	matched_exact
PI438377	Y	Y	PI438377	exact	matched_exact
PI438378	Y	Y	PI438378	exact	matched_exact
PI438379	Y	Y	PI438379	exact	matched_exact
PI438380	Y	Y	PI438380	exact	matched_exact
PI438381	Y	Y	PI438381	exact	matched_exact
PI438382	Y	Y	PI438382	exact	matched_exact
PI438383	Y	Y	PI438383	exact	matched_exact
PI438384	Y	Y	PI438384	exact	matched_exact
PI438385	Y	Y	PI438385	exact	matched_exact
PI438387	Y	Y	PI438387	exact	matched_exact
PI438389	Y	Y	PI438389	exact	matched_exact
PI438390	Y	Y	PI438390	exact	matched_exact
PI438391	Y	Y	PI438391	exact	matched_exact
PI438392	Y	Y	PI438392	exact	matched_exact
PI438393	Y	Y	PI438393	exact	matched_exact
PI438394	Y	Y	PI438394	exact	matched_exact
PI438395	Y	Y	PI438395	exact	matched_exact
PI438396	Y	Y	PI438396	exact	matched_exact
PI438397	Y	Y	PI438397	exact	matched_exact
PI438398	Y	Y	PI438398	exact	matched_exact
PI438399	Y	Y	PI438399	exact	matched_exact
PI438400	Y	Y	PI438400	exact	matched_exact
PI438401	Y	Y	PI438401	exact	matched_exact
PI438402	Y	Y	PI438402	exact	matched_exact
PI438403	Y	Y	PI438403	exact	matched_exact
PI438404	Y	Y	PI438404	exact	matched_exact
PI438405	Y	Y	PI438405	exact	matched_exact
PI438406	Y	Y	PI438406	exact	matched_exact
PI438407	Y	Y	PI438407	exact	matched_exact
PI438409	Y	Y	PI438409	exact	matched_exact
PI438410	Y	Y	PI438410	exact	matched_exact
PI438411	Y	Y	PI438411	exact	matched_exact
PI438412	Y	Y	PI438412	exact	matched_exact
PI438413	Y	Y	PI438413	exact	matched_exact
PI438414	Y	Y	PI438414	exact	matched_exact
PI438415	Y	Y	PI438415	exact	matched_exact
PI438416	Y	Y	PI438416	exact	matched_exact
PI438417	Y	Y	PI438417	exact	matched_exact
PI438418	Y	Y	PI438418	exact	matched_exact
PI438420	Y	Y	PI438420	exact	matched_exact
PI438421	Y	Y	PI438421	exact	matched_exact
PI438423	Y	Y	PI438423	exact	matched_exact
PI438424	Y	Y	PI438424	exact	matched_exact
PI438425	Y	Y	PI438425	exact	matched_exact
PI438426	Y	Y	PI438426	exact	matched_exact
PI438427	Y	Y	PI438427	exact	matched_exact
PI438428	Y	Y	PI438428	exact	matched_exact
PI438429	Y	N		none	vcf_only
PI438430	Y	Y	PI438430	exact	matched_exact
PI438431	Y	Y	PI438431	exact	matched_exact
PI438432	Y	N		none	vcf_only
PI438433	Y	Y	PI438433	exact	matched_exact
PI438434	Y	Y	PI438434	exact	matched_exact
PI438435A	Y	Y	PI438435A	exact	matched_exact
PI438435B	Y	Y	PI438435B	exact	matched_exact
PI438437	Y	Y	PI438437	exact	matched_exact
PI438438	Y	Y	PI438438	exact	matched_exact
PI438439	Y	Y	PI438439	exact	matched_exact
PI438440-1	Y	Y	PI438440-1	exact	matched_exact
PI438440-2	Y	Y	PI438440-2	exact	matched_exact
PI438441	Y	Y	PI438441	exact	matched_exact
PI438442A	Y	Y	PI438442A	exact	matched_exact
PI438442B	Y	Y	PI438442B	exact	matched_exact
PI438443	Y	Y	PI438443	exact	matched_exact
PI438444	Y	Y	PI438444	exact	matched_exact
PI438445	Y	Y	PI438445	exact	matched_exact
PI438446A	Y	Y	PI438446A	exact	matched_exact
PI438446B	Y	Y	PI438446B	exact	matched_exact
PI438447	Y	Y	PI438447	exact	matched_exact
PI438448	Y	Y	PI438448	exact	matched_exact
PI438449	Y	Y	PI438449	exact	matched_exact
PI438450	Y	Y	PI438450	exact	matched_exact
PI438452	Y	Y	PI438452	exact	matched_exact
PI438453	Y	Y	PI438453	exact	matched_exact
PI438454	Y	Y	PI438454	exact	matched_exact
PI438455	Y	Y	PI438455	exact	matched_exact
PI438456	Y	Y	PI438456	exact	matched_exact
PI438457	Y	Y	PI438457	exact	matched_exact
PI438458	Y	Y	PI438458	exact	matched_exact
PI438459	Y	Y	PI438459	exact	matched_exact
PI438460	Y	Y	PI438460	exact	matched_exact
PI438461	Y	Y	PI438461	exact	matched_exact
PI438462	Y	Y	PI438462	exact	matched_exact
PI438463	Y	Y	PI438463	exact	matched_exact
PI438464	Y	Y	PI438464	exact	matched_exact
PI438465	Y	Y	PI438465	exact	matched_exact
PI438466	Y	Y	PI438466	exact	matched_exact
PI438467	Y	Y	PI438467	exact	matched_exact
PI438468	Y	Y	PI438468	exact	matched_exact
PI438469	Y	Y	PI438469	exact	matched_exact
PI438470	Y	Y	PI438470	exact	matched_exact
PI438471	Y	Y	PI438471	exact	matched_exact
PI438472	Y	Y	PI438472	exact	matched_exact
PI438473	Y	Y	PI438473	exact	matched_exact
PI438474	Y	Y	PI438474	exact	matched_exact
PI438475A	Y	Y	PI438475A	exact	matched_exact
PI438475B	Y	Y	PI438475B	exact	matched_exact
PI438476	Y	Y	PI438476	exact	matched_exact
PI438477	Y	Y	PI438477	exact	matched_exact
PI438478	Y	Y	PI438478	exact	matched_exact
PI438479	Y	Y	PI438479	exact	matched_exact
PI438480	Y	Y	PI438480	exact	matched_exact
PI438481	Y	Y	PI438481	exact	matched_exact
PI438482	Y	Y	PI438482	exact	matched_exact
PI438483	Y	Y	PI438483	exact	matched_exact
PI438484	Y	Y	PI438484	exact	matched_exact
PI438485	Y	Y	PI438485	exact	matched_exact
PI438486	Y	Y	PI438486	exact	matched_exact
PI438487	Y	Y	PI438487	exact	matched_exact
PI438488	Y	Y	PI438488	exact	matched_exact
PI438489A	Y	Y	PI438489A	exact	matched_exact
PI438489B	Y	Y	PI438489B	exact	matched_exact
PI438490A	Y	Y	PI438490A	exact	matched_exact
PI438490B	Y	Y	PI438490B	exact	matched_exact
PI438491	Y	Y	PI438491	exact	matched_exact
PI438492	Y	Y	PI438492	exact	matched_exact
PI438493	Y	Y	PI438493	exact	matched_exact
PI438494	Y	Y	PI438494	exact	matched_exact
PI438495	Y	Y	PI438495	exact	matched_exact
PI438496A	Y	Y	PI438496A	exact	matched_exact
PI438496B	Y	Y	PI438496B	exact	matched_exact
PI438496C	Y	Y	PI438496C	exact	matched_exact
PI438497	Y	Y	PI438497	exact	matched_exact
PI438498	Y	Y	PI438498	exact	matched_exact
PI438499	Y	Y	PI438499	exact	matched_exact
PI438500	Y	Y	PI438500	exact	matched_exact
PI438501	Y	Y	PI438501	exact	matched_exact
PI438502	Y	Y	PI438502	exact	matched_exact
PI438503A	Y	Y	PI438503A	exact	matched_exact
PI438503B	Y	Y	PI438503B	exact	matched_exact
PI438503C	Y	Y	PI438503C	exact	matched_exact
PI438504A	Y	Y	PI438504A	exact	matched_exact
PI438504B	Y	Y	PI438504B	exact	matched_exact
PI438505	Y	Y	PI438505	exact	matched_exact
PI438506	Y	Y	PI438506	exact	matched_exact
PI438507A	Y	Y	PI438507A	exact	matched_exact
PI438507B	Y	Y	PI438507B	exact	matched_exact
PI438507C	Y	Y	PI438507C	exact	matched_exact
PI438508	Y	Y	PI438508	exact	matched_exact
PI438509A	Y	Y	PI438509A	exact	matched_exact
PI438509B	Y	Y	PI438509B	exact	matched_exact
PI438510	Y	Y	PI438510	exact	matched_exact
PI438511	Y	Y	PI438511	exact	matched_exact
PI438513	Y	Y	PI438513	exact	matched_exact
PI440913A	Y	N		none	vcf_only
PI440913B	Y	N		none	vcf_only
PI440927	N	Y		none	phenotype_only
PI440928	N	Y		none	phenotype_only
PI440930	N	Y		none	phenotype_only
PI440931	N	Y		none	phenotype_only
PI440932	N	Y		none	phenotype_only
PI440933	N	Y		none	phenotype_only
PI440934	N	Y		none	phenotype_only
PI440935	N	Y		none	phenotype_only
PI440936	N	Y		none	phenotype_only
PI440937	N	Y		none	phenotype_only
PI440938	N	Y		none	phenotype_only
PI440939	N	Y		none	phenotype_only
PI440940	N	Y		none	phenotype_only
PI440941	N	Y		none	phenotype_only
PI440942	N	Y		none	phenotype_only
PI440948	N	Y		none	phenotype_only
PI440949	N	Y		none	phenotype_only
PI440950	N	Y		none	phenotype_only
PI440951	N	Y		none	phenotype_only
PI440952	N	Y		none	phenotype_only
PI440954	N	Y		none	phenotype_only
PI440955	N	Y		none	phenotype_only
PI440956	N	Y		none	phenotype_only
PI440957	N	Y		none	phenotype_only
PI440958	N	Y		none	phenotype_only
PI440959	N	Y		none	phenotype_only
PI440960	N	Y		none	phenotype_only
PI440961	N	Y		none	phenotype_only
PI440962	N	Y		none	phenotype_only
PI440963	N	Y		none	phenotype_only
PI440964	N	Y		none	phenotype_only
PI440965	N	Y		none	phenotype_only
PI440966	N	Y		none	phenotype_only
PI440967	N	Y		none	phenotype_only
PI440968	N	Y		none	phenotype_only
PI440969	N	Y		none	phenotype_only
PI440970	N	Y		none	phenotype_only
PI440971	N	Y		none	phenotype_only
PI440972	N	Y		none	phenotype_only
PI440973	N	Y		none	phenotype_only
PI440974	N	Y		none	phenotype_only
PI440975	N	Y		none	phenotype_only
PI440977	N	Y		none	phenotype_only
PI440978	N	Y		none	phenotype_only
PI440979	N	Y		none	phenotype_only
PI440980	N	Y		none	phenotype_only
PI440982	N	Y		none	phenotype_only
PI440984	N	Y		none	phenotype_only
PI440985	N	Y		none	phenotype_only
PI440986	N	Y		none	phenotype_only
PI440987	N	Y		none	phenotype_only
PI440988	N	Y		none	phenotype_only
PI440989	N	Y		none	phenotype_only
PI440990	N	Y		none	phenotype_only
PI440991	N	Y		none	phenotype_only
PI440992	N	Y		none	phenotype_only
PI440993	N	Y		none	phenotype_only
PI440994	N	Y		none	phenotype_only
PI440995	N	Y		none	phenotype_only
PI440996	N	Y		none	phenotype_only
PI440997	N	Y		none	phenotype_only
PI440998	N	Y		none	phenotype_only
PI440999	N	Y		none	phenotype_only
PI441000	N	Y		none	phenotype_only
PI441001	N	Y		none	phenotype_only
PI441002	N	Y		none	phenotype_only
PI441003	N	Y		none	phenotype_only
PI441004	N	Y		none	phenotype_only
PI441005	N	Y		none	phenotype_only
PI441006	N	Y		none	phenotype_only
PI441007	N	Y		none	phenotype_only
PI441008	N	Y		none	phenotype_only
PI441009	N	Y		none	phenotype_only
PI441010	N	Y		none	phenotype_only
PI441011	N	Y		none	phenotype_only
PI441013	N	Y		none	phenotype_only
PI441352	Y	Y	PI441352	exact	matched_exact
PI441353	Y	Y	PI441353	exact	matched_exact
PI441355	Y	Y	PI441355	exact	matched_exact
PI441358	Y	Y	PI441358	exact	matched_exact
PI441359	Y	Y	PI441359	exact	matched_exact
PI441360A	Y	Y	PI441360A	exact	matched_exact
PI441360B	Y	Y	PI441360B	exact	matched_exact
PI441373A	Y	Y	PI441373A	exact	matched_exact
PI441373B	Y	Y	PI441373B	exact	matched_exact
PI441377	Y	Y	PI441377	exact	matched_exact
PI441378	Y	Y	PI441378	exact	matched_exact
PI441380	Y	Y	PI441380	exact	matched_exact
PI441381	Y	Y	PI441381	exact	matched_exact
PI442003A	Y	Y	PI442003A	exact	matched_exact
PI442003B	Y	Y	PI442003B	exact	matched_exact
PI442004	Y	Y	PI442004	exact	matched_exact
PI442005	Y	Y	PI442005	exact	matched_exact
PI442006	Y	Y	PI442006	exact	matched_exact
PI442007A	Y	Y	PI442007A	exact	matched_exact
PI442007B	Y	Y	PI442007B	exact	matched_exact
PI442008	Y	Y	PI442008	exact	matched_exact
PI442009A	Y	Y	PI442009A	exact	matched_exact
PI442009B	Y	Y	PI442009B	exact	matched_exact
PI442010	Y	Y	PI442010	exact	matched_exact
PI442011	Y	Y	PI442011	exact	matched_exact
PI442012A	Y	Y	PI442012A	exact	matched_exact
PI442012B	Y	Y	PI442012B	exact	matched_exact
PI442013	Y	Y	PI442013	exact	matched_exact
PI442014	Y	Y	PI442014	exact	matched_exact
PI442016	Y	Y	PI442016	exact	matched_exact
PI442017	Y	Y	PI442017	exact	matched_exact
PI442018	Y	Y	PI442018	exact	matched_exact
PI442019	Y	Y	PI442019	exact	matched_exact
PI442020	Y	Y	PI442020	exact	matched_exact
PI442022	Y	Y	PI442022	exact	matched_exact
PI442023	Y	Y	PI442023	exact	matched_exact
PI442024	Y	Y	PI442024	exact	matched_exact
PI442025	Y	Y	PI442025	exact	matched_exact
PI442026	Y	Y	PI442026	exact	matched_exact
PI442027	Y	Y	PI442027	exact	matched_exact
PI442029	Y	Y	PI442029	exact	matched_exact
PI442030	Y	Y	PI442030	exact	matched_exact
PI442031	Y	Y	PI442031	exact	matched_exact
PI442032	Y	Y	PI442032	exact	matched_exact
PI442033	Y	Y	PI442033	exact	matched_exact
PI442034	Y	Y	PI442034	exact	matched_exact
PI442035	Y	Y	PI442035	exact	matched_exact
PI442036	Y	Y	PI442036	exact	matched_exact
PI442037	Y	Y	PI442037	exact	matched_exact
PI442038A	Y	Y	PI442038A	exact	matched_exact
PI442038B	Y	Y	PI442038B	exact	matched_exact
PI442040	Y	Y	PI442040	exact	matched_exact
PI442041	Y	Y	PI442041	exact	matched_exact
PI442042	Y	Y	PI442042	exact	matched_exact
PI442043	Y	Y	PI442043	exact	matched_exact
PI442044	Y	Y	PI442044	exact	matched_exact
PI442045	Y	Y	PI442045	exact	matched_exact
PI445680	Y	N		none	vcf_only
PI445681	Y	N		none	vcf_only
PI445682	Y	N		none	vcf_only
PI445683	Y	Y	PI445683	exact	matched_exact
PI445786	Y	Y	PI445786	exact	matched_exact
PI445787	Y	Y	PI445787	exact	matched_exact
PI445788	Y	Y	PI445788	exact	matched_exact
PI445789	Y	Y	PI445789	exact	matched_exact
PI445790	Y	Y	PI445790	exact	matched_exact
PI445791	Y	Y	PI445791	exact	matched_exact
PI445792	Y	Y	PI445792	exact	matched_exact
PI445793	Y	Y	PI445793	exact	matched_exact
PI445794A	Y	Y	PI445794A	exact	matched_exact
PI445794B	Y	Y	PI445794B	exact	matched_exact
PI445795	Y	Y	PI445795	exact	matched_exact
PI445796	Y	Y	PI445796	exact	matched_exact
PI445797	Y	Y	PI445797	exact	matched_exact
PI445798	Y	Y	PI445798	exact	matched_exact
PI445799	Y	Y	PI445799	exact	matched_exact
PI445800	Y	Y	PI445800	exact	matched_exact
PI445801A	Y	Y	PI445801A	exact	matched_exact
PI445801B	Y	Y	PI445801B	exact	matched_exact
PI445802	Y	Y	PI445802	exact	matched_exact
PI445803	Y	Y	PI445803	exact	matched_exact
PI445804	Y	Y	PI445804	exact	matched_exact
PI445805	Y	Y	PI445805	exact	matched_exact
PI445806	Y	Y	PI445806	exact	matched_exact
PI445807A	Y	Y	PI445807A	exact	matched_exact
PI445807B	Y	Y	PI445807B	exact	matched_exact
PI445808A	Y	Y	PI445808A	exact	matched_exact
PI445808B	Y	Y	PI445808B	exact	matched_exact
PI445809	Y	Y	PI445809	exact	matched_exact
PI445810A	Y	Y	PI445810A	exact	matched_exact
PI445810B	Y	Y	PI445810B	exact	matched_exact
PI445810C	Y	Y	PI445810C	exact	matched_exact
PI445811	Y	Y	PI445811	exact	matched_exact
PI445812	Y	Y	PI445812	exact	matched_exact
PI445813	Y	Y	PI445813	exact	matched_exact
PI445814	Y	Y	PI445814	exact	matched_exact
PI445815	Y	Y	PI445815	exact	matched_exact
PI445816A	Y	Y	PI445816A	exact	matched_exact
PI445816B	Y	Y	PI445816B	exact	matched_exact
PI445817	Y	Y	PI445817	exact	matched_exact
PI445818A	Y	Y	PI445818A	exact	matched_exact
PI445818B	Y	Y	PI445818B	exact	matched_exact
PI445819	Y	Y	PI445819	exact	matched_exact
PI445820A	Y	Y	PI445820A	exact	matched_exact
PI445820B	Y	Y	PI445820B	exact	matched_exact
PI445821	Y	Y	PI445821	exact	matched_exact
PI445822	Y	Y	PI445822	exact	matched_exact
PI445823	Y	Y	PI445823	exact	matched_exact
PI445824A	Y	Y	PI445824A	exact	matched_exact
PI445824B	Y	Y	PI445824B	exact	matched_exact
PI445825	Y	Y	PI445825	exact	matched_exact
PI445826	Y	Y	PI445826	exact	matched_exact
PI445827A	Y	Y	PI445827A	exact	matched_exact
PI445827B	Y	Y	PI445827B	exact	matched_exact
PI445828	Y	Y	PI445828	exact	matched_exact
PI445829A	Y	Y	PI445829A	exact	matched_exact
PI445829B	Y	Y	PI445829B	exact	matched_exact
PI445830	Y	Y	PI445830	exact	matched_exact
PI445831	Y	Y	PI445831	exact	matched_exact
PI445832	Y	Y	PI445832	exact	matched_exact
PI445833	Y	Y	PI445833	exact	matched_exact
PI445834	Y	Y	PI445834	exact	matched_exact
PI445835	Y	Y	PI445835	exact	matched_exact
PI445836	Y	Y	PI445836	exact	matched_exact
PI445837	Y	Y	PI445837	exact	matched_exact
PI445842	Y	Y	PI445842	exact	matched_exact
PI445843	Y	Y	PI445843	exact	matched_exact
PI445844	Y	Y	PI445844	exact	matched_exact
PI445845	Y	Y	PI445845	exact	matched_exact
PI445846A	Y	Y	PI445846A	exact	matched_exact
PI445846B	Y	Y	PI445846B	exact	matched_exact
PI445847	Y	Y	PI445847	exact	matched_exact
PI445848A	Y	Y	PI445848A	exact	matched_exact
PI445848B	Y	Y	PI445848B	exact	matched_exact
PI445849	Y	Y	PI445849	exact	matched_exact
PI446893	Y	Y	PI446893	exact	matched_exact
PI446934	N	Y		none	phenotype_only
PI446935	N	Y		none	phenotype_only
PI446936	N	Y		none	phenotype_only
PI446937	N	Y		none	phenotype_only
PI446938	N	Y		none	phenotype_only
PI446939	N	Y		none	phenotype_only
PI446940	N	Y		none	phenotype_only
PI446941	N	Y		none	phenotype_only
PI446942	N	Y		none	phenotype_only
PI446943	N	Y		none	phenotype_only
PI446944	N	Y		none	phenotype_only
PI446945	N	Y		none	phenotype_only
PI446946	N	Y		none	phenotype_only
PI446947	N	Y		none	phenotype_only
PI446948	N	Y		none	phenotype_only
PI446949	N	Y		none	phenotype_only
PI446950	N	Y		none	phenotype_only
PI446951	N	Y		none	phenotype_only
PI446952	N	Y		none	phenotype_only
PI446953	N	Y		none	phenotype_only
PI446954	N	Y		none	phenotype_only
PI446955	N	Y		none	phenotype_only
PI446956	N	Y		none	phenotype_only
PI446957	N	Y		none	phenotype_only
PI446958	N	Y		none	phenotype_only
PI446959	N	Y		none	phenotype_only
PI446960	N	Y		none	phenotype_only
PI446961	N	Y		none	phenotype_only
PI446962	N	Y		none	phenotype_only
PI446963	N	Y		none	phenotype_only
PI446964	N	Y		none	phenotype_only
PI446965	N	Y		none	phenotype_only
PI446966	N	Y		none	phenotype_only
PI446967	N	Y		none	phenotype_only
PI446968	N	Y		none	phenotype_only
PI446969	N	Y		none	phenotype_only
PI446970	N	Y		none	phenotype_only
PI446971	N	Y		none	phenotype_only
PI446972	N	Y		none	phenotype_only
PI446973	N	Y		none	phenotype_only
PI446974	N	Y		none	phenotype_only
PI446975	N	Y		none	phenotype_only
PI446976	N	Y		none	phenotype_only
PI446977	N	Y		none	phenotype_only
PI446978	N	Y		none	phenotype_only
PI446979	N	Y		none	phenotype_only
PI446980	N	Y		none	phenotype_only
PI446981	N	Y		none	phenotype_only
PI446982	N	Y		none	phenotype_only
PI446983	N	Y		none	phenotype_only
PI446984	N	Y		none	phenotype_only
PI446985	N	Y		none	phenotype_only
PI446986	N	Y		none	phenotype_only
PI446987	N	Y		none	phenotype_only
PI446988	N	Y		none	phenotype_only
PI446989	N	Y		none	phenotype_only
PI446990	N	Y		none	phenotype_only
PI446991	N	Y		none	phenotype_only
PI446992	N	Y		none	phenotype_only
PI446993	N	Y		none	phenotype_only
PI446994	N	Y		none	phenotype_only
PI446995	N	Y		none	phenotype_only
PI446996	N	Y		none	phenotype_only
PI446997	N	Y		none	phenotype_only
PI446998	N	Y		none	phenotype_only
PI446999	N	Y		none	phenotype_only
PI447000	N	Y		none	phenotype_only
PI447003A	Y	N		none	vcf_only
PI447003B	Y	N		none	vcf_only
PI447004	Y	N		none	vcf_only
PI449456A	Y	Y	PI449456A	exact	matched_exact
PI449456B	Y	Y	PI449456B	exact	matched_exact
PI449457	Y	Y	PI449457	exact	matched_exact
PI449458A	Y	Y	PI449458A	exact	matched_exact
PI449458B	Y	Y	PI449458B	exact	matched_exact
PI449459	Y	Y	PI449459	exact	matched_exact
PI449460A	Y	Y	PI449460A	exact	matched_exact
PI449460B	Y	Y	PI449460B	exact	matched_exact
PI452432	Y	Y	PI452432	exact	matched_exact
PI452433	Y	Y	PI452433	exact	matched_exact
PI458018	Y	Y	PI458018	exact	matched_exact
PI458019	Y	Y	PI458019	exact	matched_exact
PI458020	Y	Y	PI458020	exact	matched_exact
PI458021	Y	Y	PI458021	exact	matched_exact
PI458022	Y	Y	PI458022	exact	matched_exact
PI458023	Y	Y	PI458023	exact	matched_exact
PI458024A	Y	Y	PI458024A	exact	matched_exact
PI458024B	Y	Y	PI458024B	exact	matched_exact
PI458025	Y	Y	PI458025	exact	matched_exact
PI458026	Y	Y	PI458026	exact	matched_exact
PI458027	Y	Y	PI458027	exact	matched_exact
PI458028	Y	Y	PI458028	exact	matched_exact
PI458029	Y	Y	PI458029	exact	matched_exact
PI458030	Y	Y	PI458030	exact	matched_exact
PI458031	Y	Y	PI458031	exact	matched_exact
PI458032	Y	Y	PI458032	exact	matched_exact
PI458033	Y	Y	PI458033	exact	matched_exact
PI458034	Y	Y	PI458034	exact	matched_exact
PI458035	Y	Y	PI458035	exact	matched_exact
PI458036	Y	Y	PI458036	exact	matched_exact
PI458037	Y	Y	PI458037	exact	matched_exact
PI458038	Y	Y	PI458038	exact	matched_exact
PI458039	Y	Y	PI458039	exact	matched_exact
PI458040	Y	Y	PI458040	exact	matched_exact
PI458041	Y	Y	PI458041	exact	matched_exact
PI458042	Y	Y	PI458042	exact	matched_exact
PI458043	Y	Y	PI458043	exact	matched_exact
PI458044	Y	Y	PI458044	exact	matched_exact
PI458045A	Y	Y	PI458045A	exact	matched_exact
PI458045B	Y	Y	PI458045B	exact	matched_exact
PI458046	Y	Y	PI458046	exact	matched_exact
PI458047	Y	Y	PI458047	exact	matched_exact
PI458048	Y	Y	PI458048	exact	matched_exact
PI458049	Y	Y	PI458049	exact	matched_exact
PI458050	Y	Y	PI458050	exact	matched_exact
PI458051A	Y	Y	PI458051A	exact	matched_exact
PI458051B	Y	Y	PI458051B	exact	matched_exact
PI458052	Y	Y	PI458052	exact	matched_exact
PI458053A	Y	Y	PI458053A	exact	matched_exact
PI458053B	Y	Y	PI458053B	exact	matched_exact
PI458054	Y	Y	PI458054	exact	matched_exact
PI458055	Y	Y	PI458055	exact	matched_exact
PI458056	Y	Y	PI458056	exact	matched_exact
PI458057	Y	Y	PI458057	exact	matched_exact
PI458058	Y	Y	PI458058	exact	matched_exact
PI458059	Y	Y	PI458059	exact	matched_exact
PI458060A	Y	Y	PI458060A	exact	matched_exact
PI458060B	Y	Y	PI458060B	exact	matched_exact
PI458061A	Y	Y	PI458061A	exact	matched_exact
PI458061B	Y	Y	PI458061B	exact	matched_exact
PI458062A	Y	Y	PI458062A	exact	matched_exact
PI458062B	Y	Y	PI458062B	exact	matched_exact
PI458063	Y	Y	PI458063	exact	matched_exact
PI458064	Y	Y	PI458064	exact	matched_exact
PI458065A	Y	Y	PI458065A	exact	matched_exact
PI458065B	Y	Y	PI458065B	exact	matched_exact
PI458066	Y	Y	PI458066	exact	matched_exact
PI458067A	Y	Y	PI458067A	exact	matched_exact
PI458067B	Y	Y	PI458067B	exact	matched_exact
PI458068	Y	Y	PI458068	exact	matched_exact
PI458069	Y	Y	PI458069	exact	matched_exact
PI458070A	Y	Y	PI458070A	exact	matched_exact
PI458070B	Y	Y	PI458070B	exact	matched_exact
PI458070C	Y	Y	PI458070C	exact	matched_exact
PI458070D	Y	Y	PI458070D	exact	matched_exact
PI458071	Y	Y	PI458071	exact	matched_exact
PI458072A	Y	Y	PI458072A	exact	matched_exact
PI458072B	Y	Y	PI458072B	exact	matched_exact
PI458073	Y	Y	PI458073	exact	matched_exact
PI458074A	Y	Y	PI458074A	exact	matched_exact
PI458074B	Y	Y	PI458074B	exact	matched_exact
PI458075	Y	Y	PI458075	exact	matched_exact
PI458076	Y	Y	PI458076	exact	matched_exact
PI458077	Y	Y	PI458077	exact	matched_exact
PI458078	Y	Y	PI458078	exact	matched_exact
PI458079	Y	Y	PI458079	exact	matched_exact
PI458080	Y	Y	PI458080	exact	matched_exact
PI458081	Y	Y	PI458081	exact	matched_exact
PI458082	Y	Y	PI458082	exact	matched_exact
PI458083	Y	Y	PI458083	exact	matched_exact
PI458084	Y	Y	PI458084	exact	matched_exact
PI458085A	Y	Y	PI458085A	exact	matched_exact
PI458085B	Y	Y	PI458085B	exact	matched_exact
PI458086	Y	Y	PI458086	exact	matched_exact
PI458087	Y	Y	PI458087	exact	matched_exact
PI458088	Y	Y	PI458088	exact	matched_exact
PI458089	Y	Y	PI458089	exact	matched_exact
PI458090A	Y	Y	PI458090A	exact	matched_exact
PI458090B	Y	Y	PI458090B	exact	matched_exact
PI458091	Y	Y	PI458091	exact	matched_exact
PI458092	Y	Y	PI458092	exact	matched_exact
PI458093	Y	Y	PI458093	exact	matched_exact
PI458094	Y	Y	PI458094	exact	matched_exact
PI458095	Y	Y	PI458095	exact	matched_exact
PI458096	Y	Y	PI458096	exact	matched_exact
PI458097	Y	Y	PI458097	exact	matched_exact
PI458098	Y	Y	PI458098	exact	matched_exact
PI458099	Y	Y	PI458099	exact	matched_exact
PI458100	Y	Y	PI458100	exact	matched_exact
PI458101	Y	Y	PI458101	exact	matched_exact
PI458102	Y	Y	PI458102	exact	matched_exact
PI458103	Y	Y	PI458103	exact	matched_exact
PI458104	Y	Y	PI458104	exact	matched_exact
PI458105	Y	Y	PI458105	exact	matched_exact
PI458106	Y	Y	PI458106	exact	matched_exact
PI458107	Y	Y	PI458107	exact	matched_exact
PI458108	Y	Y	PI458108	exact	matched_exact
PI458109	Y	Y	PI458109	exact	matched_exact
PI458110	Y	Y	PI458110	exact	matched_exact
PI458111	Y	Y	PI458111	exact	matched_exact
PI458112A	Y	Y	PI458112A	exact	matched_exact
PI458112B	Y	Y	PI458112B	exact	matched_exact
PI458113	Y	Y	PI458113	exact	matched_exact
PI458114	Y	Y	PI458114	exact	matched_exact
PI458115	Y	Y	PI458115	exact	matched_exact
PI458116	Y	Y	PI458116	exact	matched_exact
PI458117	Y	Y	PI458117	exact	matched_exact
PI458118	Y	Y	PI458118	exact	matched_exact
PI458119	Y	Y	PI458119	exact	matched_exact
PI458120	Y	Y	PI458120	exact	matched_exact
PI458121	Y	Y	PI458121	exact	matched_exact
PI458122	Y	Y	PI458122	exact	matched_exact
PI458123A	Y	Y	PI458123A	exact	matched_exact
PI458123B	Y	Y	PI458123B	exact	matched_exact
PI458124	Y	Y	PI458124	exact	matched_exact
PI458125	Y	Y	PI458125	exact	matched_exact
PI458126	Y	Y	PI458126	exact	matched_exact
PI458127	Y	Y	PI458127	exact	matched_exact
PI458128	Y	Y	PI458128	exact	matched_exact
PI458129	Y	Y	PI458129	exact	matched_exact
PI458130	Y	Y	PI458130	exact	matched_exact
PI458131	Y	Y	PI458131	exact	matched_exact
PI458132	Y	Y	PI458132	exact	matched_exact
PI458133	Y	N		none	vcf_only
PI458134	Y	Y	PI458134	exact	matched_exact
PI458135	Y	Y	PI458135	exact	matched_exact
PI458136	Y	Y	PI458136	exact	matched_exact
PI458137	Y	Y	PI458137	exact	matched_exact
PI458138	Y	Y	PI458138	exact	matched_exact
PI458139	Y	Y	PI458139	exact	matched_exact
PI458140	Y	Y	PI458140	exact	matched_exact
PI458141	Y	Y	PI458141	exact	matched_exact
PI458142	Y	Y	PI458142	exact	matched_exact
PI458143	Y	Y	PI458143	exact	matched_exact
PI458144	Y	Y	PI458144	exact	matched_exact
PI458145	Y	Y	PI458145	exact	matched_exact
PI458146	Y	Y	PI458146	exact	matched_exact
PI458147	Y	Y	PI458147	exact	matched_exact
PI458148	Y	Y	PI458148	exact	matched_exact
PI458149	Y	Y	PI458149	exact	matched_exact
PI458150A	Y	Y	PI458150A	exact	matched_exact
PI458150B	Y	Y	PI458150B	exact	matched_exact
PI458150C	Y	Y	PI458150C	exact	matched_exact
PI458151	Y	Y	PI458151	exact	matched_exact
PI458152	Y	Y	PI458152	exact	matched_exact
PI458153	Y	Y	PI458153	exact	matched_exact
PI458154	Y	Y	PI458154	exact	matched_exact
PI458155	Y	Y	PI458155	exact	matched_exact
PI458156	Y	Y	PI458156	exact	matched_exact
PI458157	Y	Y	PI458157	exact	matched_exact
PI458158	Y	Y	PI458158	exact	matched_exact
PI458159	Y	Y	PI458159	exact	matched_exact
PI458160	Y	Y	PI458160	exact	matched_exact
PI458161	Y	Y	PI458161	exact	matched_exact
PI458162	Y	Y	PI458162	exact	matched_exact
PI458163	Y	Y	PI458163	exact	matched_exact
PI458164	Y	Y	PI458164	exact	matched_exact
PI458165	Y	Y	PI458165	exact	matched_exact
PI458166	Y	Y	PI458166	exact	matched_exact
PI458167	Y	Y	PI458167	exact	matched_exact
PI458168	Y	Y	PI458168	exact	matched_exact
PI458169A	Y	Y	PI458169A	exact	matched_exact
PI458169B	Y	Y	PI458169B	exact	matched_exact
PI458170	Y	Y	PI458170	exact	matched_exact
PI458171A	Y	Y	PI458171A	exact	matched_exact
PI458171B	Y	Y	PI458171B	exact	matched_exact
PI458172A	Y	Y	PI458172A	exact	matched_exact
PI458172B	Y	Y	PI458172B	exact	matched_exact
PI458173	Y	Y	PI458173	exact	matched_exact
PI458174	Y	Y	PI458174	exact	matched_exact
PI458175A	Y	Y	PI458175A	exact	matched_exact
PI458175B	Y	Y	PI458175B	exact	matched_exact
PI458175C	Y	Y	PI458175C	exact	matched_exact
PI458175D	Y	Y	PI458175D	exact	matched_exact
PI458176	Y	Y	PI458176	exact	matched_exact
PI458177	Y	Y	PI458177	exact	matched_exact
PI458178	Y	Y	PI458178	exact	matched_exact
PI458179	Y	Y	PI458179	exact	matched_exact
PI458180	Y	Y	PI458180	exact	matched_exact
PI458181	Y	Y	PI458181	exact	matched_exact
PI458182	Y	Y	PI458182	exact	matched_exact
PI458183	Y	Y	PI458183	exact	matched_exact
PI458184	Y	Y	PI458184	exact	matched_exact
PI458185	Y	Y	PI458185	exact	matched_exact
PI458186	Y	Y	PI458186	exact	matched_exact
PI458187	Y	Y	PI458187	exact	matched_exact
PI458188	Y	Y	PI458188	exact	matched_exact
PI458189A	Y	Y	PI458189A	exact	matched_exact
PI458189B	Y	Y	PI458189B	exact	matched_exact
PI458190	Y	Y	PI458190	exact	matched_exact
PI458191	Y	Y	PI458191	exact	matched_exact
PI458192	Y	Y	PI458192	exact	matched_exact
PI458193	Y	Y	PI458193	exact	matched_exact
PI458194	Y	Y	PI458194	exact	matched_exact
PI458195	Y	Y	PI458195	exact	matched_exact
PI458196	Y	Y	PI458196	exact	matched_exact
PI458197	Y	Y	PI458197	exact	matched_exact
PI458198	Y	Y	PI458198	exact	matched_exact
PI458199	Y	Y	PI458199	exact	matched_exact
PI458200	Y	Y	PI458200	exact	matched_exact
PI458201	Y	Y	PI458201	exact	matched_exact
PI458202A	Y	Y	PI458202A	exact	matched_exact
PI458202B	Y	Y	PI458202B	exact	matched_exact
PI458203A	Y	Y	PI458203A	exact	matched_exact
PI458203B	Y	Y	PI458203B	exact	matched_exact
PI458204	Y	Y	PI458204	exact	matched_exact
PI458205	Y	Y	PI458205	exact	matched_exact
PI458206	Y	Y	PI458206	exact	matched_exact
PI458207	Y	Y	PI458207	exact	matched_exact
PI458208	Y	Y	PI458208	exact	matched_exact
PI458209	Y	Y	PI458209	exact	matched_exact
PI458210	Y	Y	PI458210	exact	matched_exact
PI458211	Y	Y	PI458211	exact	matched_exact
PI458212	Y	Y	PI458212	exact	matched_exact
PI458213	Y	Y	PI458213	exact	matched_exact
PI458214	Y	Y	PI458214	exact	matched_exact
PI458215	Y	Y	PI458215	exact	matched_exact
PI458216	Y	Y	PI458216	exact	matched_exact
PI458217	Y	Y	PI458217	exact	matched_exact
PI458218	Y	Y	PI458218	exact	matched_exact
PI458219	Y	Y	PI458219	exact	matched_exact
PI458220	Y	Y	PI458220	exact	matched_exact
PI458221	Y	Y	PI458221	exact	matched_exact
PI458222	Y	Y	PI458222	exact	matched_exact
PI458223	Y	Y	PI458223	exact	matched_exact
PI458224	Y	Y	PI458224	exact	matched_exact
PI458225	Y	Y	PI458225	exact	matched_exact
PI458226	Y	Y	PI458226	exact	matched_exact
PI458227	Y	Y	PI458227	exact	matched_exact
PI458228	Y	Y	PI458228	exact	matched_exact
PI458229	Y	Y	PI458229	exact	matched_exact
PI458230A	Y	Y	PI458230A	exact	matched_exact
PI458230B	Y	Y	PI458230B	exact	matched_exact
PI458231	Y	Y	PI458231	exact	matched_exact
PI458232	Y	Y	PI458232	exact	matched_exact
PI458233	Y	Y	PI458233	exact	matched_exact
PI458234	Y	Y	PI458234	exact	matched_exact
PI458235	Y	Y	PI458235	exact	matched_exact
PI458236A	Y	Y	PI458236A	exact	matched_exact
PI458236B	Y	Y	PI458236B	exact	matched_exact
PI458237	Y	Y	PI458237	exact	matched_exact
PI458238	Y	Y	PI458238	exact	matched_exact
PI458239	Y	Y	PI458239	exact	matched_exact
PI458240	Y	Y	PI458240	exact	matched_exact
PI458241	Y	Y	PI458241	exact	matched_exact
PI458242	Y	Y	PI458242	exact	matched_exact
PI458243	Y	Y	PI458243	exact	matched_exact
PI458244A	Y	Y	PI458244A	exact	matched_exact
PI458244B	Y	Y	PI458244B	exact	matched_exact
PI458244C	Y	Y	PI458244C	exact	matched_exact
PI458245	Y	Y	PI458245	exact	matched_exact
PI458246A	Y	Y	PI458246A	exact	matched_exact
PI458246B	Y	Y	PI458246B	exact	matched_exact
PI458247	Y	Y	PI458247	exact	matched_exact
PI458248	Y	Y	PI458248	exact	matched_exact
PI458249	Y	Y	PI458249	exact	matched_exact
PI458250	Y	Y	PI458250	exact	matched_exact
PI458251	Y	Y	PI458251	exact	matched_exact
PI458252	Y	Y	PI458252	exact	matched_exact
PI458253	Y	Y	PI458253	exact	matched_exact
PI458254	Y	Y	PI458254	exact	matched_exact
PI458255	Y	Y	PI458255	exact	matched_exact
PI458256	Y	Y	PI458256	exact	matched_exact
PI458257	Y	Y	PI458257	exact	matched_exact
PI458258	Y	Y	PI458258	exact	matched_exact
PI458259	Y	Y	PI458259	exact	matched_exact
PI458260	Y	Y	PI458260	exact	matched_exact
PI458261	Y	Y	PI458261	exact	matched_exact
PI458262	Y	Y	PI458262	exact	matched_exact
PI458263	Y	Y	PI458263	exact	matched_exact
PI458264	Y	Y	PI458264	exact	matched_exact
PI458265	Y	Y	PI458265	exact	matched_exact
PI458266	Y	Y	PI458266	exact	matched_exact
PI458267	Y	Y	PI458267	exact	matched_exact
PI458268	Y	Y	PI458268	exact	matched_exact
PI458269	Y	Y	PI458269	exact	matched_exact
PI458270	Y	Y	PI458270	exact	matched_exact
PI458271	Y	Y	PI458271	exact	matched_exact
PI458272	Y	Y	PI458272	exact	matched_exact
PI458273	Y	Y	PI458273	exact	matched_exact
PI458274	Y	Y	PI458274	exact	matched_exact
PI458275	Y	Y	PI458275	exact	matched_exact
PI458276	Y	Y	PI458276	exact	matched_exact
PI458277	Y	Y	PI458277	exact	matched_exact
PI458278A	Y	Y	PI458278A	exact	matched_exact
PI458278B	Y	Y	PI458278B	exact	matched_exact
PI458279	Y	Y	PI458279	exact	matched_exact
PI458280	Y	Y	PI458280	exact	matched_exact
PI458281A	Y	Y	PI458281A	exact	matched_exact
PI458281B	Y	Y	PI458281B	exact	matched_exact
PI458282	Y	Y	PI458282	exact	matched_exact
PI458283	Y	Y	PI458283	exact	matched_exact
PI458284	Y	Y	PI458284	exact	matched_exact
PI458285	Y	Y	PI458285	exact	matched_exact
PI458286	Y	Y	PI458286	exact	matched_exact
PI458287	Y	Y	PI458287	exact	matched_exact
PI458288	Y	Y	PI458288	exact	matched_exact
PI458289	Y	Y	PI458289	exact	matched_exact
PI458290	Y	Y	PI458290	exact	matched_exact
PI458291	Y	Y	PI458291	exact	matched_exact
PI458292	Y	Y	PI458292	exact	matched_exact
PI458293	Y	Y	PI458293	exact	matched_exact
PI458294	Y	Y	PI458294	exact	matched_exact
PI458295	Y	Y	PI458295	exact	matched_exact
PI458296	Y	Y	PI458296	exact	matched_exact
PI458297	Y	Y	PI458297	exact	matched_exact
PI458298	Y	Y	PI458298	exact	matched_exact
PI458299	Y	Y	PI458299	exact	matched_exact
PI458300	Y	Y	PI458300	exact	matched_exact
PI458301	Y	Y	PI458301	exact	matched_exact
PI458302	Y	Y	PI458302	exact	matched_exact
PI458303	Y	Y	PI458303	exact	matched_exact
PI458304	Y	Y	PI458304	exact	matched_exact
PI458305	Y	Y	PI458305	exact	matched_exact
PI458306A	Y	Y	PI458306A	exact	matched_exact
PI458306B	Y	Y	PI458306B	exact	matched_exact
PI458307A	Y	Y	PI458307A	exact	matched_exact
PI458307B	Y	Y	PI458307B	exact	matched_exact
PI458505	Y	Y	PI458505	exact	matched_exact
PI458506	Y	Y	PI458506	exact	matched_exact
PI458507	Y	Y	PI458507	exact	matched_exact
PI458508A	Y	Y	PI458508A	exact	matched_exact
PI458508B	Y	Y	PI458508B	exact	matched_exact
PI458509	Y	Y	PI458509	exact	matched_exact
PI458510	Y	Y	PI458510	exact	matched_exact
PI458511	Y	Y	PI458511	exact	matched_exact
PI458512	Y	Y	PI458512	exact	matched_exact
PI458515	Y	Y	PI458515	exact	matched_exact
PI458517	Y	Y	PI458517	exact	matched_exact
PI458519A	Y	Y	PI458519A	exact	matched_exact
PI458519B	Y	Y	PI458519B	exact	matched_exact
PI458520	Y	Y	PI458520	exact	matched_exact
PI458521	Y	Y	PI458521	exact	matched_exact
PI458522	Y	Y	PI458522	exact	matched_exact
PI458523	Y	Y	PI458523	exact	matched_exact
PI458525	Y	Y	PI458525	exact	matched_exact
PI458529	Y	Y	PI458529	exact	matched_exact
PI458531	Y	Y	PI458531	exact	matched_exact
PI458532A	Y	Y	PI458532A	exact	matched_exact
PI458532B	Y	Y	PI458532B	exact	matched_exact
PI458535	Y	N		none	vcf_only
PI458536	Y	N		none	vcf_only
PI458537A	Y	N		none	vcf_only
PI458537B	Y	N		none	vcf_only
PI458538	Y	N		none	vcf_only
PI458539A	Y	N		none	vcf_only
PI458539B	Y	N		none	vcf_only
PI458540A	Y	N		none	vcf_only
PI458540B	Y	N		none	vcf_only
PI458540C	Y	N		none	vcf_only
PI458540D	Y	N		none	vcf_only
PI458541	Y	Y	PI458541	exact	matched_exact
PI458546	Y	Y	PI458546	exact	matched_exact
PI458824	Y	Y	PI458824	exact	matched_exact
PI458825A	Y	Y	PI458825A	exact	matched_exact
PI458825B	Y	Y	PI458825B	exact	matched_exact
PI458826A	Y	Y	PI458826A	exact	matched_exact
PI458826B	Y	Y	PI458826B	exact	matched_exact
PI458827	Y	Y	PI458827	exact	matched_exact
PI458828	Y	Y	PI458828	exact	matched_exact
PI458829	Y	Y	PI458829	exact	matched_exact
PI459024	Y	Y	PI459024	exact	matched_exact
PI459025A	Y	Y	PI459025A	exact	matched_exact
PI459025B	Y	Y	PI459025B	exact	matched_exact
PI459025C	Y	Y	PI459025C	exact	matched_exact
PI459025D	Y	Y	PI459025D	exact	matched_exact
PI459025E	Y	Y	PI459025E	exact	matched_exact
PI459025F	Y	Y	PI459025F	exact	matched_exact
PI459072	Y	N		none	vcf_only
PI461419	Y	Y	PI461419	exact	matched_exact
PI461508	Y	Y	PI461508	exact	matched_exact
PI461509	Y	Y	PI461509	exact	matched_exact
PI462312	Y	Y	PI462312	exact	matched_exact
PI464865	Y	Y	PI464865	exact	matched_exact
PI464866A	Y	Y	PI464866A	exact	matched_exact
PI464866B	Y	Y	PI464866B	exact	matched_exact
PI464867	Y	Y	PI464867	exact	matched_exact
PI464868A	Y	Y	PI464868A	exact	matched_exact
PI464868B	Y	Y	PI464868B	exact	matched_exact
PI464869A	Y	Y	PI464869A	exact	matched_exact
PI464869B	Y	Y	PI464869B	exact	matched_exact
PI464870	Y	Y	PI464870	exact	matched_exact
PI464871A	Y	Y	PI464871A	exact	matched_exact
PI464871B	Y	Y	PI464871B	exact	matched_exact
PI464871C	Y	Y	PI464871C	exact	matched_exact
PI464875A	Y	Y	PI464875A	exact	matched_exact
PI464875B	Y	Y	PI464875B	exact	matched_exact
PI464876	Y	Y	PI464876	exact	matched_exact
PI464877	Y	Y	PI464877	exact	matched_exact
PI464878	Y	Y	PI464878	exact	matched_exact
PI464879	Y	Y	PI464879	exact	matched_exact
PI464880	Y	Y	PI464880	exact	matched_exact
PI464881	Y	Y	PI464881	exact	matched_exact
PI464882	Y	Y	PI464882	exact	matched_exact
PI464883	Y	Y	PI464883	exact	matched_exact
PI464884	Y	Y	PI464884	exact	matched_exact
PI464886	Y	Y	PI464886	exact	matched_exact
PI464887	Y	Y	PI464887	exact	matched_exact
PI464888A	Y	Y	PI464888A	exact	matched_exact
PI464888B	Y	Y	PI464888B	exact	matched_exact
PI464889A	Y	Y	PI464889A	exact	matched_exact
PI464889B	Y	Y	PI464889B	exact	matched_exact
PI464889C	Y	Y	PI464889C	exact	matched_exact
PI464890A	Y	Y	PI464890A	exact	matched_exact
PI464890B	Y	Y	PI464890B	exact	matched_exact
PI464891A	Y	Y	PI464891A	exact	matched_exact
PI464891B	Y	Y	PI464891B	exact	matched_exact
PI464891C	Y	Y	PI464891C	exact	matched_exact
PI464892	Y	Y	PI464892	exact	matched_exact
PI464893	Y	Y	PI464893	exact	matched_exact
PI464894	Y	Y	PI464894	exact	matched_exact
PI464895	Y	Y	PI464895	exact	matched_exact
PI464896	Y	Y	PI464896	exact	matched_exact
PI464897	Y	Y	PI464897	exact	matched_exact
PI464898	Y	Y	PI464898	exact	matched_exact
PI464899	Y	Y	PI464899	exact	matched_exact
PI464900	Y	Y	PI464900	exact	matched_exact
PI464901	Y	Y	PI464901	exact	matched_exact
PI464902	Y	Y	PI464902	exact	matched_exact
PI464904	Y	Y	PI464904	exact	matched_exact
PI464905	Y	Y	PI464905	exact	matched_exact
PI464909	Y	Y	PI464909	exact	matched_exact
PI464910	Y	Y	PI464910	exact	matched_exact
PI464911	Y	Y	PI464911	exact	matched_exact
PI464912	Y	Y	PI464912	exact	matched_exact
PI464913	Y	Y	PI464913	exact	matched_exact
PI464914A	Y	Y	PI464914A	exact	matched_exact
PI464914B	Y	Y	PI464914B	exact	matched_exact
PI464915A	Y	Y	PI464915A	exact	matched_exact
PI464915B	Y	Y	PI464915B	exact	matched_exact
PI464916	Y	Y	PI464916	exact	matched_exact
PI464917	Y	Y	PI464917	exact	matched_exact
PI464920A	Y	Y	PI464920A	exact	matched_exact
PI464920B	Y	Y	PI464920B	exact	matched_exact
PI464921	Y	Y	PI464921	exact	matched_exact
PI464922	Y	Y	PI464922	exact	matched_exact
PI464923	Y	Y	PI464923	exact	matched_exact
PI464924	Y	Y	PI464924	exact	matched_exact
PI464925A	Y	Y	PI464925A	exact	matched_exact
PI464925B	Y	Y	PI464925B	exact	matched_exact
PI464925C	Y	Y	PI464925C	exact	matched_exact
PI464926	Y	Y	PI464926	exact	matched_exact
PI464927A	Y	Y	PI464927A	exact	matched_exact
PI464927B	Y	Y	PI464927B	exact	matched_exact
PI464927C	Y	Y	PI464927C	exact	matched_exact
PI464928	Y	Y	PI464928	exact	matched_exact
PI464929A	Y	Y	PI464929A	exact	matched_exact
PI464929B	Y	Y	PI464929B	exact	matched_exact
PI464931	Y	Y	PI464931	exact	matched_exact
PI464932	Y	Y	PI464932	exact	matched_exact
PI464933	Y	Y	PI464933	exact	matched_exact
PI464934	Y	Y	PI464934	exact	matched_exact
PI464935	Y	Y	PI464935	exact	matched_exact
PI464936A	Y	Y	PI464936A	exact	matched_exact
PI464936B	Y	Y	PI464936B	exact	matched_exact
PI464937A	Y	Y	PI464937A	exact	matched_exact
PI464937B	Y	Y	PI464937B	exact	matched_exact
PI464938	Y	Y	PI464938	exact	matched_exact
PI464939A	Y	Y	PI464939A	exact	matched_exact
PI464939B	Y	Y	PI464939B	exact	matched_exact
PI464940	Y	Y	PI464940	exact	matched_exact
PI464941	Y	Y	PI464941	exact	matched_exact
PI466749A	Y	Y	PI466749A	exact	matched_exact
PI466749B	Y	Y	PI466749B	exact	matched_exact
PI467307	Y	Y	PI467307	exact	matched_exact
PI467308A	Y	Y	PI467308A	exact	matched_exact
PI467308B	Y	Y	PI467308B	exact	matched_exact
PI467309	Y	Y	PI467309	exact	matched_exact
PI467310	Y	Y	PI467310	exact	matched_exact
PI467311A	Y	Y	PI467311A	exact	matched_exact
PI467311B	Y	Y	PI467311B	exact	matched_exact
PI467311C	Y	Y	PI467311C	exact	matched_exact
PI467311D	Y	Y	PI467311D	exact	matched_exact
PI467311E	Y	Y	PI467311E	exact	matched_exact
PI467312	Y	Y	PI467312	exact	matched_exact
PI467313	Y	Y	PI467313	exact	matched_exact
PI467314	Y	Y	PI467314	exact	matched_exact
PI467315	Y	Y	PI467315	exact	matched_exact
PI467316	Y	Y	PI467316	exact	matched_exact
PI467317	Y	Y	PI467317	exact	matched_exact
PI467318A	Y	Y	PI467318A	exact	matched_exact
PI467318B	Y	Y	PI467318B	exact	matched_exact
PI467319	Y	Y	PI467319	exact	matched_exact
PI467320	Y	Y	PI467320	exact	matched_exact
PI467321	Y	Y	PI467321	exact	matched_exact
PI467322A	Y	Y	PI467322A	exact	matched_exact
PI467322B	Y	Y	PI467322B	exact	matched_exact
PI467323A	Y	Y	PI467323A	exact	matched_exact
PI467323B	Y	Y	PI467323B	exact	matched_exact
PI467324	Y	Y	PI467324	exact	matched_exact
PI467325	Y	Y	PI467325	exact	matched_exact
PI467326	Y	Y	PI467326	exact	matched_exact
PI467327	Y	Y	PI467327	exact	matched_exact
PI467328	Y	Y	PI467328	exact	matched_exact
PI467329	Y	Y	PI467329	exact	matched_exact
PI467330	Y	Y	PI467330	exact	matched_exact
PI467331	Y	Y	PI467331	exact	matched_exact
PI467332	Y	Y	PI467332	exact	matched_exact
PI467333	Y	Y	PI467333	exact	matched_exact
PI467334A	Y	Y	PI467334A	exact	matched_exact
PI467334B	Y	Y	PI467334B	exact	matched_exact
PI467335A	Y	Y	PI467335A	exact	matched_exact
PI467335B	Y	Y	PI467335B	exact	matched_exact
PI467336	Y	Y	PI467336	exact	matched_exact
PI467337	Y	Y	PI467337	exact	matched_exact
PI467338	Y	Y	PI467338	exact	matched_exact
PI467339	Y	Y	PI467339	exact	matched_exact
PI467340	Y	Y	PI467340	exact	matched_exact
PI467341	Y	Y	PI467341	exact	matched_exact
PI467342	Y	Y	PI467342	exact	matched_exact
PI467343	Y	Y	PI467343	exact	matched_exact
PI467344	Y	Y	PI467344	exact	matched_exact
PI467345	Y	Y	PI467345	exact	matched_exact
PI467346	Y	Y	PI467346	exact	matched_exact
PI467347	Y	Y	PI467347	exact	matched_exact
PI468130	Y	Y	PI468130	exact	matched_exact
PI468131	Y	Y	PI468131	exact	matched_exact
PI468374A	Y	Y	PI468374A	exact	matched_exact
PI468374B	Y	Y	PI468374B	exact	matched_exact
PI468375	Y	Y	PI468375	exact	matched_exact
PI468376	Y	Y	PI468376	exact	matched_exact
PI468377	Y	Y	PI468377	exact	matched_exact
PI468378	Y	Y	PI468378	exact	matched_exact
PI468381	Y	Y	PI468381	exact	matched_exact
PI468382	Y	Y	PI468382	exact	matched_exact
PI468383	Y	Y	PI468383	exact	matched_exact
PI468384	Y	Y	PI468384	exact	matched_exact
PI468385	Y	Y	PI468385	exact	matched_exact
PI468396A	Y	N		none	vcf_only
PI468396B	Y	N		none	vcf_only
PI468397A	Y	N		none	vcf_only
PI468397B	Y	N		none	vcf_only
PI468398A	Y	N		none	vcf_only
PI468398B	Y	N		none	vcf_only
PI468398C	Y	N		none	vcf_only
PI468399A	Y	N		none	vcf_only
PI468399B	Y	N		none	vcf_only
PI468399C	Y	N		none	vcf_only
PI468400A	Y	N		none	vcf_only
PI468400B	Y	N		none	vcf_only
PI468408A	Y	Y	PI468408A	exact	matched_exact
PI468408B	Y	Y	PI468408B	exact	matched_exact
PI468408C	Y	Y	PI468408C	exact	matched_exact
PI468903	Y	Y	PI468903	exact	matched_exact
PI468904	Y	N		none	vcf_only
PI468905	Y	N		none	vcf_only
PI468906	Y	N		none	vcf_only
PI468907	Y	N		none	vcf_only
PI468908	Y	N		none	vcf_only
PI468909	Y	N		none	vcf_only
PI468910	Y	N		none	vcf_only
PI468911	Y	N		none	vcf_only
PI468912	Y	N		none	vcf_only
PI468913	Y	N		none	vcf_only
PI468914	Y	Y	PI468914	exact	matched_exact
PI468915	Y	Y	PI468915	exact	matched_exact
PI468916	Y	N		none	vcf_only
PI468917	Y	N		none	vcf_only
PI468918	Y	N		none	vcf_only
PI468919	Y	N		none	vcf_only
PI468920	Y	Y	PI468920	exact	matched_exact
PI468921	Y	Y	PI468921	exact	matched_exact
PI468922	Y	Y	PI468922	exact	matched_exact
PI468923	Y	Y	PI468923	exact	matched_exact
PI468964	Y	Y	PI468964	exact	matched_exact
PI468965	Y	Y	PI468965	exact	matched_exact
PI468966	Y	Y	PI468966	exact	matched_exact
PI468967	Y	Y	PI468967	exact	matched_exact
PI468968	Y	N		none	vcf_only
PI468969	Y	Y	PI468969	exact	matched_exact
PI468970	Y	Y	PI468970	exact	matched_exact
PI468971	Y	Y	PI468971	exact	matched_exact
PI468972	Y	Y	PI468972	exact	matched_exact
PI468973	Y	Y	PI468973	exact	matched_exact
PI470221	Y	Y	PI470221	exact	matched_exact
PI470222	Y	Y	PI470222	exact	matched_exact
PI470223	Y	Y	PI470223	exact	matched_exact
PI470224	Y	Y	PI470224	exact	matched_exact
PI470225	Y	Y	PI470225	exact	matched_exact
PI470226	Y	Y	PI470226	exact	matched_exact
PI470227A	Y	Y	PI470227A	exact	matched_exact
PI470227B	Y	Y	PI470227B	exact	matched_exact
PI470929	Y	Y	PI470929	exact	matched_exact
PI470930	Y	Y	PI470930	exact	matched_exact
PI47131	Y	N	PI047131	zero_pad_candidate	ambiguous
PI471899	Y	Y	PI471899	exact	matched_exact
PI471900	Y	Y	PI471900	exact	matched_exact
PI471901	Y	Y	PI471901	exact	matched_exact
PI471903	Y	Y	PI471903	exact	matched_exact
PI471904	Y	Y	PI471904	exact	matched_exact
PI471925	Y	Y	PI471925	exact	matched_exact
PI471926	Y	Y	PI471926	exact	matched_exact
PI471927	Y	Y	PI471927	exact	matched_exact
PI471928	Y	Y	PI471928	exact	matched_exact
PI471929A	Y	N		none	vcf_only
PI471929B	Y	N		none	vcf_only
PI471930	Y	Y	PI471930	exact	matched_exact
PI471931	Y	Y	PI471931	exact	matched_exact
PI471932	Y	Y	PI471932	exact	matched_exact
PI471933	Y	Y	PI471933	exact	matched_exact
PI471934	Y	Y	PI471934	exact	matched_exact
PI471935	Y	Y	PI471935	exact	matched_exact
PI471936	Y	Y	PI471936	exact	matched_exact
PI471937	Y	N		none	vcf_only
PI471938	Y	Y	PI471938	exact	matched_exact
PI471939	Y	N		none	vcf_only
PI471940	Y	Y	PI471940	exact	matched_exact
PI471941	Y	Y	PI471941	exact	matched_exact
PI471942	Y	Y	PI471942	exact	matched_exact
PI471943A	Y	N		none	vcf_only
PI471943B	Y	N		none	vcf_only
PI473572	Y	Y	PI473572	exact	matched_exact
PI473573	Y	Y	PI473573	exact	matched_exact
PI475783A	Y	Y	PI475783A	exact	matched_exact
PI475783B	Y	Y	PI475783B	exact	matched_exact
PI475784	Y	Y	PI475784	exact	matched_exact
PI475785	Y	Y	PI475785	exact	matched_exact
PI475810	Y	Y	PI475810	exact	matched_exact
PI475811A	Y	Y	PI475811A	exact	matched_exact
PI475811B	Y	Y	PI475811B	exact	matched_exact
PI475812A	Y	Y	PI475812A	exact	matched_exact
PI475812B	Y	Y	PI475812B	exact	matched_exact
PI475813A	Y	Y	PI475813A	exact	matched_exact
PI475813B	Y	Y	PI475813B	exact	matched_exact
PI475814	Y	Y	PI475814	exact	matched_exact
PI475815	Y	Y	PI475815	exact	matched_exact
PI475816	Y	Y	PI475816	exact	matched_exact
PI475817	Y	Y	PI475817	exact	matched_exact
PI475818	Y	Y	PI475818	exact	matched_exact
PI475819	Y	Y	PI475819	exact	matched_exact
PI475820	Y	Y	PI475820	exact	matched_exact
PI475821	Y	Y	PI475821	exact	matched_exact
PI475822A	Y	Y	PI475822A	exact	matched_exact
PI475822B	Y	Y	PI475822B	exact	matched_exact
PI475822C	Y	Y	PI475822C	exact	matched_exact
PI475823	Y	Y	PI475823	exact	matched_exact
PI475824A	Y	Y	PI475824A	exact	matched_exact
PI475824B	Y	Y	PI475824B	exact	matched_exact
PI475825	Y	Y	PI475825	exact	matched_exact
PI475826	Y	Y	PI475826	exact	matched_exact
PI475827	Y	Y	PI475827	exact	matched_exact
PI475828	Y	Y	PI475828	exact	matched_exact
PI475829A	Y	Y	PI475829A	exact	matched_exact
PI475829B	Y	Y	PI475829B	exact	matched_exact
PI475830	Y	Y	PI475830	exact	matched_exact
PI475831	Y	Y	PI475831	exact	matched_exact
PI476344	Y	Y	PI476344	exact	matched_exact
PI476345	Y	Y	PI476345	exact	matched_exact
PI476347	Y	Y	PI476347	exact	matched_exact
PI476348	Y	Y	PI476348	exact	matched_exact
PI476349	Y	Y	PI476349	exact	matched_exact
PI476350A	Y	Y	PI476350A	exact	matched_exact
PI476350B	Y	Y	PI476350B	exact	matched_exact
PI476350C	Y	Y	PI476350C	exact	matched_exact
PI476351	Y	Y	PI476351	exact	matched_exact
PI476352A	Y	Y	PI476352A	exact	matched_exact
PI476352B	Y	Y	PI476352B	exact	matched_exact
PI476352C	Y	Y	PI476352C	exact	matched_exact
PI476878	Y	Y	PI476878	exact	matched_exact
PI476879	Y	Y	PI476879	exact	matched_exact
PI476880	Y	Y	PI476880	exact	matched_exact
PI476881	Y	Y	PI476881	exact	matched_exact
PI476882	Y	Y	PI476882	exact	matched_exact
PI476883	Y	Y	PI476883	exact	matched_exact
PI476884	Y	Y	PI476884	exact	matched_exact
PI476885	Y	Y	PI476885	exact	matched_exact
PI476887	Y	Y	PI476887	exact	matched_exact
PI476888	Y	Y	PI476888	exact	matched_exact
PI476889	Y	Y	PI476889	exact	matched_exact
PI476890	Y	Y	PI476890	exact	matched_exact
PI476891	Y	Y	PI476891	exact	matched_exact
PI476892	Y	Y	PI476892	exact	matched_exact
PI476894	Y	Y	PI476894	exact	matched_exact
PI476895	Y	Y	PI476895	exact	matched_exact
PI476896	Y	Y	PI476896	exact	matched_exact
PI476897	Y	Y	PI476897	exact	matched_exact
PI476898	Y	Y	PI476898	exact	matched_exact
PI476899	Y	Y	PI476899	exact	matched_exact
PI476900	Y	Y	PI476900	exact	matched_exact
PI476901	Y	Y	PI476901	exact	matched_exact
PI476903	Y	Y	PI476903	exact	matched_exact
PI476904	Y	Y	PI476904	exact	matched_exact
PI476905A	Y	Y	PI476905A	exact	matched_exact
PI476905B	Y	Y	PI476905B	exact	matched_exact
PI476907	Y	Y	PI476907	exact	matched_exact
PI476908	Y	Y	PI476908	exact	matched_exact
PI476909	Y	Y	PI476909	exact	matched_exact
PI476910	Y	Y	PI476910	exact	matched_exact
PI476911	Y	Y	PI476911	exact	matched_exact
PI476912	Y	Y	PI476912	exact	matched_exact
PI476913	Y	Y	PI476913	exact	matched_exact
PI476914	Y	Y	PI476914	exact	matched_exact
PI476915	Y	Y	PI476915	exact	matched_exact
PI476916	Y	Y	PI476916	exact	matched_exact
PI476917	Y	Y	PI476917	exact	matched_exact
PI476918	Y	Y	PI476918	exact	matched_exact
PI476919	Y	Y	PI476919	exact	matched_exact
PI476920	Y	Y	PI476920	exact	matched_exact
PI476921	Y	Y	PI476921	exact	matched_exact
PI476922	Y	Y	PI476922	exact	matched_exact
PI476923	Y	Y	PI476923	exact	matched_exact
PI476924	Y	Y	PI476924	exact	matched_exact
PI476925	Y	Y	PI476925	exact	matched_exact
PI476926	Y	Y	PI476926	exact	matched_exact
PI476927	Y	Y	PI476927	exact	matched_exact
PI476928	Y	Y	PI476928	exact	matched_exact
PI476929	Y	Y	PI476929	exact	matched_exact
PI476930	Y	Y	PI476930	exact	matched_exact
PI476931	Y	Y	PI476931	exact	matched_exact
PI476932	Y	Y	PI476932	exact	matched_exact
PI476933	Y	Y	PI476933	exact	matched_exact
PI476934	Y	Y	PI476934	exact	matched_exact
PI476936	Y	Y	PI476936	exact	matched_exact
PI476938	Y	Y	PI476938	exact	matched_exact
PI476939	Y	Y	PI476939	exact	matched_exact
PI476942	Y	Y	PI476942	exact	matched_exact
PI476943	Y	Y	PI476943	exact	matched_exact
PI479709	Y	Y	PI479709	exact	matched_exact
PI479710	Y	Y	PI479710	exact	matched_exact
PI479711	Y	Y	PI479711	exact	matched_exact
PI479712	Y	Y	PI479712	exact	matched_exact
PI479713	Y	Y	PI479713	exact	matched_exact
PI479714	Y	Y	PI479714	exact	matched_exact
PI479715	Y	Y	PI479715	exact	matched_exact
PI479716	Y	Y	PI479716	exact	matched_exact
PI479717	Y	Y	PI479717	exact	matched_exact
PI479718A	Y	Y	PI479718A	exact	matched_exact
PI479718B	Y	Y	PI479718B	exact	matched_exact
PI479719	Y	Y	PI479719	exact	matched_exact
PI479720	Y	Y	PI479720	exact	matched_exact
PI479721	Y	Y	PI479721	exact	matched_exact
PI479722	Y	Y	PI479722	exact	matched_exact
PI479723	Y	Y	PI479723	exact	matched_exact
PI479724A	Y	Y	PI479724A	exact	matched_exact
PI479724B	Y	Y	PI479724B	exact	matched_exact
PI479725A	Y	Y	PI479725A	exact	matched_exact
PI479725B	Y	Y	PI479725B	exact	matched_exact
PI479726	Y	Y	PI479726	exact	matched_exact
PI479727	Y	Y	PI479727	exact	matched_exact
PI479728A	Y	Y	PI479728A	exact	matched_exact
PI479728B	Y	Y	PI479728B	exact	matched_exact
PI479729	Y	Y	PI479729	exact	matched_exact
PI479730	Y	Y	PI479730	exact	matched_exact
PI479731	Y	Y	PI479731	exact	matched_exact
PI479732	Y	Y	PI479732	exact	matched_exact
PI479734	Y	Y	PI479734	exact	matched_exact
PI479735	Y	Y	PI479735	exact	matched_exact
PI479736	Y	Y	PI479736	exact	matched_exact
PI479737	Y	Y	PI479737	exact	matched_exact
PI479738	Y	Y	PI479738	exact	matched_exact
PI479740	Y	Y	PI479740	exact	matched_exact
PI479741	Y	Y	PI479741	exact	matched_exact
PI479742	Y	Y	PI479742	exact	matched_exact
PI479743	Y	Y	PI479743	exact	matched_exact
PI479744	Y	N		none	vcf_only
PI479745	Y	N		none	vcf_only
PI479746A	Y	N		none	vcf_only
PI479746B	Y	N		none	vcf_only
PI479747	Y	N		none	vcf_only
PI479748	Y	N		none	vcf_only
PI479749	Y	N		none	vcf_only
PI479750	Y	N		none	vcf_only
PI479751	Y	N		none	vcf_only
PI479752	Y	N		none	vcf_only
PI479753A	Y	N		none	vcf_only
PI479753B	Y	N		none	vcf_only
PI479753C	Y	N		none	vcf_only
PI479757	Y	Y	PI479757	exact	matched_exact
PI479758	Y	Y	PI479758	exact	matched_exact
PI479759	Y	Y	PI479759	exact	matched_exact
PI479761	Y	Y	PI479761	exact	matched_exact
PI479762	Y	Y	PI479762	exact	matched_exact
PI479767	Y	N		none	vcf_only
PI479768	Y	N		none	vcf_only
PI479769	Y	N		none	vcf_only
PI481676	Y	Y	PI481676	exact	matched_exact
PI481679	Y	Y	PI481679	exact	matched_exact
PI481683	Y	Y	PI481683	exact	matched_exact
PI481686	Y	Y	PI481686	exact	matched_exact
PI481688	Y	Y	PI481688	exact	matched_exact
PI481690	Y	Y	PI481690	exact	matched_exact
PI481691	Y	Y	PI481691	exact	matched_exact
PI482599	Y	N		none	vcf_only
PI482600	Y	N		none	vcf_only
PI482601	Y	N		none	vcf_only
PI482602	Y	Y	PI482602	exact	matched_exact
PI483071A	Y	N		none	vcf_only
PI483071B	Y	N		none	vcf_only
PI483082A	Y	Y	PI483082A	exact	matched_exact
PI483082B	Y	Y	PI483082B	exact	matched_exact
PI483083	Y	Y	PI483083	exact	matched_exact
PI483084	Y	Y	PI483084	exact	matched_exact
PI483191	N	Y		none	phenotype_only
PI483192	N	Y		none	phenotype_only
PI483194	N	Y		none	phenotype_only
PI483195	N	Y		none	phenotype_only
PI483198	N	Y		none	phenotype_only
PI483199	N	Y		none	phenotype_only
PI483200	N	Y		none	phenotype_only
PI483201	N	Y		none	phenotype_only
PI483202	N	Y		none	phenotype_only
PI483203	N	Y		none	phenotype_only
PI483204	N	Y		none	phenotype_only
PI483205	N	Y		none	phenotype_only
PI483206	N	Y		none	phenotype_only
PI483207	N	Y		none	phenotype_only
PI483208	N	Y		none	phenotype_only
PI483209	N	Y		none	phenotype_only
PI483211	N	Y		none	phenotype_only
PI483212	N	Y		none	phenotype_only
PI483213	N	Y		none	phenotype_only
PI483214	N	Y		none	phenotype_only
PI483215	N	Y		none	phenotype_only
PI483218	N	Y		none	phenotype_only
PI483219	N	Y		none	phenotype_only
PI483220	N	Y		none	phenotype_only
PI483223	N	Y		none	phenotype_only
PI483224	N	Y		none	phenotype_only
PI483225	N	Y		none	phenotype_only
PI483226	N	Y		none	phenotype_only
PI483227	N	Y		none	phenotype_only
PI483228	N	Y		none	phenotype_only
PI483251	Y	Y	PI483251	exact	matched_exact
PI483252	Y	Y	PI483252	exact	matched_exact
PI483253	Y	Y	PI483253	exact	matched_exact
PI483459	Y	N		none	vcf_only
PI483460A	Y	N		none	vcf_only
PI483460B	Y	N		none	vcf_only
PI483460C	Y	N		none	vcf_only
PI483461	Y	N		none	vcf_only
PI483462A	Y	N		none	vcf_only
PI483462B	Y	N		none	vcf_only
PI483463	Y	N		none	vcf_only
PI483464A	Y	N		none	vcf_only
PI483464B	Y	N		none	vcf_only
PI483465	Y	N		none	vcf_only
PI483466	Y	N		none	vcf_only
PI483467	Y	N		none	vcf_only
PI483468A	Y	N		none	vcf_only
PI483468B	Y	N		none	vcf_only
PI486220	Y	N		none	vcf_only
PI486328	Y	Y	PI486328	exact	matched_exact
PI486329	Y	Y	PI486329	exact	matched_exact
PI486330	Y	Y	PI486330	exact	matched_exact
PI486331	Y	Y	PI486331	exact	matched_exact
PI486332	Y	Y	PI486332	exact	matched_exact
PI486335	Y	Y	PI486335	exact	matched_exact
PI486353	Y	Y	PI486353	exact	matched_exact
PI486354A	Y	Y	PI486354A	exact	matched_exact
PI486354B	Y	Y	PI486354B	exact	matched_exact
PI486355	Y	Y	PI486355	exact	matched_exact
PI487428	Y	N		none	vcf_only
PI487429	Y	N		none	vcf_only
PI487430	Y	N		none	vcf_only
PI487431	Y	N		none	vcf_only
PI490765	Y	Y	PI490765	exact	matched_exact
PI490766	Y	Y	PI490766	exact	matched_exact
PI490767	Y	Y	PI490767	exact	matched_exact
PI490768	Y	Y	PI490768	exact	matched_exact
PI490769	Y	Y	PI490769	exact	matched_exact
PI491548	Y	Y	PI491548	exact	matched_exact
PI491578	Y	Y	PI491578	exact	matched_exact
PI491579	Y	Y	PI491579	exact	matched_exact
PI494181	Y	Y	PI494181	exact	matched_exact
PI494182	Y	Y	PI494182	exact	matched_exact
PI494525	Y	Y	PI494525	exact	matched_exact
PI494526	Y	Y	PI494526	exact	matched_exact
PI494752	Y	Y	PI494752	exact	matched_exact
PI494851	Y	Y	PI494851	exact	matched_exact
PI495016	Y	Y	PI495016	exact	matched_exact
PI495017A	Y	Y	PI495017A	exact	matched_exact
PI495017B	Y	Y	PI495017B	exact	matched_exact
PI495017C	Y	Y	PI495017C	exact	matched_exact
PI495018	Y	Y	PI495018	exact	matched_exact
PI495019	Y	Y	PI495019	exact	matched_exact
PI495020	Y	Y	PI495020	exact	matched_exact
PI495831	Y	Y	PI495831	exact	matched_exact
PI495832	Y	Y	PI495832	exact	matched_exact
PI497952	Y	N		none	vcf_only
PI497953	Y	N		none	vcf_only
PI497954	Y	N		none	vcf_only
PI497955	Y	N		none	vcf_only
PI497956	Y	N		none	vcf_only
PI497957	Y	N		none	vcf_only
PI497958	Y	Y	PI497958	exact	matched_exact
PI497959	Y	N		none	vcf_only
PI497960	Y	Y	PI497960	exact	matched_exact
PI497961	Y	Y	PI497961	exact	matched_exact
PI497962	Y	Y	PI497962	exact	matched_exact
PI497963	Y	N		none	vcf_only
PI497964A	Y	N		none	vcf_only
PI497964B	Y	N		none	vcf_only
PI497964C	Y	N		none	vcf_only
PI497965	Y	N		none	vcf_only
PI497966	Y	Y	PI497966	exact	matched_exact
PI497967	Y	Y	PI497967	exact	matched_exact
PI497968	Y	Y	PI497968	exact	matched_exact
PI497969	Y	N		none	vcf_only
PI497970	Y	N		none	vcf_only
PI499905	N	Y		none	phenotype_only
PI499906	N	Y		none	phenotype_only
PI499908	N	Y		none	phenotype_only
PI499912	N	Y		none	phenotype_only
PI499913	N	Y		none	phenotype_only
PI499914	N	Y		none	phenotype_only
PI499916	N	Y		none	phenotype_only
PI499917	N	Y		none	phenotype_only
PI499919	N	Y		none	phenotype_only
PI499920	N	Y		none	phenotype_only
PI499921	N	Y		none	phenotype_only
PI499922	N	Y		none	phenotype_only
PI499923	N	Y		none	phenotype_only
PI499924	N	Y		none	phenotype_only
PI499925	N	Y		none	phenotype_only
PI499926	N	Y		none	phenotype_only
PI499927	N	Y		none	phenotype_only
PI499928	N	Y		none	phenotype_only
PI499929	N	Y		none	phenotype_only
PI499930	N	Y		none	phenotype_only
PI499931	N	Y		none	phenotype_only
PI499932	N	Y		none	phenotype_only
PI499933	N	Y		none	phenotype_only
PI499935	N	Y		none	phenotype_only
PI499936	N	Y		none	phenotype_only
PI499937	N	Y		none	phenotype_only
PI499938	N	Y		none	phenotype_only
PI499939	N	Y		none	phenotype_only
PI499942	N	Y		none	phenotype_only
PI499943	N	Y		none	phenotype_only
PI499946	N	Y		none	phenotype_only
PI499947	N	Y		none	phenotype_only
PI499948	N	Y		none	phenotype_only
PI499949	N	Y		none	phenotype_only
PI499950	N	Y		none	phenotype_only
PI499951	N	Y		none	phenotype_only
PI499952	N	Y		none	phenotype_only
PI499955	Y	Y	PI499955	exact	matched_exact
PI499957	Y	Y	PI499957	exact	matched_exact
PI500648	Y	Y	PI500648	exact	matched_exact
PI503333	Y	Y	PI503333	exact	matched_exact
PI503334	Y	Y	PI503334	exact	matched_exact
PI503335	Y	Y	PI503335	exact	matched_exact
PI503336	Y	Y	PI503336	exact	matched_exact
PI503337	Y	Y	PI503337	exact	matched_exact
PI503338	Y	Y	PI503338	exact	matched_exact
PI503339A	Y	Y	PI503339A	exact	matched_exact
PI503339B	Y	Y	PI503339B	exact	matched_exact
PI503340	Y	Y	PI503340	exact	matched_exact
PI504286	Y	Y	PI504286	exact	matched_exact
PI504287A	Y	N		none	vcf_only
PI504287B	Y	N		none	vcf_only
PI504288	Y	Y	PI504288	exact	matched_exact
PI504289	Y	N		none	vcf_only
PI504290	Y	N		none	vcf_only
PI504480	Y	Y	PI504480	exact	matched_exact
PI504481	Y	Y	PI504481	exact	matched_exact
PI504482	Y	Y	PI504482	exact	matched_exact
PI504483A	Y	Y	PI504483A	exact	matched_exact
PI504483B	Y	Y	PI504483B	exact	matched_exact
PI504484	Y	Y	PI504484	exact	matched_exact
PI504485	Y	Y	PI504485	exact	matched_exact
PI504486	Y	Y	PI504486	exact	matched_exact
PI504487	Y	Y	PI504487	exact	matched_exact
PI504488	Y	Y	PI504488	exact	matched_exact
PI504489	Y	Y	PI504489	exact	matched_exact
PI504490	Y	Y	PI504490	exact	matched_exact
PI504492	Y	Y	PI504492	exact	matched_exact
PI504493	Y	Y	PI504493	exact	matched_exact
PI504494	Y	Y	PI504494	exact	matched_exact
PI504495	Y	Y	PI504495	exact	matched_exact
PI504496	Y	Y	PI504496	exact	matched_exact
PI504497	Y	Y	PI504497	exact	matched_exact
PI504498	Y	Y	PI504498	exact	matched_exact
PI504499	Y	Y	PI504499	exact	matched_exact
PI504500	Y	Y	PI504500	exact	matched_exact
PI504501	Y	Y	PI504501	exact	matched_exact
PI504502	Y	Y	PI504502	exact	matched_exact
PI504503	Y	Y	PI504503	exact	matched_exact
PI504504	Y	Y	PI504504	exact	matched_exact
PI504505	Y	Y	PI504505	exact	matched_exact
PI504506	Y	Y	PI504506	exact	matched_exact
PI504507	Y	Y	PI504507	exact	matched_exact
PI504508	Y	Y	PI504508	exact	matched_exact
PI504509	Y	Y	PI504509	exact	matched_exact
PI504510	Y	Y	PI504510	exact	matched_exact
PI504812	Y	Y	PI504812	exact	matched_exact
PI505151	N	Y		none	phenotype_only
PI505153	N	Y		none	phenotype_only
PI505154	N	Y		none	phenotype_only
PI505156	N	Y		none	phenotype_only
PI505157	N	Y		none	phenotype_only
PI505158	N	Y		none	phenotype_only
PI505159	N	Y		none	phenotype_only
PI505160	N	Y		none	phenotype_only
PI505161	N	Y		none	phenotype_only
PI505162	N	Y		none	phenotype_only
PI505163	N	Y		none	phenotype_only
PI505164	N	Y		none	phenotype_only
PI505165	N	Y		none	phenotype_only
PI505166	N	Y		none	phenotype_only
PI505167	N	Y		none	phenotype_only
PI505168	N	Y		none	phenotype_only
PI505169	N	Y		none	phenotype_only
PI505170	N	Y		none	phenotype_only
PI505171	N	Y		none	phenotype_only
PI505172	N	Y		none	phenotype_only
PI505173	N	Y		none	phenotype_only
PI505174	N	Y		none	phenotype_only
PI505176	N	Y		none	phenotype_only
PI505177	N	Y		none	phenotype_only
PI505178	N	Y		none	phenotype_only
PI505179	N	Y		none	phenotype_only
PI505180	N	Y		none	phenotype_only
PI505181	N	Y		none	phenotype_only
PI505184	N	Y		none	phenotype_only
PI505185	N	Y		none	phenotype_only
PI505186	N	Y		none	phenotype_only
PI505187	N	Y		none	phenotype_only
PI505188	N	Y		none	phenotype_only
PI505189	N	Y		none	phenotype_only
PI505190	N	Y		none	phenotype_only
PI505191	N	Y		none	phenotype_only
PI505192	N	Y		none	phenotype_only
PI505193	N	Y		none	phenotype_only
PI505194	N	Y		none	phenotype_only
PI505195	N	Y		none	phenotype_only
PI505196	N	Y		none	phenotype_only
PI505197	N	Y		none	phenotype_only
PI505198	N	Y		none	phenotype_only
PI505199	N	Y		none	phenotype_only
PI505200	N	Y		none	phenotype_only
PI505202	N	Y		none	phenotype_only
PI505203	N	Y		none	phenotype_only
PI505204	N	Y		none	phenotype_only
PI505205	N	Y		none	phenotype_only
PI505206	N	Y		none	phenotype_only
PI505207	N	Y		none	phenotype_only
PI505208	N	Y		none	phenotype_only
PI505209	N	Y		none	phenotype_only
PI505210	N	Y		none	phenotype_only
PI505211	N	Y		none	phenotype_only
PI505212	N	Y		none	phenotype_only
PI505213	N	Y		none	phenotype_only
PI505214	N	Y		none	phenotype_only
PI505215	N	Y		none	phenotype_only
PI505216	N	Y		none	phenotype_only
PI505217	N	Y		none	phenotype_only
PI505218	N	Y		none	phenotype_only
PI505219	N	Y		none	phenotype_only
PI505220	N	Y		none	phenotype_only
PI505221	N	Y		none	phenotype_only
PI505222	N	Y		none	phenotype_only
PI505223	N	Y		none	phenotype_only
PI505224	N	Y		none	phenotype_only
PI505225	N	Y		none	phenotype_only
PI505226	N	Y		none	phenotype_only
PI505227	N	Y		none	phenotype_only
PI505228	N	Y		none	phenotype_only
PI505229	N	Y		none	phenotype_only
PI505230	N	Y		none	phenotype_only
PI505231	N	Y		none	phenotype_only
PI505232	N	Y		none	phenotype_only
PI505233	N	Y		none	phenotype_only
PI505234	N	Y		none	phenotype_only
PI505235	N	Y		none	phenotype_only
PI505236	N	Y		none	phenotype_only
PI505237	N	Y		none	phenotype_only
PI505238	N	Y		none	phenotype_only
PI505239	N	Y		none	phenotype_only
PI505240	N	Y		none	phenotype_only
PI505241	N	Y		none	phenotype_only
PI505242	N	Y		none	phenotype_only
PI505243	N	Y		none	phenotype_only
PI505244	N	Y		none	phenotype_only
PI505245	N	Y		none	phenotype_only
PI505246	N	Y		none	phenotype_only
PI505247	N	Y		none	phenotype_only
PI505248	N	Y		none	phenotype_only
PI505249	N	Y		none	phenotype_only
PI505250	N	Y		none	phenotype_only
PI505251	N	Y		none	phenotype_only
PI505252	N	Y		none	phenotype_only
PI505253	N	Y		none	phenotype_only
PI505254	N	Y		none	phenotype_only
PI505255	N	Y		none	phenotype_only
PI505256	N	Y		none	phenotype_only
PI505257	N	Y		none	phenotype_only
PI505258	N	Y		none	phenotype_only
PI505259	N	Y		none	phenotype_only
PI505260	N	Y		none	phenotype_only
PI505261	N	Y		none	phenotype_only
PI505262	N	Y		none	phenotype_only
PI505263	N	Y		none	phenotype_only
PI505264	N	Y		none	phenotype_only
PI505265	N	Y		none	phenotype_only
PI505266	N	Y		none	phenotype_only
PI505267	N	Y		none	phenotype_only
PI505268	N	Y		none	phenotype_only
PI505269	N	Y		none	phenotype_only
PI505270	N	Y		none	phenotype_only
PI505271	N	Y		none	phenotype_only
PI505272	N	Y		none	phenotype_only
PI505273	N	Y		none	phenotype_only
PI505274	N	Y		none	phenotype_only
PI505275	N	Y		none	phenotype_only
PI505276	N	Y		none	phenotype_only
PI505277	N	Y		none	phenotype_only
PI505278	N	Y		none	phenotype_only
PI505279	N	Y		none	phenotype_only
PI505280	N	Y		none	phenotype_only
PI505281	N	Y		none	phenotype_only
PI505282	N	Y		none	phenotype_only
PI505283	N	Y		none	phenotype_only
PI505285	N	Y		none	phenotype_only
PI505286	N	Y		none	phenotype_only
PI505287	N	Y		none	phenotype_only
PI505288	N	Y		none	phenotype_only
PI505289	N	Y		none	phenotype_only
PI505290	N	Y		none	phenotype_only
PI505291	N	Y		none	phenotype_only
PI505292	N	Y		none	phenotype_only
PI505293	N	Y		none	phenotype_only
PI505294	N	Y		none	phenotype_only
PI505295	N	Y		none	phenotype_only
PI505296	N	Y		none	phenotype_only
PI505297	N	Y		none	phenotype_only
PI505298	N	Y		none	phenotype_only
PI505300	N	Y		none	phenotype_only
PI505301	N	Y		none	phenotype_only
PI505302	N	Y		none	phenotype_only
PI505303	N	Y		none	phenotype_only
PI505304	N	Y		none	phenotype_only
PI505649A	Y	N		none	vcf_only
PI505649B	Y	N		none	vcf_only
PI505650	Y	N		none	vcf_only
PI506417	Y	Y	PI506417	exact	matched_exact
PI506420	Y	Y	PI506420	exact	matched_exact
PI506471	Y	Y	PI506471	exact	matched_exact
PI506472	Y	Y	PI506472	exact	matched_exact
PI506473	Y	Y	PI506473	exact	matched_exact
PI506474	Y	Y	PI506474	exact	matched_exact
PI506475	Y	Y	PI506475	exact	matched_exact
PI506476	Y	Y	PI506476	exact	matched_exact
PI506477	Y	Y	PI506477	exact	matched_exact
PI506478	Y	Y	PI506478	exact	matched_exact
PI506479	Y	Y	PI506479	exact	matched_exact
PI506480	Y	Y	PI506480	exact	matched_exact
PI506481	Y	Y	PI506481	exact	matched_exact
PI506482	Y	Y	PI506482	exact	matched_exact
PI506483	Y	Y	PI506483	exact	matched_exact
PI506484	Y	Y	PI506484	exact	matched_exact
PI506485	Y	Y	PI506485	exact	matched_exact
PI506486	Y	Y	PI506486	exact	matched_exact
PI506487	Y	Y	PI506487	exact	matched_exact
PI506488	Y	Y	PI506488	exact	matched_exact
PI506489	Y	Y	PI506489	exact	matched_exact
PI506490	Y	Y	PI506490	exact	matched_exact
PI506491	Y	Y	PI506491	exact	matched_exact
PI506492	Y	Y	PI506492	exact	matched_exact
PI506493	Y	Y	PI506493	exact	matched_exact
PI506494	Y	Y	PI506494	exact	matched_exact
PI506495	Y	Y	PI506495	exact	matched_exact
PI506496	Y	Y	PI506496	exact	matched_exact
PI506497	Y	Y	PI506497	exact	matched_exact
PI506498	Y	Y	PI506498	exact	matched_exact
PI506499	Y	Y	PI506499	exact	matched_exact
PI506500	Y	Y	PI506500	exact	matched_exact
PI506501	Y	Y	PI506501	exact	matched_exact
PI506502	Y	Y	PI506502	exact	matched_exact
PI506503	Y	Y	PI506503	exact	matched_exact
PI506504	Y	Y	PI506504	exact	matched_exact
PI506505	Y	Y	PI506505	exact	matched_exact
PI506506	Y	Y	PI506506	exact	matched_exact
PI506507	Y	Y	PI506507	exact	matched_exact
PI506508	Y	Y	PI506508	exact	matched_exact
PI506509	Y	Y	PI506509	exact	matched_exact
PI506510	Y	Y	PI506510	exact	matched_exact
PI506511	Y	Y	PI506511	exact	matched_exact
PI506512	Y	Y	PI506512	exact	matched_exact
PI506513	Y	Y	PI506513	exact	matched_exact
PI506514	Y	Y	PI506514	exact	matched_exact
PI506515	Y	Y	PI506515	exact	matched_exact
PI506516	Y	Y	PI506516	exact	matched_exact
PI506517	Y	Y	PI506517	exact	matched_exact
PI506518	Y	Y	PI506518	exact	matched_exact
PI506519	Y	Y	PI506519	exact	matched_exact
PI506520	Y	Y	PI506520	exact	matched_exact
PI506521	Y	Y	PI506521	exact	matched_exact
PI506522	Y	Y	PI506522	exact	matched_exact
PI506523	Y	Y	PI506523	exact	matched_exact
PI506524	Y	Y	PI506524	exact	matched_exact
PI506525	Y	Y	PI506525	exact	matched_exact
PI506526	Y	Y	PI506526	exact	matched_exact
PI506527	Y	Y	PI506527	exact	matched_exact
PI506528	Y	Y	PI506528	exact	matched_exact
PI506529	Y	Y	PI506529	exact	matched_exact
PI506530	Y	Y	PI506530	exact	matched_exact
PI506531	Y	Y	PI506531	exact	matched_exact
PI506532	Y	Y	PI506532	exact	matched_exact
PI506533	Y	Y	PI506533	exact	matched_exact
PI506534	Y	Y	PI506534	exact	matched_exact
PI506535	Y	Y	PI506535	exact	matched_exact
PI506536	Y	Y	PI506536	exact	matched_exact
PI506537	Y	Y	PI506537	exact	matched_exact
PI506538	Y	Y	PI506538	exact	matched_exact
PI506539	Y	Y	PI506539	exact	matched_exact
PI506540	Y	Y	PI506540	exact	matched_exact
PI506541	Y	Y	PI506541	exact	matched_exact
PI506542	Y	Y	PI506542	exact	matched_exact
PI506543	Y	Y	PI506543	exact	matched_exact
PI506544	Y	Y	PI506544	exact	matched_exact
PI506545	Y	Y	PI506545	exact	matched_exact
PI506546	Y	Y	PI506546	exact	matched_exact
PI506547	Y	Y	PI506547	exact	matched_exact
PI506548	Y	Y	PI506548	exact	matched_exact
PI506549	Y	Y	PI506549	exact	matched_exact
PI506550A	Y	Y	PI506550A	exact	matched_exact
PI506550B	Y	Y	PI506550B	exact	matched_exact
PI506551	Y	Y	PI506551	exact	matched_exact
PI506552	Y	Y	PI506552	exact	matched_exact
PI506553	Y	Y	PI506553	exact	matched_exact
PI506554	Y	Y	PI506554	exact	matched_exact
PI506555	Y	Y	PI506555	exact	matched_exact
PI506556	Y	Y	PI506556	exact	matched_exact
PI506557	Y	Y	PI506557	exact	matched_exact
PI506558	Y	Y	PI506558	exact	matched_exact
PI506559	Y	Y	PI506559	exact	matched_exact
PI506560	Y	Y	PI506560	exact	matched_exact
PI506561	Y	Y	PI506561	exact	matched_exact
PI506562	Y	Y	PI506562	exact	matched_exact
PI506563	Y	Y	PI506563	exact	matched_exact
PI506564	Y	Y	PI506564	exact	matched_exact
PI506565	Y	Y	PI506565	exact	matched_exact
PI506566	Y	Y	PI506566	exact	matched_exact
PI506567	Y	Y	PI506567	exact	matched_exact
PI506568	Y	Y	PI506568	exact	matched_exact
PI506569	Y	Y	PI506569	exact	matched_exact
PI506570	Y	Y	PI506570	exact	matched_exact
PI506571	Y	Y	PI506571	exact	matched_exact
PI506572	Y	Y	PI506572	exact	matched_exact
PI506573	Y	Y	PI506573	exact	matched_exact
PI506574	Y	Y	PI506574	exact	matched_exact
PI506575A	Y	Y	PI506575A	exact	matched_exact
PI506575B	Y	Y	PI506575B	exact	matched_exact
PI506576	Y	Y	PI506576	exact	matched_exact
PI506577	Y	Y	PI506577	exact	matched_exact
PI506578	Y	Y	PI506578	exact	matched_exact
PI506579	Y	Y	PI506579	exact	matched_exact
PI506580	Y	Y	PI506580	exact	matched_exact
PI506581A	Y	Y	PI506581A	exact	matched_exact
PI506581B	Y	Y	PI506581B	exact	matched_exact
PI506581C	Y	Y	PI506581C	exact	matched_exact
PI506582	Y	Y	PI506582	exact	matched_exact
PI506583	Y	Y	PI506583	exact	matched_exact
PI506584	Y	Y	PI506584	exact	matched_exact
PI506585A	Y	Y	PI506585A	exact	matched_exact
PI506585B	Y	Y	PI506585B	exact	matched_exact
PI506586	Y	Y	PI506586	exact	matched_exact
PI506587	Y	Y	PI506587	exact	matched_exact
PI506588	Y	Y	PI506588	exact	matched_exact
PI506589	Y	Y	PI506589	exact	matched_exact
PI506590A	Y	Y	PI506590A	exact	matched_exact
PI506590B	Y	Y	PI506590B	exact	matched_exact
PI506590C	Y	Y	PI506590C	exact	matched_exact
PI506590D	Y	Y	PI506590D	exact	matched_exact
PI506590E	Y	Y	PI506590E	exact	matched_exact
PI506591	Y	Y	PI506591	exact	matched_exact
PI506592	Y	Y	PI506592	exact	matched_exact
PI506593	Y	Y	PI506593	exact	matched_exact
PI506594	Y	Y	PI506594	exact	matched_exact
PI506595A	Y	Y	PI506595A	exact	matched_exact
PI506595B	Y	Y	PI506595B	exact	matched_exact
PI506596	Y	Y	PI506596	exact	matched_exact
PI506597	Y	Y	PI506597	exact	matched_exact
PI506598	Y	Y	PI506598	exact	matched_exact
PI506599	Y	Y	PI506599	exact	matched_exact
PI506600	Y	Y	PI506600	exact	matched_exact
PI506601	Y	Y	PI506601	exact	matched_exact
PI506602	Y	Y	PI506602	exact	matched_exact
PI506603	Y	Y	PI506603	exact	matched_exact
PI506604	Y	Y	PI506604	exact	matched_exact
PI506605	Y	Y	PI506605	exact	matched_exact
PI506606	Y	Y	PI506606	exact	matched_exact
PI506607	Y	Y	PI506607	exact	matched_exact
PI506608	Y	Y	PI506608	exact	matched_exact
PI506609	Y	Y	PI506609	exact	matched_exact
PI506610	Y	Y	PI506610	exact	matched_exact
PI506611	Y	Y	PI506611	exact	matched_exact
PI506612	Y	Y	PI506612	exact	matched_exact
PI506613	Y	Y	PI506613	exact	matched_exact
PI506614	Y	Y	PI506614	exact	matched_exact
PI506615	Y	Y	PI506615	exact	matched_exact
PI506616	Y	Y	PI506616	exact	matched_exact
PI506617	Y	Y	PI506617	exact	matched_exact
PI506618	Y	Y	PI506618	exact	matched_exact
PI506619	Y	Y	PI506619	exact	matched_exact
PI506620	Y	Y	PI506620	exact	matched_exact
PI506621	Y	Y	PI506621	exact	matched_exact
PI506622	Y	Y	PI506622	exact	matched_exact
PI506623	Y	Y	PI506623	exact	matched_exact
PI506624	Y	Y	PI506624	exact	matched_exact
PI506625	Y	Y	PI506625	exact	matched_exact
PI506626	Y	Y	PI506626	exact	matched_exact
PI506627	Y	Y	PI506627	exact	matched_exact
PI506628	Y	Y	PI506628	exact	matched_exact
PI506629	Y	Y	PI506629	exact	matched_exact
PI506630	Y	Y	PI506630	exact	matched_exact
PI506631	Y	Y	PI506631	exact	matched_exact
PI506632	Y	Y	PI506632	exact	matched_exact
PI506633	Y	Y	PI506633	exact	matched_exact
PI506634	Y	Y	PI506634	exact	matched_exact
PI506635	Y	Y	PI506635	exact	matched_exact
PI506636	Y	Y	PI506636	exact	matched_exact
PI506637	Y	Y	PI506637	exact	matched_exact
PI506638	Y	Y	PI506638	exact	matched_exact
PI506639	Y	Y	PI506639	exact	matched_exact
PI506640	Y	Y	PI506640	exact	matched_exact
PI506641	Y	Y	PI506641	exact	matched_exact
PI506642	Y	Y	PI506642	exact	matched_exact
PI506643	Y	Y	PI506643	exact	matched_exact
PI506644	Y	Y	PI506644	exact	matched_exact
PI506645	Y	Y	PI506645	exact	matched_exact
PI506646	Y	Y	PI506646	exact	matched_exact
PI506647	Y	Y	PI506647	exact	matched_exact
PI506648	Y	Y	PI506648	exact	matched_exact
PI506649	Y	Y	PI506649	exact	matched_exact
PI506650	Y	Y	PI506650	exact	matched_exact
PI506651	Y	Y	PI506651	exact	matched_exact
PI506652	Y	Y	PI506652	exact	matched_exact
PI506653	Y	Y	PI506653	exact	matched_exact
PI506654	Y	Y	PI506654	exact	matched_exact
PI506655	Y	Y	PI506655	exact	matched_exact
PI506656	Y	Y	PI506656	exact	matched_exact
PI506657	Y	Y	PI506657	exact	matched_exact
PI506658	Y	Y	PI506658	exact	matched_exact
PI506660	Y	Y	PI506660	exact	matched_exact
PI506661	Y	Y	PI506661	exact	matched_exact
PI506663	Y	Y	PI506663	exact	matched_exact
PI506664	Y	Y	PI506664	exact	matched_exact
PI506665	Y	Y	PI506665	exact	matched_exact
PI506666	Y	Y	PI506666	exact	matched_exact
PI506667	Y	Y	PI506667	exact	matched_exact
PI506668	Y	Y	PI506668	exact	matched_exact
PI506669	Y	Y	PI506669	exact	matched_exact
PI506670	Y	Y	PI506670	exact	matched_exact
PI506671	Y	Y	PI506671	exact	matched_exact
PI506673	Y	Y	PI506673	exact	matched_exact
PI506674	Y	Y	PI506674	exact	matched_exact
PI506675	Y	Y	PI506675	exact	matched_exact
PI506676	Y	Y	PI506676	exact	matched_exact
PI506677	Y	Y	PI506677	exact	matched_exact
PI506678	Y	Y	PI506678	exact	matched_exact
PI506679	Y	Y	PI506679	exact	matched_exact
PI506680	Y	Y	PI506680	exact	matched_exact
PI506681	Y	Y	PI506681	exact	matched_exact
PI506682	Y	Y	PI506682	exact	matched_exact
PI506685	Y	Y	PI506685	exact	matched_exact
PI506686	Y	Y	PI506686	exact	matched_exact
PI506687	Y	Y	PI506687	exact	matched_exact
PI506688	Y	Y	PI506688	exact	matched_exact
PI506689	Y	Y	PI506689	exact	matched_exact
PI506690	Y	Y	PI506690	exact	matched_exact
PI506691	Y	Y	PI506691	exact	matched_exact
PI506692	Y	Y	PI506692	exact	matched_exact
PI506693	Y	Y	PI506693	exact	matched_exact
PI506694	Y	Y	PI506694	exact	matched_exact
PI506695	Y	Y	PI506695	exact	matched_exact
PI506696	Y	Y	PI506696	exact	matched_exact
PI506697	Y	Y	PI506697	exact	matched_exact
PI506698	Y	Y	PI506698	exact	matched_exact
PI506699	Y	Y	PI506699	exact	matched_exact
PI506700	Y	Y	PI506700	exact	matched_exact
PI506701	Y	Y	PI506701	exact	matched_exact
PI506702	Y	Y	PI506702	exact	matched_exact
PI506703	Y	Y	PI506703	exact	matched_exact
PI506704	Y	Y	PI506704	exact	matched_exact
PI506705	Y	Y	PI506705	exact	matched_exact
PI506706	Y	Y	PI506706	exact	matched_exact
PI506707	Y	Y	PI506707	exact	matched_exact
PI506708	Y	Y	PI506708	exact	matched_exact
PI506709	Y	Y	PI506709	exact	matched_exact
PI506710	Y	Y	PI506710	exact	matched_exact
PI506711A	Y	Y	PI506711A	exact	matched_exact
PI506711B	Y	Y	PI506711B	exact	matched_exact
PI506712	Y	Y	PI506712	exact	matched_exact
PI506713	Y	Y	PI506713	exact	matched_exact
PI506714	Y	Y	PI506714	exact	matched_exact
PI506715	Y	Y	PI506715	exact	matched_exact
PI506716	Y	Y	PI506716	exact	matched_exact
PI506717	Y	Y	PI506717	exact	matched_exact
PI506718	Y	Y	PI506718	exact	matched_exact
PI506719	Y	Y	PI506719	exact	matched_exact
PI506720	Y	Y	PI506720	exact	matched_exact
PI506721	Y	Y	PI506721	exact	matched_exact
PI506722	Y	Y	PI506722	exact	matched_exact
PI506723	Y	Y	PI506723	exact	matched_exact
PI506724	Y	Y	PI506724	exact	matched_exact
PI506725	Y	Y	PI506725	exact	matched_exact
PI506726	Y	Y	PI506726	exact	matched_exact
PI506727	Y	Y	PI506727	exact	matched_exact
PI506728	Y	Y	PI506728	exact	matched_exact
PI506729	Y	Y	PI506729	exact	matched_exact
PI506730	Y	Y	PI506730	exact	matched_exact
PI506731	Y	Y	PI506731	exact	matched_exact
PI506732	Y	Y	PI506732	exact	matched_exact
PI506733A	Y	Y	PI506733A	exact	matched_exact
PI506733B	Y	Y	PI506733B	exact	matched_exact
PI506734	Y	Y	PI506734	exact	matched_exact
PI506735A	Y	Y	PI506735A	exact	matched_exact
PI506735B	Y	Y	PI506735B	exact	matched_exact
PI506736	Y	Y	PI506736	exact	matched_exact
PI506737	Y	Y	PI506737	exact	matched_exact
PI506738	Y	Y	PI506738	exact	matched_exact
PI506739	Y	Y	PI506739	exact	matched_exact
PI506740	Y	Y	PI506740	exact	matched_exact
PI506741	Y	Y	PI506741	exact	matched_exact
PI506742	Y	Y	PI506742	exact	matched_exact
PI506743	Y	Y	PI506743	exact	matched_exact
PI506744	Y	Y	PI506744	exact	matched_exact
PI506745	Y	Y	PI506745	exact	matched_exact
PI506746	Y	Y	PI506746	exact	matched_exact
PI506747	Y	Y	PI506747	exact	matched_exact
PI506748	Y	Y	PI506748	exact	matched_exact
PI506749	Y	Y	PI506749	exact	matched_exact
PI506750	Y	Y	PI506750	exact	matched_exact
PI506751	Y	Y	PI506751	exact	matched_exact
PI506752	Y	Y	PI506752	exact	matched_exact
PI506753	Y	Y	PI506753	exact	matched_exact
PI506754	Y	Y	PI506754	exact	matched_exact
PI506755	Y	Y	PI506755	exact	matched_exact
PI506756	Y	Y	PI506756	exact	matched_exact
PI506757	Y	Y	PI506757	exact	matched_exact
PI506758	Y	Y	PI506758	exact	matched_exact
PI506759	Y	Y	PI506759	exact	matched_exact
PI506760	Y	Y	PI506760	exact	matched_exact
PI506761	Y	Y	PI506761	exact	matched_exact
PI506762A	Y	Y	PI506762A	exact	matched_exact
PI506762B	Y	Y	PI506762B	exact	matched_exact
PI506763	Y	Y	PI506763	exact	matched_exact
PI506764	Y	Y	PI506764	exact	matched_exact
PI506765	Y	Y	PI506765	exact	matched_exact
PI506766	Y	Y	PI506766	exact	matched_exact
PI506767	Y	Y	PI506767	exact	matched_exact
PI506768	Y	Y	PI506768	exact	matched_exact
PI506769	Y	Y	PI506769	exact	matched_exact
PI506770	Y	Y	PI506770	exact	matched_exact
PI506771	Y	Y	PI506771	exact	matched_exact
PI506772	Y	Y	PI506772	exact	matched_exact
PI506773	Y	Y	PI506773	exact	matched_exact
PI506774	Y	Y	PI506774	exact	matched_exact
PI506775	Y	Y	PI506775	exact	matched_exact
PI506776	Y	Y	PI506776	exact	matched_exact
PI506777	Y	Y	PI506777	exact	matched_exact
PI506778	Y	Y	PI506778	exact	matched_exact
PI506779	Y	Y	PI506779	exact	matched_exact
PI506780	Y	Y	PI506780	exact	matched_exact
PI506781	Y	Y	PI506781	exact	matched_exact
PI506782	Y	Y	PI506782	exact	matched_exact
PI506783	Y	Y	PI506783	exact	matched_exact
PI506784	Y	Y	PI506784	exact	matched_exact
PI506785	Y	Y	PI506785	exact	matched_exact
PI506786	Y	Y	PI506786	exact	matched_exact
PI506787	Y	Y	PI506787	exact	matched_exact
PI506788	Y	Y	PI506788	exact	matched_exact
PI506789	Y	Y	PI506789	exact	matched_exact
PI506790	Y	Y	PI506790	exact	matched_exact
PI506791	Y	Y	PI506791	exact	matched_exact
PI506792	Y	Y	PI506792	exact	matched_exact
PI506793	Y	Y	PI506793	exact	matched_exact
PI506794	Y	Y	PI506794	exact	matched_exact
PI506795	Y	Y	PI506795	exact	matched_exact
PI506796	Y	Y	PI506796	exact	matched_exact
PI506797	Y	Y	PI506797	exact	matched_exact
PI506798	Y	Y	PI506798	exact	matched_exact
PI506799	Y	Y	PI506799	exact	matched_exact
PI506800A	Y	Y	PI506800A	exact	matched_exact
PI506800B	Y	Y	PI506800B	exact	matched_exact
PI506801A	Y	Y	PI506801A	exact	matched_exact
PI506801B	Y	Y	PI506801B	exact	matched_exact
PI506802	Y	Y	PI506802	exact	matched_exact
PI506803	Y	Y	PI506803	exact	matched_exact
PI506804	Y	Y	PI506804	exact	matched_exact
PI506805	Y	Y	PI506805	exact	matched_exact
PI506806	Y	Y	PI506806	exact	matched_exact
PI506807	Y	Y	PI506807	exact	matched_exact
PI506808	Y	Y	PI506808	exact	matched_exact
PI506809	Y	Y	PI506809	exact	matched_exact
PI506810	Y	Y	PI506810	exact	matched_exact
PI506811	Y	Y	PI506811	exact	matched_exact
PI506812	Y	Y	PI506812	exact	matched_exact
PI506813	Y	Y	PI506813	exact	matched_exact
PI506814	Y	Y	PI506814	exact	matched_exact
PI506815	Y	Y	PI506815	exact	matched_exact
PI506816	Y	Y	PI506816	exact	matched_exact
PI506817	Y	Y	PI506817	exact	matched_exact
PI506818	Y	Y	PI506818	exact	matched_exact
PI506819	Y	Y	PI506819	exact	matched_exact
PI506820	Y	Y	PI506820	exact	matched_exact
PI506821	Y	Y	PI506821	exact	matched_exact
PI506822	Y	Y	PI506822	exact	matched_exact
PI506823	Y	Y	PI506823	exact	matched_exact
PI506824	Y	Y	PI506824	exact	matched_exact
PI506825	Y	Y	PI506825	exact	matched_exact
PI506826	Y	Y	PI506826	exact	matched_exact
PI506827	Y	Y	PI506827	exact	matched_exact
PI506828	Y	Y	PI506828	exact	matched_exact
PI506829	Y	Y	PI506829	exact	matched_exact
PI506830	Y	Y	PI506830	exact	matched_exact
PI506831	Y	Y	PI506831	exact	matched_exact
PI506832	Y	Y	PI506832	exact	matched_exact
PI506833	Y	Y	PI506833	exact	matched_exact
PI506834	Y	Y	PI506834	exact	matched_exact
PI506835	Y	Y	PI506835	exact	matched_exact
PI506836	Y	Y	PI506836	exact	matched_exact
PI506837	Y	Y	PI506837	exact	matched_exact
PI506838A	Y	Y	PI506838A	exact	matched_exact
PI506838B	Y	Y	PI506838B	exact	matched_exact
PI506839	Y	Y	PI506839	exact	matched_exact
PI506840A	Y	Y	PI506840A	exact	matched_exact
PI506840B	Y	Y	PI506840B	exact	matched_exact
PI506841	Y	Y	PI506841	exact	matched_exact
PI506842	Y	Y	PI506842	exact	matched_exact
PI506843	Y	Y	PI506843	exact	matched_exact
PI506844	Y	Y	PI506844	exact	matched_exact
PI506845	Y	Y	PI506845	exact	matched_exact
PI506846	Y	Y	PI506846	exact	matched_exact
PI506847	Y	Y	PI506847	exact	matched_exact
PI506848	Y	Y	PI506848	exact	matched_exact
PI506849	Y	Y	PI506849	exact	matched_exact
PI506850	Y	Y	PI506850	exact	matched_exact
PI506851	Y	Y	PI506851	exact	matched_exact
PI506852	Y	Y	PI506852	exact	matched_exact
PI506853	Y	Y	PI506853	exact	matched_exact
PI506854	Y	Y	PI506854	exact	matched_exact
PI506855	Y	Y	PI506855	exact	matched_exact
PI506856	Y	Y	PI506856	exact	matched_exact
PI506857	Y	Y	PI506857	exact	matched_exact
PI506858	Y	Y	PI506858	exact	matched_exact
PI506859	Y	Y	PI506859	exact	matched_exact
PI506860	Y	Y	PI506860	exact	matched_exact
PI506862	Y	Y	PI506862	exact	matched_exact
PI506863	Y	Y	PI506863	exact	matched_exact
PI506864A	Y	Y	PI506864A	exact	matched_exact
PI506864B	Y	Y	PI506864B	exact	matched_exact
PI506865	Y	Y	PI506865	exact	matched_exact
PI506866	Y	Y	PI506866	exact	matched_exact
PI506867	Y	Y	PI506867	exact	matched_exact
PI506868	Y	Y	PI506868	exact	matched_exact
PI506869	Y	Y	PI506869	exact	matched_exact
PI506870	Y	Y	PI506870	exact	matched_exact
PI506871	Y	Y	PI506871	exact	matched_exact
PI506872	Y	Y	PI506872	exact	matched_exact
PI506873	Y	Y	PI506873	exact	matched_exact
PI506874	Y	Y	PI506874	exact	matched_exact
PI506875	Y	Y	PI506875	exact	matched_exact
PI506876	Y	Y	PI506876	exact	matched_exact
PI506877	Y	Y	PI506877	exact	matched_exact
PI506878	Y	Y	PI506878	exact	matched_exact
PI506879	Y	Y	PI506879	exact	matched_exact
PI506880	Y	Y	PI506880	exact	matched_exact
PI506881	Y	Y	PI506881	exact	matched_exact
PI506883	Y	Y	PI506883	exact	matched_exact
PI506884	Y	Y	PI506884	exact	matched_exact
PI506885	Y	Y	PI506885	exact	matched_exact
PI506886	Y	Y	PI506886	exact	matched_exact
PI506887	Y	Y	PI506887	exact	matched_exact
PI506888	Y	Y	PI506888	exact	matched_exact
PI506889	Y	Y	PI506889	exact	matched_exact
PI506890	Y	Y	PI506890	exact	matched_exact
PI506891	Y	Y	PI506891	exact	matched_exact
PI506892	Y	Y	PI506892	exact	matched_exact
PI506893	Y	Y	PI506893	exact	matched_exact
PI506894	Y	Y	PI506894	exact	matched_exact
PI506895	Y	Y	PI506895	exact	matched_exact
PI506896	Y	Y	PI506896	exact	matched_exact
PI506897	Y	Y	PI506897	exact	matched_exact
PI506900	Y	Y	PI506900	exact	matched_exact
PI506901	Y	Y	PI506901	exact	matched_exact
PI506902	Y	Y	PI506902	exact	matched_exact
PI506903	Y	Y	PI506903	exact	matched_exact
PI506904	Y	Y	PI506904	exact	matched_exact
PI506905	Y	Y	PI506905	exact	matched_exact
PI506906	Y	Y	PI506906	exact	matched_exact
PI506907	Y	Y	PI506907	exact	matched_exact
PI506908	Y	Y	PI506908	exact	matched_exact
PI506910	Y	Y	PI506910	exact	matched_exact
PI506911	Y	Y	PI506911	exact	matched_exact
PI506912	Y	Y	PI506912	exact	matched_exact
PI506913	Y	Y	PI506913	exact	matched_exact
PI506914	Y	Y	PI506914	exact	matched_exact
PI506915	Y	Y	PI506915	exact	matched_exact
PI506916	Y	Y	PI506916	exact	matched_exact
PI506917	Y	Y	PI506917	exact	matched_exact
PI506918	Y	Y	PI506918	exact	matched_exact
PI506919	Y	Y	PI506919	exact	matched_exact
PI506920	Y	Y	PI506920	exact	matched_exact
PI506921	Y	Y	PI506921	exact	matched_exact
PI506922	Y	Y	PI506922	exact	matched_exact
PI506923	Y	Y	PI506923	exact	matched_exact
PI506924	Y	Y	PI506924	exact	matched_exact
PI506925	Y	Y	PI506925	exact	matched_exact
PI506926	Y	Y	PI506926	exact	matched_exact
PI506927	Y	Y	PI506927	exact	matched_exact
PI506928	Y	Y	PI506928	exact	matched_exact
PI506929	Y	Y	PI506929	exact	matched_exact
PI506930	Y	Y	PI506930	exact	matched_exact
PI506931	Y	Y	PI506931	exact	matched_exact
PI506932	Y	Y	PI506932	exact	matched_exact
PI506933	Y	Y	PI506933	exact	matched_exact
PI506934	Y	Y	PI506934	exact	matched_exact
PI506935	Y	Y	PI506935	exact	matched_exact
PI506936	Y	Y	PI506936	exact	matched_exact
PI506937	Y	Y	PI506937	exact	matched_exact
PI506938	Y	Y	PI506938	exact	matched_exact
PI506939	Y	Y	PI506939	exact	matched_exact
PI506940	Y	Y	PI506940	exact	matched_exact
PI506941	Y	Y	PI506941	exact	matched_exact
PI506942	Y	Y	PI506942	exact	matched_exact
PI506943	Y	Y	PI506943	exact	matched_exact
PI506944	Y	Y	PI506944	exact	matched_exact
PI506945	Y	Y	PI506945	exact	matched_exact
PI506946	Y	Y	PI506946	exact	matched_exact
PI506947	Y	Y	PI506947	exact	matched_exact
PI506948	Y	Y	PI506948	exact	matched_exact
PI506949	Y	Y	PI506949	exact	matched_exact
PI506950	Y	Y	PI506950	exact	matched_exact
PI506951	Y	Y	PI506951	exact	matched_exact
PI506952	Y	Y	PI506952	exact	matched_exact
PI506953	Y	Y	PI506953	exact	matched_exact
PI506954	Y	Y	PI506954	exact	matched_exact
PI506955	Y	Y	PI506955	exact	matched_exact
PI506956	Y	Y	PI506956	exact	matched_exact
PI506957	Y	Y	PI506957	exact	matched_exact
PI506958	Y	Y	PI506958	exact	matched_exact
PI506959	Y	Y	PI506959	exact	matched_exact
PI506960	Y	Y	PI506960	exact	matched_exact
PI506961	Y	Y	PI506961	exact	matched_exact
PI506962	Y	Y	PI506962	exact	matched_exact
PI506963	Y	Y	PI506963	exact	matched_exact
PI506964	Y	Y	PI506964	exact	matched_exact
PI506965	Y	Y	PI506965	exact	matched_exact
PI506966	Y	Y	PI506966	exact	matched_exact
PI506967	Y	Y	PI506967	exact	matched_exact
PI506968	Y	Y	PI506968	exact	matched_exact
PI506969	Y	Y	PI506969	exact	matched_exact
PI506970	Y	Y	PI506970	exact	matched_exact
PI506971	Y	Y	PI506971	exact	matched_exact
PI506972	Y	Y	PI506972	exact	matched_exact
PI506973	Y	Y	PI506973	exact	matched_exact
PI506974	Y	Y	PI506974	exact	matched_exact
PI506975	Y	Y	PI506975	exact	matched_exact
PI506976	Y	Y	PI506976	exact	matched_exact
PI506977	Y	Y	PI506977	exact	matched_exact
PI506978	Y	Y	PI506978	exact	matched_exact
PI506979	Y	Y	PI506979	exact	matched_exact
PI506980	Y	Y	PI506980	exact	matched_exact
PI506981	Y	Y	PI506981	exact	matched_exact
PI506982	Y	Y	PI506982	exact	matched_exact
PI506983	Y	Y	PI506983	exact	matched_exact
PI506984	Y	Y	PI506984	exact	matched_exact
PI506985	Y	Y	PI506985	exact	matched_exact
PI506986	Y	Y	PI506986	exact	matched_exact
PI506987	Y	Y	PI506987	exact	matched_exact
PI506988	Y	Y	PI506988	exact	matched_exact
PI506989	Y	Y	PI506989	exact	matched_exact
PI506990	Y	Y	PI506990	exact	matched_exact
PI506991	Y	Y	PI506991	exact	matched_exact
PI506992	Y	Y	PI506992	exact	matched_exact
PI506993	Y	Y	PI506993	exact	matched_exact
PI506994	Y	Y	PI506994	exact	matched_exact
PI506995	Y	Y	PI506995	exact	matched_exact
PI506996	Y	Y	PI506996	exact	matched_exact
PI506997	Y	Y	PI506997	exact	matched_exact
PI506998	Y	Y	PI506998	exact	matched_exact
PI506999	Y	Y	PI506999	exact	matched_exact
PI507000	Y	Y	PI507000	exact	matched_exact
PI507001	Y	Y	PI507001	exact	matched_exact
PI507002	Y	Y	PI507002	exact	matched_exact
PI507003	Y	Y	PI507003	exact	matched_exact
PI507004	Y	Y	PI507004	exact	matched_exact
PI507005	Y	Y	PI507005	exact	matched_exact
PI507006	Y	Y	PI507006	exact	matched_exact
PI507007	Y	Y	PI507007	exact	matched_exact
PI507008	Y	Y	PI507008	exact	matched_exact
PI507009	Y	Y	PI507009	exact	matched_exact
PI507010	Y	Y	PI507010	exact	matched_exact
PI507011	Y	Y	PI507011	exact	matched_exact
PI507012	Y	Y	PI507012	exact	matched_exact
PI507013	Y	Y	PI507013	exact	matched_exact
PI507014	Y	Y	PI507014	exact	matched_exact
PI507015	Y	Y	PI507015	exact	matched_exact
PI507016	Y	Y	PI507016	exact	matched_exact
PI507017	Y	Y	PI507017	exact	matched_exact
PI507018	Y	Y	PI507018	exact	matched_exact
PI507019	Y	Y	PI507019	exact	matched_exact
PI507020	Y	Y	PI507020	exact	matched_exact
PI507021	Y	Y	PI507021	exact	matched_exact
PI507022	Y	Y	PI507022	exact	matched_exact
PI507023	Y	Y	PI507023	exact	matched_exact
PI507024	Y	Y	PI507024	exact	matched_exact
PI507025	Y	Y	PI507025	exact	matched_exact
PI507026	Y	Y	PI507026	exact	matched_exact
PI507027	Y	Y	PI507027	exact	matched_exact
PI507028	Y	Y	PI507028	exact	matched_exact
PI507029	Y	Y	PI507029	exact	matched_exact
PI507030	Y	Y	PI507030	exact	matched_exact
PI507031	Y	Y	PI507031	exact	matched_exact
PI507032	Y	Y	PI507032	exact	matched_exact
PI507033	Y	Y	PI507033	exact	matched_exact
PI507034	Y	Y	PI507034	exact	matched_exact
PI507035	Y	Y	PI507035	exact	matched_exact
PI507036	Y	Y	PI507036	exact	matched_exact
PI507037	Y	Y	PI507037	exact	matched_exact
PI507038	Y	Y	PI507038	exact	matched_exact
PI507039	Y	Y	PI507039	exact	matched_exact
PI507040	Y	Y	PI507040	exact	matched_exact
PI507041	Y	Y	PI507041	exact	matched_exact
PI507042	Y	Y	PI507042	exact	matched_exact
PI507043	Y	Y	PI507043	exact	matched_exact
PI507044	Y	Y	PI507044	exact	matched_exact
PI507045	Y	Y	PI507045	exact	matched_exact
PI507046	Y	Y	PI507046	exact	matched_exact
PI507047	Y	Y	PI507047	exact	matched_exact
PI507048	Y	Y	PI507048	exact	matched_exact
PI507049	Y	Y	PI507049	exact	matched_exact
PI507050	Y	Y	PI507050	exact	matched_exact
PI507051	Y	Y	PI507051	exact	matched_exact
PI507052	Y	Y	PI507052	exact	matched_exact
PI507053	Y	Y	PI507053	exact	matched_exact
PI507054	Y	Y	PI507054	exact	matched_exact
PI507055	Y	Y	PI507055	exact	matched_exact
PI507056	Y	Y	PI507056	exact	matched_exact
PI507057	Y	Y	PI507057	exact	matched_exact
PI507058	Y	Y	PI507058	exact	matched_exact
PI507059	Y	Y	PI507059	exact	matched_exact
PI507060	Y	Y	PI507060	exact	matched_exact
PI507061	Y	Y	PI507061	exact	matched_exact
PI507062A	Y	Y	PI507062A	exact	matched_exact
PI507062B	Y	Y	PI507062B	exact	matched_exact
PI507063	Y	Y	PI507063	exact	matched_exact
PI507064	Y	Y	PI507064	exact	matched_exact
PI507065	Y	Y	PI507065	exact	matched_exact
PI507066	Y	Y	PI507066	exact	matched_exact
PI507067	Y	Y	PI507067	exact	matched_exact
PI507068	Y	Y	PI507068	exact	matched_exact
PI507069	Y	Y	PI507069	exact	matched_exact
PI507070	Y	Y	PI507070	exact	matched_exact
PI507071A	Y	Y	PI507071A	exact	matched_exact
PI507071B	Y	Y	PI507071B	exact	matched_exact
PI507072	Y	Y	PI507072	exact	matched_exact
PI507073	Y	Y	PI507073	exact	matched_exact
PI507074	Y	Y	PI507074	exact	matched_exact
PI507075	Y	Y	PI507075	exact	matched_exact
PI507076	Y	Y	PI507076	exact	matched_exact
PI507077	Y	Y	PI507077	exact	matched_exact
PI507078	Y	Y	PI507078	exact	matched_exact
PI507079	Y	Y	PI507079	exact	matched_exact
PI507080	Y	Y	PI507080	exact	matched_exact
PI507081	Y	Y	PI507081	exact	matched_exact
PI507082A	Y	Y	PI507082A	exact	matched_exact
PI507082B	Y	Y	PI507082B	exact	matched_exact
PI507082C	Y	Y	PI507082C	exact	matched_exact
PI507084	Y	Y	PI507084	exact	matched_exact
PI507085	Y	Y	PI507085	exact	matched_exact
PI507086	Y	Y	PI507086	exact	matched_exact
PI507087	Y	Y	PI507087	exact	matched_exact
PI507088	Y	Y	PI507088	exact	matched_exact
PI507089A	Y	Y	PI507089A	exact	matched_exact
PI507089B	Y	Y	PI507089B	exact	matched_exact
PI507090	Y	Y	PI507090	exact	matched_exact
PI507091	Y	Y	PI507091	exact	matched_exact
PI507092	Y	Y	PI507092	exact	matched_exact
PI507093	Y	Y	PI507093	exact	matched_exact
PI507094	Y	Y	PI507094	exact	matched_exact
PI507095A	Y	Y	PI507095A	exact	matched_exact
PI507095B	Y	Y	PI507095B	exact	matched_exact
PI507096	Y	Y	PI507096	exact	matched_exact
PI507097	Y	Y	PI507097	exact	matched_exact
PI507098	Y	Y	PI507098	exact	matched_exact
PI507099	Y	Y	PI507099	exact	matched_exact
PI507100	Y	Y	PI507100	exact	matched_exact
PI507102	Y	Y	PI507102	exact	matched_exact
PI507103	Y	Y	PI507103	exact	matched_exact
PI507104	Y	Y	PI507104	exact	matched_exact
PI507105	Y	Y	PI507105	exact	matched_exact
PI507106	Y	Y	PI507106	exact	matched_exact
PI507107	Y	Y	PI507107	exact	matched_exact
PI507108	Y	Y	PI507108	exact	matched_exact
PI507109	Y	Y	PI507109	exact	matched_exact
PI507110	Y	Y	PI507110	exact	matched_exact
PI507111	Y	Y	PI507111	exact	matched_exact
PI507112	Y	Y	PI507112	exact	matched_exact
PI507113	Y	Y	PI507113	exact	matched_exact
PI507114	Y	Y	PI507114	exact	matched_exact
PI507115	Y	Y	PI507115	exact	matched_exact
PI507116	Y	Y	PI507116	exact	matched_exact
PI507117A	Y	Y	PI507117A	exact	matched_exact
PI507117B	Y	Y	PI507117B	exact	matched_exact
PI507118	Y	Y	PI507118	exact	matched_exact
PI507119	Y	Y	PI507119	exact	matched_exact
PI507120	Y	Y	PI507120	exact	matched_exact
PI507121	Y	Y	PI507121	exact	matched_exact
PI507122	Y	Y	PI507122	exact	matched_exact
PI507123	Y	Y	PI507123	exact	matched_exact
PI507124	Y	Y	PI507124	exact	matched_exact
PI507125	Y	Y	PI507125	exact	matched_exact
PI507126	Y	Y	PI507126	exact	matched_exact
PI507127	Y	Y	PI507127	exact	matched_exact
PI507128	Y	Y	PI507128	exact	matched_exact
PI507130	Y	Y	PI507130	exact	matched_exact
PI507131	Y	Y	PI507131	exact	matched_exact
PI507132A	Y	Y	PI507132A	exact	matched_exact
PI507132B	Y	Y	PI507132B	exact	matched_exact
PI507133	Y	Y	PI507133	exact	matched_exact
PI507134	Y	Y	PI507134	exact	matched_exact
PI507135	Y	Y	PI507135	exact	matched_exact
PI507136	Y	Y	PI507136	exact	matched_exact
PI507137	Y	Y	PI507137	exact	matched_exact
PI507138	Y	Y	PI507138	exact	matched_exact
PI507139	Y	Y	PI507139	exact	matched_exact
PI507140	Y	Y	PI507140	exact	matched_exact
PI507141	Y	Y	PI507141	exact	matched_exact
PI507142	Y	Y	PI507142	exact	matched_exact
PI507143	Y	Y	PI507143	exact	matched_exact
PI507144	Y	Y	PI507144	exact	matched_exact
PI507145	Y	Y	PI507145	exact	matched_exact
PI507146	Y	Y	PI507146	exact	matched_exact
PI507147	Y	Y	PI507147	exact	matched_exact
PI507148	Y	Y	PI507148	exact	matched_exact
PI507149	Y	Y	PI507149	exact	matched_exact
PI507150	Y	Y	PI507150	exact	matched_exact
PI507151	Y	Y	PI507151	exact	matched_exact
PI507152	Y	Y	PI507152	exact	matched_exact
PI507153	Y	Y	PI507153	exact	matched_exact
PI507154	Y	Y	PI507154	exact	matched_exact
PI507155	Y	Y	PI507155	exact	matched_exact
PI507156	Y	Y	PI507156	exact	matched_exact
PI507157	Y	Y	PI507157	exact	matched_exact
PI507158	Y	Y	PI507158	exact	matched_exact
PI507159	Y	Y	PI507159	exact	matched_exact
PI507160	Y	Y	PI507160	exact	matched_exact
PI507161	Y	Y	PI507161	exact	matched_exact
PI507162	Y	Y	PI507162	exact	matched_exact
PI507163	Y	Y	PI507163	exact	matched_exact
PI507164	Y	Y	PI507164	exact	matched_exact
PI507165	Y	Y	PI507165	exact	matched_exact
PI507166	Y	Y	PI507166	exact	matched_exact
PI507167A	Y	Y	PI507167A	exact	matched_exact
PI507167B	Y	Y	PI507167B	exact	matched_exact
PI507168	Y	Y	PI507168	exact	matched_exact
PI507169	Y	Y	PI507169	exact	matched_exact
PI507170	Y	Y	PI507170	exact	matched_exact
PI507171	Y	Y	PI507171	exact	matched_exact
PI507172	Y	Y	PI507172	exact	matched_exact
PI507173	Y	Y	PI507173	exact	matched_exact
PI507174	Y	Y	PI507174	exact	matched_exact
PI507175	Y	Y	PI507175	exact	matched_exact
PI507176	Y	Y	PI507176	exact	matched_exact
PI507177	Y	Y	PI507177	exact	matched_exact
PI507178	Y	Y	PI507178	exact	matched_exact
PI507179	Y	Y	PI507179	exact	matched_exact
PI507180	Y	Y	PI507180	exact	matched_exact
PI507181	Y	Y	PI507181	exact	matched_exact
PI507182	Y	Y	PI507182	exact	matched_exact
PI507183	Y	Y	PI507183	exact	matched_exact
PI507184A	Y	Y	PI507184A	exact	matched_exact
PI507184B	Y	Y	PI507184B	exact	matched_exact
PI507185	Y	Y	PI507185	exact	matched_exact
PI507186	Y	Y	PI507186	exact	matched_exact
PI507187	Y	Y	PI507187	exact	matched_exact
PI507188	Y	Y	PI507188	exact	matched_exact
PI507189A	Y	Y	PI507189A	exact	matched_exact
PI507189B	Y	Y	PI507189B	exact	matched_exact
PI507190	Y	Y	PI507190	exact	matched_exact
PI507191	Y	Y	PI507191	exact	matched_exact
PI507192	Y	Y	PI507192	exact	matched_exact
PI507193	Y	Y	PI507193	exact	matched_exact
PI507194	Y	Y	PI507194	exact	matched_exact
PI507195	Y	Y	PI507195	exact	matched_exact
PI507196	Y	Y	PI507196	exact	matched_exact
PI507197A	Y	Y	PI507197A	exact	matched_exact
PI507197B	Y	Y	PI507197B	exact	matched_exact
PI507198	Y	Y	PI507198	exact	matched_exact
PI507199	Y	Y	PI507199	exact	matched_exact
PI507200	Y	Y	PI507200	exact	matched_exact
PI507201	Y	Y	PI507201	exact	matched_exact
PI507202	Y	Y	PI507202	exact	matched_exact
PI507203	Y	Y	PI507203	exact	matched_exact
PI507204	Y	Y	PI507204	exact	matched_exact
PI507205	Y	Y	PI507205	exact	matched_exact
PI507206	Y	Y	PI507206	exact	matched_exact
PI507207	Y	Y	PI507207	exact	matched_exact
PI507208	Y	Y	PI507208	exact	matched_exact
PI507209	Y	Y	PI507209	exact	matched_exact
PI507210	Y	Y	PI507210	exact	matched_exact
PI507211	Y	Y	PI507211	exact	matched_exact
PI507212	Y	Y	PI507212	exact	matched_exact
PI507213	Y	Y	PI507213	exact	matched_exact
PI507214	Y	Y	PI507214	exact	matched_exact
PI507215	Y	Y	PI507215	exact	matched_exact
PI507216A	Y	Y	PI507216A	exact	matched_exact
PI507216B	Y	Y	PI507216B	exact	matched_exact
PI507217	Y	Y	PI507217	exact	matched_exact
PI507218	Y	Y	PI507218	exact	matched_exact
PI507219	Y	Y	PI507219	exact	matched_exact
PI507220	Y	Y	PI507220	exact	matched_exact
PI507221	Y	Y	PI507221	exact	matched_exact
PI507222	Y	Y	PI507222	exact	matched_exact
PI507223	Y	Y	PI507223	exact	matched_exact
PI507224	Y	Y	PI507224	exact	matched_exact
PI507225	Y	Y	PI507225	exact	matched_exact
PI507226A	Y	Y	PI507226A	exact	matched_exact
PI507226B	Y	Y	PI507226B	exact	matched_exact
PI507227	Y	Y	PI507227	exact	matched_exact
PI507228	Y	Y	PI507228	exact	matched_exact
PI507229	Y	Y	PI507229	exact	matched_exact
PI507230	Y	Y	PI507230	exact	matched_exact
PI507231	Y	Y	PI507231	exact	matched_exact
PI507232	Y	Y	PI507232	exact	matched_exact
PI507233	Y	Y	PI507233	exact	matched_exact
PI507234	Y	Y	PI507234	exact	matched_exact
PI507235	Y	Y	PI507235	exact	matched_exact
PI507236	Y	Y	PI507236	exact	matched_exact
PI507237	Y	Y	PI507237	exact	matched_exact
PI507238	Y	Y	PI507238	exact	matched_exact
PI507239	Y	Y	PI507239	exact	matched_exact
PI507240	Y	Y	PI507240	exact	matched_exact
PI507241	Y	Y	PI507241	exact	matched_exact
PI507242	Y	Y	PI507242	exact	matched_exact
PI507243	Y	Y	PI507243	exact	matched_exact
PI507244	Y	Y	PI507244	exact	matched_exact
PI507245	Y	Y	PI507245	exact	matched_exact
PI507246	Y	Y	PI507246	exact	matched_exact
PI507247	Y	Y	PI507247	exact	matched_exact
PI507248	Y	Y	PI507248	exact	matched_exact
PI507249	Y	Y	PI507249	exact	matched_exact
PI507250	Y	Y	PI507250	exact	matched_exact
PI507251	Y	Y	PI507251	exact	matched_exact
PI507252	Y	Y	PI507252	exact	matched_exact
PI507253	Y	Y	PI507253	exact	matched_exact
PI507254	Y	Y	PI507254	exact	matched_exact
PI507255	Y	Y	PI507255	exact	matched_exact
PI507256	Y	Y	PI507256	exact	matched_exact
PI507257	Y	Y	PI507257	exact	matched_exact
PI507258	Y	Y	PI507258	exact	matched_exact
PI507259	Y	Y	PI507259	exact	matched_exact
PI507260	Y	Y	PI507260	exact	matched_exact
PI507261	Y	Y	PI507261	exact	matched_exact
PI507262	Y	Y	PI507262	exact	matched_exact
PI507263	Y	Y	PI507263	exact	matched_exact
PI507264	Y	Y	PI507264	exact	matched_exact
PI507265	Y	Y	PI507265	exact	matched_exact
PI507266	Y	Y	PI507266	exact	matched_exact
PI507267	Y	Y	PI507267	exact	matched_exact
PI507268	Y	Y	PI507268	exact	matched_exact
PI507269	Y	Y	PI507269	exact	matched_exact
PI507270	Y	Y	PI507270	exact	matched_exact
PI507271	Y	Y	PI507271	exact	matched_exact
PI507272	Y	Y	PI507272	exact	matched_exact
PI507273	Y	Y	PI507273	exact	matched_exact
PI507275	Y	Y	PI507275	exact	matched_exact
PI507276	Y	Y	PI507276	exact	matched_exact
PI507277	Y	Y	PI507277	exact	matched_exact
PI507278	Y	Y	PI507278	exact	matched_exact
PI507279	Y	Y	PI507279	exact	matched_exact
PI507280	Y	Y	PI507280	exact	matched_exact
PI507281	Y	Y	PI507281	exact	matched_exact
PI507282	Y	Y	PI507282	exact	matched_exact
PI507283	Y	Y	PI507283	exact	matched_exact
PI507284	Y	Y	PI507284	exact	matched_exact
PI507285	Y	Y	PI507285	exact	matched_exact
PI507286A	Y	Y	PI507286A	exact	matched_exact
PI507286B	Y	Y	PI507286B	exact	matched_exact
PI507286C	Y	Y	PI507286C	exact	matched_exact
PI507287	Y	Y	PI507287	exact	matched_exact
PI507288	Y	Y	PI507288	exact	matched_exact
PI507290	Y	Y	PI507290	exact	matched_exact
PI507291	Y	Y	PI507291	exact	matched_exact
PI507292	Y	Y	PI507292	exact	matched_exact
PI507293A	Y	Y	PI507293A	exact	matched_exact
PI507293B	Y	Y	PI507293B	exact	matched_exact
PI507294A	Y	Y	PI507294A	exact	matched_exact
PI507294B	Y	Y	PI507294B	exact	matched_exact
PI507295	Y	Y	PI507295	exact	matched_exact
PI507296	Y	Y	PI507296	exact	matched_exact
PI507297	Y	Y	PI507297	exact	matched_exact
PI507298	Y	Y	PI507298	exact	matched_exact
PI507299	Y	Y	PI507299	exact	matched_exact
PI507300	Y	Y	PI507300	exact	matched_exact
PI507301	Y	Y	PI507301	exact	matched_exact
PI507302	Y	Y	PI507302	exact	matched_exact
PI507303	Y	Y	PI507303	exact	matched_exact
PI507304	Y	Y	PI507304	exact	matched_exact
PI507305	Y	Y	PI507305	exact	matched_exact
PI507306	Y	Y	PI507306	exact	matched_exact
PI507307	Y	Y	PI507307	exact	matched_exact
PI507308	Y	Y	PI507308	exact	matched_exact
PI507309	Y	Y	PI507309	exact	matched_exact
PI507310	Y	Y	PI507310	exact	matched_exact
PI507311	Y	Y	PI507311	exact	matched_exact
PI507312	Y	Y	PI507312	exact	matched_exact
PI507313	Y	Y	PI507313	exact	matched_exact
PI507314	Y	Y	PI507314	exact	matched_exact
PI507315	Y	Y	PI507315	exact	matched_exact
PI507316	Y	Y	PI507316	exact	matched_exact
PI507317	Y	Y	PI507317	exact	matched_exact
PI507318	Y	Y	PI507318	exact	matched_exact
PI507319	Y	Y	PI507319	exact	matched_exact
PI507320A	Y	Y	PI507320A	exact	matched_exact
PI507320B	Y	Y	PI507320B	exact	matched_exact
PI507321	Y	Y	PI507321	exact	matched_exact
PI507322	Y	Y	PI507322	exact	matched_exact
PI507323	Y	Y	PI507323	exact	matched_exact
PI507324	Y	Y	PI507324	exact	matched_exact
PI507325	Y	Y	PI507325	exact	matched_exact
PI507326	Y	Y	PI507326	exact	matched_exact
PI507327	Y	Y	PI507327	exact	matched_exact
PI507329	Y	Y	PI507329	exact	matched_exact
PI507330	Y	Y	PI507330	exact	matched_exact
PI507331	Y	Y	PI507331	exact	matched_exact
PI507332	Y	Y	PI507332	exact	matched_exact
PI507333	Y	Y	PI507333	exact	matched_exact
PI507334	Y	Y	PI507334	exact	matched_exact
PI507335	Y	Y	PI507335	exact	matched_exact
PI507336	Y	Y	PI507336	exact	matched_exact
PI507337	Y	Y	PI507337	exact	matched_exact
PI507338	Y	Y	PI507338	exact	matched_exact
PI507339	Y	Y	PI507339	exact	matched_exact
PI507340	Y	Y	PI507340	exact	matched_exact
PI507341	Y	Y	PI507341	exact	matched_exact
PI507342	Y	Y	PI507342	exact	matched_exact
PI507343	Y	Y	PI507343	exact	matched_exact
PI507344	Y	Y	PI507344	exact	matched_exact
PI507345	Y	Y	PI507345	exact	matched_exact
PI507346	Y	Y	PI507346	exact	matched_exact
PI507347	Y	Y	PI507347	exact	matched_exact
PI507348	Y	Y	PI507348	exact	matched_exact
PI507349	Y	Y	PI507349	exact	matched_exact
PI507350	Y	Y	PI507350	exact	matched_exact
PI507351	Y	Y	PI507351	exact	matched_exact
PI507352	Y	Y	PI507352	exact	matched_exact
PI507353	Y	Y	PI507353	exact	matched_exact
PI507354	Y	Y	PI507354	exact	matched_exact
PI507355	Y	Y	PI507355	exact	matched_exact
PI507356	Y	Y	PI507356	exact	matched_exact
PI507357	Y	Y	PI507357	exact	matched_exact
PI507358	Y	Y	PI507358	exact	matched_exact
PI507359	Y	Y	PI507359	exact	matched_exact
PI507360	Y	Y	PI507360	exact	matched_exact
PI507361	Y	Y	PI507361	exact	matched_exact
PI507362	Y	Y	PI507362	exact	matched_exact
PI507363	Y	Y	PI507363	exact	matched_exact
PI507364	Y	Y	PI507364	exact	matched_exact
PI507365	Y	Y	PI507365	exact	matched_exact
PI507366	Y	Y	PI507366	exact	matched_exact
PI507367	Y	Y	PI507367	exact	matched_exact
PI507368	Y	Y	PI507368	exact	matched_exact
PI507369	Y	Y	PI507369	exact	matched_exact
PI507370	Y	Y	PI507370	exact	matched_exact
PI507371	Y	Y	PI507371	exact	matched_exact
PI507372	Y	Y	PI507372	exact	matched_exact
PI507373	Y	Y	PI507373	exact	matched_exact
PI507374	Y	Y	PI507374	exact	matched_exact
PI507375	Y	Y	PI507375	exact	matched_exact
PI507376	Y	Y	PI507376	exact	matched_exact
PI507377	Y	Y	PI507377	exact	matched_exact
PI507378	Y	Y	PI507378	exact	matched_exact
PI507379	Y	Y	PI507379	exact	matched_exact
PI507380	Y	Y	PI507380	exact	matched_exact
PI507381	Y	Y	PI507381	exact	matched_exact
PI507382	Y	Y	PI507382	exact	matched_exact
PI507383	Y	Y	PI507383	exact	matched_exact
PI507384	Y	Y	PI507384	exact	matched_exact
PI507385	Y	Y	PI507385	exact	matched_exact
PI507386	Y	Y	PI507386	exact	matched_exact
PI507387	Y	Y	PI507387	exact	matched_exact
PI507388	Y	Y	PI507388	exact	matched_exact
PI507389	Y	Y	PI507389	exact	matched_exact
PI507390	Y	Y	PI507390	exact	matched_exact
PI507391	Y	Y	PI507391	exact	matched_exact
PI507392	Y	Y	PI507392	exact	matched_exact
PI507393	Y	Y	PI507393	exact	matched_exact
PI507394	Y	Y	PI507394	exact	matched_exact
PI507395	Y	Y	PI507395	exact	matched_exact
PI507396	Y	Y	PI507396	exact	matched_exact
PI507397	Y	Y	PI507397	exact	matched_exact
PI507398	Y	Y	PI507398	exact	matched_exact
PI507399	Y	Y	PI507399	exact	matched_exact
PI507400	Y	Y	PI507400	exact	matched_exact
PI507401	Y	Y	PI507401	exact	matched_exact
PI507402	Y	Y	PI507402	exact	matched_exact
PI507403	Y	Y	PI507403	exact	matched_exact
PI507404	Y	Y	PI507404	exact	matched_exact
PI507405	Y	Y	PI507405	exact	matched_exact
PI507406A	Y	Y	PI507406A	exact	matched_exact
PI507406B	Y	Y	PI507406B	exact	matched_exact
PI507407	Y	Y	PI507407	exact	matched_exact
PI507408	Y	Y	PI507408	exact	matched_exact
PI507409	Y	Y	PI507409	exact	matched_exact
PI507410	Y	Y	PI507410	exact	matched_exact
PI507411	Y	Y	PI507411	exact	matched_exact
PI507412	Y	Y	PI507412	exact	matched_exact
PI507413	Y	Y	PI507413	exact	matched_exact
PI507414	Y	Y	PI507414	exact	matched_exact
PI507415	Y	Y	PI507415	exact	matched_exact
PI507416	Y	Y	PI507416	exact	matched_exact
PI507417	Y	Y	PI507417	exact	matched_exact
PI507418	Y	Y	PI507418	exact	matched_exact
PI507419	Y	Y	PI507419	exact	matched_exact
PI507420	Y	Y	PI507420	exact	matched_exact
PI507421	Y	Y	PI507421	exact	matched_exact
PI507422	Y	Y	PI507422	exact	matched_exact
PI507423	Y	Y	PI507423	exact	matched_exact
PI507424	Y	Y	PI507424	exact	matched_exact
PI507425	Y	Y	PI507425	exact	matched_exact
PI507426	Y	Y	PI507426	exact	matched_exact
PI507427	Y	Y	PI507427	exact	matched_exact
PI507428	Y	Y	PI507428	exact	matched_exact
PI507429	Y	Y	PI507429	exact	matched_exact
PI507430	Y	Y	PI507430	exact	matched_exact
PI507431	Y	Y	PI507431	exact	matched_exact
PI507432	Y	Y	PI507432	exact	matched_exact
PI507433	Y	Y	PI507433	exact	matched_exact
PI507434	Y	Y	PI507434	exact	matched_exact
PI507435	Y	Y	PI507435	exact	matched_exact
PI507436	Y	Y	PI507436	exact	matched_exact
PI507437	Y	Y	PI507437	exact	matched_exact
PI507438	Y	Y	PI507438	exact	matched_exact
PI507439	Y	Y	PI507439	exact	matched_exact
PI507440	Y	Y	PI507440	exact	matched_exact
PI507441A	Y	Y	PI507441A	exact	matched_exact
PI507441B	Y	Y	PI507441B	exact	matched_exact
PI507442A	Y	Y	PI507442A	exact	matched_exact
PI507442B	Y	Y	PI507442B	exact	matched_exact
PI507443	Y	Y	PI507443	exact	matched_exact
PI507444	Y	Y	PI507444	exact	matched_exact
PI507445	Y	Y	PI507445	exact	matched_exact
PI507446	Y	Y	PI507446	exact	matched_exact
PI507447	Y	Y	PI507447	exact	matched_exact
PI507448	Y	Y	PI507448	exact	matched_exact
PI507449	Y	Y	PI507449	exact	matched_exact
PI507450	Y	Y	PI507450	exact	matched_exact
PI507451	Y	Y	PI507451	exact	matched_exact
PI507452	Y	Y	PI507452	exact	matched_exact
PI507453	Y	Y	PI507453	exact	matched_exact
PI507454	Y	Y	PI507454	exact	matched_exact
PI507455	Y	Y	PI507455	exact	matched_exact
PI507456	Y	Y	PI507456	exact	matched_exact
PI507457	Y	Y	PI507457	exact	matched_exact
PI507458	Y	Y	PI507458	exact	matched_exact
PI507459	Y	Y	PI507459	exact	matched_exact
PI507460	Y	Y	PI507460	exact	matched_exact
PI507461	Y	Y	PI507461	exact	matched_exact
PI507462	Y	Y	PI507462	exact	matched_exact
PI507463	Y	Y	PI507463	exact	matched_exact
PI507464	Y	Y	PI507464	exact	matched_exact
PI507465	Y	Y	PI507465	exact	matched_exact
PI507466	Y	Y	PI507466	exact	matched_exact
PI507467	Y	Y	PI507467	exact	matched_exact
PI507468	Y	Y	PI507468	exact	matched_exact
PI507469	Y	Y	PI507469	exact	matched_exact
PI507470	Y	Y	PI507470	exact	matched_exact
PI507471	Y	Y	PI507471	exact	matched_exact
PI507472	Y	Y	PI507472	exact	matched_exact
PI507473	Y	Y	PI507473	exact	matched_exact
PI507474	Y	Y	PI507474	exact	matched_exact
PI507475	Y	Y	PI507475	exact	matched_exact
PI507476	Y	Y	PI507476	exact	matched_exact
PI507477	Y	Y	PI507477	exact	matched_exact
PI507478	Y	Y	PI507478	exact	matched_exact
PI507479	Y	Y	PI507479	exact	matched_exact
PI507480	Y	Y	PI507480	exact	matched_exact
PI507481	Y	Y	PI507481	exact	matched_exact
PI507482	Y	Y	PI507482	exact	matched_exact
PI507483	Y	Y	PI507483	exact	matched_exact
PI507484	Y	Y	PI507484	exact	matched_exact
PI507485	Y	Y	PI507485	exact	matched_exact
PI507486	Y	Y	PI507486	exact	matched_exact
PI507487	Y	Y	PI507487	exact	matched_exact
PI507488	Y	Y	PI507488	exact	matched_exact
PI507489	Y	Y	PI507489	exact	matched_exact
PI507490	Y	Y	PI507490	exact	matched_exact
PI507491	Y	Y	PI507491	exact	matched_exact
PI507492	Y	Y	PI507492	exact	matched_exact
PI507493	Y	Y	PI507493	exact	matched_exact
PI507494	Y	Y	PI507494	exact	matched_exact
PI507495	Y	Y	PI507495	exact	matched_exact
PI507496	Y	Y	PI507496	exact	matched_exact
PI507497	Y	Y	PI507497	exact	matched_exact
PI507498	Y	Y	PI507498	exact	matched_exact
PI507499	Y	Y	PI507499	exact	matched_exact
PI507500	Y	Y	PI507500	exact	matched_exact
PI507501	Y	Y	PI507501	exact	matched_exact
PI507502	Y	Y	PI507502	exact	matched_exact
PI507503	Y	Y	PI507503	exact	matched_exact
PI507504	Y	Y	PI507504	exact	matched_exact
PI507505	Y	Y	PI507505	exact	matched_exact
PI507506	Y	Y	PI507506	exact	matched_exact
PI507507	Y	Y	PI507507	exact	matched_exact
PI507508	Y	Y	PI507508	exact	matched_exact
PI507509A	Y	Y	PI507509A	exact	matched_exact
PI507509B	Y	Y	PI507509B	exact	matched_exact
PI507510	Y	Y	PI507510	exact	matched_exact
PI507511	Y	Y	PI507511	exact	matched_exact
PI507512	Y	Y	PI507512	exact	matched_exact
PI507513	Y	Y	PI507513	exact	matched_exact
PI507514	Y	Y	PI507514	exact	matched_exact
PI507515	Y	Y	PI507515	exact	matched_exact
PI507516	Y	Y	PI507516	exact	matched_exact
PI507517	Y	Y	PI507517	exact	matched_exact
PI507518	Y	Y	PI507518	exact	matched_exact
PI507519	Y	Y	PI507519	exact	matched_exact
PI507520	Y	Y	PI507520	exact	matched_exact
PI507521	Y	Y	PI507521	exact	matched_exact
PI507522	Y	Y	PI507522	exact	matched_exact
PI507523	Y	Y	PI507523	exact	matched_exact
PI507524	Y	Y	PI507524	exact	matched_exact
PI507525A	Y	Y	PI507525A	exact	matched_exact
PI507525B	Y	Y	PI507525B	exact	matched_exact
PI507526	Y	Y	PI507526	exact	matched_exact
PI507527	Y	Y	PI507527	exact	matched_exact
PI507528	Y	Y	PI507528	exact	matched_exact
PI507530	Y	Y	PI507530	exact	matched_exact
PI507531	Y	Y	PI507531	exact	matched_exact
PI507532	Y	Y	PI507532	exact	matched_exact
PI507533	Y	Y	PI507533	exact	matched_exact
PI507534	Y	Y	PI507534	exact	matched_exact
PI507535	Y	Y	PI507535	exact	matched_exact
PI507536	Y	Y	PI507536	exact	matched_exact
PI507537	Y	Y	PI507537	exact	matched_exact
PI507538	Y	Y	PI507538	exact	matched_exact
PI507539	Y	Y	PI507539	exact	matched_exact
PI507540	Y	Y	PI507540	exact	matched_exact
PI507541	Y	Y	PI507541	exact	matched_exact
PI507542	Y	Y	PI507542	exact	matched_exact
PI507543	Y	Y	PI507543	exact	matched_exact
PI507544	Y	Y	PI507544	exact	matched_exact
PI507545	Y	Y	PI507545	exact	matched_exact
PI507546	Y	Y	PI507546	exact	matched_exact
PI507547	Y	Y	PI507547	exact	matched_exact
PI507548	Y	Y	PI507548	exact	matched_exact
PI507549	Y	Y	PI507549	exact	matched_exact
PI507550	Y	Y	PI507550	exact	matched_exact
PI507551	Y	Y	PI507551	exact	matched_exact
PI507552	Y	Y	PI507552	exact	matched_exact
PI507553	Y	Y	PI507553	exact	matched_exact
PI507554	Y	Y	PI507554	exact	matched_exact
PI507555	Y	Y	PI507555	exact	matched_exact
PI507556	Y	Y	PI507556	exact	matched_exact
PI507557	Y	Y	PI507557	exact	matched_exact
PI507558	Y	Y	PI507558	exact	matched_exact
PI507559	Y	Y	PI507559	exact	matched_exact
PI507560	Y	Y	PI507560	exact	matched_exact
PI507561	Y	Y	PI507561	exact	matched_exact
PI507562	Y	Y	PI507562	exact	matched_exact
PI507563	Y	Y	PI507563	exact	matched_exact
PI507564	Y	Y	PI507564	exact	matched_exact
PI507565	Y	Y	PI507565	exact	matched_exact
PI507566	Y	Y	PI507566	exact	matched_exact
PI507567	Y	Y	PI507567	exact	matched_exact
PI507568	Y	Y	PI507568	exact	matched_exact
PI507569	Y	Y	PI507569	exact	matched_exact
PI507570	Y	Y	PI507570	exact	matched_exact
PI507571	Y	Y	PI507571	exact	matched_exact
PI507572	Y	Y	PI507572	exact	matched_exact
PI507573	Y	Y	PI507573	exact	matched_exact
PI507574	Y	Y	PI507574	exact	matched_exact
PI507575	Y	Y	PI507575	exact	matched_exact
PI507576	Y	Y	PI507576	exact	matched_exact
PI507577	Y	Y	PI507577	exact	matched_exact
PI507578	Y	Y	PI507578	exact	matched_exact
PI507579	Y	Y	PI507579	exact	matched_exact
PI507580	Y	Y	PI507580	exact	matched_exact
PI507581	Y	N		none	vcf_only
PI507582	Y	N		none	vcf_only
PI507583	Y	N		none	vcf_only
PI507584	Y	N		none	vcf_only
PI507585	Y	N		none	vcf_only
PI507586	Y	N		none	vcf_only
PI507587	Y	N		none	vcf_only
PI507588	Y	N		none	vcf_only
PI507589	Y	N		none	vcf_only
PI507590A	Y	N		none	vcf_only
PI507590B	Y	N		none	vcf_only
PI507591	Y	N		none	vcf_only
PI507592	Y	N		none	vcf_only
PI507593	Y	N		none	vcf_only
PI507594A	Y	N		none	vcf_only
PI507594B	Y	N		none	vcf_only
PI507595	Y	N		none	vcf_only
PI507596	Y	N		none	vcf_only
PI507597	Y	N		none	vcf_only
PI507598	Y	N		none	vcf_only
PI507599	Y	N		none	vcf_only
PI507600	Y	N		none	vcf_only
PI507601A	Y	N		none	vcf_only
PI507601B	Y	N		none	vcf_only
PI507602	Y	N		none	vcf_only
PI507603	Y	N		none	vcf_only
PI507604	Y	N		none	vcf_only
PI507605	Y	N		none	vcf_only
PI507606	Y	N		none	vcf_only
PI507607	Y	N		none	vcf_only
PI507608	Y	N		none	vcf_only
PI507609	Y	N		none	vcf_only
PI507610	Y	N		none	vcf_only
PI507611	Y	N		none	vcf_only
PI507612	Y	N		none	vcf_only
PI507613	Y	N		none	vcf_only
PI507614A	Y	N		none	vcf_only
PI507614B	Y	N		none	vcf_only
PI507615	Y	N		none	vcf_only
PI507616	Y	N		none	vcf_only
PI507617	Y	N		none	vcf_only
PI507618	Y	N		none	vcf_only
PI507619A	Y	N		none	vcf_only
PI507619B	Y	N		none	vcf_only
PI507619C	Y	N		none	vcf_only
PI507620	Y	N		none	vcf_only
PI507621	Y	N		none	vcf_only
PI507622	Y	N		none	vcf_only
PI507623	Y	N		none	vcf_only
PI507624	Y	N		none	vcf_only
PI507625	Y	N		none	vcf_only
PI507626	Y	N		none	vcf_only
PI507627	Y	N		none	vcf_only
PI507628	Y	N		none	vcf_only
PI507629	Y	N		none	vcf_only
PI507630	Y	N		none	vcf_only
PI507631	Y	N		none	vcf_only
PI507632	Y	N		none	vcf_only
PI507633	Y	N		none	vcf_only
PI507634	Y	N		none	vcf_only
PI507635	Y	N		none	vcf_only
PI507636	Y	N		none	vcf_only
PI507637	Y	N		none	vcf_only
PI507638	Y	N		none	vcf_only
PI507639	Y	N		none	vcf_only
PI507640	Y	N		none	vcf_only
PI507641	Y	N		none	vcf_only
PI507642	Y	N		none	vcf_only
PI507643	Y	N		none	vcf_only
PI507644	Y	N		none	vcf_only
PI507645	Y	N		none	vcf_only
PI507646	Y	N		none	vcf_only
PI507647	Y	N		none	vcf_only
PI507648	Y	N		none	vcf_only
PI507649	Y	N		none	vcf_only
PI507650	Y	N		none	vcf_only
PI507651	Y	N		none	vcf_only
PI507652	Y	N		none	vcf_only
PI507653	Y	N		none	vcf_only
PI507654	Y	N		none	vcf_only
PI507655	Y	N		none	vcf_only
PI507656	Y	N		none	vcf_only
PI507657	Y	N		none	vcf_only
PI507658	Y	N		none	vcf_only
PI507659	Y	N		none	vcf_only
PI507660	Y	N		none	vcf_only
PI507661	Y	N		none	vcf_only
PI507662	Y	N		none	vcf_only
PI507663	Y	N		none	vcf_only
PI507664	Y	N		none	vcf_only
PI507665	Y	N		none	vcf_only
PI507666	Y	N		none	vcf_only
PI507667	Y	N		none	vcf_only
PI507668	Y	N		none	vcf_only
PI507669	Y	N		none	vcf_only
PI507670	Y	Y	PI507670	exact	matched_exact
PI507671	Y	Y	PI507671	exact	matched_exact
PI507672	Y	Y	PI507672	exact	matched_exact
PI507673	Y	Y	PI507673	exact	matched_exact
PI507674	Y	Y	PI507674	exact	matched_exact
PI507675	Y	Y	PI507675	exact	matched_exact
PI507676	Y	Y	PI507676	exact	matched_exact
PI507677	Y	Y	PI507677	exact	matched_exact
PI507678	Y	Y	PI507678	exact	matched_exact
PI507679A	Y	Y	PI507679A	exact	matched_exact
PI507679B	Y	Y	PI507679B	exact	matched_exact
PI507680	Y	Y	PI507680	exact	matched_exact
PI507681A	Y	Y	PI507681A	exact	matched_exact
PI507681B	Y	Y	PI507681B	exact	matched_exact
PI507682	Y	Y	PI507682	exact	matched_exact
PI507683	Y	Y	PI507683	exact	matched_exact
PI507684	Y	Y	PI507684	exact	matched_exact
PI507685A	Y	Y	PI507685A	exact	matched_exact
PI507685B	Y	Y	PI507685B	exact	matched_exact
PI507686A	Y	Y	PI507686A	exact	matched_exact
PI507686B	Y	Y	PI507686B	exact	matched_exact
PI507686C	Y	Y	PI507686C	exact	matched_exact
PI507687A	Y	Y	PI507687A	exact	matched_exact
PI507687B	Y	Y	PI507687B	exact	matched_exact
PI507688	Y	Y	PI507688	exact	matched_exact
PI507689	Y	Y	PI507689	exact	matched_exact
PI507690	Y	Y	PI507690	exact	matched_exact
PI507691	Y	Y	PI507691	exact	matched_exact
PI507692A	Y	Y	PI507692A	exact	matched_exact
PI507692B	Y	Y	PI507692B	exact	matched_exact
PI507693	Y	Y	PI507693	exact	matched_exact
PI507694	Y	Y	PI507694	exact	matched_exact
PI507695	Y	Y	PI507695	exact	matched_exact
PI507696A	Y	Y	PI507696A	exact	matched_exact
PI507696B	Y	Y	PI507696B	exact	matched_exact
PI507696C	Y	Y	PI507696C	exact	matched_exact
PI507697	Y	Y	PI507697	exact	matched_exact
PI507698	Y	Y	PI507698	exact	matched_exact
PI507699	Y	Y	PI507699	exact	matched_exact
PI507700	Y	Y	PI507700	exact	matched_exact
PI507701	Y	Y	PI507701	exact	matched_exact
PI507702	Y	Y	PI507702	exact	matched_exact
PI507703	Y	Y	PI507703	exact	matched_exact
PI507704A	Y	Y	PI507704A	exact	matched_exact
PI507704B	Y	Y	PI507704B	exact	matched_exact
PI507705	Y	Y	PI507705	exact	matched_exact
PI507706	Y	Y	PI507706	exact	matched_exact
PI507707	Y	Y	PI507707	exact	matched_exact
PI507708	Y	Y	PI507708	exact	matched_exact
PI507709	Y	Y	PI507709	exact	matched_exact
PI507710	Y	Y	PI507710	exact	matched_exact
PI507711A	Y	Y	PI507711A	exact	matched_exact
PI507711B	Y	Y	PI507711B	exact	matched_exact
PI507712	Y	Y	PI507712	exact	matched_exact
PI507713	Y	Y	PI507713	exact	matched_exact
PI507714	Y	Y	PI507714	exact	matched_exact
PI507715A	Y	Y	PI507715A	exact	matched_exact
PI507715B	Y	Y	PI507715B	exact	matched_exact
PI507716	Y	Y	PI507716	exact	matched_exact
PI507717	Y	Y	PI507717	exact	matched_exact
PI507718A	Y	Y	PI507718A	exact	matched_exact
PI507718B	Y	Y	PI507718B	exact	matched_exact
PI507719	Y	N		none	vcf_only
PI507720	Y	N		none	vcf_only
PI507721	Y	N		none	vcf_only
PI507722	Y	N		none	vcf_only
PI507723A	Y	N		none	vcf_only
PI507723B	Y	N		none	vcf_only
PI507724	Y	N		none	vcf_only
PI507725A	Y	N		none	vcf_only
PI507725B	Y	N		none	vcf_only
PI507726	Y	N		none	vcf_only
PI507727	Y	N		none	vcf_only
PI507728	Y	N		none	vcf_only
PI507729	Y	N		none	vcf_only
PI507730	Y	N		none	vcf_only
PI507731	Y	N		none	vcf_only
PI507732	Y	N		none	vcf_only
PI507733	Y	N		none	vcf_only
PI507734	Y	N		none	vcf_only
PI507735	Y	N		none	vcf_only
PI507736	Y	N		none	vcf_only
PI507737	Y	N		none	vcf_only
PI507738	Y	N		none	vcf_only
PI507739A	Y	N		none	vcf_only
PI507739B	Y	N		none	vcf_only
PI507740	Y	N		none	vcf_only
PI507741A	Y	N		none	vcf_only
PI507741B	Y	N		none	vcf_only
PI507742	Y	N		none	vcf_only
PI507743	Y	N		none	vcf_only
PI507744	Y	N		none	vcf_only
PI507745	Y	N		none	vcf_only
PI507746	Y	N		none	vcf_only
PI507747	Y	N		none	vcf_only
PI507748	Y	N		none	vcf_only
PI507749	Y	N		none	vcf_only
PI507750	Y	N		none	vcf_only
PI507751	Y	N		none	vcf_only
PI507752	Y	N		none	vcf_only
PI507753	Y	N		none	vcf_only
PI507754	Y	N		none	vcf_only
PI507755	Y	N		none	vcf_only
PI507756	Y	N		none	vcf_only
PI507757	Y	N		none	vcf_only
PI507758	Y	N		none	vcf_only
PI507759	Y	N		none	vcf_only
PI507760	Y	N		none	vcf_only
PI507761	Y	N		none	vcf_only
PI507762	Y	N		none	vcf_only
PI507763	Y	N		none	vcf_only
PI507764	Y	N		none	vcf_only
PI507765	Y	N		none	vcf_only
PI507766	Y	N		none	vcf_only
PI507767	Y	N		none	vcf_only
PI507768	Y	N		none	vcf_only
PI507769	Y	N		none	vcf_only
PI507770	Y	N		none	vcf_only
PI507771	Y	N		none	vcf_only
PI507772	Y	N		none	vcf_only
PI507773	Y	N		none	vcf_only
PI507774	Y	N		none	vcf_only
PI507775	Y	N		none	vcf_only
PI507776	Y	N		none	vcf_only
PI507777	Y	N		none	vcf_only
PI507778	Y	N		none	vcf_only
PI507779	Y	N		none	vcf_only
PI507780	Y	N		none	vcf_only
PI507781	Y	N		none	vcf_only
PI507782	Y	N		none	vcf_only
PI507783	Y	N		none	vcf_only
PI507784	Y	N		none	vcf_only
PI507785	Y	N		none	vcf_only
PI507786	Y	N		none	vcf_only
PI507787	Y	N		none	vcf_only
PI507788	Y	N		none	vcf_only
PI507789	Y	N		none	vcf_only
PI507790	Y	N		none	vcf_only
PI507791	Y	N		none	vcf_only
PI507792	Y	N		none	vcf_only
PI507793	Y	N		none	vcf_only
PI507794	Y	N		none	vcf_only
PI507795	Y	N		none	vcf_only
PI507796	Y	N		none	vcf_only
PI507797	Y	N		none	vcf_only
PI507798	Y	N		none	vcf_only
PI507799	Y	N		none	vcf_only
PI507800A	Y	N		none	vcf_only
PI507800B	Y	N		none	vcf_only
PI507801	Y	N		none	vcf_only
PI507803	Y	N		none	vcf_only
PI507804	Y	N		none	vcf_only
PI507805	Y	N		none	vcf_only
PI507806A	Y	N		none	vcf_only
PI507806B	Y	N		none	vcf_only
PI507807	Y	N		none	vcf_only
PI507808	Y	N		none	vcf_only
PI507809	Y	N		none	vcf_only
PI507810	Y	N		none	vcf_only
PI507811	Y	N		none	vcf_only
PI507812A	Y	N		none	vcf_only
PI507812B	Y	N		none	vcf_only
PI507813	Y	N		none	vcf_only
PI507814	Y	N		none	vcf_only
PI507815	Y	N		none	vcf_only
PI507816	Y	N		none	vcf_only
PI507817	Y	N		none	vcf_only
PI507818A	Y	N		none	vcf_only
PI507818B	Y	N		none	vcf_only
PI507819	Y	N		none	vcf_only
PI507820	Y	N		none	vcf_only
PI507821	Y	N		none	vcf_only
PI507822	Y	N		none	vcf_only
PI507823	Y	N		none	vcf_only
PI507824	Y	N		none	vcf_only
PI507825	Y	N		none	vcf_only
PI507826	Y	N		none	vcf_only
PI507827	Y	N		none	vcf_only
PI507828	Y	N		none	vcf_only
PI507829	Y	N		none	vcf_only
PI507830A	Y	N		none	vcf_only
PI507830B	Y	N		none	vcf_only
PI507831	Y	N		none	vcf_only
PI507832	Y	N		none	vcf_only
PI507833	Y	N		none	vcf_only
PI507834	Y	N		none	vcf_only
PI507835	Y	N		none	vcf_only
PI507836	Y	N		none	vcf_only
PI507837	Y	N		none	vcf_only
PI507838A	Y	N		none	vcf_only
PI507838B	Y	N		none	vcf_only
PI507839	Y	N		none	vcf_only
PI507840	Y	N		none	vcf_only
PI507841A	Y	N		none	vcf_only
PI507841B	Y	N		none	vcf_only
PI507842	Y	N		none	vcf_only
PI507843	Y	N		none	vcf_only
PI507844A	Y	N		none	vcf_only
PI507844B	Y	N		none	vcf_only
PI507845	Y	N		none	vcf_only
PI507846	Y	N		none	vcf_only
PI507847	Y	Y	PI507847	exact	matched_exact
PI508060	Y	N		none	vcf_only
PI508063	Y	N		none	vcf_only
PI508064	Y	N		none	vcf_only
PI508066	Y	N		none	vcf_only
PI508067	Y	N		none	vcf_only
PI508069	Y	N		none	vcf_only
PI508083	Y	Y	PI508083	exact	matched_exact
PI508084	Y	Y	PI508084	exact	matched_exact
PI508266	Y	Y	PI508266	exact	matched_exact
PI508267	Y	Y	PI508267	exact	matched_exact
PI508268	Y	Y	PI508268	exact	matched_exact
PI508269	Y	Y	PI508269	exact	matched_exact
PI508293	Y	Y	PI508293	exact	matched_exact
PI508294	Y	Y	PI508294	exact	matched_exact
PI508295	Y	Y	PI508295	exact	matched_exact
PI508296A	Y	Y	PI508296A	exact	matched_exact
PI508296B	Y	Y	PI508296B	exact	matched_exact
PI508296C	Y	Y	PI508296C	exact	matched_exact
PI508296D	Y	Y	PI508296D	exact	matched_exact
PI508296E	Y	Y	PI508296E	exact	matched_exact
PI508296F	Y	Y	PI508296F	exact	matched_exact
PI508296G	Y	Y	PI508296G	exact	matched_exact
PI508296H	Y	Y	PI508296H	exact	matched_exact
PI508297	Y	Y	PI508297	exact	matched_exact
PI508298	Y	Y	PI508298	exact	matched_exact
PI509044	Y	Y	PI509044	exact	matched_exact
PI509075	Y	Y	PI509075	exact	matched_exact
PI509076	Y	Y	PI509076	exact	matched_exact
PI509077	Y	Y	PI509077	exact	matched_exact
PI509078	Y	Y	PI509078	exact	matched_exact
PI509079	Y	Y	PI509079	exact	matched_exact
PI509080	Y	Y	PI509080	exact	matched_exact
PI509081	Y	Y	PI509081	exact	matched_exact
PI509082	Y	Y	PI509082	exact	matched_exact
PI509083	Y	Y	PI509083	exact	matched_exact
PI509084	Y	Y	PI509084	exact	matched_exact
PI509085	Y	Y	PI509085	exact	matched_exact
PI509086	Y	Y	PI509086	exact	matched_exact
PI509087	Y	Y	PI509087	exact	matched_exact
PI509088	Y	Y	PI509088	exact	matched_exact
PI509089	Y	Y	PI509089	exact	matched_exact
PI509090	Y	Y	PI509090	exact	matched_exact
PI509091A	Y	Y	PI509091A	exact	matched_exact
PI509091B	Y	Y	PI509091B	exact	matched_exact
PI509092	Y	Y	PI509092	exact	matched_exact
PI509093	Y	Y	PI509093	exact	matched_exact
PI509094	Y	Y	PI509094	exact	matched_exact
PI509095	Y	Y	PI509095	exact	matched_exact
PI509096	Y	Y	PI509096	exact	matched_exact
PI509097	Y	Y	PI509097	exact	matched_exact
PI509098	Y	Y	PI509098	exact	matched_exact
PI509099	Y	Y	PI509099	exact	matched_exact
PI509100	Y	Y	PI509100	exact	matched_exact
PI509101	Y	Y	PI509101	exact	matched_exact
PI509102	Y	Y	PI509102	exact	matched_exact
PI509103	Y	Y	PI509103	exact	matched_exact
PI509104	Y	Y	PI509104	exact	matched_exact
PI509105	Y	Y	PI509105	exact	matched_exact
PI509106	Y	Y	PI509106	exact	matched_exact
PI509107	Y	Y	PI509107	exact	matched_exact
PI509108	Y	Y	PI509108	exact	matched_exact
PI509109	Y	Y	PI509109	exact	matched_exact
PI509110A	Y	Y	PI509110A	exact	matched_exact
PI509110B	Y	Y	PI509110B	exact	matched_exact
PI509111	Y	Y	PI509111	exact	matched_exact
PI509112	Y	Y	PI509112	exact	matched_exact
PI509113	Y	Y	PI509113	exact	matched_exact
PI509451	N	Y		none	phenotype_only
PI509452	N	Y		none	phenotype_only
PI509454	N	Y		none	phenotype_only
PI509455	N	Y		none	phenotype_only
PI509456	N	Y		none	phenotype_only
PI509457	N	Y		none	phenotype_only
PI509458	N	Y		none	phenotype_only
PI509459	N	Y		none	phenotype_only
PI509460	N	Y		none	phenotype_only
PI509461	N	Y		none	phenotype_only
PI509462	N	Y		none	phenotype_only
PI509463	N	Y		none	phenotype_only
PI509464	N	Y		none	phenotype_only
PI509465	N	Y		none	phenotype_only
PI509466	N	Y		none	phenotype_only
PI509467	N	Y		none	phenotype_only
PI509468	N	Y		none	phenotype_only
PI509469	N	Y		none	phenotype_only
PI509470	N	Y		none	phenotype_only
PI509471	N	Y		none	phenotype_only
PI509472	N	Y		none	phenotype_only
PI509473	N	Y		none	phenotype_only
PI509474	N	Y		none	phenotype_only
PI509475	N	Y		none	phenotype_only
PI509476	N	Y		none	phenotype_only
PI509477	N	Y		none	phenotype_only
PI509478	N	Y		none	phenotype_only
PI509479	N	Y		none	phenotype_only
PI509480	N	Y		none	phenotype_only
PI509481	N	Y		none	phenotype_only
PI509483	N	Y		none	phenotype_only
PI509484	N	Y		none	phenotype_only
PI509485	N	Y		none	phenotype_only
PI509486	N	Y		none	phenotype_only
PI509487	N	Y		none	phenotype_only
PI509489	N	Y		none	phenotype_only
PI509490	N	Y		none	phenotype_only
PI509491	N	Y		none	phenotype_only
PI509492	N	Y		none	phenotype_only
PI509493	N	Y		none	phenotype_only
PI509494	N	Y		none	phenotype_only
PI509495	N	Y		none	phenotype_only
PI509496	N	Y		none	phenotype_only
PI509497	N	Y		none	phenotype_only
PI509498	N	Y		none	phenotype_only
PI509499	N	Y		none	phenotype_only
PI509500	N	Y		none	phenotype_only
PI509501	N	Y		none	phenotype_only
PI509502	N	Y		none	phenotype_only
PI509547	Y	Y	PI509547	exact	matched_exact
PI510670	Y	Y	PI510670	exact	matched_exact
PI510675	Y	Y	PI510675	exact	matched_exact
PI511356	Y	Y	PI511356	exact	matched_exact
PI511357	Y	Y	PI511357	exact	matched_exact
PI511361	Y	Y	PI511361	exact	matched_exact
PI511813	Y	Y	PI511813	exact	matched_exact
PI511866	Y	Y	PI511866	exact	matched_exact
PI511867	Y	Y	PI511867	exact	matched_exact
PI511868	Y	Y	PI511868	exact	matched_exact
PI511869	Y	Y	PI511869	exact	matched_exact
PI512039	Y	Y	PI512039	exact	matched_exact
PI512322A	Y	Y	PI512322A	exact	matched_exact
PI512322B	Y	Y	PI512322B	exact	matched_exact
PI512322C	Y	Y	PI512322C	exact	matched_exact
PI512322D	Y	Y	PI512322D	exact	matched_exact
PI512323	Y	Y	PI512323	exact	matched_exact
PI512324	Y	Y	PI512324	exact	matched_exact
PI513382	Y	Y	PI513382	exact	matched_exact
PI514671	Y	Y	PI514671	exact	matched_exact
PI514672	Y	Y	PI514672	exact	matched_exact
PI514674	Y	N		none	vcf_only
PI515960	Y	Y	PI515960	exact	matched_exact
PI515961	Y	Y	PI515961	exact	matched_exact
PI518279	Y	N		none	vcf_only
PI518280	Y	N		none	vcf_only
PI518281	Y	Y	PI518281	exact	matched_exact
PI518282	Y	Y	PI518282	exact	matched_exact
PI518283	Y	Y	PI518283	exact	matched_exact
PI518284	Y	Y	PI518284	exact	matched_exact
PI518285	Y	Y	PI518285	exact	matched_exact
PI518286	Y	Y	PI518286	exact	matched_exact
PI518287	Y	Y	PI518287	exact	matched_exact
PI518288	Y	Y	PI518288	exact	matched_exact
PI518290	Y	Y	PI518290	exact	matched_exact
PI518291A	Y	Y	PI518291A	exact	matched_exact
PI518291B	Y	Y	PI518291B	exact	matched_exact
PI518291C	Y	Y	PI518291C	exact	matched_exact
PI518295	Y	Y	PI518295	exact	matched_exact
PI518296	Y	Y	PI518296	exact	matched_exact
PI518297	Y	Y	PI518297	exact	matched_exact
PI518663	Y	Y	PI518663	exact	matched_exact
PI518664	Y	Y	PI518664	exact	matched_exact
PI518665	Y	Y	PI518665	exact	matched_exact
PI518666	N	Y		none	phenotype_only
PI518667	Y	Y	PI518667	exact	matched_exact
PI518668	Y	Y	PI518668	exact	matched_exact
PI518669	Y	Y	PI518669	exact	matched_exact
PI518670	Y	Y	PI518670	exact	matched_exact
PI518671	Y	Y	PI518671	exact	matched_exact
PI518672	Y	Y	PI518672	exact	matched_exact
PI518673	Y	Y	PI518673	exact	matched_exact
PI518674	Y	Y	PI518674	exact	matched_exact
PI518675	Y	Y	PI518675	exact	matched_exact
PI518676	Y	Y	PI518676	exact	matched_exact
PI518677	Y	Y	PI518677	exact	matched_exact
PI518702	Y	Y	PI518702	exact	matched_exact
PI518703	Y	Y	PI518703	exact	matched_exact
PI518704	Y	Y	PI518704	exact	matched_exact
PI518705	Y	Y	PI518705	exact	matched_exact
PI518706A	Y	Y	PI518706A	exact	matched_exact
PI518706B	Y	Y	PI518706B	exact	matched_exact
PI518706C	Y	Y	PI518706C	exact	matched_exact
PI518707	Y	Y	PI518707	exact	matched_exact
PI518708	Y	Y	PI518708	exact	matched_exact
PI518709	Y	Y	PI518709	exact	matched_exact
PI518710	Y	Y	PI518710	exact	matched_exact
PI518711	Y	Y	PI518711	exact	matched_exact
PI518712	Y	Y	PI518712	exact	matched_exact
PI518715	Y	Y	PI518715	exact	matched_exact
PI518716	Y	Y	PI518716	exact	matched_exact
PI518718A	Y	Y	PI518718A	exact	matched_exact
PI518718B	Y	Y	PI518718B	exact	matched_exact
PI518719	Y	Y	PI518719	exact	matched_exact
PI518720	Y	Y	PI518720	exact	matched_exact
PI518721	Y	Y	PI518721	exact	matched_exact
PI518722	Y	Y	PI518722	exact	matched_exact
PI518723	Y	Y	PI518723	exact	matched_exact
PI518726	Y	Y	PI518726	exact	matched_exact
PI518727	Y	Y	PI518727	exact	matched_exact
PI518728	Y	Y	PI518728	exact	matched_exact
PI518729	Y	Y	PI518729	exact	matched_exact
PI518750	Y	Y	PI518750	exact	matched_exact
PI518751	Y	Y	PI518751	exact	matched_exact
PI518752	Y	Y	PI518752	exact	matched_exact
PI518753	Y	Y	PI518753	exact	matched_exact
PI518754	Y	Y	PI518754	exact	matched_exact
PI518756	Y	Y	PI518756	exact	matched_exact
PI518757	Y	Y	PI518757	exact	matched_exact
PI518758	Y	Y	PI518758	exact	matched_exact
PI518759	Y	Y	PI518759	exact	matched_exact
PI518771	Y	Y	PI518771	exact	matched_exact
PI518772	Y	Y	PI518772	exact	matched_exact
PI518825	Y	Y	PI518825	exact	matched_exact
PI518829	Y	Y	PI518829	exact	matched_exact
PI518830	Y	Y	PI518830	exact	matched_exact
PI518831	Y	Y	PI518831	exact	matched_exact
PI518833	Y	Y	PI518833	exact	matched_exact
PI520732	Y	Y	PI520732	exact	matched_exact
PI520733	N	Y		none	phenotype_only
PI522179	Y	N		none	vcf_only
PI522180	Y	N		none	vcf_only
PI522181	Y	N		none	vcf_only
PI522182A	Y	N		none	vcf_only
PI522182B	Y	N		none	vcf_only
PI522183A	Y	N		none	vcf_only
PI522183B	Y	N		none	vcf_only
PI522184	Y	N		none	vcf_only
PI522186	Y	Y	PI522186	exact	matched_exact
PI522187	Y	Y	PI522187	exact	matched_exact
PI522188A	Y	Y	PI522188A	exact	matched_exact
PI522188B	Y	Y	PI522188B	exact	matched_exact
PI522189	Y	Y	PI522189	exact	matched_exact
PI522190	Y	Y	PI522190	exact	matched_exact
PI522191	Y	Y	PI522191	exact	matched_exact
PI522192A	Y	Y	PI522192A	exact	matched_exact
PI522192B	Y	Y	PI522192B	exact	matched_exact
PI522193	Y	N		none	vcf_only
PI522194A	Y	N		none	vcf_only
PI522194B	Y	N		none	vcf_only
PI522195	Y	N		none	vcf_only
PI522196A	Y	N		none	vcf_only
PI522196B	Y	N		none	vcf_only
PI522197	Y	N		none	vcf_only
PI522198A	Y	N		none	vcf_only
PI522198B	Y	N		none	vcf_only
PI522198C	Y	N		none	vcf_only
PI522199	Y	N		none	vcf_only
PI522200A	Y	N		none	vcf_only
PI522200B	Y	N		none	vcf_only
PI522201	Y	N		none	vcf_only
PI522202	Y	N		none	vcf_only
PI522203	Y	N		none	vcf_only
PI522204	Y	N		none	vcf_only
PI522205A	Y	N		none	vcf_only
PI522205B	Y	N		none	vcf_only
PI522206	Y	Y	PI522206	exact	matched_exact
PI522207A	Y	N		none	vcf_only
PI522207B	Y	N		none	vcf_only
PI522208A	Y	N		none	vcf_only
PI522208B	Y	N		none	vcf_only
PI522209A	Y	N		none	vcf_only
PI522209B	Y	N		none	vcf_only
PI522210	Y	N		none	vcf_only
PI522211A	Y	N		none	vcf_only
PI522211B	Y	N		none	vcf_only
PI522211C	Y	N		none	vcf_only
PI522212A	Y	N		none	vcf_only
PI522212B	Y	N		none	vcf_only
PI522213A	Y	N		none	vcf_only
PI522213B	Y	N		none	vcf_only
PI522214A	Y	N		none	vcf_only
PI522214B	Y	N		none	vcf_only
PI522215	Y	N		none	vcf_only
PI522216	Y	N		none	vcf_only
PI522217	Y	N		none	vcf_only
PI522218	Y	N		none	vcf_only
PI522219A	Y	N		none	vcf_only
PI522219B	Y	N		none	vcf_only
PI522220A	Y	N		none	vcf_only
PI522220B	Y	N		none	vcf_only
PI522221	Y	N		none	vcf_only
PI522222	Y	N		none	vcf_only
PI522223	Y	N		none	vcf_only
PI522224A	Y	N		none	vcf_only
PI522224B	Y	N		none	vcf_only
PI522225A	Y	N		none	vcf_only
PI522225B	Y	N		none	vcf_only
PI522226	Y	N		none	vcf_only
PI522227	Y	N		none	vcf_only
PI522228	Y	N		none	vcf_only
PI522229	Y	N		none	vcf_only
PI522230A	Y	N		none	vcf_only
PI522230B	Y	N		none	vcf_only
PI522230C	Y	N		none	vcf_only
PI522231A	Y	N		none	vcf_only
PI522231B	Y	N		none	vcf_only
PI522232	Y	N		none	vcf_only
PI522233	Y	N		none	vcf_only
PI522234	Y	N		none	vcf_only
PI522235A	Y	N		none	vcf_only
PI522235B	Y	N		none	vcf_only
PI522235C	Y	N		none	vcf_only
PI522236	Y	Y	PI522236	exact	matched_exact
PI524993	Y	Y	PI524993	exact	matched_exact
PI524994	Y	Y	PI524994	exact	matched_exact
PI525453	Y	Y	PI525453	exact	matched_exact
PI525454	Y	Y	PI525454	exact	matched_exact
PI525492	Y	Y	PI525492	exact	matched_exact
PI527701	N	Y		none	phenotype_only
PI527702	N	Y		none	phenotype_only
PI527703	N	Y		none	phenotype_only
PI527704	Y	Y	PI527704	exact	matched_exact
PI531068	Y	Y	PI531068	exact	matched_exact
PI531519	Y	Y	PI531519	exact	matched_exact
PI531520	Y	Y	PI531520	exact	matched_exact
PI532434	Y	Y	PI532434	exact	matched_exact
PI532436A	Y	Y	PI532436A	exact	matched_exact
PI532436B	Y	Y	PI532436B	exact	matched_exact
PI532437	Y	Y	PI532437	exact	matched_exact
PI532438	Y	Y	PI532438	exact	matched_exact
PI532439	Y	Y	PI532439	exact	matched_exact
PI532441A	Y	Y	PI532441A	exact	matched_exact
PI532441B	Y	Y	PI532441B	exact	matched_exact
PI532442	Y	Y	PI532442	exact	matched_exact
PI532443	Y	Y	PI532443	exact	matched_exact
PI532444A	Y	Y	PI532444A	exact	matched_exact
PI532444B	Y	Y	PI532444B	exact	matched_exact
PI532445	Y	Y	PI532445	exact	matched_exact
PI532446	Y	Y	PI532446	exact	matched_exact
PI532447	Y	Y	PI532447	exact	matched_exact
PI532448	Y	Y	PI532448	exact	matched_exact
PI532449	Y	N		none	vcf_only
PI532450	Y	N		none	vcf_only
PI532451	Y	N		none	vcf_only
PI532452A	Y	N		none	vcf_only
PI532452B	Y	N		none	vcf_only
PI532453A	Y	N		none	vcf_only
PI532453B	Y	N		none	vcf_only
PI532454	Y	Y	PI532454	exact	matched_exact
PI532455A	Y	Y	PI532455A	exact	matched_exact
PI532455B	Y	Y	PI532455B	exact	matched_exact
PI532456	Y	Y	PI532456	exact	matched_exact
PI532457	Y	Y	PI532457	exact	matched_exact
PI532458	Y	Y	PI532458	exact	matched_exact
PI532459	Y	Y	PI532459	exact	matched_exact
PI532460A	Y	Y	PI532460A	exact	matched_exact
PI532460B	Y	Y	PI532460B	exact	matched_exact
PI532461	Y	Y	PI532461	exact	matched_exact
PI532462A	Y	Y	PI532462A	exact	matched_exact
PI532462B	Y	Y	PI532462B	exact	matched_exact
PI532463A	Y	Y	PI532463A	exact	matched_exact
PI532463B	Y	Y	PI532463B	exact	matched_exact
PI532464	Y	Y	PI532464	exact	matched_exact
PI532465	Y	Y	PI532465	exact	matched_exact
PI532466A	Y	Y	PI532466A	exact	matched_exact
PI532466B	Y	Y	PI532466B	exact	matched_exact
PI532467	Y	Y	PI532467	exact	matched_exact
PI532468	Y	Y	PI532468	exact	matched_exact
PI532469	Y	Y	PI532469	exact	matched_exact
PI532471	Y	Y	PI532471	exact	matched_exact
PI532472	Y	Y	PI532472	exact	matched_exact
PI532473	Y	Y	PI532473	exact	matched_exact
PI532833	Y	Y	PI532833	exact	matched_exact
PI532834	Y	Y	PI532834	exact	matched_exact
PI533601	Y	Y	PI533601	exact	matched_exact
PI533602	Y	Y	PI533602	exact	matched_exact
PI533604	Y	Y	PI533604	exact	matched_exact
PI533605	Y	Y	PI533605	exact	matched_exact
PI533654	Y	Y	PI533654	exact	matched_exact
PI533655	Y	Y	PI533655	exact	matched_exact
PI533656	Y	Y	PI533656	exact	matched_exact
PI533657	Y	Y	PI533657	exact	matched_exact
PI534645	Y	Y	PI534645	exact	matched_exact
PI534646	Y	Y	PI534646	exact	matched_exact
PI534647	Y	Y	PI534647	exact	matched_exact
PI534648	Y	Y	PI534648	exact	matched_exact
PI535807	Y	Y	PI535807	exact	matched_exact
PI536009	Y	Y	PI536009	exact	matched_exact
PI536521	Y	Y	PI536521	exact	matched_exact
PI536547A	Y	Y	PI536547A	exact	matched_exact
PI536547B	Y	Y	PI536547B	exact	matched_exact
PI536547C	Y	Y	PI536547C	exact	matched_exact
PI536635	Y	Y	PI536635	exact	matched_exact
PI536636	Y	Y	PI536636	exact	matched_exact
PI536637	Y	Y	PI536637	exact	matched_exact
PI537094	Y	Y	PI537094	exact	matched_exact
PI537095	Y	Y	PI537095	exact	matched_exact
PI537096	Y	Y	PI537096	exact	matched_exact
PI537285	N	Y		none	phenotype_only
PI537286	N	Y		none	phenotype_only
PI537287	N	Y		none	phenotype_only
PI537288	N	Y		none	phenotype_only
PI537289	N	Y		none	phenotype_only
PI537290	N	Y		none	phenotype_only
PI537291	N	Y		none	phenotype_only
PI537292	N	Y		none	phenotype_only
PI537293	N	Y		none	phenotype_only
PI537294	N	Y		none	phenotype_only
PI538024	N	Y		none	phenotype_only
PI538375	Y	Y	PI538375	exact	matched_exact
PI538376	Y	Y	PI538376	exact	matched_exact
PI538377	Y	Y	PI538377	exact	matched_exact
PI538378	Y	Y	PI538378	exact	matched_exact
PI538380	Y	Y	PI538380	exact	matched_exact
PI538381	Y	Y	PI538381	exact	matched_exact
PI538382	Y	Y	PI538382	exact	matched_exact
PI538383	Y	Y	PI538383	exact	matched_exact
PI538385A	Y	Y	PI538385A	exact	matched_exact
PI538385B	Y	Y	PI538385B	exact	matched_exact
PI538386A	Y	Y	PI538386A	exact	matched_exact
PI538386B	Y	Y	PI538386B	exact	matched_exact
PI538387	Y	Y	PI538387	exact	matched_exact
PI538388	Y	Y	PI538388	exact	matched_exact
PI538389	Y	Y	PI538389	exact	matched_exact
PI538390	Y	Y	PI538390	exact	matched_exact
PI538391	Y	Y	PI538391	exact	matched_exact
PI538392	Y	Y	PI538392	exact	matched_exact
PI538393	Y	Y	PI538393	exact	matched_exact
PI538394	Y	Y	PI538394	exact	matched_exact
PI538395	Y	Y	PI538395	exact	matched_exact
PI538397	Y	Y	PI538397	exact	matched_exact
PI538398	Y	Y	PI538398	exact	matched_exact
PI538400	Y	Y	PI538400	exact	matched_exact
PI538401A	Y	Y	PI538401A	exact	matched_exact
PI538401B	Y	Y	PI538401B	exact	matched_exact
PI538402A	Y	Y	PI538402A	exact	matched_exact
PI538402B	Y	Y	PI538402B	exact	matched_exact
PI538403	Y	Y	PI538403	exact	matched_exact
PI538404	Y	Y	PI538404	exact	matched_exact
PI538405	Y	Y	PI538405	exact	matched_exact
PI538406	Y	Y	PI538406	exact	matched_exact
PI538407	Y	Y	PI538407	exact	matched_exact
PI538408	Y	Y	PI538408	exact	matched_exact
PI538409	Y	Y	PI538409	exact	matched_exact
PI538410A	Y	Y	PI538410A	exact	matched_exact
PI538410B	Y	Y	PI538410B	exact	matched_exact
PI538411A	Y	N		none	vcf_only
PI538411B	Y	N		none	vcf_only
PI538774	N	Y		none	phenotype_only
PI538781	N	Y		none	phenotype_only
PI539860	Y	Y	PI539860	exact	matched_exact
PI539861	Y	Y	PI539861	exact	matched_exact
PI539862	Y	Y	PI539862	exact	matched_exact
PI539863	Y	Y	PI539863	exact	matched_exact
PI539864	Y	Y	PI539864	exact	matched_exact
PI539865	Y	Y	PI539865	exact	matched_exact
PI539866	Y	Y	PI539866	exact	matched_exact
PI539867	Y	Y	PI539867	exact	matched_exact
PI539936	Y	Y	PI539936	exact	matched_exact
PI540451	N	Y		none	phenotype_only
PI540452	Y	Y	PI540452	exact	matched_exact
PI540453	N	Y		none	phenotype_only
PI540454	N	Y		none	phenotype_only
PI540551	Y	Y	PI540551	exact	matched_exact
PI540552	Y	Y	PI540552	exact	matched_exact
PI540553	Y	Y	PI540553	exact	matched_exact
PI540554	Y	Y	PI540554	exact	matched_exact
PI540555	Y	Y	PI540555	exact	matched_exact
PI540556	Y	Y	PI540556	exact	matched_exact
PI540739	Y	Y	PI540739	exact	matched_exact
PI540740	Y	Y	PI540740	exact	matched_exact
PI540876	N	Y		none	phenotype_only
PI540880	N	Y		none	phenotype_only
PI540881	N	Y		none	phenotype_only
PI540882	N	Y		none	phenotype_only
PI540883	N	Y		none	phenotype_only
PI540884	N	Y		none	phenotype_only
PI542042	Y	Y	PI542042	exact	matched_exact
PI542043	Y	Y	PI542043	exact	matched_exact
PI542044	Y	Y	PI542044	exact	matched_exact
PI542045	Y	Y	PI542045	exact	matched_exact
PI542046	Y	Y	PI542046	exact	matched_exact
PI542053	N	Y		none	phenotype_only
PI542055	N	Y		none	phenotype_only
PI542056	N	Y		none	phenotype_only
PI542057	N	Y		none	phenotype_only
PI542058	N	Y		none	phenotype_only
PI542059	N	Y		none	phenotype_only
PI542060	N	Y		none	phenotype_only
PI542061	N	Y		none	phenotype_only
PI542062	N	Y		none	phenotype_only
PI542064	N	Y		none	phenotype_only
PI542065	N	Y		none	phenotype_only
PI542067	N	Y		none	phenotype_only
PI542071	N	Y		none	phenotype_only
PI542392	N	Y		none	phenotype_only
PI542393	N	Y		none	phenotype_only
PI542399	N	Y		none	phenotype_only
PI542402	Y	Y	PI542402	exact	matched_exact
PI542403	Y	Y	PI542403	exact	matched_exact
PI542404	Y	Y	PI542404	exact	matched_exact
PI542709	Y	Y	PI542709	exact	matched_exact
PI542710	Y	Y	PI542710	exact	matched_exact
PI542711	Y	Y	PI542711	exact	matched_exact
PI542712	Y	Y	PI542712	exact	matched_exact
PI542768	Y	Y	PI542768	exact	matched_exact
PI542769	Y	Y	PI542769	exact	matched_exact
PI542972	Y	Y	PI542972	exact	matched_exact
PI542982	N	Y		none	phenotype_only
PI543793	Y	Y	PI543793	exact	matched_exact
PI543794	Y	Y	PI543794	exact	matched_exact
PI543795	Y	Y	PI543795	exact	matched_exact
PI543832	Y	Y	PI543832	exact	matched_exact
PI543855	Y	Y	PI543855	exact	matched_exact
PI543856	Y	Y	PI543856	exact	matched_exact
PI543857	Y	Y	PI543857	exact	matched_exact
PI543932	N	Y		none	phenotype_only
PI543933	N	Y		none	phenotype_only
PI543934	N	Y		none	phenotype_only
PI543935	N	Y		none	phenotype_only
PI543936	N	Y		none	phenotype_only
PI544354	Y	Y	PI544354	exact	matched_exact
PI54583	Y	N	PI054583	zero_pad_candidate	ambiguous
PI54591	Y	N	PI054591	zero_pad_candidate	ambiguous
PI54592	Y	N	PI054592	zero_pad_candidate	ambiguous
PI54600	Y	N	PI054600	zero_pad_candidate	ambiguous
PI546038	Y	Y	PI546038	exact	matched_exact
PI546039	Y	Y	PI546039	exact	matched_exact
PI54604	Y	N	PI054604	zero_pad_candidate	ambiguous
PI546040	Y	Y	PI546040	exact	matched_exact
PI546041	Y	Y	PI546041	exact	matched_exact
PI546042	Y	Y	PI546042	exact	matched_exact
PI546043	Y	Y	PI546043	exact	matched_exact
PI546044	Y	Y	PI546044	exact	matched_exact
PI546045	Y	Y	PI546045	exact	matched_exact
PI546046	Y	Y	PI546046	exact	matched_exact
PI546047	Y	Y	PI546047	exact	matched_exact
PI546048	Y	Y	PI546048	exact	matched_exact
PI546049	Y	Y	PI546049	exact	matched_exact
PI546050	Y	Y	PI546050	exact	matched_exact
PI546051	Y	Y	PI546051	exact	matched_exact
PI546052	Y	Y	PI546052	exact	matched_exact
PI546053	Y	Y	PI546053	exact	matched_exact
PI54606-1	Y	N	PI054606-1	zero_pad_candidate	ambiguous
PI54606-2	Y	N	PI054606-2	zero_pad_candidate	ambiguous
PI54607	Y	N	PI054607	zero_pad_candidate	ambiguous
PI54608	Y	N	PI054608	zero_pad_candidate	ambiguous
PI54608-1	Y	N	PI054608-1	zero_pad_candidate	ambiguous
PI54608-2	Y	N	PI054608-2	zero_pad_candidate	ambiguous
PI54608-3	Y	N	PI054608-3	zero_pad_candidate	ambiguous
PI54608-4	Y	N	PI054608-4	zero_pad_candidate	ambiguous
PI54608-5	Y	N	PI054608-5	zero_pad_candidate	ambiguous
PI54609	Y	N	PI054609	zero_pad_candidate	ambiguous
PI54610	Y	N	PI054610	zero_pad_candidate	ambiguous
PI54610-1	Y	N	PI054610-1	zero_pad_candidate	ambiguous
PI54610-4	Y	N	PI054610-4	zero_pad_candidate	ambiguous
PI54613	Y	N	PI054613	zero_pad_candidate	ambiguous
PI54614	Y	N	PI054614	zero_pad_candidate	ambiguous
PI54615	Y	N	PI054615	zero_pad_candidate	ambiguous
PI54615-1	Y	N	PI054615-1	zero_pad_candidate	ambiguous
PI54615-2	Y	N	PI054615-2	zero_pad_candidate	ambiguous
PI54617	Y	N	PI054617	zero_pad_candidate	ambiguous
PI54618	Y	N	PI054618	zero_pad_candidate	ambiguous
PI54619	Y	N	PI054619	zero_pad_candidate	ambiguous
PI54620	Y	N	PI054620	zero_pad_candidate	ambiguous
PI54620-2	Y	N	PI054620-2	zero_pad_candidate	ambiguous
PI546373	Y	Y	PI546373	exact	matched_exact
PI546374	Y	Y	PI546374	exact	matched_exact
PI546375	Y	Y	PI546375	exact	matched_exact
PI546480	N	Y		none	phenotype_only
PI546487	Y	Y	PI546487	exact	matched_exact
PI546957	N	Y		none	phenotype_only
PI546958	N	Y		none	phenotype_only
PI546959	N	Y		none	phenotype_only
PI546960	N	Y		none	phenotype_only
PI546961	N	Y		none	phenotype_only
PI546962	N	Y		none	phenotype_only
PI546963	N	Y		none	phenotype_only
PI546964	N	Y		none	phenotype_only
PI546965	N	Y		none	phenotype_only
PI546966	N	Y		none	phenotype_only
PI546967	N	Y		none	phenotype_only
PI546968	N	Y		none	phenotype_only
PI546969	N	Y		none	phenotype_only
PI546970	N	Y		none	phenotype_only
PI546971	N	Y		none	phenotype_only
PI546972	N	Y		none	phenotype_only
PI546973	N	Y		none	phenotype_only
PI546974	N	Y		none	phenotype_only
PI546975	N	Y		none	phenotype_only
PI546976	N	Y		none	phenotype_only
PI546977	N	Y		none	phenotype_only
PI546978	N	Y		none	phenotype_only
PI546979	N	Y		none	phenotype_only
PI546980	N	Y		none	phenotype_only
PI546981	N	Y		none	phenotype_only
PI546982	N	Y		none	phenotype_only
PI546983	N	Y		none	phenotype_only
PI546984	N	Y		none	phenotype_only
PI546985	N	Y		none	phenotype_only
PI546986	N	Y		none	phenotype_only
PI546987	N	Y		none	phenotype_only
PI546988	N	Y		none	phenotype_only
PI546989	N	Y		none	phenotype_only
PI546990	N	Y		none	phenotype_only
PI546991	N	Y		none	phenotype_only
PI546992	N	Y		none	phenotype_only
PI546993	N	Y		none	phenotype_only
PI546994	N	Y		none	phenotype_only
PI546995	N	Y		none	phenotype_only
PI546996	N	Y		none	phenotype_only
PI546997	N	Y		none	phenotype_only
PI546998	N	Y		none	phenotype_only
PI546999	N	Y		none	phenotype_only
PI547000	N	Y		none	phenotype_only
PI547001	N	Y		none	phenotype_only
PI547002	N	Y		none	phenotype_only
PI547003	N	Y		none	phenotype_only
PI547004	N	Y		none	phenotype_only
PI547005	N	Y		none	phenotype_only
PI547006	N	Y		none	phenotype_only
PI547007	N	Y		none	phenotype_only
PI547008	N	Y		none	phenotype_only
PI547009	N	Y		none	phenotype_only
PI547010	N	Y		none	phenotype_only
PI547011	N	Y		none	phenotype_only
PI547012	N	Y		none	phenotype_only
PI547013	N	Y		none	phenotype_only
PI547014	N	Y		none	phenotype_only
PI547015	N	Y		none	phenotype_only
PI547016	N	Y		none	phenotype_only
PI547017	N	Y		none	phenotype_only
PI547018	N	Y		none	phenotype_only
PI547019	N	Y		none	phenotype_only
PI547020	N	Y		none	phenotype_only
PI547021	N	Y		none	phenotype_only
PI547022	N	Y		none	phenotype_only
PI547023	N	Y		none	phenotype_only
PI547024	N	Y		none	phenotype_only
PI547025	N	Y		none	phenotype_only
PI547026	N	Y		none	phenotype_only
PI547027	N	Y		none	phenotype_only
PI547028	N	Y		none	phenotype_only
PI547029	N	Y		none	phenotype_only
PI547030	N	Y		none	phenotype_only
PI547031	N	Y		none	phenotype_only
PI547032	N	Y		none	phenotype_only
PI547033	N	Y		none	phenotype_only
PI547034	N	Y		none	phenotype_only
PI547094	Y	Y	PI547094	exact	matched_exact
PI547402	Y	Y	PI547402	exact	matched_exact
PI547403	Y	Y	PI547403	exact	matched_exact
PI547404	Y	Y	PI547404	exact	matched_exact
PI547405	Y	Y	PI547405	exact	matched_exact
PI547406	Y	Y	PI547406	exact	matched_exact
PI547407	Y	Y	PI547407	exact	matched_exact
PI547408	Y	Y	PI547408	exact	matched_exact
PI547409	Y	Y	PI547409	exact	matched_exact
PI547410	Y	Y	PI547410	exact	matched_exact
PI547411	Y	Y	PI547411	exact	matched_exact
PI547412	Y	Y	PI547412	exact	matched_exact
PI547413	Y	Y	PI547413	exact	matched_exact
PI547414	Y	Y	PI547414	exact	matched_exact
PI547415	Y	Y	PI547415	exact	matched_exact
PI547416	Y	Y	PI547416	exact	matched_exact
PI547417	Y	Y	PI547417	exact	matched_exact
PI547418	Y	Y	PI547418	exact	matched_exact
PI547419	Y	Y	PI547419	exact	matched_exact
PI547420	Y	Y	PI547420	exact	matched_exact
PI547421	Y	Y	PI547421	exact	matched_exact
PI547422	Y	Y	PI547422	exact	matched_exact
PI547423	Y	Y	PI547423	exact	matched_exact
PI547424	Y	Y	PI547424	exact	matched_exact
PI547425	Y	Y	PI547425	exact	matched_exact
PI547426	Y	Y	PI547426	exact	matched_exact
PI547427	Y	Y	PI547427	exact	matched_exact
PI547428	Y	Y	PI547428	exact	matched_exact
PI547429	Y	Y	PI547429	exact	matched_exact
PI547430	Y	Y	PI547430	exact	matched_exact
PI547431	Y	Y	PI547431	exact	matched_exact
PI547432	Y	Y	PI547432	exact	matched_exact
PI547433	Y	Y	PI547433	exact	matched_exact
PI547434	Y	Y	PI547434	exact	matched_exact
PI547435	Y	Y	PI547435	exact	matched_exact
PI547436	Y	Y	PI547436	exact	matched_exact
PI547437	Y	Y	PI547437	exact	matched_exact
PI547438	Y	Y	PI547438	exact	matched_exact
PI547439	Y	Y	PI547439	exact	matched_exact
PI547440	Y	Y	PI547440	exact	matched_exact
PI547441	Y	Y	PI547441	exact	matched_exact
PI547442	Y	Y	PI547442	exact	matched_exact
PI547443	Y	Y	PI547443	exact	matched_exact
PI547444	Y	Y	PI547444	exact	matched_exact
PI547445	Y	Y	PI547445	exact	matched_exact
PI547446	Y	Y	PI547446	exact	matched_exact
PI547447	Y	Y	PI547447	exact	matched_exact
PI547448	Y	Y	PI547448	exact	matched_exact
PI547449	Y	Y	PI547449	exact	matched_exact
PI547450	Y	Y	PI547450	exact	matched_exact
PI547451	Y	Y	PI547451	exact	matched_exact
PI547452	Y	Y	PI547452	exact	matched_exact
PI547453	Y	Y	PI547453	exact	matched_exact
PI547454	Y	Y	PI547454	exact	matched_exact
PI547455	Y	Y	PI547455	exact	matched_exact
PI547456	Y	Y	PI547456	exact	matched_exact
PI547457	Y	Y	PI547457	exact	matched_exact
PI547458	Y	Y	PI547458	exact	matched_exact
PI547459	Y	Y	PI547459	exact	matched_exact
PI547460	Y	Y	PI547460	exact	matched_exact
PI547461	Y	Y	PI547461	exact	matched_exact
PI547462	Y	Y	PI547462	exact	matched_exact
PI547463	Y	Y	PI547463	exact	matched_exact
PI547464	Y	Y	PI547464	exact	matched_exact
PI547465	Y	Y	PI547465	exact	matched_exact
PI547466	Y	Y	PI547466	exact	matched_exact
PI547467	Y	Y	PI547467	exact	matched_exact
PI547468	Y	Y	PI547468	exact	matched_exact
PI547469	Y	Y	PI547469	exact	matched_exact
PI547470	Y	Y	PI547470	exact	matched_exact
PI547471	Y	Y	PI547471	exact	matched_exact
PI547472	Y	Y	PI547472	exact	matched_exact
PI547473	Y	Y	PI547473	exact	matched_exact
PI547474	Y	Y	PI547474	exact	matched_exact
PI547475	Y	Y	PI547475	exact	matched_exact
PI547476	Y	Y	PI547476	exact	matched_exact
PI547477	Y	Y	PI547477	exact	matched_exact
PI547478	Y	Y	PI547478	exact	matched_exact
PI547479	Y	Y	PI547479	exact	matched_exact
PI547480	Y	Y	PI547480	exact	matched_exact
PI547481	Y	Y	PI547481	exact	matched_exact
PI547482	Y	Y	PI547482	exact	matched_exact
PI547483	Y	Y	PI547483	exact	matched_exact
PI547484	Y	Y	PI547484	exact	matched_exact
PI547485	Y	Y	PI547485	exact	matched_exact
PI547486	Y	Y	PI547486	exact	matched_exact
PI547487	Y	Y	PI547487	exact	matched_exact
PI547488	Y	Y	PI547488	exact	matched_exact
PI547489	Y	Y	PI547489	exact	matched_exact
PI547490	Y	Y	PI547490	exact	matched_exact
PI547491	Y	Y	PI547491	exact	matched_exact
PI547492	Y	Y	PI547492	exact	matched_exact
PI547493	Y	Y	PI547493	exact	matched_exact
PI547494	Y	Y	PI547494	exact	matched_exact
PI547495	Y	Y	PI547495	exact	matched_exact
PI547496	Y	Y	PI547496	exact	matched_exact
PI547497	Y	Y	PI547497	exact	matched_exact
PI547498	Y	Y	PI547498	exact	matched_exact
PI547499	Y	Y	PI547499	exact	matched_exact
PI547500	Y	Y	PI547500	exact	matched_exact
PI547501	Y	Y	PI547501	exact	matched_exact
PI547502	Y	Y	PI547502	exact	matched_exact
PI547503	Y	Y	PI547503	exact	matched_exact
PI547504	Y	Y	PI547504	exact	matched_exact
PI547505	Y	Y	PI547505	exact	matched_exact
PI547506	Y	Y	PI547506	exact	matched_exact
PI547507	Y	Y	PI547507	exact	matched_exact
PI547508	Y	Y	PI547508	exact	matched_exact
PI547509	Y	Y	PI547509	exact	matched_exact
PI547510	Y	Y	PI547510	exact	matched_exact
PI547511	Y	Y	PI547511	exact	matched_exact
PI547512	Y	Y	PI547512	exact	matched_exact
PI547513	Y	Y	PI547513	exact	matched_exact
PI547514	Y	Y	PI547514	exact	matched_exact
PI547515	Y	Y	PI547515	exact	matched_exact
PI547516	Y	Y	PI547516	exact	matched_exact
PI547517	Y	Y	PI547517	exact	matched_exact
PI547518	Y	Y	PI547518	exact	matched_exact
PI547519	Y	Y	PI547519	exact	matched_exact
PI547520	Y	Y	PI547520	exact	matched_exact
PI547521	Y	Y	PI547521	exact	matched_exact
PI547522	Y	Y	PI547522	exact	matched_exact
PI547523	Y	Y	PI547523	exact	matched_exact
PI547524	Y	Y	PI547524	exact	matched_exact
PI547525	Y	Y	PI547525	exact	matched_exact
PI547526	Y	Y	PI547526	exact	matched_exact
PI547527	Y	Y	PI547527	exact	matched_exact
PI547528	Y	Y	PI547528	exact	matched_exact
PI547529	Y	Y	PI547529	exact	matched_exact
PI547530	Y	Y	PI547530	exact	matched_exact
PI547531	Y	Y	PI547531	exact	matched_exact
PI547532	Y	Y	PI547532	exact	matched_exact
PI547533	Y	Y	PI547533	exact	matched_exact
PI547534	Y	Y	PI547534	exact	matched_exact
PI547535	Y	Y	PI547535	exact	matched_exact
PI547536	Y	Y	PI547536	exact	matched_exact
PI547537	Y	Y	PI547537	exact	matched_exact
PI547538	Y	Y	PI547538	exact	matched_exact
PI547539	Y	Y	PI547539	exact	matched_exact
PI547540	Y	Y	PI547540	exact	matched_exact
PI547541	Y	Y	PI547541	exact	matched_exact
PI547542	Y	Y	PI547542	exact	matched_exact
PI547543	Y	Y	PI547543	exact	matched_exact
PI547544	Y	Y	PI547544	exact	matched_exact
PI547545	Y	Y	PI547545	exact	matched_exact
PI547546	Y	Y	PI547546	exact	matched_exact
PI547547	Y	Y	PI547547	exact	matched_exact
PI547548	Y	Y	PI547548	exact	matched_exact
PI547549	Y	Y	PI547549	exact	matched_exact
PI547550	Y	Y	PI547550	exact	matched_exact
PI547551	Y	Y	PI547551	exact	matched_exact
PI547552	Y	Y	PI547552	exact	matched_exact
PI547553	Y	Y	PI547553	exact	matched_exact
PI547554	Y	Y	PI547554	exact	matched_exact
PI547555	Y	Y	PI547555	exact	matched_exact
PI547556	Y	Y	PI547556	exact	matched_exact
PI547557	Y	Y	PI547557	exact	matched_exact
PI547558	Y	Y	PI547558	exact	matched_exact
PI547559	Y	Y	PI547559	exact	matched_exact
PI547560	Y	Y	PI547560	exact	matched_exact
PI547561	Y	Y	PI547561	exact	matched_exact
PI547562	Y	Y	PI547562	exact	matched_exact
PI547563	Y	Y	PI547563	exact	matched_exact
PI547564	Y	Y	PI547564	exact	matched_exact
PI547565	Y	Y	PI547565	exact	matched_exact
PI547566	Y	Y	PI547566	exact	matched_exact
PI547567	Y	Y	PI547567	exact	matched_exact
PI547568	Y	Y	PI547568	exact	matched_exact
PI547569	Y	Y	PI547569	exact	matched_exact
PI547570	Y	Y	PI547570	exact	matched_exact
PI547571	Y	Y	PI547571	exact	matched_exact
PI547572	Y	Y	PI547572	exact	matched_exact
PI547573	Y	Y	PI547573	exact	matched_exact
PI547574	Y	Y	PI547574	exact	matched_exact
PI547575	Y	Y	PI547575	exact	matched_exact
PI547576	Y	Y	PI547576	exact	matched_exact
PI547577	Y	Y	PI547577	exact	matched_exact
PI547578	Y	Y	PI547578	exact	matched_exact
PI547579	Y	Y	PI547579	exact	matched_exact
PI547580	Y	Y	PI547580	exact	matched_exact
PI547581	Y	Y	PI547581	exact	matched_exact
PI547582	Y	Y	PI547582	exact	matched_exact
PI547583	Y	Y	PI547583	exact	matched_exact
PI547584	Y	Y	PI547584	exact	matched_exact
PI547585	Y	Y	PI547585	exact	matched_exact
PI547586	Y	Y	PI547586	exact	matched_exact
PI547587	Y	Y	PI547587	exact	matched_exact
PI547588	Y	Y	PI547588	exact	matched_exact
PI547589	Y	Y	PI547589	exact	matched_exact
PI547590	Y	Y	PI547590	exact	matched_exact
PI547591	Y	Y	PI547591	exact	matched_exact
PI547592	Y	Y	PI547592	exact	matched_exact
PI547593	Y	Y	PI547593	exact	matched_exact
PI547594	Y	Y	PI547594	exact	matched_exact
PI547595	Y	Y	PI547595	exact	matched_exact
PI547596	Y	Y	PI547596	exact	matched_exact
PI547597	Y	Y	PI547597	exact	matched_exact
PI547598	Y	Y	PI547598	exact	matched_exact
PI547599	Y	Y	PI547599	exact	matched_exact
PI547600	Y	Y	PI547600	exact	matched_exact
PI547601	Y	Y	PI547601	exact	matched_exact
PI547602	Y	Y	PI547602	exact	matched_exact
PI547603	Y	Y	PI547603	exact	matched_exact
PI547604	Y	Y	PI547604	exact	matched_exact
PI547605	Y	Y	PI547605	exact	matched_exact
PI547606	Y	Y	PI547606	exact	matched_exact
PI547607	Y	Y	PI547607	exact	matched_exact
PI547608	Y	Y	PI547608	exact	matched_exact
PI547609	Y	Y	PI547609	exact	matched_exact
PI547610	Y	Y	PI547610	exact	matched_exact
PI547611	Y	Y	PI547611	exact	matched_exact
PI547612	Y	Y	PI547612	exact	matched_exact
PI547613	Y	Y	PI547613	exact	matched_exact
PI547614	Y	Y	PI547614	exact	matched_exact
PI547615	Y	Y	PI547615	exact	matched_exact
PI547616	Y	Y	PI547616	exact	matched_exact
PI547617	Y	Y	PI547617	exact	matched_exact
PI547618	Y	Y	PI547618	exact	matched_exact
PI547619	Y	Y	PI547619	exact	matched_exact
PI547620	Y	Y	PI547620	exact	matched_exact
PI547621	Y	Y	PI547621	exact	matched_exact
PI547622	Y	Y	PI547622	exact	matched_exact
PI547623	Y	Y	PI547623	exact	matched_exact
PI547624	Y	Y	PI547624	exact	matched_exact
PI547625	Y	Y	PI547625	exact	matched_exact
PI547626	Y	Y	PI547626	exact	matched_exact
PI547627	Y	Y	PI547627	exact	matched_exact
PI547628	Y	Y	PI547628	exact	matched_exact
PI547629	Y	Y	PI547629	exact	matched_exact
PI547630	Y	Y	PI547630	exact	matched_exact
PI547631	Y	Y	PI547631	exact	matched_exact
PI547632	Y	Y	PI547632	exact	matched_exact
PI547633	Y	Y	PI547633	exact	matched_exact
PI547634	Y	Y	PI547634	exact	matched_exact
PI547635	Y	Y	PI547635	exact	matched_exact
PI547636	Y	Y	PI547636	exact	matched_exact
PI547637	Y	Y	PI547637	exact	matched_exact
PI547638	Y	Y	PI547638	exact	matched_exact
PI547639	Y	Y	PI547639	exact	matched_exact
PI547640	Y	Y	PI547640	exact	matched_exact
PI547641	Y	Y	PI547641	exact	matched_exact
PI547642	Y	Y	PI547642	exact	matched_exact
PI547643	Y	Y	PI547643	exact	matched_exact
PI547644	Y	Y	PI547644	exact	matched_exact
PI547645	Y	Y	PI547645	exact	matched_exact
PI547646	Y	Y	PI547646	exact	matched_exact
PI547647	Y	Y	PI547647	exact	matched_exact
PI547648	Y	Y	PI547648	exact	matched_exact
PI547649	Y	Y	PI547649	exact	matched_exact
PI547650	Y	Y	PI547650	exact	matched_exact
PI547651	Y	Y	PI547651	exact	matched_exact
PI547652	Y	Y	PI547652	exact	matched_exact
PI547653	Y	Y	PI547653	exact	matched_exact
PI547654	Y	Y	PI547654	exact	matched_exact
PI547655	Y	Y	PI547655	exact	matched_exact
PI547656	Y	Y	PI547656	exact	matched_exact
PI547657	Y	Y	PI547657	exact	matched_exact
PI547658	Y	Y	PI547658	exact	matched_exact
PI547659	Y	Y	PI547659	exact	matched_exact
PI547660	Y	Y	PI547660	exact	matched_exact
PI547661	Y	Y	PI547661	exact	matched_exact
PI547662	Y	Y	PI547662	exact	matched_exact
PI547663	Y	Y	PI547663	exact	matched_exact
PI547664	Y	Y	PI547664	exact	matched_exact
PI547665	Y	Y	PI547665	exact	matched_exact
PI547666	Y	Y	PI547666	exact	matched_exact
PI547668	Y	Y	PI547668	exact	matched_exact
PI547669	Y	Y	PI547669	exact	matched_exact
PI547670	Y	Y	PI547670	exact	matched_exact
PI547671	Y	Y	PI547671	exact	matched_exact
PI547672	Y	Y	PI547672	exact	matched_exact
PI547673	Y	Y	PI547673	exact	matched_exact
PI547674	Y	Y	PI547674	exact	matched_exact
PI547675	Y	Y	PI547675	exact	matched_exact
PI547676	Y	Y	PI547676	exact	matched_exact
PI547677	Y	Y	PI547677	exact	matched_exact
PI547678	Y	Y	PI547678	exact	matched_exact
PI547679	Y	Y	PI547679	exact	matched_exact
PI547680	Y	Y	PI547680	exact	matched_exact
PI547681	Y	Y	PI547681	exact	matched_exact
PI547682	Y	Y	PI547682	exact	matched_exact
PI547683	Y	Y	PI547683	exact	matched_exact
PI547684	Y	Y	PI547684	exact	matched_exact
PI547685	Y	Y	PI547685	exact	matched_exact
PI547686	Y	Y	PI547686	exact	matched_exact
PI547687	Y	Y	PI547687	exact	matched_exact
PI547688	Y	Y	PI547688	exact	matched_exact
PI547689	Y	Y	PI547689	exact	matched_exact
PI547690	Y	Y	PI547690	exact	matched_exact
PI547691	Y	Y	PI547691	exact	matched_exact
PI547692	Y	Y	PI547692	exact	matched_exact
PI547693	Y	Y	PI547693	exact	matched_exact
PI547694	Y	Y	PI547694	exact	matched_exact
PI547695	Y	Y	PI547695	exact	matched_exact
PI547696	Y	Y	PI547696	exact	matched_exact
PI547697	Y	Y	PI547697	exact	matched_exact
PI547698	Y	Y	PI547698	exact	matched_exact
PI547699	Y	Y	PI547699	exact	matched_exact
PI547700	Y	Y	PI547700	exact	matched_exact
PI547701	Y	Y	PI547701	exact	matched_exact
PI547702	Y	Y	PI547702	exact	matched_exact
PI547703	Y	Y	PI547703	exact	matched_exact
PI547704	Y	Y	PI547704	exact	matched_exact
PI547705	Y	Y	PI547705	exact	matched_exact
PI547706	Y	Y	PI547706	exact	matched_exact
PI547707	Y	Y	PI547707	exact	matched_exact
PI547708	Y	Y	PI547708	exact	matched_exact
PI547709	Y	Y	PI547709	exact	matched_exact
PI547710	Y	Y	PI547710	exact	matched_exact
PI547711	Y	Y	PI547711	exact	matched_exact
PI547712	Y	Y	PI547712	exact	matched_exact
PI547713	Y	Y	PI547713	exact	matched_exact
PI547714	Y	Y	PI547714	exact	matched_exact
PI547715	Y	Y	PI547715	exact	matched_exact
PI547716	Y	Y	PI547716	exact	matched_exact
PI547717	Y	Y	PI547717	exact	matched_exact
PI547718	Y	Y	PI547718	exact	matched_exact
PI547719	Y	Y	PI547719	exact	matched_exact
PI547720	Y	Y	PI547720	exact	matched_exact
PI547721	Y	Y	PI547721	exact	matched_exact
PI547722	Y	Y	PI547722	exact	matched_exact
PI547723	Y	Y	PI547723	exact	matched_exact
PI547724	Y	Y	PI547724	exact	matched_exact
PI547725	Y	Y	PI547725	exact	matched_exact
PI547726	Y	Y	PI547726	exact	matched_exact
PI547727	Y	Y	PI547727	exact	matched_exact
PI547728	Y	Y	PI547728	exact	matched_exact
PI547729	Y	Y	PI547729	exact	matched_exact
PI547730	Y	Y	PI547730	exact	matched_exact
PI547731	Y	Y	PI547731	exact	matched_exact
PI547732	Y	Y	PI547732	exact	matched_exact
PI547733	Y	Y	PI547733	exact	matched_exact
PI547734	Y	Y	PI547734	exact	matched_exact
PI547735	Y	Y	PI547735	exact	matched_exact
PI547736	Y	Y	PI547736	exact	matched_exact
PI547737	Y	Y	PI547737	exact	matched_exact
PI547738	Y	Y	PI547738	exact	matched_exact
PI547739	Y	Y	PI547739	exact	matched_exact
PI547740	Y	Y	PI547740	exact	matched_exact
PI547741	Y	Y	PI547741	exact	matched_exact
PI547742	Y	Y	PI547742	exact	matched_exact
PI547743	Y	Y	PI547743	exact	matched_exact
PI547744	Y	Y	PI547744	exact	matched_exact
PI547745	Y	Y	PI547745	exact	matched_exact
PI547746	Y	Y	PI547746	exact	matched_exact
PI547747	Y	Y	PI547747	exact	matched_exact
PI547748	Y	Y	PI547748	exact	matched_exact
PI547749	Y	Y	PI547749	exact	matched_exact
PI547750	Y	Y	PI547750	exact	matched_exact
PI547751	Y	Y	PI547751	exact	matched_exact
PI547752	Y	Y	PI547752	exact	matched_exact
PI547753	Y	Y	PI547753	exact	matched_exact
PI547754	Y	Y	PI547754	exact	matched_exact
PI547755	Y	Y	PI547755	exact	matched_exact
PI547756	Y	Y	PI547756	exact	matched_exact
PI547757	Y	Y	PI547757	exact	matched_exact
PI547758	Y	Y	PI547758	exact	matched_exact
PI547759	Y	Y	PI547759	exact	matched_exact
PI547760	Y	Y	PI547760	exact	matched_exact
PI547761	Y	Y	PI547761	exact	matched_exact
PI547762	Y	Y	PI547762	exact	matched_exact
PI547763	Y	Y	PI547763	exact	matched_exact
PI547764	Y	Y	PI547764	exact	matched_exact
PI547765	Y	Y	PI547765	exact	matched_exact
PI547766	Y	Y	PI547766	exact	matched_exact
PI547767	Y	Y	PI547767	exact	matched_exact
PI547768	Y	Y	PI547768	exact	matched_exact
PI547769	Y	Y	PI547769	exact	matched_exact
PI547770	Y	Y	PI547770	exact	matched_exact
PI547771	Y	Y	PI547771	exact	matched_exact
PI547772	Y	Y	PI547772	exact	matched_exact
PI547773	Y	Y	PI547773	exact	matched_exact
PI547774	Y	Y	PI547774	exact	matched_exact
PI547775	Y	Y	PI547775	exact	matched_exact
PI547776	Y	Y	PI547776	exact	matched_exact
PI547777	Y	Y	PI547777	exact	matched_exact
PI547778	Y	Y	PI547778	exact	matched_exact
PI547779	Y	Y	PI547779	exact	matched_exact
PI547780	Y	Y	PI547780	exact	matched_exact
PI547781	Y	Y	PI547781	exact	matched_exact
PI547782	Y	Y	PI547782	exact	matched_exact
PI547783	Y	Y	PI547783	exact	matched_exact
PI547784	Y	Y	PI547784	exact	matched_exact
PI547785	Y	Y	PI547785	exact	matched_exact
PI547786	Y	Y	PI547786	exact	matched_exact
PI547787	Y	Y	PI547787	exact	matched_exact
PI547788	Y	Y	PI547788	exact	matched_exact
PI547789	Y	Y	PI547789	exact	matched_exact
PI547791	Y	Y	PI547791	exact	matched_exact
PI547792	Y	Y	PI547792	exact	matched_exact
PI547793	Y	Y	PI547793	exact	matched_exact
PI547794	Y	Y	PI547794	exact	matched_exact
PI547795	Y	Y	PI547795	exact	matched_exact
PI547796	Y	Y	PI547796	exact	matched_exact
PI547797	Y	Y	PI547797	exact	matched_exact
PI547798	Y	Y	PI547798	exact	matched_exact
PI547799	Y	Y	PI547799	exact	matched_exact
PI547800	Y	Y	PI547800	exact	matched_exact
PI547801	Y	Y	PI547801	exact	matched_exact
PI547802	Y	Y	PI547802	exact	matched_exact
PI547803	Y	Y	PI547803	exact	matched_exact
PI547804	Y	Y	PI547804	exact	matched_exact
PI547805	Y	Y	PI547805	exact	matched_exact
PI547806	Y	Y	PI547806	exact	matched_exact
PI547807	Y	Y	PI547807	exact	matched_exact
PI547808	Y	Y	PI547808	exact	matched_exact
PI547809	Y	Y	PI547809	exact	matched_exact
PI547810	Y	Y	PI547810	exact	matched_exact
PI547811	Y	Y	PI547811	exact	matched_exact
PI547812	Y	Y	PI547812	exact	matched_exact
PI547813	Y	Y	PI547813	exact	matched_exact
PI547814	Y	Y	PI547814	exact	matched_exact
PI547815	Y	Y	PI547815	exact	matched_exact
PI547816	Y	Y	PI547816	exact	matched_exact
PI547817	Y	Y	PI547817	exact	matched_exact
PI547818	Y	Y	PI547818	exact	matched_exact
PI547819	Y	Y	PI547819	exact	matched_exact
PI547820	Y	Y	PI547820	exact	matched_exact
PI547821	Y	Y	PI547821	exact	matched_exact
PI547822	Y	Y	PI547822	exact	matched_exact
PI547823	Y	Y	PI547823	exact	matched_exact
PI547824	Y	Y	PI547824	exact	matched_exact
PI547825	Y	Y	PI547825	exact	matched_exact
PI547826	Y	Y	PI547826	exact	matched_exact
PI547827	Y	Y	PI547827	exact	matched_exact
PI547828	Y	Y	PI547828	exact	matched_exact
PI547829	Y	Y	PI547829	exact	matched_exact
PI547830	Y	Y	PI547830	exact	matched_exact
PI547831	Y	Y	PI547831	exact	matched_exact
PI547832	Y	Y	PI547832	exact	matched_exact
PI547833	Y	Y	PI547833	exact	matched_exact
PI547834	Y	Y	PI547834	exact	matched_exact
PI547835	Y	Y	PI547835	exact	matched_exact
PI547836	Y	Y	PI547836	exact	matched_exact
PI547837	Y	Y	PI547837	exact	matched_exact
PI547838	Y	Y	PI547838	exact	matched_exact
PI547839	Y	Y	PI547839	exact	matched_exact
PI547840	Y	Y	PI547840	exact	matched_exact
PI547841	Y	Y	PI547841	exact	matched_exact
PI547842	Y	Y	PI547842	exact	matched_exact
PI547843	Y	Y	PI547843	exact	matched_exact
PI547844	Y	Y	PI547844	exact	matched_exact
PI547845	Y	Y	PI547845	exact	matched_exact
PI547846	Y	Y	PI547846	exact	matched_exact
PI547847	Y	Y	PI547847	exact	matched_exact
PI547848	Y	Y	PI547848	exact	matched_exact
PI547849	Y	Y	PI547849	exact	matched_exact
PI547850	Y	Y	PI547850	exact	matched_exact
PI547851	Y	Y	PI547851	exact	matched_exact
PI547852	Y	Y	PI547852	exact	matched_exact
PI547853	Y	Y	PI547853	exact	matched_exact
PI547854	Y	Y	PI547854	exact	matched_exact
PI547855	Y	Y	PI547855	exact	matched_exact
PI547856	Y	Y	PI547856	exact	matched_exact
PI547857	Y	Y	PI547857	exact	matched_exact
PI547858	Y	Y	PI547858	exact	matched_exact
PI547859	Y	Y	PI547859	exact	matched_exact
PI547860	Y	Y	PI547860	exact	matched_exact
PI547861	Y	Y	PI547861	exact	matched_exact
PI547862	Y	Y	PI547862	exact	matched_exact
PI547863	Y	Y	PI547863	exact	matched_exact
PI547864	Y	Y	PI547864	exact	matched_exact
PI547865	Y	Y	PI547865	exact	matched_exact
PI547866	Y	Y	PI547866	exact	matched_exact
PI547867	Y	Y	PI547867	exact	matched_exact
PI547868	Y	Y	PI547868	exact	matched_exact
PI547869	Y	Y	PI547869	exact	matched_exact
PI547870	Y	Y	PI547870	exact	matched_exact
PI547871	Y	Y	PI547871	exact	matched_exact
PI547872	Y	Y	PI547872	exact	matched_exact
PI547873	Y	Y	PI547873	exact	matched_exact
PI547874	Y	Y	PI547874	exact	matched_exact
PI547875	Y	Y	PI547875	exact	matched_exact
PI547876	Y	Y	PI547876	exact	matched_exact
PI547877	Y	Y	PI547877	exact	matched_exact
PI547878	Y	Y	PI547878	exact	matched_exact
PI547879	Y	Y	PI547879	exact	matched_exact
PI547880	Y	Y	PI547880	exact	matched_exact
PI547881	Y	Y	PI547881	exact	matched_exact
PI547882	Y	Y	PI547882	exact	matched_exact
PI547883	Y	Y	PI547883	exact	matched_exact
PI547884	Y	Y	PI547884	exact	matched_exact
PI547885	Y	Y	PI547885	exact	matched_exact
PI547886	Y	Y	PI547886	exact	matched_exact
PI547887	Y	Y	PI547887	exact	matched_exact
PI547888	Y	Y	PI547888	exact	matched_exact
PI547889	Y	Y	PI547889	exact	matched_exact
PI547890	Y	Y	PI547890	exact	matched_exact
PI547891	Y	Y	PI547891	exact	matched_exact
PI547892	Y	Y	PI547892	exact	matched_exact
PI547893	Y	Y	PI547893	exact	matched_exact
PI547894	Y	Y	PI547894	exact	matched_exact
PI547895	Y	Y	PI547895	exact	matched_exact
PI54809	Y	N	PI054809	zero_pad_candidate	ambiguous
PI548158	Y	Y	PI548158	exact	matched_exact
PI548159	Y	Y	PI548159	exact	matched_exact
PI548160	Y	Y	PI548160	exact	matched_exact
PI548161	Y	Y	PI548161	exact	matched_exact
PI548162	Y	Y	PI548162	exact	matched_exact
PI548163	Y	Y	PI548163	exact	matched_exact
PI548164	Y	Y	PI548164	exact	matched_exact
PI548165	Y	Y	PI548165	exact	matched_exact
PI548166	Y	Y	PI548166	exact	matched_exact
PI548167	Y	Y	PI548167	exact	matched_exact
PI548168	Y	Y	PI548168	exact	matched_exact
PI548169	Y	Y	PI548169	exact	matched_exact
PI548170	Y	Y	PI548170	exact	matched_exact
PI548171	Y	Y	PI548171	exact	matched_exact
PI548172	Y	Y	PI548172	exact	matched_exact
PI548173	Y	Y	PI548173	exact	matched_exact
PI548174	Y	Y	PI548174	exact	matched_exact
PI548175	Y	Y	PI548175	exact	matched_exact
PI548176	Y	Y	PI548176	exact	matched_exact
PI548177	Y	Y	PI548177	exact	matched_exact
PI548178	Y	Y	PI548178	exact	matched_exact
PI548179	Y	Y	PI548179	exact	matched_exact
PI54818	Y	N	PI054818	zero_pad_candidate	ambiguous
PI548180	Y	Y	PI548180	exact	matched_exact
PI548181	Y	Y	PI548181	exact	matched_exact
PI548182	Y	Y	PI548182	exact	matched_exact
PI548183	Y	Y	PI548183	exact	matched_exact
PI548184	Y	Y	PI548184	exact	matched_exact
PI548185	Y	Y	PI548185	exact	matched_exact
PI548186	Y	Y	PI548186	exact	matched_exact
PI548187	Y	Y	PI548187	exact	matched_exact
PI548188	Y	Y	PI548188	exact	matched_exact
PI548189	Y	Y	PI548189	exact	matched_exact
PI548190	Y	Y	PI548190	exact	matched_exact
PI548191	Y	Y	PI548191	exact	matched_exact
PI548192	Y	Y	PI548192	exact	matched_exact
PI548193	Y	Y	PI548193	exact	matched_exact
PI548194	Y	Y	PI548194	exact	matched_exact
PI548195	Y	Y	PI548195	exact	matched_exact
PI548196	Y	Y	PI548196	exact	matched_exact
PI548197	Y	Y	PI548197	exact	matched_exact
PI548198	Y	Y	PI548198	exact	matched_exact
PI548199	Y	Y	PI548199	exact	matched_exact
PI548200	Y	Y	PI548200	exact	matched_exact
PI548201	Y	Y	PI548201	exact	matched_exact
PI548202	Y	Y	PI548202	exact	matched_exact
PI548203	Y	Y	PI548203	exact	matched_exact
PI548204	Y	Y	PI548204	exact	matched_exact
PI548205	Y	Y	PI548205	exact	matched_exact
PI548206	Y	Y	PI548206	exact	matched_exact
PI548207	Y	Y	PI548207	exact	matched_exact
PI548208	Y	Y	PI548208	exact	matched_exact
PI548209	Y	Y	PI548209	exact	matched_exact
PI548210	Y	Y	PI548210	exact	matched_exact
PI548211	Y	Y	PI548211	exact	matched_exact
PI548212	Y	Y	PI548212	exact	matched_exact
PI548213	Y	Y	PI548213	exact	matched_exact
PI548214	Y	Y	PI548214	exact	matched_exact
PI548215	Y	Y	PI548215	exact	matched_exact
PI548216	Y	Y	PI548216	exact	matched_exact
PI548217	Y	Y	PI548217	exact	matched_exact
PI548218	Y	Y	PI548218	exact	matched_exact
PI548219	Y	Y	PI548219	exact	matched_exact
PI548220	Y	Y	PI548220	exact	matched_exact
PI548221	Y	Y	PI548221	exact	matched_exact
PI548222	Y	Y	PI548222	exact	matched_exact
PI548223	Y	Y	PI548223	exact	matched_exact
PI548224	Y	Y	PI548224	exact	matched_exact
PI548225	Y	Y	PI548225	exact	matched_exact
PI548226	Y	Y	PI548226	exact	matched_exact
PI548227	Y	Y	PI548227	exact	matched_exact
PI548228	Y	Y	PI548228	exact	matched_exact
PI548229	Y	Y	PI548229	exact	matched_exact
PI548230	Y	Y	PI548230	exact	matched_exact
PI548231	Y	Y	PI548231	exact	matched_exact
PI548232	Y	Y	PI548232	exact	matched_exact
PI548233	Y	Y	PI548233	exact	matched_exact
PI548234	Y	Y	PI548234	exact	matched_exact
PI548235	Y	Y	PI548235	exact	matched_exact
PI548236	Y	Y	PI548236	exact	matched_exact
PI548237	Y	Y	PI548237	exact	matched_exact
PI548238	Y	Y	PI548238	exact	matched_exact
PI548239	Y	Y	PI548239	exact	matched_exact
PI548240	Y	Y	PI548240	exact	matched_exact
PI548241	Y	Y	PI548241	exact	matched_exact
PI548242	Y	Y	PI548242	exact	matched_exact
PI548243	Y	Y	PI548243	exact	matched_exact
PI548244	Y	Y	PI548244	exact	matched_exact
PI548245	Y	Y	PI548245	exact	matched_exact
PI548246	Y	Y	PI548246	exact	matched_exact
PI548247	Y	Y	PI548247	exact	matched_exact
PI548248	Y	Y	PI548248	exact	matched_exact
PI548249	Y	Y	PI548249	exact	matched_exact
PI548250	Y	Y	PI548250	exact	matched_exact
PI548251	Y	Y	PI548251	exact	matched_exact
PI548252	Y	Y	PI548252	exact	matched_exact
PI548253	Y	Y	PI548253	exact	matched_exact
PI548254	Y	Y	PI548254	exact	matched_exact
PI548255	Y	Y	PI548255	exact	matched_exact
PI548256	Y	Y	PI548256	exact	matched_exact
PI548257	Y	Y	PI548257	exact	matched_exact
PI548258	Y	Y	PI548258	exact	matched_exact
PI548259	Y	Y	PI548259	exact	matched_exact
PI548260	Y	Y	PI548260	exact	matched_exact
PI548261	Y	Y	PI548261	exact	matched_exact
PI548262	Y	Y	PI548262	exact	matched_exact
PI548263	Y	Y	PI548263	exact	matched_exact
PI548264	Y	Y	PI548264	exact	matched_exact
PI548265	Y	Y	PI548265	exact	matched_exact
PI548266	Y	Y	PI548266	exact	matched_exact
PI548267	Y	Y	PI548267	exact	matched_exact
PI548268	Y	Y	PI548268	exact	matched_exact
PI548270	Y	Y	PI548270	exact	matched_exact
PI548271	Y	Y	PI548271	exact	matched_exact
PI548272	Y	Y	PI548272	exact	matched_exact
PI548275	Y	Y	PI548275	exact	matched_exact
PI548276	Y	Y	PI548276	exact	matched_exact
PI548277	Y	Y	PI548277	exact	matched_exact
PI548279	Y	Y	PI548279	exact	matched_exact
PI548280	Y	Y	PI548280	exact	matched_exact
PI548281	Y	Y	PI548281	exact	matched_exact
PI548282	Y	Y	PI548282	exact	matched_exact
PI548283	Y	Y	PI548283	exact	matched_exact
PI548284	Y	Y	PI548284	exact	matched_exact
PI548285	Y	Y	PI548285	exact	matched_exact
PI548286	Y	Y	PI548286	exact	matched_exact
PI548287	Y	Y	PI548287	exact	matched_exact
PI548288	Y	Y	PI548288	exact	matched_exact
PI548289	Y	Y	PI548289	exact	matched_exact
PI548290	Y	Y	PI548290	exact	matched_exact
PI548291	Y	Y	PI548291	exact	matched_exact
PI548292	Y	Y	PI548292	exact	matched_exact
PI548293	Y	Y	PI548293	exact	matched_exact
PI548294	Y	Y	PI548294	exact	matched_exact
PI548295	Y	Y	PI548295	exact	matched_exact
PI548296	Y	Y	PI548296	exact	matched_exact
PI548297	Y	Y	PI548297	exact	matched_exact
PI548298	Y	Y	PI548298	exact	matched_exact
PI548299	Y	Y	PI548299	exact	matched_exact
PI548300	Y	Y	PI548300	exact	matched_exact
PI548301	Y	Y	PI548301	exact	matched_exact
PI548302	Y	Y	PI548302	exact	matched_exact
PI548303	Y	Y	PI548303	exact	matched_exact
PI548304	Y	Y	PI548304	exact	matched_exact
PI548305	Y	Y	PI548305	exact	matched_exact
PI548306	Y	Y	PI548306	exact	matched_exact
PI548307	Y	Y	PI548307	exact	matched_exact
PI548308	Y	Y	PI548308	exact	matched_exact
PI548309	Y	Y	PI548309	exact	matched_exact
PI548310	Y	Y	PI548310	exact	matched_exact
PI548311	Y	Y	PI548311	exact	matched_exact
PI548312	Y	Y	PI548312	exact	matched_exact
PI548313	Y	Y	PI548313	exact	matched_exact
PI548314	Y	Y	PI548314	exact	matched_exact
PI548315	Y	Y	PI548315	exact	matched_exact
PI548316	Y	Y	PI548316	exact	matched_exact
PI548317	Y	Y	PI548317	exact	matched_exact
PI548318	Y	Y	PI548318	exact	matched_exact
PI548319	Y	Y	PI548319	exact	matched_exact
PI548320	Y	Y	PI548320	exact	matched_exact
PI548321	Y	Y	PI548321	exact	matched_exact
PI548322	Y	Y	PI548322	exact	matched_exact
PI548323	Y	Y	PI548323	exact	matched_exact
PI548324	Y	Y	PI548324	exact	matched_exact
PI548325	Y	Y	PI548325	exact	matched_exact
PI548326	Y	Y	PI548326	exact	matched_exact
PI548327	Y	Y	PI548327	exact	matched_exact
PI548328	Y	Y	PI548328	exact	matched_exact
PI548329	Y	Y	PI548329	exact	matched_exact
PI548330	Y	Y	PI548330	exact	matched_exact
PI548331	Y	Y	PI548331	exact	matched_exact
PI548332	Y	Y	PI548332	exact	matched_exact
PI548333	Y	Y	PI548333	exact	matched_exact
PI548334	Y	Y	PI548334	exact	matched_exact
PI548335	Y	Y	PI548335	exact	matched_exact
PI548336	Y	Y	PI548336	exact	matched_exact
PI548337	Y	Y	PI548337	exact	matched_exact
PI548338	Y	Y	PI548338	exact	matched_exact
PI548339	Y	Y	PI548339	exact	matched_exact
PI54834	Y	N	PI054834	zero_pad_candidate	ambiguous
PI548340	Y	Y	PI548340	exact	matched_exact
PI548341	Y	Y	PI548341	exact	matched_exact
PI548342	Y	Y	PI548342	exact	matched_exact
PI548343	Y	Y	PI548343	exact	matched_exact
PI548344	Y	Y	PI548344	exact	matched_exact
PI548345	Y	Y	PI548345	exact	matched_exact
PI548346	Y	Y	PI548346	exact	matched_exact
PI548347	Y	Y	PI548347	exact	matched_exact
PI548348	Y	Y	PI548348	exact	matched_exact
PI548349	Y	Y	PI548349	exact	matched_exact
PI548350	Y	Y	PI548350	exact	matched_exact
PI548351	Y	Y	PI548351	exact	matched_exact
PI548352	Y	Y	PI548352	exact	matched_exact
PI548353	Y	Y	PI548353	exact	matched_exact
PI548354	Y	Y	PI548354	exact	matched_exact
PI548355	Y	Y	PI548355	exact	matched_exact
PI548356	Y	Y	PI548356	exact	matched_exact
PI548357	Y	Y	PI548357	exact	matched_exact
PI548358	Y	Y	PI548358	exact	matched_exact
PI548359	Y	Y	PI548359	exact	matched_exact
PI548360	Y	Y	PI548360	exact	matched_exact
PI548361	Y	Y	PI548361	exact	matched_exact
PI548362	Y	Y	PI548362	exact	matched_exact
PI548363	Y	Y	PI548363	exact	matched_exact
PI548364	Y	Y	PI548364	exact	matched_exact
PI548365	Y	Y	PI548365	exact	matched_exact
PI548366	Y	Y	PI548366	exact	matched_exact
PI548367	Y	Y	PI548367	exact	matched_exact
PI548368	Y	Y	PI548368	exact	matched_exact
PI548369	Y	Y	PI548369	exact	matched_exact
PI548370	Y	Y	PI548370	exact	matched_exact
PI548371	Y	Y	PI548371	exact	matched_exact
PI548372	Y	Y	PI548372	exact	matched_exact
PI548373	Y	Y	PI548373	exact	matched_exact
PI548374	Y	Y	PI548374	exact	matched_exact
PI548375	Y	Y	PI548375	exact	matched_exact
PI548376	Y	Y	PI548376	exact	matched_exact
PI548377	Y	Y	PI548377	exact	matched_exact
PI548378	Y	Y	PI548378	exact	matched_exact
PI548379	Y	Y	PI548379	exact	matched_exact
PI548380	Y	Y	PI548380	exact	matched_exact
PI548381	Y	Y	PI548381	exact	matched_exact
PI548382	Y	Y	PI548382	exact	matched_exact
PI548383	Y	Y	PI548383	exact	matched_exact
PI548384	Y	Y	PI548384	exact	matched_exact
PI548385	Y	Y	PI548385	exact	matched_exact
PI548386	Y	Y	PI548386	exact	matched_exact
PI548387	Y	Y	PI548387	exact	matched_exact
PI548388	Y	Y	PI548388	exact	matched_exact
PI548389	Y	Y	PI548389	exact	matched_exact
PI548390	Y	Y	PI548390	exact	matched_exact
PI548391	Y	Y	PI548391	exact	matched_exact
PI548392	Y	Y	PI548392	exact	matched_exact
PI548393	Y	Y	PI548393	exact	matched_exact
PI548394	Y	Y	PI548394	exact	matched_exact
PI548395	Y	Y	PI548395	exact	matched_exact
PI548396	Y	Y	PI548396	exact	matched_exact
PI548397	Y	Y	PI548397	exact	matched_exact
PI548398	Y	Y	PI548398	exact	matched_exact
PI548399	Y	Y	PI548399	exact	matched_exact
PI548400	Y	Y	PI548400	exact	matched_exact
PI548401	Y	Y	PI548401	exact	matched_exact
PI548402	Y	Y	PI548402	exact	matched_exact
PI548402S	Y	Y	PI548402S	exact	matched_exact
PI548403	Y	Y	PI548403	exact	matched_exact
PI548404	Y	Y	PI548404	exact	matched_exact
PI548405	Y	Y	PI548405	exact	matched_exact
PI548406	Y	Y	PI548406	exact	matched_exact
PI548407	Y	Y	PI548407	exact	matched_exact
PI548408	Y	Y	PI548408	exact	matched_exact
PI548409	Y	Y	PI548409	exact	matched_exact
PI548410	Y	Y	PI548410	exact	matched_exact
PI548411	Y	Y	PI548411	exact	matched_exact
PI548412	Y	Y	PI548412	exact	matched_exact
PI548413	Y	Y	PI548413	exact	matched_exact
PI548414	Y	Y	PI548414	exact	matched_exact
PI548415	Y	Y	PI548415	exact	matched_exact
PI548416	Y	Y	PI548416	exact	matched_exact
PI548417	Y	Y	PI548417	exact	matched_exact
PI548418	Y	Y	PI548418	exact	matched_exact
PI548419	Y	Y	PI548419	exact	matched_exact
PI548420	Y	Y	PI548420	exact	matched_exact
PI548421	Y	Y	PI548421	exact	matched_exact
PI548422	Y	Y	PI548422	exact	matched_exact
PI548422S	Y	Y	PI548422S	exact	matched_exact
PI548423	Y	Y	PI548423	exact	matched_exact
PI548424	Y	Y	PI548424	exact	matched_exact
PI548425	Y	Y	PI548425	exact	matched_exact
PI548426	Y	Y	PI548426	exact	matched_exact
PI548427	Y	Y	PI548427	exact	matched_exact
PI548428	Y	Y	PI548428	exact	matched_exact
PI548429	Y	Y	PI548429	exact	matched_exact
PI548430	Y	Y	PI548430	exact	matched_exact
PI548431	Y	Y	PI548431	exact	matched_exact
PI548432	Y	Y	PI548432	exact	matched_exact
PI548433	Y	Y	PI548433	exact	matched_exact
PI548434	Y	Y	PI548434	exact	matched_exact
PI548435	Y	Y	PI548435	exact	matched_exact
PI548436	Y	Y	PI548436	exact	matched_exact
PI548437	Y	Y	PI548437	exact	matched_exact
PI548438	Y	Y	PI548438	exact	matched_exact
PI548439	Y	Y	PI548439	exact	matched_exact
PI548440	Y	Y	PI548440	exact	matched_exact
PI548441	Y	Y	PI548441	exact	matched_exact
PI548442	Y	Y	PI548442	exact	matched_exact
PI548443	Y	Y	PI548443	exact	matched_exact
PI548444	Y	Y	PI548444	exact	matched_exact
PI548445	Y	Y	PI548445	exact	matched_exact
PI548446	Y	Y	PI548446	exact	matched_exact
PI548447	Y	Y	PI548447	exact	matched_exact
PI548448	Y	Y	PI548448	exact	matched_exact
PI548449	Y	Y	PI548449	exact	matched_exact
PI548450	Y	Y	PI548450	exact	matched_exact
PI548451	Y	Y	PI548451	exact	matched_exact
PI548452	Y	Y	PI548452	exact	matched_exact
PI548453	Y	Y	PI548453	exact	matched_exact
PI548454	Y	Y	PI548454	exact	matched_exact
PI548455	Y	Y	PI548455	exact	matched_exact
PI548456	Y	Y	PI548456	exact	matched_exact
PI548457	Y	Y	PI548457	exact	matched_exact
PI548458	Y	Y	PI548458	exact	matched_exact
PI548459	Y	Y	PI548459	exact	matched_exact
PI548460	Y	Y	PI548460	exact	matched_exact
PI548461	Y	Y	PI548461	exact	matched_exact
PI548462	Y	Y	PI548462	exact	matched_exact
PI548463	Y	Y	PI548463	exact	matched_exact
PI548464	Y	Y	PI548464	exact	matched_exact
PI548465	Y	Y	PI548465	exact	matched_exact
PI548466	Y	Y	PI548466	exact	matched_exact
PI548467	Y	Y	PI548467	exact	matched_exact
PI548468	Y	Y	PI548468	exact	matched_exact
PI548469	Y	Y	PI548469	exact	matched_exact
PI548470	Y	Y	PI548470	exact	matched_exact
PI548471	Y	Y	PI548471	exact	matched_exact
PI548472	Y	Y	PI548472	exact	matched_exact
PI548473	Y	Y	PI548473	exact	matched_exact
PI548474	Y	Y	PI548474	exact	matched_exact
PI548475	Y	Y	PI548475	exact	matched_exact
PI548476	Y	Y	PI548476	exact	matched_exact
PI548477	Y	Y	PI548477	exact	matched_exact
PI548478	Y	Y	PI548478	exact	matched_exact
PI548479	Y	Y	PI548479	exact	matched_exact
PI548480	Y	Y	PI548480	exact	matched_exact
PI548481	Y	Y	PI548481	exact	matched_exact
PI548482	Y	Y	PI548482	exact	matched_exact
PI548483	Y	Y	PI548483	exact	matched_exact
PI548484	Y	Y	PI548484	exact	matched_exact
PI548485	Y	Y	PI548485	exact	matched_exact
PI548486	Y	Y	PI548486	exact	matched_exact
PI548487	Y	Y	PI548487	exact	matched_exact
PI548488	Y	Y	PI548488	exact	matched_exact
PI548489	Y	Y	PI548489	exact	matched_exact
PI548490	Y	Y	PI548490	exact	matched_exact
PI548491	Y	Y	PI548491	exact	matched_exact
PI548492	Y	Y	PI548492	exact	matched_exact
PI548493	Y	Y	PI548493	exact	matched_exact
PI548494	Y	Y	PI548494	exact	matched_exact
PI548495	Y	Y	PI548495	exact	matched_exact
PI548496	Y	Y	PI548496	exact	matched_exact
PI548497	Y	Y	PI548497	exact	matched_exact
PI548498	Y	Y	PI548498	exact	matched_exact
PI548499	Y	Y	PI548499	exact	matched_exact
PI548500	Y	Y	PI548500	exact	matched_exact
PI548501	Y	Y	PI548501	exact	matched_exact
PI548502	Y	Y	PI548502	exact	matched_exact
PI548503	Y	Y	PI548503	exact	matched_exact
PI548504	Y	Y	PI548504	exact	matched_exact
PI548505	Y	Y	PI548505	exact	matched_exact
PI548506	Y	Y	PI548506	exact	matched_exact
PI548507	Y	Y	PI548507	exact	matched_exact
PI548508	Y	Y	PI548508	exact	matched_exact
PI548509	Y	Y	PI548509	exact	matched_exact
PI548510	Y	Y	PI548510	exact	matched_exact
PI548511	Y	Y	PI548511	exact	matched_exact
PI548512	Y	Y	PI548512	exact	matched_exact
PI548513	Y	Y	PI548513	exact	matched_exact
PI548514	Y	Y	PI548514	exact	matched_exact
PI548515	Y	Y	PI548515	exact	matched_exact
PI548516	Y	Y	PI548516	exact	matched_exact
PI548517	Y	Y	PI548517	exact	matched_exact
PI548518	Y	Y	PI548518	exact	matched_exact
PI548519	Y	Y	PI548519	exact	matched_exact
PI548520	Y	Y	PI548520	exact	matched_exact
PI548521	Y	Y	PI548521	exact	matched_exact
PI548522	Y	Y	PI548522	exact	matched_exact
PI548523	Y	Y	PI548523	exact	matched_exact
PI548524	Y	Y	PI548524	exact	matched_exact
PI548525	Y	Y	PI548525	exact	matched_exact
PI548526	Y	Y	PI548526	exact	matched_exact
PI548527	Y	Y	PI548527	exact	matched_exact
PI548528	Y	Y	PI548528	exact	matched_exact
PI548529	Y	Y	PI548529	exact	matched_exact
PI54853	Y	N	PI054853	zero_pad_candidate	ambiguous
PI548530	Y	Y	PI548530	exact	matched_exact
PI548531	Y	Y	PI548531	exact	matched_exact
PI548532	Y	Y	PI548532	exact	matched_exact
PI548533	Y	Y	PI548533	exact	matched_exact
PI548534	Y	Y	PI548534	exact	matched_exact
PI548535	Y	Y	PI548535	exact	matched_exact
PI548536	Y	Y	PI548536	exact	matched_exact
PI548537	Y	Y	PI548537	exact	matched_exact
PI548538	Y	Y	PI548538	exact	matched_exact
PI548539	Y	Y	PI548539	exact	matched_exact
PI54854	Y	N	PI054854	zero_pad_candidate	ambiguous
PI548540	Y	Y	PI548540	exact	matched_exact
PI548541	Y	Y	PI548541	exact	matched_exact
PI548542	Y	Y	PI548542	exact	matched_exact
PI548543	Y	Y	PI548543	exact	matched_exact
PI548544	Y	Y	PI548544	exact	matched_exact
PI548545	Y	Y	PI548545	exact	matched_exact
PI548546	Y	Y	PI548546	exact	matched_exact
PI548547	Y	Y	PI548547	exact	matched_exact
PI548548	Y	Y	PI548548	exact	matched_exact
PI548549	Y	Y	PI548549	exact	matched_exact
PI54855	Y	N	PI054855	zero_pad_candidate	ambiguous
PI548550	Y	Y	PI548550	exact	matched_exact
PI548551	Y	Y	PI548551	exact	matched_exact
PI548552	Y	Y	PI548552	exact	matched_exact
PI548553	Y	Y	PI548553	exact	matched_exact
PI548554	Y	Y	PI548554	exact	matched_exact
PI548555	Y	Y	PI548555	exact	matched_exact
PI548556	Y	Y	PI548556	exact	matched_exact
PI548557	Y	Y	PI548557	exact	matched_exact
PI548558	Y	Y	PI548558	exact	matched_exact
PI548559	Y	Y	PI548559	exact	matched_exact
PI548560	Y	Y	PI548560	exact	matched_exact
PI548561	Y	Y	PI548561	exact	matched_exact
PI548562	Y	Y	PI548562	exact	matched_exact
PI548563	Y	Y	PI548563	exact	matched_exact
PI548564	Y	Y	PI548564	exact	matched_exact
PI548565	Y	Y	PI548565	exact	matched_exact
PI548566	Y	Y	PI548566	exact	matched_exact
PI548567	Y	Y	PI548567	exact	matched_exact
PI548568	Y	Y	PI548568	exact	matched_exact
PI548569	Y	Y	PI548569	exact	matched_exact
PI54857	Y	N	PI054857	zero_pad_candidate	ambiguous
PI548570	Y	Y	PI548570	exact	matched_exact
PI548571	Y	Y	PI548571	exact	matched_exact
PI548572	Y	Y	PI548572	exact	matched_exact
PI548573	Y	Y	PI548573	exact	matched_exact
PI548574	Y	Y	PI548574	exact	matched_exact
PI548575	Y	Y	PI548575	exact	matched_exact
PI548576	Y	Y	PI548576	exact	matched_exact
PI548577	Y	Y	PI548577	exact	matched_exact
PI548578	Y	Y	PI548578	exact	matched_exact
PI548579	Y	Y	PI548579	exact	matched_exact
PI548580	Y	Y	PI548580	exact	matched_exact
PI548581	Y	Y	PI548581	exact	matched_exact
PI548582	Y	Y	PI548582	exact	matched_exact
PI548583	Y	Y	PI548583	exact	matched_exact
PI548584	Y	Y	PI548584	exact	matched_exact
PI548585	Y	Y	PI548585	exact	matched_exact
PI548586	Y	Y	PI548586	exact	matched_exact
PI548587	Y	Y	PI548587	exact	matched_exact
PI548588	Y	Y	PI548588	exact	matched_exact
PI548589	Y	Y	PI548589	exact	matched_exact
PI54859	Y	N	PI054859	zero_pad_candidate	ambiguous
PI548590	Y	Y	PI548590	exact	matched_exact
PI548591	Y	Y	PI548591	exact	matched_exact
PI548592	Y	Y	PI548592	exact	matched_exact
PI548593	Y	Y	PI548593	exact	matched_exact
PI548594	Y	Y	PI548594	exact	matched_exact
PI548595	Y	Y	PI548595	exact	matched_exact
PI548596	Y	Y	PI548596	exact	matched_exact
PI548597	Y	Y	PI548597	exact	matched_exact
PI548598	Y	Y	PI548598	exact	matched_exact
PI548599	Y	Y	PI548599	exact	matched_exact
PI548600	Y	Y	PI548600	exact	matched_exact
PI548601	Y	Y	PI548601	exact	matched_exact
PI548602	Y	Y	PI548602	exact	matched_exact
PI548603	Y	Y	PI548603	exact	matched_exact
PI548604	Y	Y	PI548604	exact	matched_exact
PI548605	Y	Y	PI548605	exact	matched_exact
PI548606	Y	Y	PI548606	exact	matched_exact
PI548607	Y	Y	PI548607	exact	matched_exact
PI548608	Y	Y	PI548608	exact	matched_exact
PI548609	Y	Y	PI548609	exact	matched_exact
PI548610	Y	Y	PI548610	exact	matched_exact
PI548611	Y	Y	PI548611	exact	matched_exact
PI548612	Y	Y	PI548612	exact	matched_exact
PI548613	Y	Y	PI548613	exact	matched_exact
PI548614	Y	Y	PI548614	exact	matched_exact
PI548615	Y	Y	PI548615	exact	matched_exact
PI548616	Y	Y	PI548616	exact	matched_exact
PI548617	Y	Y	PI548617	exact	matched_exact
PI548618	Y	Y	PI548618	exact	matched_exact
PI548619	Y	Y	PI548619	exact	matched_exact
PI54862	Y	N	PI054862	zero_pad_candidate	ambiguous
PI548620	Y	Y	PI548620	exact	matched_exact
PI548621	Y	Y	PI548621	exact	matched_exact
PI548622	Y	Y	PI548622	exact	matched_exact
PI548623	Y	Y	PI548623	exact	matched_exact
PI548624	Y	Y	PI548624	exact	matched_exact
PI548625	Y	Y	PI548625	exact	matched_exact
PI548626	Y	Y	PI548626	exact	matched_exact
PI548627	Y	Y	PI548627	exact	matched_exact
PI548628	Y	Y	PI548628	exact	matched_exact
PI548629	Y	Y	PI548629	exact	matched_exact
PI548630	Y	Y	PI548630	exact	matched_exact
PI548631	Y	Y	PI548631	exact	matched_exact
PI548632	Y	Y	PI548632	exact	matched_exact
PI548633	Y	Y	PI548633	exact	matched_exact
PI548634	Y	Y	PI548634	exact	matched_exact
PI548635	Y	Y	PI548635	exact	matched_exact
PI548636	Y	Y	PI548636	exact	matched_exact
PI548637	Y	Y	PI548637	exact	matched_exact
PI548638	Y	Y	PI548638	exact	matched_exact
PI548639	Y	Y	PI548639	exact	matched_exact
PI548640	Y	Y	PI548640	exact	matched_exact
PI548641	Y	Y	PI548641	exact	matched_exact
PI548642	Y	Y	PI548642	exact	matched_exact
PI548643	Y	Y	PI548643	exact	matched_exact
PI548644	Y	Y	PI548644	exact	matched_exact
PI548645	Y	Y	PI548645	exact	matched_exact
PI548646	Y	Y	PI548646	exact	matched_exact
PI548647	Y	Y	PI548647	exact	matched_exact
PI548648	Y	Y	PI548648	exact	matched_exact
PI548649	Y	Y	PI548649	exact	matched_exact
PI54865	Y	N	PI054865	zero_pad_candidate	ambiguous
PI548650	Y	Y	PI548650	exact	matched_exact
PI548651	Y	Y	PI548651	exact	matched_exact
PI548652	Y	Y	PI548652	exact	matched_exact
PI548653	Y	Y	PI548653	exact	matched_exact
PI548654	Y	Y	PI548654	exact	matched_exact
PI548655	Y	Y	PI548655	exact	matched_exact
PI548656	Y	Y	PI548656	exact	matched_exact
PI548657	Y	Y	PI548657	exact	matched_exact
PI548658	Y	Y	PI548658	exact	matched_exact
PI548659	Y	Y	PI548659	exact	matched_exact
PI548660	Y	Y	PI548660	exact	matched_exact
PI548661	Y	Y	PI548661	exact	matched_exact
PI548662	Y	Y	PI548662	exact	matched_exact
PI548663	Y	Y	PI548663	exact	matched_exact
PI548664	Y	Y	PI548664	exact	matched_exact
PI548665	Y	Y	PI548665	exact	matched_exact
PI548666	Y	Y	PI548666	exact	matched_exact
PI548667	Y	Y	PI548667	exact	matched_exact
PI548668	Y	Y	PI548668	exact	matched_exact
PI548669	Y	Y	PI548669	exact	matched_exact
PI548670	Y	Y	PI548670	exact	matched_exact
PI548671	Y	Y	PI548671	exact	matched_exact
PI548672	Y	Y	PI548672	exact	matched_exact
PI548673	Y	Y	PI548673	exact	matched_exact
PI548674	Y	Y	PI548674	exact	matched_exact
PI548675	Y	Y	PI548675	exact	matched_exact
PI548676	Y	Y	PI548676	exact	matched_exact
PI548677	Y	Y	PI548677	exact	matched_exact
PI548678	Y	Y	PI548678	exact	matched_exact
PI548679	Y	Y	PI548679	exact	matched_exact
PI548680	Y	Y	PI548680	exact	matched_exact
PI548681	Y	Y	PI548681	exact	matched_exact
PI548682	Y	Y	PI548682	exact	matched_exact
PI548683	Y	Y	PI548683	exact	matched_exact
PI548684	Y	Y	PI548684	exact	matched_exact
PI548685	Y	Y	PI548685	exact	matched_exact
PI548686	Y	Y	PI548686	exact	matched_exact
PI548688	N	Y		none	phenotype_only
PI548689	Y	Y	PI548689	exact	matched_exact
PI548690	Y	Y	PI548690	exact	matched_exact
PI548691	Y	Y	PI548691	exact	matched_exact
PI548692	Y	Y	PI548692	exact	matched_exact
PI548693	Y	Y	PI548693	exact	matched_exact
PI548694	Y	Y	PI548694	exact	matched_exact
PI548695	Y	Y	PI548695	exact	matched_exact
PI548696	Y	Y	PI548696	exact	matched_exact
PI548697	Y	Y	PI548697	exact	matched_exact
PI548698	Y	Y	PI548698	exact	matched_exact
PI54873	Y	N	PI054873	zero_pad_candidate	ambiguous
PI548779	Y	Y	PI548779	exact	matched_exact
PI548834	N	Y		none	phenotype_only
PI548835	N	Y		none	phenotype_only
PI548969	Y	Y	PI548969	exact	matched_exact
PI548970	Y	Y	PI548970	exact	matched_exact
PI548971	Y	Y	PI548971	exact	matched_exact
PI548972	Y	Y	PI548972	exact	matched_exact
PI548973	Y	Y	PI548973	exact	matched_exact
PI548974	Y	Y	PI548974	exact	matched_exact
PI548975	Y	Y	PI548975	exact	matched_exact
PI548976	Y	Y	PI548976	exact	matched_exact
PI548977	Y	Y	PI548977	exact	matched_exact
PI548978	Y	Y	PI548978	exact	matched_exact
PI548979	Y	Y	PI548979	exact	matched_exact
PI548980	Y	Y	PI548980	exact	matched_exact
PI548981	Y	Y	PI548981	exact	matched_exact
PI548982	Y	Y	PI548982	exact	matched_exact
PI548983	Y	Y	PI548983	exact	matched_exact
PI548984	Y	Y	PI548984	exact	matched_exact
PI548985	Y	Y	PI548985	exact	matched_exact
PI548986	Y	Y	PI548986	exact	matched_exact
PI548987	Y	Y	PI548987	exact	matched_exact
PI548988	Y	Y	PI548988	exact	matched_exact
PI548989	Y	Y	PI548989	exact	matched_exact
PI548990	Y	Y	PI548990	exact	matched_exact
PI548991	Y	Y	PI548991	exact	matched_exact
PI549017	Y	Y	PI549017	exact	matched_exact
PI549018	Y	Y	PI549018	exact	matched_exact
PI549019	Y	Y	PI549019	exact	matched_exact
PI549020	Y	Y	PI549020	exact	matched_exact
PI549021A	Y	Y	PI549021A	exact	matched_exact
PI549021B	Y	Y	PI549021B	exact	matched_exact
PI549022	Y	Y	PI549022	exact	matched_exact
PI549023A	Y	Y	PI549023A	exact	matched_exact
PI549023B	Y	Y	PI549023B	exact	matched_exact
PI549024	Y	Y	PI549024	exact	matched_exact
PI549025	Y	Y	PI549025	exact	matched_exact
PI549026	Y	Y	PI549026	exact	matched_exact
PI549027A	Y	Y	PI549027A	exact	matched_exact
PI549027B	Y	N		none	vcf_only
PI549028	Y	Y	PI549028	exact	matched_exact
PI549029	Y	Y	PI549029	exact	matched_exact
PI549030A	Y	Y	PI549030A	exact	matched_exact
PI549030B	Y	Y	PI549030B	exact	matched_exact
PI549031	Y	Y	PI549031	exact	matched_exact
PI549032	Y	N		none	vcf_only
PI549033	Y	N		none	vcf_only
PI549034	Y	N		none	vcf_only
PI549035A	Y	N		none	vcf_only
PI549035B	Y	N		none	vcf_only
PI549035C	Y	N		none	vcf_only
PI549036	Y	N		none	vcf_only
PI549037	Y	N		none	vcf_only
PI549039	Y	N		none	vcf_only
PI549040	Y	Y	PI549040	exact	matched_exact
PI549041A	Y	Y	PI549041A	exact	matched_exact
PI549041B	Y	Y	PI549041B	exact	matched_exact
PI549042A	Y	Y	PI549042A	exact	matched_exact
PI549042B	Y	Y	PI549042B	exact	matched_exact
PI549043	Y	Y	PI549043	exact	matched_exact
PI549045A	Y	Y	PI549045A	exact	matched_exact
PI549045B	Y	Y	PI549045B	exact	matched_exact
PI549046	Y	N		none	vcf_only
PI549047	Y	Y	PI549047	exact	matched_exact
PI549048	Y	N		none	vcf_only
PI549049A	Y	Y	PI549049A	exact	matched_exact
PI549049B	Y	Y	PI549049B	exact	matched_exact
PI549050	Y	Y	PI549050	exact	matched_exact
PI549051A	Y	Y	PI549051A	exact	matched_exact
PI549051B	Y	Y	PI549051B	exact	matched_exact
PI549052	Y	Y	PI549052	exact	matched_exact
PI549053	Y	Y	PI549053	exact	matched_exact
PI549054	Y	Y	PI549054	exact	matched_exact
PI549055	Y	Y	PI549055	exact	matched_exact
PI549056	Y	Y	PI549056	exact	matched_exact
PI549057A	Y	Y	PI549057A	exact	matched_exact
PI549057B	Y	Y	PI549057B	exact	matched_exact
PI549058	Y	Y	PI549058	exact	matched_exact
PI549060	Y	Y	PI549060	exact	matched_exact
PI549061	Y	Y	PI549061	exact	matched_exact
PI549063	Y	Y	PI549063	exact	matched_exact
PI549064	Y	Y	PI549064	exact	matched_exact
PI549065	Y	Y	PI549065	exact	matched_exact
PI549066	Y	Y	PI549066	exact	matched_exact
PI549067	Y	Y	PI549067	exact	matched_exact
PI549068	Y	Y	PI549068	exact	matched_exact
PI549069	Y	Y	PI549069	exact	matched_exact
PI549070	Y	Y	PI549070	exact	matched_exact
PI549071	Y	Y	PI549071	exact	matched_exact
PI549072	Y	Y	PI549072	exact	matched_exact
PI549073	Y	Y	PI549073	exact	matched_exact
PI549074	Y	Y	PI549074	exact	matched_exact
PI549075	Y	Y	PI549075	exact	matched_exact
PI549076A	Y	Y	PI549076A	exact	matched_exact
PI549076B	Y	Y	PI549076B	exact	matched_exact
PI549077	Y	Y	PI549077	exact	matched_exact
PI549078	Y	Y	PI549078	exact	matched_exact
PI549079	Y	Y	PI549079	exact	matched_exact
PI549080	Y	Y	PI549080	exact	matched_exact
PI549098	N	Y		none	phenotype_only
PI549099	N	Y		none	phenotype_only
PI550728	N	Y		none	phenotype_only
PI550729	N	Y		none	phenotype_only
PI550730	N	Y		none	phenotype_only
PI550731	N	Y		none	phenotype_only
PI550732	N	Y		none	phenotype_only
PI550733	N	Y		none	phenotype_only
PI550734	N	Y		none	phenotype_only
PI550735	N	Y		none	phenotype_only
PI550736	N	Y		none	phenotype_only
PI550738	N	Y		none	phenotype_only
PI550739	N	Y		none	phenotype_only
PI550740	Y	Y	PI550740	exact	matched_exact
PI55089	Y	N	PI055089	zero_pad_candidate	ambiguous
PI55089-1	Y	N	PI055089-1	zero_pad_candidate	ambiguous
PI552538	Y	Y	PI552538	exact	matched_exact
PI553038	Y	Y	PI553038	exact	matched_exact
PI553039	Y	Y	PI553039	exact	matched_exact
PI553040	Y	Y	PI553040	exact	matched_exact
PI553041	Y	Y	PI553041	exact	matched_exact
PI553042	Y	Y	PI553042	exact	matched_exact
PI553043	Y	Y	PI553043	exact	matched_exact
PI553044	Y	Y	PI553044	exact	matched_exact
PI553045	Y	Y	PI553045	exact	matched_exact
PI553046	Y	Y	PI553046	exact	matched_exact
PI553047	Y	Y	PI553047	exact	matched_exact
PI553048	Y	Y	PI553048	exact	matched_exact
PI553049	Y	Y	PI553049	exact	matched_exact
PI553050	Y	Y	PI553050	exact	matched_exact
PI553051	Y	Y	PI553051	exact	matched_exact
PI553052	Y	Y	PI553052	exact	matched_exact
PI554604	N	Y		none	phenotype_only
PI555396	Y	Y	PI555396	exact	matched_exact
PI555397	Y	Y	PI555397	exact	matched_exact
PI555398	Y	Y	PI555398	exact	matched_exact
PI555399	Y	Y	PI555399	exact	matched_exact
PI555453	Y	Y	PI555453	exact	matched_exact
PI555463	N	Y		none	phenotype_only
PI555464	N	Y		none	phenotype_only
PI556467	N	Y		none	phenotype_only
PI556468	N	Y		none	phenotype_only
PI556469	N	Y		none	phenotype_only
PI556470	N	Y		none	phenotype_only
PI556471	N	Y		none	phenotype_only
PI556472	N	Y		none	phenotype_only
PI556473	N	Y		none	phenotype_only
PI556474	N	Y		none	phenotype_only
PI556475	N	Y		none	phenotype_only
PI556476	N	Y		none	phenotype_only
PI556478	N	Y		none	phenotype_only
PI556479	N	Y		none	phenotype_only
PI556480	N	Y		none	phenotype_only
PI556481	N	Y		none	phenotype_only
PI556482	N	Y		none	phenotype_only
PI556483	N	Y		none	phenotype_only
PI556484	N	Y		none	phenotype_only
PI556485	N	Y		none	phenotype_only
PI556486	N	Y		none	phenotype_only
PI556487	N	Y		none	phenotype_only
PI556488	N	Y		none	phenotype_only
PI556489	N	Y		none	phenotype_only
PI556490	N	Y		none	phenotype_only
PI556491	N	Y		none	phenotype_only
PI556492	N	Y		none	phenotype_only
PI556493	N	Y		none	phenotype_only
PI556494	N	Y		none	phenotype_only
PI556495	N	Y		none	phenotype_only
PI556496	N	Y		none	phenotype_only
PI556497	N	Y		none	phenotype_only
PI556498	N	Y		none	phenotype_only
PI556499	N	Y		none	phenotype_only
PI556500	N	Y		none	phenotype_only
PI556501	N	Y		none	phenotype_only
PI556502	N	Y		none	phenotype_only
PI556503	N	Y		none	phenotype_only
PI556504	N	Y		none	phenotype_only
PI556505	N	Y		none	phenotype_only
PI556506	N	Y		none	phenotype_only
PI556507	N	Y		none	phenotype_only
PI556508	N	Y		none	phenotype_only
PI556509	N	Y		none	phenotype_only
PI556510	N	Y		none	phenotype_only
PI556511	Y	Y	PI556511	exact	matched_exact
PI556512	N	Y		none	phenotype_only
PI556513	N	Y		none	phenotype_only
PI556514	N	Y		none	phenotype_only
PI556515	N	Y		none	phenotype_only
PI556516	N	Y		none	phenotype_only
PI556517	N	Y		none	phenotype_only
PI556518	N	Y		none	phenotype_only
PI556519	N	Y		none	phenotype_only
PI556520	N	Y		none	phenotype_only
PI556521	N	Y		none	phenotype_only
PI556522	N	Y		none	phenotype_only
PI556523	N	Y		none	phenotype_only
PI556524	N	Y		none	phenotype_only
PI556525	N	Y		none	phenotype_only
PI556526	N	Y		none	phenotype_only
PI556527	N	Y		none	phenotype_only
PI556528	N	Y		none	phenotype_only
PI556529	N	Y		none	phenotype_only
PI556532	N	Y		none	phenotype_only
PI556533	N	Y		none	phenotype_only
PI556534	N	Y		none	phenotype_only
PI556535	N	Y		none	phenotype_only
PI556536	N	Y		none	phenotype_only
PI556537	N	Y		none	phenotype_only
PI556538	N	Y		none	phenotype_only
PI556539	N	Y		none	phenotype_only
PI556540	N	Y		none	phenotype_only
PI556541	N	Y		none	phenotype_only
PI556542	N	Y		none	phenotype_only
PI556543	N	Y		none	phenotype_only
PI556544	N	Y		none	phenotype_only
PI556545	N	Y		none	phenotype_only
PI556546	N	Y		none	phenotype_only
PI556547	N	Y		none	phenotype_only
PI556548	N	Y		none	phenotype_only
PI556549	N	Y		none	phenotype_only
PI556550	N	Y		none	phenotype_only
PI556551	N	Y		none	phenotype_only
PI556552	N	Y		none	phenotype_only
PI556553	N	Y		none	phenotype_only
PI556554	N	Y		none	phenotype_only
PI556555	N	Y		none	phenotype_only
PI556556	N	Y		none	phenotype_only
PI556557	N	Y		none	phenotype_only
PI556558	N	Y		none	phenotype_only
PI556559	N	Y		none	phenotype_only
PI556560	N	Y		none	phenotype_only
PI556561	N	Y		none	phenotype_only
PI556562	N	Y		none	phenotype_only
PI556563	N	Y		none	phenotype_only
PI556564	N	Y		none	phenotype_only
PI556565	N	Y		none	phenotype_only
PI556566	N	Y		none	phenotype_only
PI556567	N	Y		none	phenotype_only
PI556568	N	Y		none	phenotype_only
PI556569	N	Y		none	phenotype_only
PI556570	N	Y		none	phenotype_only
PI556571	N	Y		none	phenotype_only
PI556572	Y	Y	PI556572	exact	matched_exact
PI556573	N	Y		none	phenotype_only
PI556574	N	Y		none	phenotype_only
PI556575	N	Y		none	phenotype_only
PI556576	N	Y		none	phenotype_only
PI556577	N	Y		none	phenotype_only
PI556578	N	Y		none	phenotype_only
PI556579	N	Y		none	phenotype_only
PI556580	N	Y		none	phenotype_only
PI556581	N	Y		none	phenotype_only
PI556582	N	Y		none	phenotype_only
PI556583	N	Y		none	phenotype_only
PI556584	N	Y		none	phenotype_only
PI556585	N	Y		none	phenotype_only
PI556586	N	Y		none	phenotype_only
PI556587	N	Y		none	phenotype_only
PI556588	N	Y		none	phenotype_only
PI556589	N	Y		none	phenotype_only
PI556590	N	Y		none	phenotype_only
PI556591	N	Y		none	phenotype_only
PI556592	N	Y		none	phenotype_only
PI556593	N	Y		none	phenotype_only
PI556594	N	Y		none	phenotype_only
PI556595	N	Y		none	phenotype_only
PI556596	N	Y		none	phenotype_only
PI556597	N	Y		none	phenotype_only
PI556598	N	Y		none	phenotype_only
PI556599	N	Y		none	phenotype_only
PI556600	N	Y		none	phenotype_only
PI556601	N	Y		none	phenotype_only
PI556602	N	Y		none	phenotype_only
PI556604	N	Y		none	phenotype_only
PI556605	N	Y		none	phenotype_only
PI556606	N	Y		none	phenotype_only
PI556607	N	Y		none	phenotype_only
PI556608	N	Y		none	phenotype_only
PI556609	N	Y		none	phenotype_only
PI556610	N	Y		none	phenotype_only
PI556611	N	Y		none	phenotype_only
PI556612	N	Y		none	phenotype_only
PI556613	N	Y		none	phenotype_only
PI556614	N	Y		none	phenotype_only
PI556615	N	Y		none	phenotype_only
PI556616	N	Y		none	phenotype_only
PI556617	N	Y		none	phenotype_only
PI556618	N	Y		none	phenotype_only
PI556619	N	Y		none	phenotype_only
PI556620	N	Y		none	phenotype_only
PI556621	N	Y		none	phenotype_only
PI556622	N	Y		none	phenotype_only
PI556623	N	Y		none	phenotype_only
PI556624	N	Y		none	phenotype_only
PI556625	N	Y		none	phenotype_only
PI556626	N	Y		none	phenotype_only
PI556627	N	Y		none	phenotype_only
PI556628	N	Y		none	phenotype_only
PI556629	N	Y		none	phenotype_only
PI556630	N	Y		none	phenotype_only
PI556631	N	Y		none	phenotype_only
PI556632	N	Y		none	phenotype_only
PI556633	N	Y		none	phenotype_only
PI556634	N	Y		none	phenotype_only
PI556635	N	Y		none	phenotype_only
PI556636	N	Y		none	phenotype_only
PI556637	Y	Y	PI556637	exact	matched_exact
PI556638	N	Y		none	phenotype_only
PI556639	N	Y		none	phenotype_only
PI556640	N	Y		none	phenotype_only
PI556641	N	Y		none	phenotype_only
PI556642	N	Y		none	phenotype_only
PI556643	N	Y		none	phenotype_only
PI556644	N	Y		none	phenotype_only
PI556645	N	Y		none	phenotype_only
PI556646	N	Y		none	phenotype_only
PI556647	N	Y		none	phenotype_only
PI556649	N	Y		none	phenotype_only
PI556651	N	Y		none	phenotype_only
PI556653	N	Y		none	phenotype_only
PI556654	N	Y		none	phenotype_only
PI556655	N	Y		none	phenotype_only
PI556656	N	Y		none	phenotype_only
PI556657	N	Y		none	phenotype_only
PI556658	N	Y		none	phenotype_only
PI556659	N	Y		none	phenotype_only
PI556660	N	Y		none	phenotype_only
PI556661	N	Y		none	phenotype_only
PI556662	N	Y		none	phenotype_only
PI556663	N	Y		none	phenotype_only
PI556664	N	Y		none	phenotype_only
PI556665	N	Y		none	phenotype_only
PI556667	N	Y		none	phenotype_only
PI556668	N	Y		none	phenotype_only
PI556669	N	Y		none	phenotype_only
PI556670	N	Y		none	phenotype_only
PI556671	N	Y		none	phenotype_only
PI556672	N	Y		none	phenotype_only
PI556674	N	Y		none	phenotype_only
PI556675	N	Y		none	phenotype_only
PI556676	N	Y		none	phenotype_only
PI556677	N	Y		none	phenotype_only
PI556679	N	Y		none	phenotype_only
PI556680	N	Y		none	phenotype_only
PI556681	N	Y		none	phenotype_only
PI556682	N	Y		none	phenotype_only
PI556685	N	Y		none	phenotype_only
PI556686	N	Y		none	phenotype_only
PI556687	Y	Y	PI556687	exact	matched_exact
PI556688	N	Y		none	phenotype_only
PI556689	Y	Y	PI556689	exact	matched_exact
PI556690	N	Y		none	phenotype_only
PI556691	N	Y		none	phenotype_only
PI556692	N	Y		none	phenotype_only
PI556693	N	Y		none	phenotype_only
PI556694	N	Y		none	phenotype_only
PI556695	N	Y		none	phenotype_only
PI556696	N	Y		none	phenotype_only
PI556697	N	Y		none	phenotype_only
PI556698	N	Y		none	phenotype_only
PI556699	N	Y		none	phenotype_only
PI556700	N	Y		none	phenotype_only
PI556701	N	Y		none	phenotype_only
PI556702	N	Y		none	phenotype_only
PI556703	N	Y		none	phenotype_only
PI556704	N	Y		none	phenotype_only
PI556705	N	Y		none	phenotype_only
PI556707	N	Y		none	phenotype_only
PI556708	N	Y		none	phenotype_only
PI556709	N	Y		none	phenotype_only
PI556711	N	Y		none	phenotype_only
PI556712	N	Y		none	phenotype_only
PI556713	N	Y		none	phenotype_only
PI556714	N	Y		none	phenotype_only
PI556715	N	Y		none	phenotype_only
PI556716	N	Y		none	phenotype_only
PI556717	N	Y		none	phenotype_only
PI556718	N	Y		none	phenotype_only
PI556719	N	Y		none	phenotype_only
PI556720	N	Y		none	phenotype_only
PI556721	N	Y		none	phenotype_only
PI556722	N	Y		none	phenotype_only
PI556723	N	Y		none	phenotype_only
PI556724	N	Y		none	phenotype_only
PI556725	N	Y		none	phenotype_only
PI556726	N	Y		none	phenotype_only
PI556727	N	Y		none	phenotype_only
PI556728	N	Y		none	phenotype_only
PI556729	Y	Y	PI556729	exact	matched_exact
PI556730	N	Y		none	phenotype_only
PI556731	N	Y		none	phenotype_only
PI556732	N	Y		none	phenotype_only
PI556733	N	Y		none	phenotype_only
PI556734	N	Y		none	phenotype_only
PI556735	N	Y		none	phenotype_only
PI556736	N	Y		none	phenotype_only
PI556737	N	Y		none	phenotype_only
PI556738	Y	Y	PI556738	exact	matched_exact
PI556741	N	Y		none	phenotype_only
PI556742	N	Y		none	phenotype_only
PI556743	N	Y		none	phenotype_only
PI556744	N	Y		none	phenotype_only
PI556745	N	Y		none	phenotype_only
PI556746	N	Y		none	phenotype_only
PI556748	N	Y		none	phenotype_only
PI556749	N	Y		none	phenotype_only
PI556751	N	Y		none	phenotype_only
PI556752	N	Y		none	phenotype_only
PI556755	N	Y		none	phenotype_only
PI556756	N	Y		none	phenotype_only
PI556757	N	Y		none	phenotype_only
PI556758	N	Y		none	phenotype_only
PI556759	N	Y		none	phenotype_only
PI556760	N	Y		none	phenotype_only
PI556761	N	Y		none	phenotype_only
PI556762	N	Y		none	phenotype_only
PI556763	N	Y		none	phenotype_only
PI556764	N	Y		none	phenotype_only
PI556765	N	Y		none	phenotype_only
PI556766	N	Y		none	phenotype_only
PI556767	N	Y		none	phenotype_only
PI556768	N	Y		none	phenotype_only
PI556769	N	Y		none	phenotype_only
PI556770	N	Y		none	phenotype_only
PI556771	N	Y		none	phenotype_only
PI556773	N	Y		none	phenotype_only
PI556774	N	Y		none	phenotype_only
PI556775	N	Y		none	phenotype_only
PI556776	Y	Y	PI556776	exact	matched_exact
PI556777	N	Y		none	phenotype_only
PI556778	Y	Y	PI556778	exact	matched_exact
PI556779	Y	Y	PI556779	exact	matched_exact
PI556780	Y	Y	PI556780	exact	matched_exact
PI556781	Y	Y	PI556781	exact	matched_exact
PI556782	N	Y		none	phenotype_only
PI556783	Y	Y	PI556783	exact	matched_exact
PI556784	N	Y		none	phenotype_only
PI556785	N	Y		none	phenotype_only
PI556786	N	Y		none	phenotype_only
PI556790	N	Y		none	phenotype_only
PI556791	N	Y		none	phenotype_only
PI556792	N	Y		none	phenotype_only
PI556793	N	Y		none	phenotype_only
PI556794	N	Y		none	phenotype_only
PI556795	N	Y		none	phenotype_only
PI556796	N	Y		none	phenotype_only
PI556797	N	Y		none	phenotype_only
PI556798	N	Y		none	phenotype_only
PI556799	N	Y		none	phenotype_only
PI556800	N	Y		none	phenotype_only
PI556801	N	Y		none	phenotype_only
PI556803	N	Y		none	phenotype_only
PI556804	N	Y		none	phenotype_only
PI556805	Y	Y	PI556805	exact	matched_exact
PI556806	N	Y		none	phenotype_only
PI556807	N	Y		none	phenotype_only
PI556809	N	Y		none	phenotype_only
PI556810	N	Y		none	phenotype_only
PI556811	N	Y		none	phenotype_only
PI556812	N	Y		none	phenotype_only
PI556813	N	Y		none	phenotype_only
PI556814	Y	Y	PI556814	exact	matched_exact
PI556815	N	Y		none	phenotype_only
PI556816	Y	Y	PI556816	exact	matched_exact
PI556817	N	Y		none	phenotype_only
PI556818	N	Y		none	phenotype_only
PI556819	N	Y		none	phenotype_only
PI556820	N	Y		none	phenotype_only
PI556821	N	Y		none	phenotype_only
PI556822	N	Y		none	phenotype_only
PI556823	N	Y		none	phenotype_only
PI556824	N	Y		none	phenotype_only
PI556825	N	Y		none	phenotype_only
PI556826	N	Y		none	phenotype_only
PI556827	N	Y		none	phenotype_only
PI556828	N	Y		none	phenotype_only
PI556829	N	Y		none	phenotype_only
PI556830	N	Y		none	phenotype_only
PI556831	N	Y		none	phenotype_only
PI556832	N	Y		none	phenotype_only
PI556833	N	Y		none	phenotype_only
PI556834	N	Y		none	phenotype_only
PI556835	N	Y		none	phenotype_only
PI556836	N	Y		none	phenotype_only
PI556837	N	Y		none	phenotype_only
PI556838	N	Y		none	phenotype_only
PI556839	N	Y		none	phenotype_only
PI556840	N	Y		none	phenotype_only
PI556841	N	Y		none	phenotype_only
PI556842	N	Y		none	phenotype_only
PI556843	N	Y		none	phenotype_only
PI556844	N	Y		none	phenotype_only
PI556845	N	Y		none	phenotype_only
PI556846	N	Y		none	phenotype_only
PI556847	N	Y		none	phenotype_only
PI556848	N	Y		none	phenotype_only
PI556849	N	Y		none	phenotype_only
PI556850	Y	Y	PI556850	exact	matched_exact
PI556851	N	Y		none	phenotype_only
PI556852	N	Y		none	phenotype_only
PI556853	N	Y		none	phenotype_only
PI556854	N	Y		none	phenotype_only
PI556855	N	Y		none	phenotype_only
PI556857	Y	Y	PI556857	exact	matched_exact
PI556858	N	Y		none	phenotype_only
PI556859	Y	Y	PI556859	exact	matched_exact
PI556860	N	Y		none	phenotype_only
PI556861	N	Y		none	phenotype_only
PI556862	N	Y		none	phenotype_only
PI556863	N	Y		none	phenotype_only
PI556864	N	Y		none	phenotype_only
PI556865	N	Y		none	phenotype_only
PI556866	N	Y		none	phenotype_only
PI556867	N	Y		none	phenotype_only
PI556868	N	Y		none	phenotype_only
PI556869	N	Y		none	phenotype_only
PI556870	N	Y		none	phenotype_only
PI556871	N	Y		none	phenotype_only
PI556872	N	Y		none	phenotype_only
PI556873	N	Y		none	phenotype_only
PI556874	N	Y		none	phenotype_only
PI556875	N	Y		none	phenotype_only
PI556876	N	Y		none	phenotype_only
PI556877	N	Y		none	phenotype_only
PI556879	N	Y		none	phenotype_only
PI556881	N	Y		none	phenotype_only
PI556882	N	Y		none	phenotype_only
PI556883	N	Y		none	phenotype_only
PI556884	N	Y		none	phenotype_only
PI556885	N	Y		none	phenotype_only
PI556886	N	Y		none	phenotype_only
PI556888	Y	Y	PI556888	exact	matched_exact
PI556889	Y	Y	PI556889	exact	matched_exact
PI556890	N	Y		none	phenotype_only
PI556892	N	Y		none	phenotype_only
PI556893	N	Y		none	phenotype_only
PI556894	N	Y		none	phenotype_only
PI556895	N	Y		none	phenotype_only
PI556896	N	Y		none	phenotype_only
PI556897	N	Y		none	phenotype_only
PI556898	N	Y		none	phenotype_only
PI556899	N	Y		none	phenotype_only
PI556900	N	Y		none	phenotype_only
PI556901	N	Y		none	phenotype_only
PI556902	N	Y		none	phenotype_only
PI556903	N	Y		none	phenotype_only
PI556904	N	Y		none	phenotype_only
PI556905	N	Y		none	phenotype_only
PI556906	N	Y		none	phenotype_only
PI556907	N	Y		none	phenotype_only
PI556908	N	Y		none	phenotype_only
PI556909	N	Y		none	phenotype_only
PI556910	N	Y		none	phenotype_only
PI556911	N	Y		none	phenotype_only
PI556912	N	Y		none	phenotype_only
PI556913	N	Y		none	phenotype_only
PI556914	N	Y		none	phenotype_only
PI556915	N	Y		none	phenotype_only
PI556916	N	Y		none	phenotype_only
PI556917	N	Y		none	phenotype_only
PI556918	N	Y		none	phenotype_only
PI556919	N	Y		none	phenotype_only
PI556920	N	Y		none	phenotype_only
PI556922	N	Y		none	phenotype_only
PI556925	N	Y		none	phenotype_only
PI556926	N	Y		none	phenotype_only
PI556927	N	Y		none	phenotype_only
PI556928	Y	Y	PI556928	exact	matched_exact
PI556929	Y	Y	PI556929	exact	matched_exact
PI556930	N	Y		none	phenotype_only
PI556931	Y	Y	PI556931	exact	matched_exact
PI556932	Y	Y	PI556932	exact	matched_exact
PI556933	N	Y		none	phenotype_only
PI556948	Y	Y	PI556948	exact	matched_exact
PI556949	Y	Y	PI556949	exact	matched_exact
PI556950	Y	Y	PI556950	exact	matched_exact
PI556989	Y	Y	PI556989	exact	matched_exact
PI556996	N	Y		none	phenotype_only
PI556997	N	Y		none	phenotype_only
PI557010	Y	Y	PI557010	exact	matched_exact
PI557011	Y	Y	PI557011	exact	matched_exact
PI557535	Y	Y	PI557535	exact	matched_exact
PI557536	Y	Y	PI557536	exact	matched_exact
PI55887	Y	N	PI055887	zero_pad_candidate	ambiguous
PI559282	N	Y		none	phenotype_only
PI559283	N	Y		none	phenotype_only
PI559284	N	Y		none	phenotype_only
PI559285	N	Y		none	phenotype_only
PI559286	N	Y		none	phenotype_only
PI559287	N	Y		none	phenotype_only
PI559288	N	Y		none	phenotype_only
PI559289	N	Y		none	phenotype_only
PI559290	N	Y		none	phenotype_only
PI559291	N	Y		none	phenotype_only
PI559292	N	Y		none	phenotype_only
PI559293	N	Y		none	phenotype_only
PI559294	N	Y		none	phenotype_only
PI559295	N	Y		none	phenotype_only
PI559296	N	Y		none	phenotype_only
PI559297	N	Y		none	phenotype_only
PI559298	N	Y		none	phenotype_only
PI559299	N	Y		none	phenotype_only
PI559300	N	Y		none	phenotype_only
PI559301	N	Y		none	phenotype_only
PI559302	N	Y		none	phenotype_only
PI559303	N	Y		none	phenotype_only
PI559304	N	Y		none	phenotype_only
PI559305	N	Y		none	phenotype_only
PI559306	N	Y		none	phenotype_only
PI559307	N	Y		none	phenotype_only
PI559308	N	Y		none	phenotype_only
PI559309	N	Y		none	phenotype_only
PI559310	N	Y		none	phenotype_only
PI559311	N	Y		none	phenotype_only
PI559312	N	Y		none	phenotype_only
PI559313	N	Y		none	phenotype_only
PI559314	N	Y		none	phenotype_only
PI559315	N	Y		none	phenotype_only
PI559316	N	Y		none	phenotype_only
PI559317	N	Y		none	phenotype_only
PI559318	N	Y		none	phenotype_only
PI559319	N	Y		none	phenotype_only
PI559320	N	Y		none	phenotype_only
PI559321	N	Y		none	phenotype_only
PI559322	N	Y		none	phenotype_only
PI559323	N	Y		none	phenotype_only
PI559324	N	Y		none	phenotype_only
PI559325	N	Y		none	phenotype_only
PI559326	N	Y		none	phenotype_only
PI559327	N	Y		none	phenotype_only
PI559328	N	Y		none	phenotype_only
PI559329	N	Y		none	phenotype_only
PI559330	N	Y		none	phenotype_only
PI559331	N	Y		none	phenotype_only
PI559332	N	Y		none	phenotype_only
PI559333	N	Y		none	phenotype_only
PI559334	N	Y		none	phenotype_only
PI559335	N	Y		none	phenotype_only
PI559336	N	Y		none	phenotype_only
PI559337	N	Y		none	phenotype_only
PI559338	N	Y		none	phenotype_only
PI559339	N	Y		none	phenotype_only
PI559340	N	Y		none	phenotype_only
PI559341	N	Y		none	phenotype_only
PI559342	N	Y		none	phenotype_only
PI559343	N	Y		none	phenotype_only
PI559344	N	Y		none	phenotype_only
PI559345	N	Y		none	phenotype_only
PI559346	N	Y		none	phenotype_only
PI559347	N	Y		none	phenotype_only
PI559348	N	Y		none	phenotype_only
PI559349	N	Y		none	phenotype_only
PI559350	N	Y		none	phenotype_only
PI559351	N	Y		none	phenotype_only
PI559352	N	Y		none	phenotype_only
PI559353	N	Y		none	phenotype_only
PI559354	N	Y		none	phenotype_only
PI559355	N	Y		none	phenotype_only
PI559356	N	Y		none	phenotype_only
PI559357	N	Y		none	phenotype_only
PI559358	N	Y		none	phenotype_only
PI559369	Y	Y	PI559369	exact	matched_exact
PI559370	Y	Y	PI559370	exact	matched_exact
PI559371	Y	Y	PI559371	exact	matched_exact
PI559379	N	Y		none	phenotype_only
PI559397	N	Y		none	phenotype_only
PI559398	N	Y		none	phenotype_only
PI559399	N	Y		none	phenotype_only
PI559400	N	Y		none	phenotype_only
PI559927	N	Y		none	phenotype_only
PI559931	Y	Y	PI559931	exact	matched_exact
PI559932	Y	Y	PI559932	exact	matched_exact
PI559933	N	Y		none	phenotype_only
PI559934	Y	Y	PI559934	exact	matched_exact
PI560206	Y	Y	PI560206	exact	matched_exact
PI560207	Y	Y	PI560207	exact	matched_exact
PI560300	N	Y		none	phenotype_only
PI560307	N	Y		none	phenotype_only
PI560909	Y	Y	PI560909	exact	matched_exact
PI560910	Y	Y	PI560910	exact	matched_exact
PI560911	Y	Y	PI560911	exact	matched_exact
PI561191	N	Y		none	phenotype_only
PI561201	Y	Y	PI561201	exact	matched_exact
PI561205	N	Y		none	phenotype_only
PI561206	N	Y		none	phenotype_only
PI561207	N	Y		none	phenotype_only
PI561208	N	Y		none	phenotype_only
PI561209	N	Y		none	phenotype_only
PI561210	N	Y		none	phenotype_only
PI561211	N	Y		none	phenotype_only
PI561212	N	Y		none	phenotype_only
PI561218	Y	Y	PI561218	exact	matched_exact
PI561219	N	Y		none	phenotype_only
PI561227	Y	Y	PI561227	exact	matched_exact
PI561228	Y	Y	PI561228	exact	matched_exact
PI561229	Y	Y	PI561229	exact	matched_exact
PI561230	Y	Y	PI561230	exact	matched_exact
PI561231	Y	Y	PI561231	exact	matched_exact
PI561232	Y	Y	PI561232	exact	matched_exact
PI561233A	Y	Y	PI561233A	exact	matched_exact
PI561233B	Y	Y	PI561233B	exact	matched_exact
PI561233C	Y	Y	PI561233C	exact	matched_exact
PI561234	Y	Y	PI561234	exact	matched_exact
PI561235	Y	Y	PI561235	exact	matched_exact
PI561236	Y	Y	PI561236	exact	matched_exact
PI561237	Y	Y	PI561237	exact	matched_exact
PI561238	Y	Y	PI561238	exact	matched_exact
PI561239	Y	Y	PI561239	exact	matched_exact
PI561240	Y	Y	PI561240	exact	matched_exact
PI561241	Y	Y	PI561241	exact	matched_exact
PI561242	Y	Y	PI561242	exact	matched_exact
PI561271	Y	Y	PI561271	exact	matched_exact
PI561272	Y	Y	PI561272	exact	matched_exact
PI561273	Y	Y	PI561273	exact	matched_exact
PI561274	Y	Y	PI561274	exact	matched_exact
PI561275	Y	Y	PI561275	exact	matched_exact
PI561276	Y	Y	PI561276	exact	matched_exact
PI561277	Y	Y	PI561277	exact	matched_exact
PI561278A	Y	Y	PI561278A	exact	matched_exact
PI561278B	Y	Y	PI561278B	exact	matched_exact
PI561279	Y	Y	PI561279	exact	matched_exact
PI561280	Y	Y	PI561280	exact	matched_exact
PI561282A	Y	Y	PI561282A	exact	matched_exact
PI561282B	Y	Y	PI561282B	exact	matched_exact
PI561282C	Y	Y	PI561282C	exact	matched_exact
PI561282D	Y	Y	PI561282D	exact	matched_exact
PI561282E	Y	Y	PI561282E	exact	matched_exact
PI561283	Y	Y	PI561283	exact	matched_exact
PI561284	Y	Y	PI561284	exact	matched_exact
PI561285A	Y	Y	PI561285A	exact	matched_exact
PI561285B	Y	Y	PI561285B	exact	matched_exact
PI561286	Y	Y	PI561286	exact	matched_exact
PI561287A	Y	Y	PI561287A	exact	matched_exact
PI561287B	Y	Y	PI561287B	exact	matched_exact
PI561288	Y	Y	PI561288	exact	matched_exact
PI561289	Y	Y	PI561289	exact	matched_exact
PI561290	Y	Y	PI561290	exact	matched_exact
PI561291	Y	Y	PI561291	exact	matched_exact
PI561292A	Y	Y	PI561292A	exact	matched_exact
PI561292B	Y	Y	PI561292B	exact	matched_exact
PI561293	Y	Y	PI561293	exact	matched_exact
PI561294	Y	Y	PI561294	exact	matched_exact
PI561295	Y	Y	PI561295	exact	matched_exact
PI561296A	Y	Y	PI561296A	exact	matched_exact
PI561296B	Y	Y	PI561296B	exact	matched_exact
PI561296C	Y	Y	PI561296C	exact	matched_exact
PI561297	Y	Y	PI561297	exact	matched_exact
PI561298	Y	Y	PI561298	exact	matched_exact
PI561299A	Y	Y	PI561299A	exact	matched_exact
PI561299B	Y	Y	PI561299B	exact	matched_exact
PI561300A	Y	Y	PI561300A	exact	matched_exact
PI561300B	Y	Y	PI561300B	exact	matched_exact
PI561301	Y	Y	PI561301	exact	matched_exact
PI561302A	Y	Y	PI561302A	exact	matched_exact
PI561302B	Y	Y	PI561302B	exact	matched_exact
PI561302C	Y	Y	PI561302C	exact	matched_exact
PI561302D	Y	Y	PI561302D	exact	matched_exact
PI561303	Y	Y	PI561303	exact	matched_exact
PI561304A	Y	Y	PI561304A	exact	matched_exact
PI561304B	Y	Y	PI561304B	exact	matched_exact
PI561305	Y	Y	PI561305	exact	matched_exact
PI561306	Y	Y	PI561306	exact	matched_exact
PI561307	Y	Y	PI561307	exact	matched_exact
PI561308	Y	Y	PI561308	exact	matched_exact
PI561309A	Y	Y	PI561309A	exact	matched_exact
PI561309B	Y	Y	PI561309B	exact	matched_exact
PI561310	Y	Y	PI561310	exact	matched_exact
PI561311A	Y	Y	PI561311A	exact	matched_exact
PI561311B	Y	Y	PI561311B	exact	matched_exact
PI561312	Y	Y	PI561312	exact	matched_exact
PI561313	Y	Y	PI561313	exact	matched_exact
PI561314A	Y	Y	PI561314A	exact	matched_exact
PI561314B	Y	Y	PI561314B	exact	matched_exact
PI561315	Y	Y	PI561315	exact	matched_exact
PI561316	Y	Y	PI561316	exact	matched_exact
PI561317	Y	Y	PI561317	exact	matched_exact
PI561318A	Y	Y	PI561318A	exact	matched_exact
PI561318B	Y	Y	PI561318B	exact	matched_exact
PI561319A	Y	Y	PI561319A	exact	matched_exact
PI561319B	Y	Y	PI561319B	exact	matched_exact
PI561320	Y	Y	PI561320	exact	matched_exact
PI561321	Y	Y	PI561321	exact	matched_exact
PI561322	Y	Y	PI561322	exact	matched_exact
PI561323	Y	Y	PI561323	exact	matched_exact
PI561324	Y	Y	PI561324	exact	matched_exact
PI561325	Y	Y	PI561325	exact	matched_exact
PI561326	Y	Y	PI561326	exact	matched_exact
PI561327A	Y	Y	PI561327A	exact	matched_exact
PI561327B	Y	Y	PI561327B	exact	matched_exact
PI561327C	Y	Y	PI561327C	exact	matched_exact
PI561327D	Y	Y	PI561327D	exact	matched_exact
PI561328	Y	Y	PI561328	exact	matched_exact
PI561329	Y	Y	PI561329	exact	matched_exact
PI561330A	Y	Y	PI561330A	exact	matched_exact
PI561330B	Y	Y	PI561330B	exact	matched_exact
PI561331	Y	Y	PI561331	exact	matched_exact
PI561332	Y	Y	PI561332	exact	matched_exact
PI561333	Y	Y	PI561333	exact	matched_exact
PI561334	Y	Y	PI561334	exact	matched_exact
PI561335	Y	Y	PI561335	exact	matched_exact
PI561336	Y	Y	PI561336	exact	matched_exact
PI561337	Y	Y	PI561337	exact	matched_exact
PI561338A	Y	Y	PI561338A	exact	matched_exact
PI561338B	Y	Y	PI561338B	exact	matched_exact
PI561339	Y	Y	PI561339	exact	matched_exact
PI561340	Y	Y	PI561340	exact	matched_exact
PI561341A	Y	Y	PI561341A	exact	matched_exact
PI561341B	Y	Y	PI561341B	exact	matched_exact
PI561342	Y	Y	PI561342	exact	matched_exact
PI561343	Y	Y	PI561343	exact	matched_exact
PI561344	Y	Y	PI561344	exact	matched_exact
PI561345	Y	Y	PI561345	exact	matched_exact
PI561346	Y	Y	PI561346	exact	matched_exact
PI561347	Y	Y	PI561347	exact	matched_exact
PI561348	Y	Y	PI561348	exact	matched_exact
PI561349	Y	Y	PI561349	exact	matched_exact
PI561350A	Y	Y	PI561350A	exact	matched_exact
PI561350B	Y	Y	PI561350B	exact	matched_exact
PI561351	Y	Y	PI561351	exact	matched_exact
PI561353	Y	Y	PI561353	exact	matched_exact
PI561354	Y	Y	PI561354	exact	matched_exact
PI561355	Y	N		none	vcf_only
PI561356	Y	Y	PI561356	exact	matched_exact
PI561357	Y	Y	PI561357	exact	matched_exact
PI561358A	Y	Y	PI561358A	exact	matched_exact
PI561358B	Y	Y	PI561358B	exact	matched_exact
PI561359	Y	Y	PI561359	exact	matched_exact
PI561360	Y	Y	PI561360	exact	matched_exact
PI561361	Y	Y	PI561361	exact	matched_exact
PI561362	Y	Y	PI561362	exact	matched_exact
PI561363	Y	Y	PI561363	exact	matched_exact
PI561364	Y	Y	PI561364	exact	matched_exact
PI561365	Y	Y	PI561365	exact	matched_exact
PI561366	Y	Y	PI561366	exact	matched_exact
PI561367	Y	Y	PI561367	exact	matched_exact
PI561368	Y	Y	PI561368	exact	matched_exact
PI561369	Y	Y	PI561369	exact	matched_exact
PI561370	Y	Y	PI561370	exact	matched_exact
PI561371	Y	Y	PI561371	exact	matched_exact
PI561372	Y	Y	PI561372	exact	matched_exact
PI561373	Y	Y	PI561373	exact	matched_exact
PI561374	Y	Y	PI561374	exact	matched_exact
PI561375	Y	Y	PI561375	exact	matched_exact
PI561377	Y	Y	PI561377	exact	matched_exact
PI561378	Y	Y	PI561378	exact	matched_exact
PI561379A	Y	Y	PI561379A	exact	matched_exact
PI561379B	Y	Y	PI561379B	exact	matched_exact
PI561380	Y	Y	PI561380	exact	matched_exact
PI561381	Y	Y	PI561381	exact	matched_exact
PI561382	Y	Y	PI561382	exact	matched_exact
PI561383	Y	Y	PI561383	exact	matched_exact
PI561387	Y	Y	PI561387	exact	matched_exact
PI561389A	Y	Y	PI561389A	exact	matched_exact
PI561389B	Y	Y	PI561389B	exact	matched_exact
PI561390	Y	Y	PI561390	exact	matched_exact
PI561391	Y	Y	PI561391	exact	matched_exact
PI561392	Y	Y	PI561392	exact	matched_exact
PI561393	Y	Y	PI561393	exact	matched_exact
PI561394	Y	Y	PI561394	exact	matched_exact
PI561395	Y	Y	PI561395	exact	matched_exact
PI561396	Y	Y	PI561396	exact	matched_exact
PI561397	Y	Y	PI561397	exact	matched_exact
PI561398	Y	Y	PI561398	exact	matched_exact
PI561399	Y	N		none	vcf_only
PI561400	Y	Y	PI561400	exact	matched_exact
PI561401	Y	Y	PI561401	exact	matched_exact
PI561404	Y	Y	PI561404	exact	matched_exact
PI561405	Y	Y	PI561405	exact	matched_exact
PI561406	Y	Y	PI561406	exact	matched_exact
PI561407	Y	Y	PI561407	exact	matched_exact
PI561408	Y	Y	PI561408	exact	matched_exact
PI561470	Y	Y	PI561470	exact	matched_exact
PI561570	Y	Y	PI561570	exact	matched_exact
PI561571	Y	Y	PI561571	exact	matched_exact
PI561572	Y	Y	PI561572	exact	matched_exact
PI561573	Y	Y	PI561573	exact	matched_exact
PI561574	Y	Y	PI561574	exact	matched_exact
PI561575	Y	Y	PI561575	exact	matched_exact
PI561576	N	Y		none	phenotype_only
PI561578	N	Y		none	phenotype_only
PI561582	N	Y		none	phenotype_only
PI561583	N	Y		none	phenotype_only
PI561584	N	Y		none	phenotype_only
PI561585	N	Y		none	phenotype_only
PI561586	N	Y		none	phenotype_only
PI561589	N	Y		none	phenotype_only
PI561596	N	Y		none	phenotype_only
PI561597	N	Y		none	phenotype_only
PI561599	N	Y		none	phenotype_only
PI561698	Y	Y	PI561698	exact	matched_exact
PI561699	Y	Y	PI561699	exact	matched_exact
PI561700	Y	Y	PI561700	exact	matched_exact
PI561701	Y	Y	PI561701	exact	matched_exact
PI561702	Y	Y	PI561702	exact	matched_exact
PI561711	N	Y		none	phenotype_only
PI561712	N	Y		none	phenotype_only
PI561717	Y	Y	PI561717	exact	matched_exact
PI561718	N	Y		none	phenotype_only
PI561858	Y	Y	PI561858	exact	matched_exact
PI561860	Y	Y	PI561860	exact	matched_exact
PI562372	Y	Y	PI562372	exact	matched_exact
PI562373	Y	Y	PI562373	exact	matched_exact
PI562374	Y	Y	PI562374	exact	matched_exact
PI562387	Y	Y	PI562387	exact	matched_exact
PI562531	Y	Y	PI562531	exact	matched_exact
PI562532	Y	Y	PI562532	exact	matched_exact
PI562533	Y	Y	PI562533	exact	matched_exact
PI562534	Y	Y	PI562534	exact	matched_exact
PI562535	Y	Y	PI562535	exact	matched_exact
PI562536	Y	Y	PI562536	exact	matched_exact
PI562537	Y	Y	PI562537	exact	matched_exact
PI562538	Y	Y	PI562538	exact	matched_exact
PI562539	Y	Y	PI562539	exact	matched_exact
PI562540	Y	Y	PI562540	exact	matched_exact
PI562541	Y	Y	PI562541	exact	matched_exact
PI562542	Y	Y	PI562542	exact	matched_exact
PI562543	Y	Y	PI562543	exact	matched_exact
PI562544	Y	Y	PI562544	exact	matched_exact
PI562545	Y	Y	PI562545	exact	matched_exact
PI562546	Y	Y	PI562546	exact	matched_exact
PI562547	Y	Y	PI562547	exact	matched_exact
PI562548	Y	Y	PI562548	exact	matched_exact
PI562549	Y	Y	PI562549	exact	matched_exact
PI562550	Y	Y	PI562550	exact	matched_exact
PI562551	Y	Y	PI562551	exact	matched_exact
PI562552	Y	Y	PI562552	exact	matched_exact
PI562553	Y	Y	PI562553	exact	matched_exact
PI562554	Y	Y	PI562554	exact	matched_exact
PI562555	Y	Y	PI562555	exact	matched_exact
PI562556	Y	Y	PI562556	exact	matched_exact
PI562557	Y	Y	PI562557	exact	matched_exact
PI562558	Y	Y	PI562558	exact	matched_exact
PI562559	Y	Y	PI562559	exact	matched_exact
PI562560	Y	Y	PI562560	exact	matched_exact
PI562561	Y	Y	PI562561	exact	matched_exact
PI562562	Y	Y	PI562562	exact	matched_exact
PI562563	Y	Y	PI562563	exact	matched_exact
PI562564	Y	Y	PI562564	exact	matched_exact
PI562565	Y	Y	PI562565	exact	matched_exact
PI562566	Y	Y	PI562566	exact	matched_exact
PI562567	Y	Y	PI562567	exact	matched_exact
PI562568	Y	Y	PI562568	exact	matched_exact
PI562611	Y	Y	PI562611	exact	matched_exact
PI562628	N	Y		none	phenotype_only
PI562637	N	Y		none	phenotype_only
PI562694	Y	Y	PI562694	exact	matched_exact
PI563876	N	Y		none	phenotype_only
PI563880	N	Y		none	phenotype_only
PI563881	N	Y		none	phenotype_only
PI563882	N	Y		none	phenotype_only
PI563883	N	Y		none	phenotype_only
PI563884	N	Y		none	phenotype_only
PI563885	N	Y		none	phenotype_only
PI563886	N	Y		none	phenotype_only
PI563887	N	Y		none	phenotype_only
PI563888	N	Y		none	phenotype_only
PI563889	N	Y		none	phenotype_only
PI563890	N	Y		none	phenotype_only
PI563891	N	Y		none	phenotype_only
PI563892	N	Y		none	phenotype_only
PI563893	N	Y		none	phenotype_only
PI563894	N	Y		none	phenotype_only
PI563895	N	Y		none	phenotype_only
PI563896	N	Y		none	phenotype_only
PI563897	N	Y		none	phenotype_only
PI563898	N	Y		none	phenotype_only
PI563899	N	Y		none	phenotype_only
PI563900	N	Y		none	phenotype_only
PI563901	N	Y		none	phenotype_only
PI563902	N	Y		none	phenotype_only
PI563903	N	Y		none	phenotype_only
PI564082	N	Y		none	phenotype_only
PI564261	Y	Y	PI564261	exact	matched_exact
PI564276	Y	Y	PI564276	exact	matched_exact
PI564281	Y	Y	PI564281	exact	matched_exact
PI564524	Y	Y	PI564524	exact	matched_exact
PI564525	N	Y		none	phenotype_only
PI564526	N	Y		none	phenotype_only
PI564528	N	Y		none	phenotype_only
PI564529	N	Y		none	phenotype_only
PI564530	N	Y		none	phenotype_only
PI564718	Y	Y	PI564718	exact	matched_exact
PI564742	N	Y		none	phenotype_only
PI564745	N	Y		none	phenotype_only
PI564849	Y	Y	PI564849	exact	matched_exact
PI564999	Y	Y	PI564999	exact	matched_exact
PI565092	N	Y		none	phenotype_only
PI565093	N	Y		none	phenotype_only
PI565485	N	Y		none	phenotype_only
PI565510	N	Y		none	phenotype_only
PI565511	N	Y		none	phenotype_only
PI565512	N	Y		none	phenotype_only
PI56563	Y	N	PI056563	zero_pad_candidate	ambiguous
PI566930	N	Y		none	phenotype_only
PI566931	N	Y		none	phenotype_only
PI566936	N	Y		none	phenotype_only
PI566937	N	Y		none	phenotype_only
PI566955	Y	N		none	vcf_only
PI566956	Y	N		none	vcf_only
PI566957	Y	N		none	vcf_only
PI566958	Y	N		none	vcf_only
PI566959	Y	N		none	vcf_only
PI566960	Y	Y	PI566960	exact	matched_exact
PI566961	Y	Y	PI566961	exact	matched_exact
PI566962	Y	N		none	vcf_only
PI566963	Y	N		none	vcf_only
PI566964A	Y	N		none	vcf_only
PI566964B	Y	N		none	vcf_only
PI566965	Y	N		none	vcf_only
PI566966A	Y	N		none	vcf_only
PI566966B	Y	N		none	vcf_only
PI566966C	Y	N		none	vcf_only
PI566967A	Y	Y	PI566967A	exact	matched_exact
PI566967B	Y	N		none	vcf_only
PI566968A	Y	Y	PI566968A	exact	matched_exact
PI566968B	Y	N		none	vcf_only
PI566968C	Y	N		none	vcf_only
PI566969	Y	N		none	vcf_only
PI566970A	Y	N		none	vcf_only
PI566970B	Y	N		none	vcf_only
PI566970C	Y	N		none	vcf_only
PI566971A	Y	Y	PI566971A	exact	matched_exact
PI566971B	Y	N		none	vcf_only
PI566972	Y	N		none	vcf_only
PI566973	Y	N		none	vcf_only
PI566974	Y	N		none	vcf_only
PI566975	Y	N		none	vcf_only
PI566976	Y	Y	PI566976	exact	matched_exact
PI566977A	Y	Y	PI566977A	exact	matched_exact
PI566977B	Y	Y	PI566977B	exact	matched_exact
PI566978	Y	Y	PI566978	exact	matched_exact
PI566979A	Y	N		none	vcf_only
PI566979B	Y	N		none	vcf_only
PI566979C	Y	N		none	vcf_only
PI566980A	Y	N		none	vcf_only
PI566980B	Y	N		none	vcf_only
PI566981	Y	Y	PI566981	exact	matched_exact
PI566982	Y	N		none	vcf_only
PI566983	Y	N		none	vcf_only
PI566984	Y	Y	PI566984	exact	matched_exact
PI566985A	Y	Y	PI566985A	exact	matched_exact
PI566985B	Y	Y	PI566985B	exact	matched_exact
PI566985C	Y	N		none	vcf_only
PI566986	Y	N		none	vcf_only
PI566987A	Y	Y	PI566987A	exact	matched_exact
PI566987B	Y	N		none	vcf_only
PI566988A	Y	Y	PI566988A	exact	matched_exact
PI566988B	Y	N		none	vcf_only
PI566989A	Y	Y	PI566989A	exact	matched_exact
PI566989B	Y	Y	PI566989B	exact	matched_exact
PI566989C	Y	Y	PI566989C	exact	matched_exact
PI566990A	Y	Y	PI566990A	exact	matched_exact
PI566990B	Y	N		none	vcf_only
PI566991	Y	Y	PI566991	exact	matched_exact
PI566992A	Y	Y	PI566992A	exact	matched_exact
PI566992B	Y	Y	PI566992B	exact	matched_exact
PI566993A	Y	Y	PI566993A	exact	matched_exact
PI566993B	Y	Y	PI566993B	exact	matched_exact
PI566994	Y	Y	PI566994	exact	matched_exact
PI566995A	Y	Y	PI566995A	exact	matched_exact
PI566995B	Y	Y	PI566995B	exact	matched_exact
PI566996	Y	Y	PI566996	exact	matched_exact
PI566997	Y	N		none	vcf_only
PI566998A	Y	Y	PI566998A	exact	matched_exact
PI566998B	Y	Y	PI566998B	exact	matched_exact
PI566999A	Y	Y	PI566999A	exact	matched_exact
PI566999B	Y	N		none	vcf_only
PI566999C	Y	Y	PI566999C	exact	matched_exact
PI567000A	Y	Y	PI567000A	exact	matched_exact
PI567000B	Y	N		none	vcf_only
PI567001A	Y	Y	PI567001A	exact	matched_exact
PI567001B	Y	N		none	vcf_only
PI567002A	Y	Y	PI567002A	exact	matched_exact
PI567002B	Y	Y	PI567002B	exact	matched_exact
PI567002C	Y	N		none	vcf_only
PI567003A	Y	Y	PI567003A	exact	matched_exact
PI567003B	Y	N		none	vcf_only
PI567004	Y	Y	PI567004	exact	matched_exact
PI567005A	Y	N		none	vcf_only
PI567005B	Y	N		none	vcf_only
PI567005C	Y	N		none	vcf_only
PI567006A	Y	Y	PI567006A	exact	matched_exact
PI567006B	Y	N		none	vcf_only
PI567007A	Y	Y	PI567007A	exact	matched_exact
PI567007B	Y	Y	PI567007B	exact	matched_exact
PI567007C	Y	N		none	vcf_only
PI567008	Y	N		none	vcf_only
PI567009A	Y	Y	PI567009A	exact	matched_exact
PI567009B	Y	N		none	vcf_only
PI567010A	Y	Y	PI567010A	exact	matched_exact
PI567010B	Y	N		none	vcf_only
PI567011A	Y	Y	PI567011A	exact	matched_exact
PI567011B	Y	N		none	vcf_only
PI567012	Y	N		none	vcf_only
PI567013	Y	Y	PI567013	exact	matched_exact
PI567014A	Y	Y	PI567014A	exact	matched_exact
PI567014B	Y	Y	PI567014B	exact	matched_exact
PI567015	Y	N		none	vcf_only
PI567016	Y	Y	PI567016	exact	matched_exact
PI567017A	Y	Y	PI567017A	exact	matched_exact
PI567017B	Y	N		none	vcf_only
PI567018	Y	N		none	vcf_only
PI567019	Y	N		none	vcf_only
PI567020A	Y	Y	PI567020A	exact	matched_exact
PI567020B	Y	N		none	vcf_only
PI567021	Y	Y	PI567021	exact	matched_exact
PI567022A	Y	Y	PI567022A	exact	matched_exact
PI567022B	Y	N		none	vcf_only
PI567023A	Y	Y	PI567023A	exact	matched_exact
PI567023B	Y	Y	PI567023B	exact	matched_exact
PI567024	Y	Y	PI567024	exact	matched_exact
PI567025A	Y	Y	PI567025A	exact	matched_exact
PI567025B	Y	N		none	vcf_only
PI567026	Y	N		none	vcf_only
PI567027A	Y	Y	PI567027A	exact	matched_exact
PI567027B	Y	Y	PI567027B	exact	matched_exact
PI567028	Y	N		none	vcf_only
PI567029A	Y	Y	PI567029A	exact	matched_exact
PI567029B	Y	N		none	vcf_only
PI567030	Y	N		none	vcf_only
PI567031A	Y	Y	PI567031A	exact	matched_exact
PI567031B	Y	Y	PI567031B	exact	matched_exact
PI567031C	Y	Y	PI567031C	exact	matched_exact
PI567032A	Y	Y	PI567032A	exact	matched_exact
PI567032B	Y	Y	PI567032B	exact	matched_exact
PI567033A	Y	Y	PI567033A	exact	matched_exact
PI567033B	Y	N		none	vcf_only
PI567034	Y	Y	PI567034	exact	matched_exact
PI567035A	Y	Y	PI567035A	exact	matched_exact
PI567035B	Y	Y	PI567035B	exact	matched_exact
PI567035C	Y	N		none	vcf_only
PI567036	Y	N		none	vcf_only
PI567037	Y	N		none	vcf_only
PI567038	Y	N		none	vcf_only
PI567039	Y	Y	PI567039	exact	matched_exact
PI567040	Y	N		none	vcf_only
PI567041A	Y	Y	PI567041A	exact	matched_exact
PI567041B	Y	N		none	vcf_only
PI567041C	Y	Y	PI567041C	exact	matched_exact
PI567041D	Y	N		none	vcf_only
PI567042	Y	Y	PI567042	exact	matched_exact
PI567043A	Y	Y	PI567043A	exact	matched_exact
PI567043B	Y	N		none	vcf_only
PI567044	Y	N		none	vcf_only
PI567045	Y	N		none	vcf_only
PI567046A	Y	Y	PI567046A	exact	matched_exact
PI567046B	Y	Y	PI567046B	exact	matched_exact
PI567046C	Y	Y	PI567046C	exact	matched_exact
PI567047A	Y	N		none	vcf_only
PI567047B	Y	N		none	vcf_only
PI567048A	Y	Y	PI567048A	exact	matched_exact
PI567048B	Y	N		none	vcf_only
PI567049A	Y	Y	PI567049A	exact	matched_exact
PI567049B	Y	N		none	vcf_only
PI567050	Y	Y	PI567050	exact	matched_exact
PI567051	Y	N		none	vcf_only
PI567052	Y	N		none	vcf_only
PI567053	Y	N		none	vcf_only
PI567054A	Y	Y	PI567054A	exact	matched_exact
PI567054B	Y	Y	PI567054B	exact	matched_exact
PI567054C	Y	N		none	vcf_only
PI567055	Y	Y	PI567055	exact	matched_exact
PI567056A	Y	Y	PI567056A	exact	matched_exact
PI567056B	Y	Y	PI567056B	exact	matched_exact
PI567057	Y	N		none	vcf_only
PI567058A	Y	Y	PI567058A	exact	matched_exact
PI567058B	Y	Y	PI567058B	exact	matched_exact
PI567058C	Y	N		none	vcf_only
PI567058D	Y	N		none	vcf_only
PI567059	Y	Y	PI567059	exact	matched_exact
PI567060A	Y	Y	PI567060A	exact	matched_exact
PI567060B	Y	Y	PI567060B	exact	matched_exact
PI567061	Y	Y	PI567061	exact	matched_exact
PI567062	Y	Y	PI567062	exact	matched_exact
PI567063	Y	Y	PI567063	exact	matched_exact
PI567064A	Y	Y	PI567064A	exact	matched_exact
PI567064B	Y	Y	PI567064B	exact	matched_exact
PI567065	Y	Y	PI567065	exact	matched_exact
PI567066	Y	Y	PI567066	exact	matched_exact
PI567067A	Y	Y	PI567067A	exact	matched_exact
PI567067B	Y	N		none	vcf_only
PI567068A	Y	N		none	vcf_only
PI567068B	Y	N		none	vcf_only
PI567069A	Y	Y	PI567069A	exact	matched_exact
PI567069B	Y	Y	PI567069B	exact	matched_exact
PI567070A	Y	Y	PI567070A	exact	matched_exact
PI567070B	Y	Y	PI567070B	exact	matched_exact
PI567070C	Y	N		none	vcf_only
PI567071A	Y	N		none	vcf_only
PI567071B	Y	N		none	vcf_only
PI567072A	Y	Y	PI567072A	exact	matched_exact
PI567072B	Y	Y	PI567072B	exact	matched_exact
PI567073A	Y	N		none	vcf_only
PI567073B	Y	Y	PI567073B	exact	matched_exact
PI567074A	Y	N		none	vcf_only
PI567074B	Y	N		none	vcf_only
PI567075A	Y	N		none	vcf_only
PI567075B	Y	N		none	vcf_only
PI567076	Y	N		none	vcf_only
PI567077A	Y	N		none	vcf_only
PI567077B	Y	N		none	vcf_only
PI567078	Y	Y	PI567078	exact	matched_exact
PI567079	Y	Y	PI567079	exact	matched_exact
PI567080	Y	N		none	vcf_only
PI567081	Y	N		none	vcf_only
PI567082A	Y	Y	PI567082A	exact	matched_exact
PI567082B	Y	Y	PI567082B	exact	matched_exact
PI567082C	Y	N		none	vcf_only
PI567083A	Y	Y	PI567083A	exact	matched_exact
PI567083B	Y	N		none	vcf_only
PI567083C	Y	N		none	vcf_only
PI567083D	Y	N		none	vcf_only
PI567084	Y	Y	PI567084	exact	matched_exact
PI567085A	Y	Y	PI567085A	exact	matched_exact
PI567085B	Y	Y	PI567085B	exact	matched_exact
PI567086A	Y	Y	PI567086A	exact	matched_exact
PI567086B	Y	N		none	vcf_only
PI567087A	Y	Y	PI567087A	exact	matched_exact
PI567087B	Y	Y	PI567087B	exact	matched_exact
PI567087C	Y	N		none	vcf_only
PI567088A	Y	Y	PI567088A	exact	matched_exact
PI567088B	Y	Y	PI567088B	exact	matched_exact
PI567089A	Y	Y	PI567089A	exact	matched_exact
PI567089B	Y	Y	PI567089B	exact	matched_exact
PI567090	Y	N		none	vcf_only
PI567091	Y	Y	PI567091	exact	matched_exact
PI567092A	Y	Y	PI567092A	exact	matched_exact
PI567092B	Y	N		none	vcf_only
PI567093A	Y	Y	PI567093A	exact	matched_exact
PI567093B	Y	Y	PI567093B	exact	matched_exact
PI567094	Y	Y	PI567094	exact	matched_exact
PI567095A	Y	Y	PI567095A	exact	matched_exact
PI567095B	Y	N		none	vcf_only
PI567096	Y	N		none	vcf_only
PI567097A	Y	Y	PI567097A	exact	matched_exact
PI567097B	Y	N		none	vcf_only
PI567098A	Y	Y	PI567098A	exact	matched_exact
PI567098B	Y	N		none	vcf_only
PI567099A	Y	N		none	vcf_only
PI567099B	Y	N		none	vcf_only
PI567100A	Y	N		none	vcf_only
PI567100B	Y	N		none	vcf_only
PI567101	Y	N		none	vcf_only
PI567102A	Y	N		none	vcf_only
PI567102B	Y	N		none	vcf_only
PI567103	Y	N		none	vcf_only
PI567104A	Y	N		none	vcf_only
PI567104B	Y	N		none	vcf_only
PI567105	Y	Y	PI567105	exact	matched_exact
PI567106A	Y	N		none	vcf_only
PI567106B	Y	N		none	vcf_only
PI567106C	Y	N		none	vcf_only
PI567107A	Y	Y	PI567107A	exact	matched_exact
PI567107B	Y	N		none	vcf_only
PI567108A	Y	Y	PI567108A	exact	matched_exact
PI567108B	Y	Y	PI567108B	exact	matched_exact
PI567108C	Y	N		none	vcf_only
PI567108D	Y	N		none	vcf_only
PI567109	Y	N		none	vcf_only
PI567110A	Y	Y	PI567110A	exact	matched_exact
PI567110B	Y	N		none	vcf_only
PI567111	Y	Y	PI567111	exact	matched_exact
PI567112	Y	N		none	vcf_only
PI567113	Y	N		none	vcf_only
PI567114	Y	Y	PI567114	exact	matched_exact
PI567115A	Y	Y	PI567115A	exact	matched_exact
PI567115B	Y	N		none	vcf_only
PI567115C	Y	N		none	vcf_only
PI567116A	Y	Y	PI567116A	exact	matched_exact
PI567116B	Y	Y	PI567116B	exact	matched_exact
PI567117A	Y	Y	PI567117A	exact	matched_exact
PI567117B	Y	N		none	vcf_only
PI567118A	Y	N		none	vcf_only
PI567118B	Y	N		none	vcf_only
PI567119	Y	N		none	vcf_only
PI567120	Y	Y	PI567120	exact	matched_exact
PI567121A	Y	N		none	vcf_only
PI567121B	Y	N		none	vcf_only
PI567122A	Y	Y	PI567122A	exact	matched_exact
PI567122B	Y	Y	PI567122B	exact	matched_exact
PI567122C	Y	N		none	vcf_only
PI567122D	Y	N		none	vcf_only
PI567123A	Y	Y	PI567123A	exact	matched_exact
PI567123B	Y	N		none	vcf_only
PI567124	Y	Y	PI567124	exact	matched_exact
PI567125	Y	N		none	vcf_only
PI567126	Y	N		none	vcf_only
PI567127A	Y	N		none	vcf_only
PI567127B	Y	N		none	vcf_only
PI567128A	Y	N		none	vcf_only
PI567128B	Y	N		none	vcf_only
PI567129	Y	N		none	vcf_only
PI567130A	Y	N		none	vcf_only
PI567130B	Y	N		none	vcf_only
PI567130C	Y	N		none	vcf_only
PI567131A	Y	N		none	vcf_only
PI567131B	Y	N		none	vcf_only
PI567131C	Y	N		none	vcf_only
PI567132A	Y	Y	PI567132A	exact	matched_exact
PI567132B	Y	Y	PI567132B	exact	matched_exact
PI567132C	Y	N		none	vcf_only
PI567133A	Y	Y	PI567133A	exact	matched_exact
PI567133B	Y	N		none	vcf_only
PI567134	Y	Y	PI567134	exact	matched_exact
PI567135A	Y	N		none	vcf_only
PI567135B	Y	N		none	vcf_only
PI567136A	Y	Y	PI567136A	exact	matched_exact
PI567136B	Y	N		none	vcf_only
PI567137A	Y	Y	PI567137A	exact	matched_exact
PI567137B	Y	N		none	vcf_only
PI567138	Y	N		none	vcf_only
PI567139A	Y	N		none	vcf_only
PI567139B	Y	N		none	vcf_only
PI567140A	Y	N		none	vcf_only
PI567140B	Y	N		none	vcf_only
PI567141	Y	N		none	vcf_only
PI567142	Y	N		none	vcf_only
PI567143	Y	N		none	vcf_only
PI567144A	Y	N		none	vcf_only
PI567144B	Y	N		none	vcf_only
PI567145A	Y	Y	PI567145A	exact	matched_exact
PI567145B	Y	N		none	vcf_only
PI567145C	Y	N		none	vcf_only
PI567146A	Y	N		none	vcf_only
PI567146B	Y	N		none	vcf_only
PI567146C	Y	N		none	vcf_only
PI567147A	Y	N		none	vcf_only
PI567147B	Y	N		none	vcf_only
PI567147C	Y	N		none	vcf_only
PI567148	Y	Y	PI567148	exact	matched_exact
PI567149	Y	Y	PI567149	exact	matched_exact
PI567150A	Y	Y	PI567150A	exact	matched_exact
PI567150B	Y	Y	PI567150B	exact	matched_exact
PI567151	Y	Y	PI567151	exact	matched_exact
PI567152	Y	Y	PI567152	exact	matched_exact
PI567153	Y	Y	PI567153	exact	matched_exact
PI567154	Y	Y	PI567154	exact	matched_exact
PI567155A	Y	Y	PI567155A	exact	matched_exact
PI567155B	Y	Y	PI567155B	exact	matched_exact
PI567155C	Y	Y	PI567155C	exact	matched_exact
PI567156A	Y	Y	PI567156A	exact	matched_exact
PI567156B	Y	Y	PI567156B	exact	matched_exact
PI567157A	Y	Y	PI567157A	exact	matched_exact
PI567157B	Y	Y	PI567157B	exact	matched_exact
PI567158	Y	Y	PI567158	exact	matched_exact
PI567159A	Y	Y	PI567159A	exact	matched_exact
PI567159B	Y	Y	PI567159B	exact	matched_exact
PI567160	Y	Y	PI567160	exact	matched_exact
PI567161	Y	Y	PI567161	exact	matched_exact
PI567162	Y	Y	PI567162	exact	matched_exact
PI567163	Y	Y	PI567163	exact	matched_exact
PI567164	Y	Y	PI567164	exact	matched_exact
PI567165	Y	Y	PI567165	exact	matched_exact
PI567166	Y	Y	PI567166	exact	matched_exact
PI567167	Y	Y	PI567167	exact	matched_exact
PI567168	Y	Y	PI567168	exact	matched_exact
PI567169	Y	Y	PI567169	exact	matched_exact
PI567170A	Y	Y	PI567170A	exact	matched_exact
PI567170B	Y	Y	PI567170B	exact	matched_exact
PI567171	Y	Y	PI567171	exact	matched_exact
PI567173	Y	Y	PI567173	exact	matched_exact
PI567174A	Y	Y	PI567174A	exact	matched_exact
PI567174B	Y	Y	PI567174B	exact	matched_exact
PI567174C	Y	Y	PI567174C	exact	matched_exact
PI567175A	Y	Y	PI567175A	exact	matched_exact
PI567175B	Y	Y	PI567175B	exact	matched_exact
PI567175C	Y	Y	PI567175C	exact	matched_exact
PI567175D	Y	Y	PI567175D	exact	matched_exact
PI567176	Y	Y	PI567176	exact	matched_exact
PI567177	Y	Y	PI567177	exact	matched_exact
PI567178	Y	Y	PI567178	exact	matched_exact
PI567179	Y	Y	PI567179	exact	matched_exact
PI567180	Y	Y	PI567180	exact	matched_exact
PI567181A	Y	Y	PI567181A	exact	matched_exact
PI567181B	Y	Y	PI567181B	exact	matched_exact
PI567182	Y	Y	PI567182	exact	matched_exact
PI567183	Y	Y	PI567183	exact	matched_exact
PI567184	Y	Y	PI567184	exact	matched_exact
PI567185	Y	Y	PI567185	exact	matched_exact
PI567186	Y	Y	PI567186	exact	matched_exact
PI567187	Y	Y	PI567187	exact	matched_exact
PI567188	Y	Y	PI567188	exact	matched_exact
PI567189A	Y	Y	PI567189A	exact	matched_exact
PI567189B	Y	Y	PI567189B	exact	matched_exact
PI567190	Y	Y	PI567190	exact	matched_exact
PI567191	Y	Y	PI567191	exact	matched_exact
PI567192	Y	Y	PI567192	exact	matched_exact
PI567193	Y	Y	PI567193	exact	matched_exact
PI567194	Y	Y	PI567194	exact	matched_exact
PI567195	Y	Y	PI567195	exact	matched_exact
PI567196	Y	Y	PI567196	exact	matched_exact
PI567197	Y	Y	PI567197	exact	matched_exact
PI567198	Y	Y	PI567198	exact	matched_exact
PI567199	Y	Y	PI567199	exact	matched_exact
PI567200A	Y	Y	PI567200A	exact	matched_exact
PI567200B	Y	Y	PI567200B	exact	matched_exact
PI567201A	Y	Y	PI567201A	exact	matched_exact
PI567201B	Y	Y	PI567201B	exact	matched_exact
PI567201C	Y	Y	PI567201C	exact	matched_exact
PI567201D	Y	Y	PI567201D	exact	matched_exact
PI567202	Y	Y	PI567202	exact	matched_exact
PI567203	Y	Y	PI567203	exact	matched_exact
PI567204	Y	Y	PI567204	exact	matched_exact
PI567205	Y	Y	PI567205	exact	matched_exact
PI567206	Y	Y	PI567206	exact	matched_exact
PI567207	Y	Y	PI567207	exact	matched_exact
PI567208	Y	Y	PI567208	exact	matched_exact
PI567209A	Y	Y	PI567209A	exact	matched_exact
PI567209B	Y	Y	PI567209B	exact	matched_exact
PI567210	Y	Y	PI567210	exact	matched_exact
PI567211A	Y	Y	PI567211A	exact	matched_exact
PI567211B	Y	Y	PI567211B	exact	matched_exact
PI567212A	Y	Y	PI567212A	exact	matched_exact
PI567212B	Y	Y	PI567212B	exact	matched_exact
PI567212C	Y	Y	PI567212C	exact	matched_exact
PI567212D	Y	Y	PI567212D	exact	matched_exact
PI567213A	Y	Y	PI567213A	exact	matched_exact
PI567213B	Y	Y	PI567213B	exact	matched_exact
PI567213C	Y	Y	PI567213C	exact	matched_exact
PI567213D	Y	Y	PI567213D	exact	matched_exact
PI567214A	Y	Y	PI567214A	exact	matched_exact
PI567214B	Y	Y	PI567214B	exact	matched_exact
PI567215A	Y	Y	PI567215A	exact	matched_exact
PI567215B	Y	Y	PI567215B	exact	matched_exact
PI567215C	Y	Y	PI567215C	exact	matched_exact
PI567216A	Y	Y	PI567216A	exact	matched_exact
PI567216B	Y	Y	PI567216B	exact	matched_exact
PI567216C	Y	Y	PI567216C	exact	matched_exact
PI567217A	Y	Y	PI567217A	exact	matched_exact
PI567217B	Y	Y	PI567217B	exact	matched_exact
PI567217C	Y	Y	PI567217C	exact	matched_exact
PI567218	Y	Y	PI567218	exact	matched_exact
PI567219	Y	Y	PI567219	exact	matched_exact
PI567220A	Y	Y	PI567220A	exact	matched_exact
PI567220B	Y	Y	PI567220B	exact	matched_exact
PI567220C	Y	Y	PI567220C	exact	matched_exact
PI567221	Y	Y	PI567221	exact	matched_exact
PI567222	Y	Y	PI567222	exact	matched_exact
PI567223	Y	Y	PI567223	exact	matched_exact
PI567224A	Y	Y	PI567224A	exact	matched_exact
PI567224B	Y	Y	PI567224B	exact	matched_exact
PI567224C	Y	Y	PI567224C	exact	matched_exact
PI567224D	Y	Y	PI567224D	exact	matched_exact
PI567225	Y	Y	PI567225	exact	matched_exact
PI567226	Y	Y	PI567226	exact	matched_exact
PI567227	Y	Y	PI567227	exact	matched_exact
PI567228	Y	Y	PI567228	exact	matched_exact
PI567229A	Y	Y	PI567229A	exact	matched_exact
PI567229B	Y	Y	PI567229B	exact	matched_exact
PI567230	Y	Y	PI567230	exact	matched_exact
PI567231	Y	Y	PI567231	exact	matched_exact
PI567232A	Y	Y	PI567232A	exact	matched_exact
PI567232B	Y	Y	PI567232B	exact	matched_exact
PI567233	Y	Y	PI567233	exact	matched_exact
PI567234A	Y	Y	PI567234A	exact	matched_exact
PI567234B	Y	Y	PI567234B	exact	matched_exact
PI567234C	Y	Y	PI567234C	exact	matched_exact
PI567235A	Y	Y	PI567235A	exact	matched_exact
PI567235B	Y	Y	PI567235B	exact	matched_exact
PI567236	Y	Y	PI567236	exact	matched_exact
PI567237	Y	Y	PI567237	exact	matched_exact
PI567238	Y	N		none	vcf_only
PI567239	Y	Y	PI567239	exact	matched_exact
PI567240	Y	Y	PI567240	exact	matched_exact
PI567241	Y	Y	PI567241	exact	matched_exact
PI567242	Y	Y	PI567242	exact	matched_exact
PI567243	Y	Y	PI567243	exact	matched_exact
PI567244	Y	Y	PI567244	exact	matched_exact
PI567245	Y	Y	PI567245	exact	matched_exact
PI567246	Y	Y	PI567246	exact	matched_exact
PI567247	Y	Y	PI567247	exact	matched_exact
PI567248	Y	Y	PI567248	exact	matched_exact
PI567249	Y	Y	PI567249	exact	matched_exact
PI567250A	Y	Y	PI567250A	exact	matched_exact
PI567250B	Y	Y	PI567250B	exact	matched_exact
PI567251	Y	Y	PI567251	exact	matched_exact
PI567252	Y	Y	PI567252	exact	matched_exact
PI567253	Y	Y	PI567253	exact	matched_exact
PI567254	Y	Y	PI567254	exact	matched_exact
PI567255A	Y	Y	PI567255A	exact	matched_exact
PI567255B	Y	Y	PI567255B	exact	matched_exact
PI567256	Y	Y	PI567256	exact	matched_exact
PI567257A	Y	Y	PI567257A	exact	matched_exact
PI567257B	Y	Y	PI567257B	exact	matched_exact
PI567257C	Y	Y	PI567257C	exact	matched_exact
PI567258	Y	Y	PI567258	exact	matched_exact
PI567259	Y	Y	PI567259	exact	matched_exact
PI567260	Y	Y	PI567260	exact	matched_exact
PI567261A	Y	Y	PI567261A	exact	matched_exact
PI567261B	Y	Y	PI567261B	exact	matched_exact
PI567261C	Y	Y	PI567261C	exact	matched_exact
PI567261D	Y	Y	PI567261D	exact	matched_exact
PI567261E	Y	Y	PI567261E	exact	matched_exact
PI567262A	Y	Y	PI567262A	exact	matched_exact
PI567262B	Y	Y	PI567262B	exact	matched_exact
PI567262C	Y	Y	PI567262C	exact	matched_exact
PI567262D	Y	Y	PI567262D	exact	matched_exact
PI567262E	Y	Y	PI567262E	exact	matched_exact
PI567263	Y	Y	PI567263	exact	matched_exact
PI567264A	Y	Y	PI567264A	exact	matched_exact
PI567264B	Y	Y	PI567264B	exact	matched_exact
PI567264C	Y	Y	PI567264C	exact	matched_exact
PI567264D	Y	Y	PI567264D	exact	matched_exact
PI567265	Y	Y	PI567265	exact	matched_exact
PI567266A	Y	Y	PI567266A	exact	matched_exact
PI567266B	Y	Y	PI567266B	exact	matched_exact
PI567266C	Y	Y	PI567266C	exact	matched_exact
PI567266D	Y	Y	PI567266D	exact	matched_exact
PI567267A	Y	Y	PI567267A	exact	matched_exact
PI567267B	Y	Y	PI567267B	exact	matched_exact
PI567268	Y	Y	PI567268	exact	matched_exact
PI567269A	Y	Y	PI567269A	exact	matched_exact
PI567269B	Y	Y	PI567269B	exact	matched_exact
PI567269C	Y	Y	PI567269C	exact	matched_exact
PI567269D	Y	Y	PI567269D	exact	matched_exact
PI567270A	Y	Y	PI567270A	exact	matched_exact
PI567270B	Y	Y	PI567270B	exact	matched_exact
PI567270C	Y	Y	PI567270C	exact	matched_exact
PI567271	Y	Y	PI567271	exact	matched_exact
PI567272A	Y	Y	PI567272A	exact	matched_exact
PI567272B	Y	Y	PI567272B	exact	matched_exact
PI567273A	Y	Y	PI567273A	exact	matched_exact
PI567273B	Y	Y	PI567273B	exact	matched_exact
PI567274	Y	Y	PI567274	exact	matched_exact
PI567275	Y	Y	PI567275	exact	matched_exact
PI567276	Y	Y	PI567276	exact	matched_exact
PI567277	Y	Y	PI567277	exact	matched_exact
PI567278	Y	Y	PI567278	exact	matched_exact
PI567279A	Y	Y	PI567279A	exact	matched_exact
PI567279B	Y	Y	PI567279B	exact	matched_exact
PI567280	Y	Y	PI567280	exact	matched_exact
PI567281A	Y	Y	PI567281A	exact	matched_exact
PI567281B	Y	Y	PI567281B	exact	matched_exact
PI567282A	Y	Y	PI567282A	exact	matched_exact
PI567282B	Y	Y	PI567282B	exact	matched_exact
PI567283	Y	Y	PI567283	exact	matched_exact
PI567284	Y	Y	PI567284	exact	matched_exact
PI567285	Y	Y	PI567285	exact	matched_exact
PI567286	Y	Y	PI567286	exact	matched_exact
PI567287	Y	Y	PI567287	exact	matched_exact
PI567288A	Y	Y	PI567288A	exact	matched_exact
PI567288B	Y	Y	PI567288B	exact	matched_exact
PI567289A	Y	Y	PI567289A	exact	matched_exact
PI567289B	Y	Y	PI567289B	exact	matched_exact
PI567290A	Y	Y	PI567290A	exact	matched_exact
PI567290B	Y	Y	PI567290B	exact	matched_exact
PI567291	Y	Y	PI567291	exact	matched_exact
PI567292	Y	Y	PI567292	exact	matched_exact
PI567293	Y	Y	PI567293	exact	matched_exact
PI567294	Y	Y	PI567294	exact	matched_exact
PI567295	Y	Y	PI567295	exact	matched_exact
PI567296A	Y	Y	PI567296A	exact	matched_exact
PI567296B	Y	Y	PI567296B	exact	matched_exact
PI567296C	Y	Y	PI567296C	exact	matched_exact
PI567297	Y	Y	PI567297	exact	matched_exact
PI567298	Y	Y	PI567298	exact	matched_exact
PI567299A	Y	Y	PI567299A	exact	matched_exact
PI567299B	Y	Y	PI567299B	exact	matched_exact
PI567300A	Y	Y	PI567300A	exact	matched_exact
PI567300B	Y	Y	PI567300B	exact	matched_exact
PI567301A	Y	Y	PI567301A	exact	matched_exact
PI567301B	Y	Y	PI567301B	exact	matched_exact
PI567302	Y	Y	PI567302	exact	matched_exact
PI567303A	Y	Y	PI567303A	exact	matched_exact
PI567303B	Y	Y	PI567303B	exact	matched_exact
PI567304	Y	Y	PI567304	exact	matched_exact
PI567305	Y	Y	PI567305	exact	matched_exact
PI567306A	Y	Y	PI567306A	exact	matched_exact
PI567306B	Y	Y	PI567306B	exact	matched_exact
PI567307	Y	Y	PI567307	exact	matched_exact
PI567308	Y	Y	PI567308	exact	matched_exact
PI567309	Y	Y	PI567309	exact	matched_exact
PI567310A	Y	Y	PI567310A	exact	matched_exact
PI567310B	Y	Y	PI567310B	exact	matched_exact
PI567311A	Y	Y	PI567311A	exact	matched_exact
PI567311B	Y	Y	PI567311B	exact	matched_exact
PI567312	Y	Y	PI567312	exact	matched_exact
PI567313	Y	Y	PI567313	exact	matched_exact
PI567314	Y	Y	PI567314	exact	matched_exact
PI567315	Y	Y	PI567315	exact	matched_exact
PI567316A	Y	Y	PI567316A	exact	matched_exact
PI567316B	Y	Y	PI567316B	exact	matched_exact
PI567317	Y	Y	PI567317	exact	matched_exact
PI567318	Y	Y	PI567318	exact	matched_exact
PI567319A	Y	Y	PI567319A	exact	matched_exact
PI567319B	Y	Y	PI567319B	exact	matched_exact
PI567320	Y	Y	PI567320	exact	matched_exact
PI567321A	Y	Y	PI567321A	exact	matched_exact
PI567321B	Y	Y	PI567321B	exact	matched_exact
PI567322	Y	Y	PI567322	exact	matched_exact
PI567323A	Y	Y	PI567323A	exact	matched_exact
PI567323B	Y	Y	PI567323B	exact	matched_exact
PI567323C	Y	Y	PI567323C	exact	matched_exact
PI567324	Y	Y	PI567324	exact	matched_exact
PI567325A	Y	Y	PI567325A	exact	matched_exact
PI567325B	Y	Y	PI567325B	exact	matched_exact
PI567326A	Y	Y	PI567326A	exact	matched_exact
PI567326B	Y	Y	PI567326B	exact	matched_exact
PI567327	Y	Y	PI567327	exact	matched_exact
PI567328	Y	Y	PI567328	exact	matched_exact
PI567329	Y	Y	PI567329	exact	matched_exact
PI567330	Y	Y	PI567330	exact	matched_exact
PI567331	Y	Y	PI567331	exact	matched_exact
PI567332	Y	Y	PI567332	exact	matched_exact
PI567333A	Y	Y	PI567333A	exact	matched_exact
PI567333B	Y	Y	PI567333B	exact	matched_exact
PI567334	Y	Y	PI567334	exact	matched_exact
PI567335A	Y	Y	PI567335A	exact	matched_exact
PI567335B	Y	Y	PI567335B	exact	matched_exact
PI567336A	Y	Y	PI567336A	exact	matched_exact
PI567336B	Y	Y	PI567336B	exact	matched_exact
PI567336C	Y	Y	PI567336C	exact	matched_exact
PI567337	Y	Y	PI567337	exact	matched_exact
PI567338	Y	Y	PI567338	exact	matched_exact
PI567339	Y	Y	PI567339	exact	matched_exact
PI567340	Y	Y	PI567340	exact	matched_exact
PI567341	Y	Y	PI567341	exact	matched_exact
PI567342	Y	Y	PI567342	exact	matched_exact
PI567343	Y	Y	PI567343	exact	matched_exact
PI567344A	Y	Y	PI567344A	exact	matched_exact
PI567344B	Y	Y	PI567344B	exact	matched_exact
PI567345	Y	Y	PI567345	exact	matched_exact
PI567346	Y	Y	PI567346	exact	matched_exact
PI567347	Y	Y	PI567347	exact	matched_exact
PI567348	Y	Y	PI567348	exact	matched_exact
PI567349A	Y	Y	PI567349A	exact	matched_exact
PI567349B	Y	Y	PI567349B	exact	matched_exact
PI567350A	Y	Y	PI567350A	exact	matched_exact
PI567350B	Y	Y	PI567350B	exact	matched_exact
PI567351A	Y	Y	PI567351A	exact	matched_exact
PI567351B	Y	Y	PI567351B	exact	matched_exact
PI567352A	Y	Y	PI567352A	exact	matched_exact
PI567352B	Y	Y	PI567352B	exact	matched_exact
PI567352C	Y	Y	PI567352C	exact	matched_exact
PI567353	Y	Y	PI567353	exact	matched_exact
PI567354	Y	Y	PI567354	exact	matched_exact
PI567355A	Y	Y	PI567355A	exact	matched_exact
PI567355B	Y	Y	PI567355B	exact	matched_exact
PI567356	Y	Y	PI567356	exact	matched_exact
PI567357	Y	Y	PI567357	exact	matched_exact
PI567358	Y	Y	PI567358	exact	matched_exact
PI567359	Y	Y	PI567359	exact	matched_exact
PI567360	Y	Y	PI567360	exact	matched_exact
PI567361	Y	Y	PI567361	exact	matched_exact
PI567362A	Y	Y	PI567362A	exact	matched_exact
PI567362B	Y	Y	PI567362B	exact	matched_exact
PI567363A	Y	Y	PI567363A	exact	matched_exact
PI567363B	Y	Y	PI567363B	exact	matched_exact
PI567364	Y	Y	PI567364	exact	matched_exact
PI567365	Y	Y	PI567365	exact	matched_exact
PI567366A	Y	Y	PI567366A	exact	matched_exact
PI567366B	Y	Y	PI567366B	exact	matched_exact
PI567367	Y	Y	PI567367	exact	matched_exact
PI567368	Y	Y	PI567368	exact	matched_exact
PI567369A	Y	Y	PI567369A	exact	matched_exact
PI567369B	Y	Y	PI567369B	exact	matched_exact
PI567370A	Y	Y	PI567370A	exact	matched_exact
PI567370B	Y	Y	PI567370B	exact	matched_exact
PI567371A	Y	Y	PI567371A	exact	matched_exact
PI567371B	Y	Y	PI567371B	exact	matched_exact
PI567372A	Y	Y	PI567372A	exact	matched_exact
PI567372B	Y	Y	PI567372B	exact	matched_exact
PI567373A	Y	Y	PI567373A	exact	matched_exact
PI567373B	Y	Y	PI567373B	exact	matched_exact
PI567374	Y	Y	PI567374	exact	matched_exact
PI567375A	Y	Y	PI567375A	exact	matched_exact
PI567375B	Y	Y	PI567375B	exact	matched_exact
PI567375C	Y	Y	PI567375C	exact	matched_exact
PI567375D	Y	Y	PI567375D	exact	matched_exact
PI567376A	Y	Y	PI567376A	exact	matched_exact
PI567376B	Y	Y	PI567376B	exact	matched_exact
PI567377A	Y	Y	PI567377A	exact	matched_exact
PI567377B	Y	Y	PI567377B	exact	matched_exact
PI567378	Y	Y	PI567378	exact	matched_exact
PI567379A	Y	Y	PI567379A	exact	matched_exact
PI567379B	Y	Y	PI567379B	exact	matched_exact
PI567379C	Y	Y	PI567379C	exact	matched_exact
PI567380	Y	Y	PI567380	exact	matched_exact
PI567381A	Y	Y	PI567381A	exact	matched_exact
PI567381B	Y	Y	PI567381B	exact	matched_exact
PI567382A	Y	Y	PI567382A	exact	matched_exact
PI567382B	Y	Y	PI567382B	exact	matched_exact
PI567382C	Y	Y	PI567382C	exact	matched_exact
PI567383	Y	Y	PI567383	exact	matched_exact
PI567384	Y	Y	PI567384	exact	matched_exact
PI567385	Y	Y	PI567385	exact	matched_exact
PI567386	Y	Y	PI567386	exact	matched_exact
PI567387	Y	Y	PI567387	exact	matched_exact
PI567388	Y	Y	PI567388	exact	matched_exact
PI567389A	Y	Y	PI567389A	exact	matched_exact
PI567389B	Y	Y	PI567389B	exact	matched_exact
PI567390	Y	Y	PI567390	exact	matched_exact
PI567391	Y	Y	PI567391	exact	matched_exact
PI567392	Y	Y	PI567392	exact	matched_exact
PI567393	Y	Y	PI567393	exact	matched_exact
PI567394A	Y	Y	PI567394A	exact	matched_exact
PI567394B	Y	Y	PI567394B	exact	matched_exact
PI567394C	Y	Y	PI567394C	exact	matched_exact
PI567395	Y	Y	PI567395	exact	matched_exact
PI567396A	Y	Y	PI567396A	exact	matched_exact
PI567396B	Y	Y	PI567396B	exact	matched_exact
PI567396C	Y	Y	PI567396C	exact	matched_exact
PI567396D	Y	Y	PI567396D	exact	matched_exact
PI567397	Y	Y	PI567397	exact	matched_exact
PI567398	Y	Y	PI567398	exact	matched_exact
PI567399	Y	Y	PI567399	exact	matched_exact
PI567400	Y	Y	PI567400	exact	matched_exact
PI567401	Y	Y	PI567401	exact	matched_exact
PI567402	Y	Y	PI567402	exact	matched_exact
PI567403A	Y	Y	PI567403A	exact	matched_exact
PI567403B	Y	Y	PI567403B	exact	matched_exact
PI567404A	Y	Y	PI567404A	exact	matched_exact
PI567404B	Y	Y	PI567404B	exact	matched_exact
PI567404C	Y	Y	PI567404C	exact	matched_exact
PI567404D	Y	Y	PI567404D	exact	matched_exact
PI567404E	Y	Y	PI567404E	exact	matched_exact
PI567404F	Y	Y	PI567404F	exact	matched_exact
PI567405	Y	Y	PI567405	exact	matched_exact
PI567406A	Y	Y	PI567406A	exact	matched_exact
PI567406B	Y	Y	PI567406B	exact	matched_exact
PI567407	Y	Y	PI567407	exact	matched_exact
PI567408	Y	Y	PI567408	exact	matched_exact
PI567409A	Y	Y	PI567409A	exact	matched_exact
PI567409B	Y	Y	PI567409B	exact	matched_exact
PI567410A	Y	Y	PI567410A	exact	matched_exact
PI567410B	Y	Y	PI567410B	exact	matched_exact
PI567410C	Y	Y	PI567410C	exact	matched_exact
PI567411	Y	Y	PI567411	exact	matched_exact
PI567412	Y	Y	PI567412	exact	matched_exact
PI567413	Y	Y	PI567413	exact	matched_exact
PI567414	Y	Y	PI567414	exact	matched_exact
PI567415A	Y	Y	PI567415A	exact	matched_exact
PI567415B	Y	Y	PI567415B	exact	matched_exact
PI567416	Y	Y	PI567416	exact	matched_exact
PI567417A	Y	Y	PI567417A	exact	matched_exact
PI567417B	Y	Y	PI567417B	exact	matched_exact
PI567417C	Y	Y	PI567417C	exact	matched_exact
PI567418A	Y	Y	PI567418A	exact	matched_exact
PI567418B	Y	Y	PI567418B	exact	matched_exact
PI567418C	Y	Y	PI567418C	exact	matched_exact
PI567419A	Y	Y	PI567419A	exact	matched_exact
PI567419B	Y	Y	PI567419B	exact	matched_exact
PI567420	Y	Y	PI567420	exact	matched_exact
PI567421	Y	Y	PI567421	exact	matched_exact
PI567422	Y	Y	PI567422	exact	matched_exact
PI567423	Y	Y	PI567423	exact	matched_exact
PI567424A	Y	Y	PI567424A	exact	matched_exact
PI567424B	Y	Y	PI567424B	exact	matched_exact
PI567425A	Y	Y	PI567425A	exact	matched_exact
PI567425B	Y	Y	PI567425B	exact	matched_exact
PI567426	Y	Y	PI567426	exact	matched_exact
PI567427	Y	Y	PI567427	exact	matched_exact
PI567428	Y	Y	PI567428	exact	matched_exact
PI567429A	Y	Y	PI567429A	exact	matched_exact
PI567429B	Y	Y	PI567429B	exact	matched_exact
PI567429C	Y	Y	PI567429C	exact	matched_exact
PI567429D	Y	Y	PI567429D	exact	matched_exact
PI567429E	Y	Y	PI567429E	exact	matched_exact
PI567430	Y	Y	PI567430	exact	matched_exact
PI567431	Y	Y	PI567431	exact	matched_exact
PI567432A	Y	Y	PI567432A	exact	matched_exact
PI567432B	Y	Y	PI567432B	exact	matched_exact
PI567432C	Y	Y	PI567432C	exact	matched_exact
PI567433A	Y	Y	PI567433A	exact	matched_exact
PI567433B	Y	Y	PI567433B	exact	matched_exact
PI567434	Y	Y	PI567434	exact	matched_exact
PI567435A	Y	Y	PI567435A	exact	matched_exact
PI567435B	Y	Y	PI567435B	exact	matched_exact
PI567436	Y	Y	PI567436	exact	matched_exact
PI567437	Y	Y	PI567437	exact	matched_exact
PI567438	Y	Y	PI567438	exact	matched_exact
PI567439	Y	Y	PI567439	exact	matched_exact
PI567440	Y	Y	PI567440	exact	matched_exact
PI567441A	Y	Y	PI567441A	exact	matched_exact
PI567441B	Y	Y	PI567441B	exact	matched_exact
PI567441C	Y	Y	PI567441C	exact	matched_exact
PI567442	Y	Y	PI567442	exact	matched_exact
PI567443	Y	Y	PI567443	exact	matched_exact
PI567444	Y	Y	PI567444	exact	matched_exact
PI567445A	Y	Y	PI567445A	exact	matched_exact
PI567445B	Y	Y	PI567445B	exact	matched_exact
PI567445C	Y	Y	PI567445C	exact	matched_exact
PI567446	Y	Y	PI567446	exact	matched_exact
PI567447A	Y	Y	PI567447A	exact	matched_exact
PI567447B	Y	Y	PI567447B	exact	matched_exact
PI567447C	Y	Y	PI567447C	exact	matched_exact
PI567447D	Y	Y	PI567447D	exact	matched_exact
PI567448	Y	Y	PI567448	exact	matched_exact
PI567449	Y	Y	PI567449	exact	matched_exact
PI567450	Y	Y	PI567450	exact	matched_exact
PI567451	Y	Y	PI567451	exact	matched_exact
PI567452	Y	Y	PI567452	exact	matched_exact
PI567453	Y	Y	PI567453	exact	matched_exact
PI567454	Y	Y	PI567454	exact	matched_exact
PI567455	Y	Y	PI567455	exact	matched_exact
PI567456	Y	Y	PI567456	exact	matched_exact
PI567457	Y	Y	PI567457	exact	matched_exact
PI567458	Y	Y	PI567458	exact	matched_exact
PI567459	Y	Y	PI567459	exact	matched_exact
PI567460	Y	Y	PI567460	exact	matched_exact
PI567461	Y	Y	PI567461	exact	matched_exact
PI567462	Y	Y	PI567462	exact	matched_exact
PI567463	Y	Y	PI567463	exact	matched_exact
PI567464	Y	Y	PI567464	exact	matched_exact
PI567465	Y	Y	PI567465	exact	matched_exact
PI567466A	Y	Y	PI567466A	exact	matched_exact
PI567466B	Y	Y	PI567466B	exact	matched_exact
PI567467	Y	Y	PI567467	exact	matched_exact
PI567468	Y	Y	PI567468	exact	matched_exact
PI567469A	Y	Y	PI567469A	exact	matched_exact
PI567469B	Y	Y	PI567469B	exact	matched_exact
PI567470	Y	Y	PI567470	exact	matched_exact
PI567471	Y	Y	PI567471	exact	matched_exact
PI567472	Y	Y	PI567472	exact	matched_exact
PI567473A	Y	Y	PI567473A	exact	matched_exact
PI567473B	Y	Y	PI567473B	exact	matched_exact
PI567473C	Y	Y	PI567473C	exact	matched_exact
PI567473D	Y	Y	PI567473D	exact	matched_exact
PI567474	Y	Y	PI567474	exact	matched_exact
PI567475	Y	Y	PI567475	exact	matched_exact
PI567476	Y	Y	PI567476	exact	matched_exact
PI567477	Y	Y	PI567477	exact	matched_exact
PI567478	Y	Y	PI567478	exact	matched_exact
PI567479	Y	Y	PI567479	exact	matched_exact
PI567480A	Y	Y	PI567480A	exact	matched_exact
PI567480B	Y	Y	PI567480B	exact	matched_exact
PI567481	Y	Y	PI567481	exact	matched_exact
PI567482A	Y	Y	PI567482A	exact	matched_exact
PI567482B	Y	Y	PI567482B	exact	matched_exact
PI567482C	Y	Y	PI567482C	exact	matched_exact
PI567484	Y	Y	PI567484	exact	matched_exact
PI567485	Y	Y	PI567485	exact	matched_exact
PI567486A	Y	Y	PI567486A	exact	matched_exact
PI567486B	Y	Y	PI567486B	exact	matched_exact
PI567487	Y	Y	PI567487	exact	matched_exact
PI567488A	Y	Y	PI567488A	exact	matched_exact
PI567488B	Y	Y	PI567488B	exact	matched_exact
PI567488C	Y	Y	PI567488C	exact	matched_exact
PI567489A	Y	Y	PI567489A	exact	matched_exact
PI567489B	Y	Y	PI567489B	exact	matched_exact
PI567490	Y	Y	PI567490	exact	matched_exact
PI567491A	Y	Y	PI567491A	exact	matched_exact
PI567491B	Y	Y	PI567491B	exact	matched_exact
PI567492	Y	Y	PI567492	exact	matched_exact
PI567493	Y	Y	PI567493	exact	matched_exact
PI567494	Y	Y	PI567494	exact	matched_exact
PI567496	Y	Y	PI567496	exact	matched_exact
PI567497	Y	Y	PI567497	exact	matched_exact
PI567498	Y	Y	PI567498	exact	matched_exact
PI567499	Y	Y	PI567499	exact	matched_exact
PI567500	Y	Y	PI567500	exact	matched_exact
PI567501	Y	Y	PI567501	exact	matched_exact
PI567502	Y	Y	PI567502	exact	matched_exact
PI567503	Y	Y	PI567503	exact	matched_exact
PI567504	Y	Y	PI567504	exact	matched_exact
PI567505	Y	Y	PI567505	exact	matched_exact
PI567506	Y	Y	PI567506	exact	matched_exact
PI567507A	Y	Y	PI567507A	exact	matched_exact
PI567507B	Y	Y	PI567507B	exact	matched_exact
PI567507C	Y	Y	PI567507C	exact	matched_exact
PI567507D	Y	Y	PI567507D	exact	matched_exact
PI567507E	Y	Y	PI567507E	exact	matched_exact
PI567508A	Y	Y	PI567508A	exact	matched_exact
PI567508B	Y	Y	PI567508B	exact	matched_exact
PI567509	Y	Y	PI567509	exact	matched_exact
PI567510A	Y	Y	PI567510A	exact	matched_exact
PI567510B	Y	Y	PI567510B	exact	matched_exact
PI567511	Y	Y	PI567511	exact	matched_exact
PI567512A	Y	Y	PI567512A	exact	matched_exact
PI567512B	Y	Y	PI567512B	exact	matched_exact
PI567512C	Y	Y	PI567512C	exact	matched_exact
PI567513	Y	Y	PI567513	exact	matched_exact
PI567514A	Y	Y	PI567514A	exact	matched_exact
PI567514B	Y	Y	PI567514B	exact	matched_exact
PI567515	Y	Y	PI567515	exact	matched_exact
PI567516A	Y	Y	PI567516A	exact	matched_exact
PI567516B	Y	Y	PI567516B	exact	matched_exact
PI567516C	Y	Y	PI567516C	exact	matched_exact
PI567517	Y	Y	PI567517	exact	matched_exact
PI567518	Y	Y	PI567518	exact	matched_exact
PI567519	Y	Y	PI567519	exact	matched_exact
PI567520A	Y	Y	PI567520A	exact	matched_exact
PI567520B	Y	Y	PI567520B	exact	matched_exact
PI567521	Y	Y	PI567521	exact	matched_exact
PI567522A	Y	Y	PI567522A	exact	matched_exact
PI567522B	Y	Y	PI567522B	exact	matched_exact
PI567523	Y	Y	PI567523	exact	matched_exact
PI567524	Y	Y	PI567524	exact	matched_exact
PI567525	Y	Y	PI567525	exact	matched_exact
PI567526	Y	Y	PI567526	exact	matched_exact
PI567527	Y	Y	PI567527	exact	matched_exact
PI567528A	Y	Y	PI567528A	exact	matched_exact
PI567528B	Y	Y	PI567528B	exact	matched_exact
PI567529	Y	Y	PI567529	exact	matched_exact
PI567530	Y	Y	PI567530	exact	matched_exact
PI567531	Y	Y	PI567531	exact	matched_exact
PI567532	Y	Y	PI567532	exact	matched_exact
PI567533	Y	Y	PI567533	exact	matched_exact
PI567534	Y	Y	PI567534	exact	matched_exact
PI567535A	Y	Y	PI567535A	exact	matched_exact
PI567535B	Y	Y	PI567535B	exact	matched_exact
PI567536	Y	Y	PI567536	exact	matched_exact
PI567537	Y	Y	PI567537	exact	matched_exact
PI567538A	Y	Y	PI567538A	exact	matched_exact
PI567538B	Y	Y	PI567538B	exact	matched_exact
PI567539	Y	Y	PI567539	exact	matched_exact
PI567540A	Y	Y	PI567540A	exact	matched_exact
PI567540B	Y	Y	PI567540B	exact	matched_exact
PI567541A	Y	Y	PI567541A	exact	matched_exact
PI567541B	Y	Y	PI567541B	exact	matched_exact
PI567541C	Y	Y	PI567541C	exact	matched_exact
PI567542	Y	Y	PI567542	exact	matched_exact
PI567543A	Y	Y	PI567543A	exact	matched_exact
PI567543B	Y	Y	PI567543B	exact	matched_exact
PI567543C	Y	Y	PI567543C	exact	matched_exact
PI567544	Y	Y	PI567544	exact	matched_exact
PI567545	Y	Y	PI567545	exact	matched_exact
PI567546	Y	Y	PI567546	exact	matched_exact
PI567547	Y	Y	PI567547	exact	matched_exact
PI567548	Y	Y	PI567548	exact	matched_exact
PI567549A	Y	Y	PI567549A	exact	matched_exact
PI567549B	Y	Y	PI567549B	exact	matched_exact
PI567550	Y	Y	PI567550	exact	matched_exact
PI567551	Y	Y	PI567551	exact	matched_exact
PI567552	Y	Y	PI567552	exact	matched_exact
PI567553	Y	Y	PI567553	exact	matched_exact
PI567554A	Y	Y	PI567554A	exact	matched_exact
PI567554B	Y	Y	PI567554B	exact	matched_exact
PI567555	Y	Y	PI567555	exact	matched_exact
PI567556	Y	Y	PI567556	exact	matched_exact
PI567557	Y	Y	PI567557	exact	matched_exact
PI567558	Y	Y	PI567558	exact	matched_exact
PI567559	Y	Y	PI567559	exact	matched_exact
PI567560	Y	Y	PI567560	exact	matched_exact
PI567561	Y	Y	PI567561	exact	matched_exact
PI567562A	Y	Y	PI567562A	exact	matched_exact
PI567562B	Y	Y	PI567562B	exact	matched_exact
PI567563A	Y	Y	PI567563A	exact	matched_exact
PI567563B	Y	Y	PI567563B	exact	matched_exact
PI567564	Y	Y	PI567564	exact	matched_exact
PI567565	Y	Y	PI567565	exact	matched_exact
PI567566	Y	Y	PI567566	exact	matched_exact
PI567567	Y	Y	PI567567	exact	matched_exact
PI567568A	Y	Y	PI567568A	exact	matched_exact
PI567568B	Y	Y	PI567568B	exact	matched_exact
PI567569	Y	Y	PI567569	exact	matched_exact
PI567570	Y	Y	PI567570	exact	matched_exact
PI567571	Y	Y	PI567571	exact	matched_exact
PI567572A	Y	Y	PI567572A	exact	matched_exact
PI567572B	Y	Y	PI567572B	exact	matched_exact
PI567573A	Y	Y	PI567573A	exact	matched_exact
PI567573B	Y	Y	PI567573B	exact	matched_exact
PI567574A	Y	Y	PI567574A	exact	matched_exact
PI567574B	Y	Y	PI567574B	exact	matched_exact
PI567575	Y	Y	PI567575	exact	matched_exact
PI567576	Y	Y	PI567576	exact	matched_exact
PI567577	Y	Y	PI567577	exact	matched_exact
PI567578A	Y	Y	PI567578A	exact	matched_exact
PI567578B	Y	Y	PI567578B	exact	matched_exact
PI567579	Y	Y	PI567579	exact	matched_exact
PI567580A	Y	Y	PI567580A	exact	matched_exact
PI567580B	Y	Y	PI567580B	exact	matched_exact
PI567581	Y	Y	PI567581	exact	matched_exact
PI567582A	Y	Y	PI567582A	exact	matched_exact
PI567582B	Y	Y	PI567582B	exact	matched_exact
PI567583A	Y	Y	PI567583A	exact	matched_exact
PI567583B	Y	Y	PI567583B	exact	matched_exact
PI567583C	Y	Y	PI567583C	exact	matched_exact
PI567583D	Y	Y	PI567583D	exact	matched_exact
PI567584	Y	Y	PI567584	exact	matched_exact
PI567585A	Y	Y	PI567585A	exact	matched_exact
PI567585B	Y	Y	PI567585B	exact	matched_exact
PI567586A	Y	Y	PI567586A	exact	matched_exact
PI567586B	Y	Y	PI567586B	exact	matched_exact
PI567587A	Y	Y	PI567587A	exact	matched_exact
PI567587B	Y	Y	PI567587B	exact	matched_exact
PI567588A	Y	Y	PI567588A	exact	matched_exact
PI567588B	Y	Y	PI567588B	exact	matched_exact
PI567589	Y	Y	PI567589	exact	matched_exact
PI567590A	Y	Y	PI567590A	exact	matched_exact
PI567590B	Y	Y	PI567590B	exact	matched_exact
PI567591	Y	Y	PI567591	exact	matched_exact
PI567592	Y	Y	PI567592	exact	matched_exact
PI567593A	Y	Y	PI567593A	exact	matched_exact
PI567593B	Y	Y	PI567593B	exact	matched_exact
PI567594A	Y	Y	PI567594A	exact	matched_exact
PI567594B	Y	Y	PI567594B	exact	matched_exact
PI567595A	Y	Y	PI567595A	exact	matched_exact
PI567595B	Y	Y	PI567595B	exact	matched_exact
PI567596	Y	Y	PI567596	exact	matched_exact
PI567597A	Y	Y	PI567597A	exact	matched_exact
PI567597B	Y	Y	PI567597B	exact	matched_exact
PI567597C	Y	Y	PI567597C	exact	matched_exact
PI567598A	Y	Y	PI567598A	exact	matched_exact
PI567598B	Y	Y	PI567598B	exact	matched_exact
PI567599	Y	Y	PI567599	exact	matched_exact
PI567600	Y	Y	PI567600	exact	matched_exact
PI567601	Y	Y	PI567601	exact	matched_exact
PI567602A	Y	Y	PI567602A	exact	matched_exact
PI567602B	Y	Y	PI567602B	exact	matched_exact
PI567602C	Y	Y	PI567602C	exact	matched_exact
PI567602D	Y	Y	PI567602D	exact	matched_exact
PI567603A	Y	Y	PI567603A	exact	matched_exact
PI567603B	Y	Y	PI567603B	exact	matched_exact
PI567604A	Y	Y	PI567604A	exact	matched_exact
PI567604B	Y	Y	PI567604B	exact	matched_exact
PI567605	Y	Y	PI567605	exact	matched_exact
PI567606	Y	Y	PI567606	exact	matched_exact
PI567607A	Y	Y	PI567607A	exact	matched_exact
PI567607B	Y	Y	PI567607B	exact	matched_exact
PI567608	Y	Y	PI567608	exact	matched_exact
PI567609	Y	Y	PI567609	exact	matched_exact
PI567610A	Y	Y	PI567610A	exact	matched_exact
PI567610B	Y	Y	PI567610B	exact	matched_exact
PI567611	Y	Y	PI567611	exact	matched_exact
PI567612	Y	Y	PI567612	exact	matched_exact
PI567613	Y	Y	PI567613	exact	matched_exact
PI567614A	Y	Y	PI567614A	exact	matched_exact
PI567614B	Y	Y	PI567614B	exact	matched_exact
PI567614C	Y	Y	PI567614C	exact	matched_exact
PI567614D	Y	Y	PI567614D	exact	matched_exact
PI567615	Y	Y	PI567615	exact	matched_exact
PI567616	Y	Y	PI567616	exact	matched_exact
PI567617A	Y	Y	PI567617A	exact	matched_exact
PI567617B	Y	Y	PI567617B	exact	matched_exact
PI567617C	Y	Y	PI567617C	exact	matched_exact
PI567618A	Y	Y	PI567618A	exact	matched_exact
PI567618B	Y	Y	PI567618B	exact	matched_exact
PI567619	Y	Y	PI567619	exact	matched_exact
PI567620A	Y	Y	PI567620A	exact	matched_exact
PI567620B	Y	Y	PI567620B	exact	matched_exact
PI567621A	Y	Y	PI567621A	exact	matched_exact
PI567621B	Y	Y	PI567621B	exact	matched_exact
PI567622	Y	Y	PI567622	exact	matched_exact
PI567623	Y	Y	PI567623	exact	matched_exact
PI567624	Y	Y	PI567624	exact	matched_exact
PI567625	Y	Y	PI567625	exact	matched_exact
PI567626	Y	Y	PI567626	exact	matched_exact
PI567627A	Y	Y	PI567627A	exact	matched_exact
PI567627B	Y	Y	PI567627B	exact	matched_exact
PI567627C	Y	Y	PI567627C	exact	matched_exact
PI567628A	Y	Y	PI567628A	exact	matched_exact
PI567628B	Y	Y	PI567628B	exact	matched_exact
PI567629A	Y	Y	PI567629A	exact	matched_exact
PI567629B	Y	Y	PI567629B	exact	matched_exact
PI567630A	Y	Y	PI567630A	exact	matched_exact
PI567630B	Y	Y	PI567630B	exact	matched_exact
PI567631	Y	Y	PI567631	exact	matched_exact
PI567632A	Y	Y	PI567632A	exact	matched_exact
PI567632B	Y	Y	PI567632B	exact	matched_exact
PI567633	Y	Y	PI567633	exact	matched_exact
PI567634	Y	Y	PI567634	exact	matched_exact
PI567635	Y	Y	PI567635	exact	matched_exact
PI567636	Y	Y	PI567636	exact	matched_exact
PI567637	Y	Y	PI567637	exact	matched_exact
PI567638	Y	Y	PI567638	exact	matched_exact
PI567639	Y	Y	PI567639	exact	matched_exact
PI567640	Y	Y	PI567640	exact	matched_exact
PI567641	Y	Y	PI567641	exact	matched_exact
PI567642A	Y	Y	PI567642A	exact	matched_exact
PI567642B	Y	Y	PI567642B	exact	matched_exact
PI567642C	Y	Y	PI567642C	exact	matched_exact
PI567643	Y	Y	PI567643	exact	matched_exact
PI567644	Y	Y	PI567644	exact	matched_exact
PI567645A	Y	Y	PI567645A	exact	matched_exact
PI567645B	Y	Y	PI567645B	exact	matched_exact
PI567646A	Y	Y	PI567646A	exact	matched_exact
PI567646B	Y	Y	PI567646B	exact	matched_exact
PI567647A	Y	Y	PI567647A	exact	matched_exact
PI567647B	Y	Y	PI567647B	exact	matched_exact
PI567648A	Y	Y	PI567648A	exact	matched_exact
PI567648B	Y	Y	PI567648B	exact	matched_exact
PI567648C	Y	Y	PI567648C	exact	matched_exact
PI567649	Y	Y	PI567649	exact	matched_exact
PI567650A	Y	Y	PI567650A	exact	matched_exact
PI567650B	Y	Y	PI567650B	exact	matched_exact
PI567650C	Y	Y	PI567650C	exact	matched_exact
PI567650D	Y	Y	PI567650D	exact	matched_exact
PI567651	Y	Y	PI567651	exact	matched_exact
PI567652	Y	Y	PI567652	exact	matched_exact
PI567653	Y	Y	PI567653	exact	matched_exact
PI567654	Y	Y	PI567654	exact	matched_exact
PI567655	Y	Y	PI567655	exact	matched_exact
PI567656	Y	Y	PI567656	exact	matched_exact
PI567657	Y	Y	PI567657	exact	matched_exact
PI567658	Y	Y	PI567658	exact	matched_exact
PI567659	Y	Y	PI567659	exact	matched_exact
PI567660A	Y	Y	PI567660A	exact	matched_exact
PI567660B	Y	Y	PI567660B	exact	matched_exact
PI567661A	Y	Y	PI567661A	exact	matched_exact
PI567661B	Y	Y	PI567661B	exact	matched_exact
PI567662	Y	Y	PI567662	exact	matched_exact
PI567663	Y	Y	PI567663	exact	matched_exact
PI567664	Y	Y	PI567664	exact	matched_exact
PI567665	Y	Y	PI567665	exact	matched_exact
PI567666	Y	Y	PI567666	exact	matched_exact
PI567667A	Y	Y	PI567667A	exact	matched_exact
PI567667B	Y	Y	PI567667B	exact	matched_exact
PI567667C	Y	Y	PI567667C	exact	matched_exact
PI567668	Y	Y	PI567668	exact	matched_exact
PI567669	Y	Y	PI567669	exact	matched_exact
PI567670	Y	Y	PI567670	exact	matched_exact
PI567671A	Y	Y	PI567671A	exact	matched_exact
PI567671B	Y	Y	PI567671B	exact	matched_exact
PI567671C	Y	Y	PI567671C	exact	matched_exact
PI567672	Y	Y	PI567672	exact	matched_exact
PI567673A	Y	Y	PI567673A	exact	matched_exact
PI567673B	Y	Y	PI567673B	exact	matched_exact
PI567674	Y	Y	PI567674	exact	matched_exact
PI567675	Y	Y	PI567675	exact	matched_exact
PI567676A	Y	Y	PI567676A	exact	matched_exact
PI567676B	Y	Y	PI567676B	exact	matched_exact
PI567677	Y	Y	PI567677	exact	matched_exact
PI567678	Y	Y	PI567678	exact	matched_exact
PI567679A	Y	Y	PI567679A	exact	matched_exact
PI567679B	Y	Y	PI567679B	exact	matched_exact
PI567679C	Y	Y	PI567679C	exact	matched_exact
PI567680	Y	Y	PI567680	exact	matched_exact
PI567681	Y	Y	PI567681	exact	matched_exact
PI567682A	Y	Y	PI567682A	exact	matched_exact
PI567682B	Y	Y	PI567682B	exact	matched_exact
PI567683A	Y	Y	PI567683A	exact	matched_exact
PI567683B	Y	Y	PI567683B	exact	matched_exact
PI567684A	Y	Y	PI567684A	exact	matched_exact
PI567684B	Y	Y	PI567684B	exact	matched_exact
PI567685	Y	Y	PI567685	exact	matched_exact
PI567686	Y	Y	PI567686	exact	matched_exact
PI567687	Y	Y	PI567687	exact	matched_exact
PI567688A	Y	Y	PI567688A	exact	matched_exact
PI567688B	Y	Y	PI567688B	exact	matched_exact
PI567689	Y	Y	PI567689	exact	matched_exact
PI567690	Y	Y	PI567690	exact	matched_exact
PI567691	Y	Y	PI567691	exact	matched_exact
PI567692	Y	Y	PI567692	exact	matched_exact
PI567693	Y	Y	PI567693	exact	matched_exact
PI567694	Y	Y	PI567694	exact	matched_exact
PI567695	Y	Y	PI567695	exact	matched_exact
PI567696A	Y	Y	PI567696A	exact	matched_exact
PI567696B	Y	Y	PI567696B	exact	matched_exact
PI567696C	Y	Y	PI567696C	exact	matched_exact
PI567697	Y	Y	PI567697	exact	matched_exact
PI567698A	Y	Y	PI567698A	exact	matched_exact
PI567698B	Y	Y	PI567698B	exact	matched_exact
PI567699	Y	Y	PI567699	exact	matched_exact
PI567700	Y	Y	PI567700	exact	matched_exact
PI567701	Y	Y	PI567701	exact	matched_exact
PI567702A	Y	Y	PI567702A	exact	matched_exact
PI567702B	Y	Y	PI567702B	exact	matched_exact
PI567703	Y	Y	PI567703	exact	matched_exact
PI567704	Y	Y	PI567704	exact	matched_exact
PI567705	Y	Y	PI567705	exact	matched_exact
PI567706A	Y	Y	PI567706A	exact	matched_exact
PI567706B	Y	Y	PI567706B	exact	matched_exact
PI567707	Y	Y	PI567707	exact	matched_exact
PI567708	Y	Y	PI567708	exact	matched_exact
PI567709	Y	Y	PI567709	exact	matched_exact
PI567710	Y	Y	PI567710	exact	matched_exact
PI567711A	Y	Y	PI567711A	exact	matched_exact
PI567711B	Y	Y	PI567711B	exact	matched_exact
PI567712	Y	Y	PI567712	exact	matched_exact
PI567713A	Y	Y	PI567713A	exact	matched_exact
PI567713B	Y	Y	PI567713B	exact	matched_exact
PI567713C	Y	Y	PI567713C	exact	matched_exact
PI567713D	Y	Y	PI567713D	exact	matched_exact
PI567713E	Y	Y	PI567713E	exact	matched_exact
PI567714	Y	Y	PI567714	exact	matched_exact
PI567715	Y	Y	PI567715	exact	matched_exact
PI567716A	Y	Y	PI567716A	exact	matched_exact
PI567716B	Y	Y	PI567716B	exact	matched_exact
PI567717A	Y	Y	PI567717A	exact	matched_exact
PI567717B	Y	Y	PI567717B	exact	matched_exact
PI567717C	Y	Y	PI567717C	exact	matched_exact
PI567718	Y	Y	PI567718	exact	matched_exact
PI567719	Y	Y	PI567719	exact	matched_exact
PI567720A	Y	Y	PI567720A	exact	matched_exact
PI567720B	Y	Y	PI567720B	exact	matched_exact
PI567721	Y	Y	PI567721	exact	matched_exact
PI567722	Y	Y	PI567722	exact	matched_exact
PI567723	Y	Y	PI567723	exact	matched_exact
PI567724	Y	Y	PI567724	exact	matched_exact
PI567725	Y	Y	PI567725	exact	matched_exact
PI567726	Y	Y	PI567726	exact	matched_exact
PI567727A	Y	Y	PI567727A	exact	matched_exact
PI567727B	Y	Y	PI567727B	exact	matched_exact
PI567728	Y	Y	PI567728	exact	matched_exact
PI567729	Y	Y	PI567729	exact	matched_exact
PI567730	Y	Y	PI567730	exact	matched_exact
PI567731	Y	Y	PI567731	exact	matched_exact
PI567732	Y	Y	PI567732	exact	matched_exact
PI567733	Y	Y	PI567733	exact	matched_exact
PI567734	Y	Y	PI567734	exact	matched_exact
PI567735	Y	Y	PI567735	exact	matched_exact
PI567736	Y	Y	PI567736	exact	matched_exact
PI567737	Y	Y	PI567737	exact	matched_exact
PI567738A	Y	Y	PI567738A	exact	matched_exact
PI567738B	Y	Y	PI567738B	exact	matched_exact
PI567739A	Y	Y	PI567739A	exact	matched_exact
PI567739B	Y	Y	PI567739B	exact	matched_exact
PI567740	Y	Y	PI567740	exact	matched_exact
PI567741	Y	Y	PI567741	exact	matched_exact
PI567742A	Y	Y	PI567742A	exact	matched_exact
PI567742B	Y	Y	PI567742B	exact	matched_exact
PI567743	Y	Y	PI567743	exact	matched_exact
PI567744A	Y	Y	PI567744A	exact	matched_exact
PI567744B	Y	Y	PI567744B	exact	matched_exact
PI567744C	Y	Y	PI567744C	exact	matched_exact
PI567745	Y	Y	PI567745	exact	matched_exact
PI567746	Y	Y	PI567746	exact	matched_exact
PI567747	Y	Y	PI567747	exact	matched_exact
PI567748	Y	Y	PI567748	exact	matched_exact
PI567749A	Y	Y	PI567749A	exact	matched_exact
PI567749B	Y	Y	PI567749B	exact	matched_exact
PI567750	Y	Y	PI567750	exact	matched_exact
PI567751A	Y	Y	PI567751A	exact	matched_exact
PI567751B	Y	Y	PI567751B	exact	matched_exact
PI567751C	Y	Y	PI567751C	exact	matched_exact
PI567752	Y	Y	PI567752	exact	matched_exact
PI567753A	Y	Y	PI567753A	exact	matched_exact
PI567753B	Y	Y	PI567753B	exact	matched_exact
PI567753C	Y	Y	PI567753C	exact	matched_exact
PI567754	Y	Y	PI567754	exact	matched_exact
PI567755A	Y	Y	PI567755A	exact	matched_exact
PI567755B	Y	Y	PI567755B	exact	matched_exact
PI567755C	Y	Y	PI567755C	exact	matched_exact
PI567756	N	Y		none	phenotype_only
PI567756A	Y	N		none	vcf_only
PI567756B	Y	N		none	vcf_only
PI567757	Y	Y	PI567757	exact	matched_exact
PI567758	Y	Y	PI567758	exact	matched_exact
PI567759	Y	Y	PI567759	exact	matched_exact
PI567760	Y	Y	PI567760	exact	matched_exact
PI567761	Y	Y	PI567761	exact	matched_exact
PI567762A	Y	Y	PI567762A	exact	matched_exact
PI567762B	Y	Y	PI567762B	exact	matched_exact
PI567762C	Y	Y	PI567762C	exact	matched_exact
PI567763	Y	Y	PI567763	exact	matched_exact
PI567764	Y	Y	PI567764	exact	matched_exact
PI567765A	Y	Y	PI567765A	exact	matched_exact
PI567765B	Y	Y	PI567765B	exact	matched_exact
PI567765C	Y	Y	PI567765C	exact	matched_exact
PI567765D	Y	Y	PI567765D	exact	matched_exact
PI567766	Y	Y	PI567766	exact	matched_exact
PI567767A	Y	Y	PI567767A	exact	matched_exact
PI567767B	Y	Y	PI567767B	exact	matched_exact
PI567767C	Y	Y	PI567767C	exact	matched_exact
PI567767D	Y	Y	PI567767D	exact	matched_exact
PI567768	Y	Y	PI567768	exact	matched_exact
PI567769	Y	Y	PI567769	exact	matched_exact
PI567770A	Y	Y	PI567770A	exact	matched_exact
PI567770B	Y	Y	PI567770B	exact	matched_exact
PI567770C	Y	Y	PI567770C	exact	matched_exact
PI567771A	Y	Y	PI567771A	exact	matched_exact
PI567771B	Y	Y	PI567771B	exact	matched_exact
PI567771C	Y	Y	PI567771C	exact	matched_exact
PI567771D	Y	Y	PI567771D	exact	matched_exact
PI567771E	Y	Y	PI567771E	exact	matched_exact
PI567772	Y	Y	PI567772	exact	matched_exact
PI567773	Y	Y	PI567773	exact	matched_exact
PI567774A	Y	Y	PI567774A	exact	matched_exact
PI567774B	Y	Y	PI567774B	exact	matched_exact
PI567775A	Y	Y	PI567775A	exact	matched_exact
PI567775B	Y	Y	PI567775B	exact	matched_exact
PI567776	Y	Y	PI567776	exact	matched_exact
PI567777	Y	Y	PI567777	exact	matched_exact
PI567778	Y	Y	PI567778	exact	matched_exact
PI567779A	Y	Y	PI567779A	exact	matched_exact
PI567779B	Y	Y	PI567779B	exact	matched_exact
PI567779C	Y	Y	PI567779C	exact	matched_exact
PI567780A	Y	Y	PI567780A	exact	matched_exact
PI567780B	Y	Y	PI567780B	exact	matched_exact
PI567781	Y	Y	PI567781	exact	matched_exact
PI567782	Y	Y	PI567782	exact	matched_exact
PI567783	Y	Y	PI567783	exact	matched_exact
PI567784	Y	Y	PI567784	exact	matched_exact
PI567785	Y	Y	PI567785	exact	matched_exact
PI567786	Y	Y	PI567786	exact	matched_exact
PI567787	Y	Y	PI567787	exact	matched_exact
PI567788	Y	Y	PI567788	exact	matched_exact
PI567789	Y	Y	PI567789	exact	matched_exact
PI567790	Y	Y	PI567790	exact	matched_exact
PI567791	Y	Y	PI567791	exact	matched_exact
PI567902	Y	Y	PI567902	exact	matched_exact
PI567904	N	Y		none	phenotype_only
PI568236	Y	Y	PI568236	exact	matched_exact
PI568238	N	Y		none	phenotype_only
PI568239	N	Y		none	phenotype_only
PI568240	N	Y		none	phenotype_only
PI568241	N	Y		none	phenotype_only
PI568242	N	Y		none	phenotype_only
PI568243	N	Y		none	phenotype_only
PI568245	Y	Y	PI568245	exact	matched_exact
PI568254	Y	Y	PI568254	exact	matched_exact
PI568260	Y	Y	PI568260	exact	matched_exact
PI568261	Y	Y	PI568261	exact	matched_exact
PI568262	Y	Y	PI568262	exact	matched_exact
PI570653	N	Y		none	phenotype_only
PI570658	N	Y		none	phenotype_only
PI570668	Y	Y	PI570668	exact	matched_exact
PI572237	Y	Y	PI572237	exact	matched_exact
PI572238	Y	Y	PI572238	exact	matched_exact
PI572239	Y	Y	PI572239	exact	matched_exact
PI572240	Y	Y	PI572240	exact	matched_exact
PI572241	Y	Y	PI572241	exact	matched_exact
PI572242	Y	Y	PI572242	exact	matched_exact
PI572243	Y	Y	PI572243	exact	matched_exact
PI572244	Y	Y	PI572244	exact	matched_exact
PI572245	Y	Y	PI572245	exact	matched_exact
PI572265A	Y	Y	PI572265A	exact	matched_exact
PI572265B	Y	Y	PI572265B	exact	matched_exact
PI572265C	Y	Y	PI572265C	exact	matched_exact
PI572265D	Y	Y	PI572265D	exact	matched_exact
PI572270	Y	Y	PI572270	exact	matched_exact
PI572271	N	Y		none	phenotype_only
PI572275	N	Y		none	phenotype_only
PI572276	N	Y		none	phenotype_only
PI572277	N	Y		none	phenotype_only
PI572278	N	Y		none	phenotype_only
PI572280	N	Y		none	phenotype_only
PI572281	N	Y		none	phenotype_only
PI572282	N	Y		none	phenotype_only
PI572283	N	Y		none	phenotype_only
PI572284	N	Y		none	phenotype_only
PI572285	N	Y		none	phenotype_only
PI572294	Y	Y	PI572294	exact	matched_exact
PI572295	Y	Y	PI572295	exact	matched_exact
PI572296	Y	Y	PI572296	exact	matched_exact
PI572297	Y	Y	PI572297	exact	matched_exact
PI573008	Y	Y	PI573008	exact	matched_exact
PI573031	N	Y		none	phenotype_only
PI573043	N	Y		none	phenotype_only
PI573044	N	Y		none	phenotype_only
PI573045	N	Y		none	phenotype_only
PI573046	N	Y		none	phenotype_only
PI573047	N	Y		none	phenotype_only
PI573049	N	Y		none	phenotype_only
PI573050	N	Y		none	phenotype_only
PI573051	N	Y		none	phenotype_only
PI573052	N	Y		none	phenotype_only
PI573053	N	Y		none	phenotype_only
PI573055	N	Y		none	phenotype_only
PI573056	N	Y		none	phenotype_only
PI573057	N	Y		none	phenotype_only
PI573058	N	Y		none	phenotype_only
PI573059	N	Y		none	phenotype_only
PI573060	N	Y		none	phenotype_only
PI573061	N	Y		none	phenotype_only
PI573062	N	Y		none	phenotype_only
PI573063	N	Y		none	phenotype_only
PI573064	N	Y		none	phenotype_only
PI573065	N	Y		none	phenotype_only
PI573066	N	Y		none	phenotype_only
PI573067	N	Y		none	phenotype_only
PI573068	N	Y		none	phenotype_only
PI573069	N	Y		none	phenotype_only
PI573070	N	Y		none	phenotype_only
PI573071	N	Y		none	phenotype_only
PI573072	N	Y		none	phenotype_only
PI573073	N	Y		none	phenotype_only
PI573074	N	Y		none	phenotype_only
PI573075	N	Y		none	phenotype_only
PI573076	N	Y		none	phenotype_only
PI573077	N	Y		none	phenotype_only
PI573078	N	Y		none	phenotype_only
PI573079	N	Y		none	phenotype_only
PI573188	Y	Y	PI573188	exact	matched_exact
PI573285	Y	Y	PI573285	exact	matched_exact
PI573286	Y	Y	PI573286	exact	matched_exact
PI57334	Y	N	PI057334	zero_pad_candidate	ambiguous
PI574476A	Y	Y	PI574476A	exact	matched_exact
PI574476B	Y	Y	PI574476B	exact	matched_exact
PI574476C	Y	Y	PI574476C	exact	matched_exact
PI574477	Y	Y	PI574477	exact	matched_exact
PI574478A	Y	Y	PI574478A	exact	matched_exact
PI574478B	Y	Y	PI574478B	exact	matched_exact
PI574478C	Y	Y	PI574478C	exact	matched_exact
PI574479A	Y	Y	PI574479A	exact	matched_exact
PI574479B	Y	Y	PI574479B	exact	matched_exact
PI574480A	Y	Y	PI574480A	exact	matched_exact
PI574480B	Y	Y	PI574480B	exact	matched_exact
PI574481	Y	Y	PI574481	exact	matched_exact
PI574482	Y	Y	PI574482	exact	matched_exact
PI574483	Y	Y	PI574483	exact	matched_exact
PI574484	Y	Y	PI574484	exact	matched_exact
PI574485	Y	Y	PI574485	exact	matched_exact
PI574486	Y	Y	PI574486	exact	matched_exact
PI574532	Y	Y	PI574532	exact	matched_exact
PI574533	Y	Y	PI574533	exact	matched_exact
PI574534	Y	Y	PI574534	exact	matched_exact
PI574541	Y	Y	PI574541	exact	matched_exact
PI576145	Y	Y	PI576145	exact	matched_exact
PI576146	Y	Y	PI576146	exact	matched_exact
PI576149	N	Y		none	phenotype_only
PI576154	Y	Y	PI576154	exact	matched_exact
PI576155	N	Y		none	phenotype_only
PI576160	Y	Y	PI576160	exact	matched_exact
PI576161	Y	Y	PI576161	exact	matched_exact
PI576162	Y	Y	PI576162	exact	matched_exact
PI576163	N	Y		none	phenotype_only
PI576164	N	Y		none	phenotype_only
PI576165	N	Y		none	phenotype_only
PI576166	Y	Y	PI576166	exact	matched_exact
PI576440	Y	Y	PI576440	exact	matched_exact
PI576446	Y	Y	PI576446	exact	matched_exact
PI576857	Y	Y	PI576857	exact	matched_exact
PI577798	Y	Y	PI577798	exact	matched_exact
PI577809	N	Y		none	phenotype_only
PI578002	Y	Y	PI578002	exact	matched_exact
PI578003	Y	Y	PI578003	exact	matched_exact
PI578038	N	Y		none	phenotype_only
PI578039	N	Y		none	phenotype_only
PI578057	Y	Y	PI578057	exact	matched_exact
PI578058	Y	Y	PI578058	exact	matched_exact
PI578246	Y	Y	PI578246	exact	matched_exact
PI578247	Y	Y	PI578247	exact	matched_exact
PI578293	N	Y		none	phenotype_only
PI578295	N	Y		none	phenotype_only
PI578296	N	Y		none	phenotype_only
PI578297	N	Y		none	phenotype_only
PI578305A	Y	Y	PI578305A	exact	matched_exact
PI578305B	Y	Y	PI578305B	exact	matched_exact
PI578306A	Y	Y	PI578306A	exact	matched_exact
PI578306B	Y	Y	PI578306B	exact	matched_exact
PI578307A	Y	Y	PI578307A	exact	matched_exact
PI578307B	Y	N		none	vcf_only
PI578307C	Y	Y	PI578307C	exact	matched_exact
PI578308A	Y	Y	PI578308A	exact	matched_exact
PI578308B	Y	Y	PI578308B	exact	matched_exact
PI578309	Y	Y	PI578309	exact	matched_exact
PI578310	Y	Y	PI578310	exact	matched_exact
PI578311A	Y	Y	PI578311A	exact	matched_exact
PI578311B	Y	N		none	vcf_only
PI578311C	Y	Y	PI578311C	exact	matched_exact
PI578312	Y	Y	PI578312	exact	matched_exact
PI578313A	Y	N		none	vcf_only
PI578313B	Y	Y	PI578313B	exact	matched_exact
PI578314	Y	Y	PI578314	exact	matched_exact
PI578315A	Y	Y	PI578315A	exact	matched_exact
PI578315B	Y	Y	PI578315B	exact	matched_exact
PI578316A	Y	N		none	vcf_only
PI578316B	Y	N		none	vcf_only
PI578316C	Y	Y	PI578316C	exact	matched_exact
PI578317	Y	Y	PI578317	exact	matched_exact
PI578318A	Y	Y	PI578318A	exact	matched_exact
PI578318B	Y	N		none	vcf_only
PI578318D	Y	Y	PI578318D	exact	matched_exact
PI578318E	Y	Y	PI578318E	exact	matched_exact
PI578319A	Y	Y	PI578319A	exact	matched_exact
PI578319B	Y	N		none	vcf_only
PI578319C	Y	Y	PI578319C	exact	matched_exact
PI578319D	Y	N		none	vcf_only
PI578319E	Y	Y	PI578319E	exact	matched_exact
PI578319F	Y	Y	PI578319F	exact	matched_exact
PI578320	Y	Y	PI578320	exact	matched_exact
PI578321	Y	Y	PI578321	exact	matched_exact
PI578323A	Y	Y	PI578323A	exact	matched_exact
PI578323B	Y	Y	PI578323B	exact	matched_exact
PI578324A	Y	Y	PI578324A	exact	matched_exact
PI578324B	Y	Y	PI578324B	exact	matched_exact
PI578324C	Y	Y	PI578324C	exact	matched_exact
PI578324D	Y	Y	PI578324D	exact	matched_exact
PI578324E	Y	Y	PI578324E	exact	matched_exact
PI578324F	Y	Y	PI578324F	exact	matched_exact
PI578324G	Y	Y	PI578324G	exact	matched_exact
PI578324H	Y	Y	PI578324H	exact	matched_exact
PI578325	Y	Y	PI578325	exact	matched_exact
PI578326	Y	Y	PI578326	exact	matched_exact
PI578328A	Y	Y	PI578328A	exact	matched_exact
PI578328B	Y	Y	PI578328B	exact	matched_exact
PI578328C	Y	Y	PI578328C	exact	matched_exact
PI578329A	Y	Y	PI578329A	exact	matched_exact
PI578329B	Y	Y	PI578329B	exact	matched_exact
PI578329C	Y	Y	PI578329C	exact	matched_exact
PI578330	Y	Y	PI578330	exact	matched_exact
PI578331	Y	Y	PI578331	exact	matched_exact
PI578332A	Y	Y	PI578332A	exact	matched_exact
PI578332B	Y	Y	PI578332B	exact	matched_exact
PI578332C	Y	Y	PI578332C	exact	matched_exact
PI578333	Y	Y	PI578333	exact	matched_exact
PI578334	Y	Y	PI578334	exact	matched_exact
PI578335A	Y	Y	PI578335A	exact	matched_exact
PI578335B	Y	Y	PI578335B	exact	matched_exact
PI578336	Y	Y	PI578336	exact	matched_exact
PI578337	Y	Y	PI578337	exact	matched_exact
PI578338A	Y	Y	PI578338A	exact	matched_exact
PI578338B	Y	Y	PI578338B	exact	matched_exact
PI578339A	Y	Y	PI578339A	exact	matched_exact
PI578339B	Y	Y	PI578339B	exact	matched_exact
PI578340A	Y	Y	PI578340A	exact	matched_exact
PI578340B	Y	Y	PI578340B	exact	matched_exact
PI578341	Y	Y	PI578341	exact	matched_exact
PI578342A	Y	Y	PI578342A	exact	matched_exact
PI578342B	Y	Y	PI578342B	exact	matched_exact
PI578343	Y	Y	PI578343	exact	matched_exact
PI578344A	Y	Y	PI578344A	exact	matched_exact
PI578344B	Y	Y	PI578344B	exact	matched_exact
PI578345	Y	Y	PI578345	exact	matched_exact
PI578346A	Y	Y	PI578346A	exact	matched_exact
PI578346B	Y	Y	PI578346B	exact	matched_exact
PI578346C	Y	Y	PI578346C	exact	matched_exact
PI578350A	Y	N		none	vcf_only
PI578350B	Y	N		none	vcf_only
PI578351	Y	Y	PI578351	exact	matched_exact
PI578352	Y	Y	PI578352	exact	matched_exact
PI578353A	Y	Y	PI578353A	exact	matched_exact
PI578353B	Y	Y	PI578353B	exact	matched_exact
PI578354	Y	Y	PI578354	exact	matched_exact
PI578355	Y	Y	PI578355	exact	matched_exact
PI578356	Y	Y	PI578356	exact	matched_exact
PI578357	Y	Y	PI578357	exact	matched_exact
PI578358	Y	Y	PI578358	exact	matched_exact
PI578359	Y	Y	PI578359	exact	matched_exact
PI578360	Y	Y	PI578360	exact	matched_exact
PI578361	Y	Y	PI578361	exact	matched_exact
PI578362	Y	Y	PI578362	exact	matched_exact
PI578363	Y	Y	PI578363	exact	matched_exact
PI578364	Y	Y	PI578364	exact	matched_exact
PI578365	Y	Y	PI578365	exact	matched_exact
PI578366	Y	Y	PI578366	exact	matched_exact
PI578367	Y	Y	PI578367	exact	matched_exact
PI578368	Y	Y	PI578368	exact	matched_exact
PI578369	Y	Y	PI578369	exact	matched_exact
PI578370	Y	Y	PI578370	exact	matched_exact
PI578371	Y	Y	PI578371	exact	matched_exact
PI578372	Y	Y	PI578372	exact	matched_exact
PI578373	Y	Y	PI578373	exact	matched_exact
PI578374	Y	Y	PI578374	exact	matched_exact
PI578375A	Y	Y	PI578375A	exact	matched_exact
PI578375B	Y	Y	PI578375B	exact	matched_exact
PI578376	Y	Y	PI578376	exact	matched_exact
PI578377	Y	Y	PI578377	exact	matched_exact
PI578378	Y	Y	PI578378	exact	matched_exact
PI578379	Y	Y	PI578379	exact	matched_exact
PI578380A	Y	Y	PI578380A	exact	matched_exact
PI578380B	Y	Y	PI578380B	exact	matched_exact
PI578381	Y	Y	PI578381	exact	matched_exact
PI578382	Y	Y	PI578382	exact	matched_exact
PI578383	Y	Y	PI578383	exact	matched_exact
PI578384	Y	Y	PI578384	exact	matched_exact
PI578385	Y	Y	PI578385	exact	matched_exact
PI578386	Y	Y	PI578386	exact	matched_exact
PI578387	Y	Y	PI578387	exact	matched_exact
PI578388A	Y	Y	PI578388A	exact	matched_exact
PI578388B	Y	Y	PI578388B	exact	matched_exact
PI578389	Y	Y	PI578389	exact	matched_exact
PI578390	Y	Y	PI578390	exact	matched_exact
PI578391	Y	Y	PI578391	exact	matched_exact
PI578392A	Y	Y	PI578392A	exact	matched_exact
PI578392B	Y	Y	PI578392B	exact	matched_exact
PI578393	Y	Y	PI578393	exact	matched_exact
PI578394	Y	Y	PI578394	exact	matched_exact
PI578395	Y	Y	PI578395	exact	matched_exact
PI578396	Y	Y	PI578396	exact	matched_exact
PI578397	Y	Y	PI578397	exact	matched_exact
PI578398	Y	Y	PI578398	exact	matched_exact
PI578399	Y	Y	PI578399	exact	matched_exact
PI578400	Y	Y	PI578400	exact	matched_exact
PI578401A	Y	Y	PI578401A	exact	matched_exact
PI578401B	Y	Y	PI578401B	exact	matched_exact
PI578401C	Y	Y	PI578401C	exact	matched_exact
PI578401D	Y	Y	PI578401D	exact	matched_exact
PI578402	Y	Y	PI578402	exact	matched_exact
PI578403	Y	Y	PI578403	exact	matched_exact
PI578404	Y	Y	PI578404	exact	matched_exact
PI578405	Y	Y	PI578405	exact	matched_exact
PI578406	Y	Y	PI578406	exact	matched_exact
PI578407	Y	Y	PI578407	exact	matched_exact
PI578408	Y	Y	PI578408	exact	matched_exact
PI578409A	Y	Y	PI578409A	exact	matched_exact
PI578409B	Y	Y	PI578409B	exact	matched_exact
PI578410	Y	Y	PI578410	exact	matched_exact
PI578411	Y	Y	PI578411	exact	matched_exact
PI578412	Y	Y	PI578412	exact	matched_exact
PI578413	Y	Y	PI578413	exact	matched_exact
PI578414	Y	Y	PI578414	exact	matched_exact
PI578415	Y	Y	PI578415	exact	matched_exact
PI578416	Y	Y	PI578416	exact	matched_exact
PI578417A	Y	Y	PI578417A	exact	matched_exact
PI578417B	Y	Y	PI578417B	exact	matched_exact
PI578418	Y	Y	PI578418	exact	matched_exact
PI578419A	Y	Y	PI578419A	exact	matched_exact
PI578419B	Y	Y	PI578419B	exact	matched_exact
PI578420	Y	Y	PI578420	exact	matched_exact
PI578421	Y	Y	PI578421	exact	matched_exact
PI578422	Y	Y	PI578422	exact	matched_exact
PI578423	Y	Y	PI578423	exact	matched_exact
PI578424	Y	Y	PI578424	exact	matched_exact
PI578425	Y	Y	PI578425	exact	matched_exact
PI578426	Y	Y	PI578426	exact	matched_exact
PI578427	Y	Y	PI578427	exact	matched_exact
PI578428A	Y	Y	PI578428A	exact	matched_exact
PI578428B	Y	Y	PI578428B	exact	matched_exact
PI578429	Y	Y	PI578429	exact	matched_exact
PI578431	Y	Y	PI578431	exact	matched_exact
PI578432A	Y	Y	PI578432A	exact	matched_exact
PI578432B	Y	Y	PI578432B	exact	matched_exact
PI578433	Y	Y	PI578433	exact	matched_exact
PI578435	Y	Y	PI578435	exact	matched_exact
PI578436	Y	Y	PI578436	exact	matched_exact
PI578437A	Y	Y	PI578437A	exact	matched_exact
PI578437B	Y	Y	PI578437B	exact	matched_exact
PI578438	Y	Y	PI578438	exact	matched_exact
PI578439	Y	Y	PI578439	exact	matched_exact
PI578440	Y	Y	PI578440	exact	matched_exact
PI578441	Y	Y	PI578441	exact	matched_exact
PI578442	Y	Y	PI578442	exact	matched_exact
PI578443	Y	Y	PI578443	exact	matched_exact
PI578444A	Y	Y	PI578444A	exact	matched_exact
PI578444B	Y	Y	PI578444B	exact	matched_exact
PI578445	Y	Y	PI578445	exact	matched_exact
PI578446A	Y	Y	PI578446A	exact	matched_exact
PI578446B	Y	Y	PI578446B	exact	matched_exact
PI578447	Y	Y	PI578447	exact	matched_exact
PI578448	Y	Y	PI578448	exact	matched_exact
PI578449	Y	Y	PI578449	exact	matched_exact
PI578450	Y	Y	PI578450	exact	matched_exact
PI578451	Y	Y	PI578451	exact	matched_exact
PI578452	Y	Y	PI578452	exact	matched_exact
PI578453	Y	Y	PI578453	exact	matched_exact
PI578454	Y	Y	PI578454	exact	matched_exact
PI578455A	Y	Y	PI578455A	exact	matched_exact
PI578455B	Y	Y	PI578455B	exact	matched_exact
PI578456	Y	Y	PI578456	exact	matched_exact
PI578457A	Y	Y	PI578457A	exact	matched_exact
PI578457B	Y	Y	PI578457B	exact	matched_exact
PI578458	Y	Y	PI578458	exact	matched_exact
PI578459	Y	Y	PI578459	exact	matched_exact
PI578460	Y	Y	PI578460	exact	matched_exact
PI578461	Y	Y	PI578461	exact	matched_exact
PI578462	Y	Y	PI578462	exact	matched_exact
PI578463	Y	Y	PI578463	exact	matched_exact
PI578464A	Y	Y	PI578464A	exact	matched_exact
PI578464B	Y	Y	PI578464B	exact	matched_exact
PI578465	Y	Y	PI578465	exact	matched_exact
PI578466	Y	Y	PI578466	exact	matched_exact
PI578467	Y	Y	PI578467	exact	matched_exact
PI578470	Y	Y	PI578470	exact	matched_exact
PI578471A	Y	Y	PI578471A	exact	matched_exact
PI578471B	Y	Y	PI578471B	exact	matched_exact
PI578471C	Y	Y	PI578471C	exact	matched_exact
PI578472	Y	Y	PI578472	exact	matched_exact
PI578473A	Y	Y	PI578473A	exact	matched_exact
PI578473B	Y	Y	PI578473B	exact	matched_exact
PI578473C	Y	Y	PI578473C	exact	matched_exact
PI578473D	Y	Y	PI578473D	exact	matched_exact
PI578474	Y	Y	PI578474	exact	matched_exact
PI578475	Y	Y	PI578475	exact	matched_exact
PI578476	Y	Y	PI578476	exact	matched_exact
PI578477A	Y	Y	PI578477A	exact	matched_exact
PI578477B	Y	Y	PI578477B	exact	matched_exact
PI578477C	Y	Y	PI578477C	exact	matched_exact
PI578478A	Y	Y	PI578478A	exact	matched_exact
PI578478B	Y	Y	PI578478B	exact	matched_exact
PI578479	Y	Y	PI578479	exact	matched_exact
PI578480	Y	Y	PI578480	exact	matched_exact
PI578481	Y	Y	PI578481	exact	matched_exact
PI578482A	Y	Y	PI578482A	exact	matched_exact
PI578482B	Y	Y	PI578482B	exact	matched_exact
PI578482C	Y	Y	PI578482C	exact	matched_exact
PI578484	Y	Y	PI578484	exact	matched_exact
PI578485A	Y	Y	PI578485A	exact	matched_exact
PI578485B	Y	Y	PI578485B	exact	matched_exact
PI578486	Y	Y	PI578486	exact	matched_exact
PI578487	Y	Y	PI578487	exact	matched_exact
PI578488A	Y	Y	PI578488A	exact	matched_exact
PI578488B	Y	Y	PI578488B	exact	matched_exact
PI578490	Y	Y	PI578490	exact	matched_exact
PI578491A	Y	Y	PI578491A	exact	matched_exact
PI578491B	Y	Y	PI578491B	exact	matched_exact
PI578492	Y	Y	PI578492	exact	matched_exact
PI578493	Y	Y	PI578493	exact	matched_exact
PI578494A	Y	Y	PI578494A	exact	matched_exact
PI578494B	Y	Y	PI578494B	exact	matched_exact
PI578495	Y	Y	PI578495	exact	matched_exact
PI578496	Y	Y	PI578496	exact	matched_exact
PI578497A	Y	Y	PI578497A	exact	matched_exact
PI578497B	Y	Y	PI578497B	exact	matched_exact
PI578498A	Y	Y	PI578498A	exact	matched_exact
PI578498B	Y	Y	PI578498B	exact	matched_exact
PI578499A	Y	Y	PI578499A	exact	matched_exact
PI578499B	Y	Y	PI578499B	exact	matched_exact
PI578499C	Y	Y	PI578499C	exact	matched_exact
PI578500	Y	Y	PI578500	exact	matched_exact
PI578501	Y	Y	PI578501	exact	matched_exact
PI578502	Y	Y	PI578502	exact	matched_exact
PI578503	Y	Y	PI578503	exact	matched_exact
PI578504	Y	Y	PI578504	exact	matched_exact
PI578505	Y	Y	PI578505	exact	matched_exact
PI578506	Y	Y	PI578506	exact	matched_exact
PI578888	N	Y		none	phenotype_only
PI578889	N	Y		none	phenotype_only
PI578890	N	Y		none	phenotype_only
PI583284	N	Y		none	phenotype_only
PI583287	N	Y		none	phenotype_only
PI583288	N	Y		none	phenotype_only
PI583295	Y	Y	PI583295	exact	matched_exact
PI583364	Y	Y	PI583364	exact	matched_exact
PI583365	Y	Y	PI583365	exact	matched_exact
PI583366	Y	Y	PI583366	exact	matched_exact
PI583367	Y	Y	PI583367	exact	matched_exact
PI583370	N	Y		none	phenotype_only
PI583371	N	Y		none	phenotype_only
PI583741	N	Y		none	phenotype_only
PI583742	N	Y		none	phenotype_only
PI583743	N	Y		none	phenotype_only
PI583744	N	Y		none	phenotype_only
PI583745	N	Y		none	phenotype_only
PI583746	N	Y		none	phenotype_only
PI583764	N	Y		none	phenotype_only
PI583835	Y	Y	PI583835	exact	matched_exact
PI583837	Y	Y	PI583837	exact	matched_exact
PI583943	N	Y		none	phenotype_only
PI583944	N	Y		none	phenotype_only
PI583945	N	Y		none	phenotype_only
PI583946	N	Y		none	phenotype_only
PI583947	N	Y		none	phenotype_only
PI583948	N	Y		none	phenotype_only
PI583949	N	Y		none	phenotype_only
PI583950	N	Y		none	phenotype_only
PI583951	N	Y		none	phenotype_only
PI583952	N	Y		none	phenotype_only
PI583953	N	Y		none	phenotype_only
PI583954	N	Y		none	phenotype_only
PI583955	N	Y		none	phenotype_only
PI583956	N	Y		none	phenotype_only
PI583957	N	Y		none	phenotype_only
PI583958	N	Y		none	phenotype_only
PI583959	N	Y		none	phenotype_only
PI583960	N	Y		none	phenotype_only
PI583961	N	Y		none	phenotype_only
PI583962	N	Y		none	phenotype_only
PI583963	N	Y		none	phenotype_only
PI583964	N	Y		none	phenotype_only
PI583965	N	Y		none	phenotype_only
PI583966	N	Y		none	phenotype_only
PI583967	N	Y		none	phenotype_only
PI583968	N	Y		none	phenotype_only
PI583969	N	Y		none	phenotype_only
PI583970	N	Y		none	phenotype_only
PI583971	N	Y		none	phenotype_only
PI583972	N	Y		none	phenotype_only
PI583973	N	Y		none	phenotype_only
PI583974	N	Y		none	phenotype_only
PI583975	N	Y		none	phenotype_only
PI584331	N	Y		none	phenotype_only
PI584441	Y	Y	PI584441	exact	matched_exact
PI584459	N	Y		none	phenotype_only
PI584460	N	Y		none	phenotype_only
PI584461	N	Y		none	phenotype_only
PI584462	N	Y		none	phenotype_only
PI584463	N	Y		none	phenotype_only
PI584468	N	Y		none	phenotype_only
PI584469	Y	Y	PI584469	exact	matched_exact
PI584470	Y	Y	PI584470	exact	matched_exact
PI584506	Y	Y	PI584506	exact	matched_exact
PI584527	Y	Y	PI584527	exact	matched_exact
PI586980	Y	Y	PI586980	exact	matched_exact
PI586981	Y	Y	PI586981	exact	matched_exact
PI587091	Y	Y	PI587091	exact	matched_exact
PI587185	Y	Y	PI587185	exact	matched_exact
PI587550A	Y	Y	PI587550A	exact	matched_exact
PI587550B	Y	Y	PI587550B	exact	matched_exact
PI587550C	Y	Y	PI587550C	exact	matched_exact
PI587551	Y	Y	PI587551	exact	matched_exact
PI587552	Y	Y	PI587552	exact	matched_exact
PI587553A	Y	Y	PI587553A	exact	matched_exact
PI587553B	Y	Y	PI587553B	exact	matched_exact
PI587554	Y	Y	PI587554	exact	matched_exact
PI587555A	Y	Y	PI587555A	exact	matched_exact
PI587555B	Y	Y	PI587555B	exact	matched_exact
PI587556A	Y	Y	PI587556A	exact	matched_exact
PI587556B	Y	Y	PI587556B	exact	matched_exact
PI587557A	Y	Y	PI587557A	exact	matched_exact
PI587557B	Y	Y	PI587557B	exact	matched_exact
PI587557C	Y	Y	PI587557C	exact	matched_exact
PI587558A	Y	Y	PI587558A	exact	matched_exact
PI587558B	Y	Y	PI587558B	exact	matched_exact
PI587558C	Y	Y	PI587558C	exact	matched_exact
PI587559A	Y	Y	PI587559A	exact	matched_exact
PI587559B	Y	Y	PI587559B	exact	matched_exact
PI587560A	Y	Y	PI587560A	exact	matched_exact
PI587560B	Y	Y	PI587560B	exact	matched_exact
PI587560C	Y	Y	PI587560C	exact	matched_exact
PI587561	Y	Y	PI587561	exact	matched_exact
PI587562	Y	Y	PI587562	exact	matched_exact
PI587563A	Y	Y	PI587563A	exact	matched_exact
PI587563B	Y	Y	PI587563B	exact	matched_exact
PI587563C	Y	Y	PI587563C	exact	matched_exact
PI587563D	Y	Y	PI587563D	exact	matched_exact
PI587564A	Y	Y	PI587564A	exact	matched_exact
PI587564B	Y	Y	PI587564B	exact	matched_exact
PI587564C	Y	Y	PI587564C	exact	matched_exact
PI587565A	Y	Y	PI587565A	exact	matched_exact
PI587565B	Y	Y	PI587565B	exact	matched_exact
PI587565C	Y	Y	PI587565C	exact	matched_exact
PI587566A	Y	Y	PI587566A	exact	matched_exact
PI587566B	Y	Y	PI587566B	exact	matched_exact
PI587567A	Y	Y	PI587567A	exact	matched_exact
PI587567B	Y	Y	PI587567B	exact	matched_exact
PI587567C	Y	Y	PI587567C	exact	matched_exact
PI587568A	Y	Y	PI587568A	exact	matched_exact
PI587568B	Y	Y	PI587568B	exact	matched_exact
PI587569	Y	Y	PI587569	exact	matched_exact
PI587570A	Y	Y	PI587570A	exact	matched_exact
PI587570B	Y	Y	PI587570B	exact	matched_exact
PI587571	Y	Y	PI587571	exact	matched_exact
PI587572A	Y	Y	PI587572A	exact	matched_exact
PI587572B	Y	Y	PI587572B	exact	matched_exact
PI587573A	Y	Y	PI587573A	exact	matched_exact
PI587573B	Y	Y	PI587573B	exact	matched_exact
PI587574A	Y	Y	PI587574A	exact	matched_exact
PI587574B	Y	Y	PI587574B	exact	matched_exact
PI587575A	Y	Y	PI587575A	exact	matched_exact
PI587575B	Y	Y	PI587575B	exact	matched_exact
PI587575C	Y	Y	PI587575C	exact	matched_exact
PI587576	Y	Y	PI587576	exact	matched_exact
PI587577A	Y	Y	PI587577A	exact	matched_exact
PI587577B	Y	Y	PI587577B	exact	matched_exact
PI587577C	Y	Y	PI587577C	exact	matched_exact
PI587577D	Y	Y	PI587577D	exact	matched_exact
PI587577E	Y	Y	PI587577E	exact	matched_exact
PI587577F	Y	Y	PI587577F	exact	matched_exact
PI587577G	Y	Y	PI587577G	exact	matched_exact
PI587577H	Y	Y	PI587577H	exact	matched_exact
PI587577I	Y	Y	PI587577I	exact	matched_exact
PI587578	Y	Y	PI587578	exact	matched_exact
PI587579A	Y	Y	PI587579A	exact	matched_exact
PI587579B	Y	Y	PI587579B	exact	matched_exact
PI587579C	Y	Y	PI587579C	exact	matched_exact
PI587580A	Y	Y	PI587580A	exact	matched_exact
PI587580B	Y	Y	PI587580B	exact	matched_exact
PI587581	Y	Y	PI587581	exact	matched_exact
PI587582	Y	Y	PI587582	exact	matched_exact
PI587583A	Y	Y	PI587583A	exact	matched_exact
PI587583B	Y	Y	PI587583B	exact	matched_exact
PI587583C	Y	Y	PI587583C	exact	matched_exact
PI587583D	Y	Y	PI587583D	exact	matched_exact
PI587584	Y	Y	PI587584	exact	matched_exact
PI587585A	Y	Y	PI587585A	exact	matched_exact
PI587585B	Y	Y	PI587585B	exact	matched_exact
PI587585C	Y	Y	PI587585C	exact	matched_exact
PI587585D	Y	Y	PI587585D	exact	matched_exact
PI587586	Y	Y	PI587586	exact	matched_exact
PI587587A	Y	Y	PI587587A	exact	matched_exact
PI587587B	Y	Y	PI587587B	exact	matched_exact
PI587588A	Y	Y	PI587588A	exact	matched_exact
PI587588B	Y	Y	PI587588B	exact	matched_exact
PI587589	Y	Y	PI587589	exact	matched_exact
PI587590	Y	Y	PI587590	exact	matched_exact
PI587591	Y	Y	PI587591	exact	matched_exact
PI587592A	Y	Y	PI587592A	exact	matched_exact
PI587592B	Y	Y	PI587592B	exact	matched_exact
PI587593	Y	Y	PI587593	exact	matched_exact
PI587594	Y	Y	PI587594	exact	matched_exact
PI587595A	Y	Y	PI587595A	exact	matched_exact
PI587595B	Y	Y	PI587595B	exact	matched_exact
PI587595C	Y	Y	PI587595C	exact	matched_exact
PI587596A	Y	Y	PI587596A	exact	matched_exact
PI587596B	Y	Y	PI587596B	exact	matched_exact
PI587596C	Y	Y	PI587596C	exact	matched_exact
PI587597A	Y	Y	PI587597A	exact	matched_exact
PI587597B	Y	Y	PI587597B	exact	matched_exact
PI587597C	Y	Y	PI587597C	exact	matched_exact
PI587598A	Y	Y	PI587598A	exact	matched_exact
PI587598B	Y	Y	PI587598B	exact	matched_exact
PI587599	Y	Y	PI587599	exact	matched_exact
PI587600A	Y	Y	PI587600A	exact	matched_exact
PI587600B	Y	Y	PI587600B	exact	matched_exact
PI587600C	Y	Y	PI587600C	exact	matched_exact
PI587601A	Y	Y	PI587601A	exact	matched_exact
PI587601B	Y	Y	PI587601B	exact	matched_exact
PI587601C	Y	Y	PI587601C	exact	matched_exact
PI587601D	Y	Y	PI587601D	exact	matched_exact
PI587601E	Y	Y	PI587601E	exact	matched_exact
PI587601F	Y	Y	PI587601F	exact	matched_exact
PI587602	Y	Y	PI587602	exact	matched_exact
PI587603A	Y	Y	PI587603A	exact	matched_exact
PI587603B	Y	Y	PI587603B	exact	matched_exact
PI587603C	Y	Y	PI587603C	exact	matched_exact
PI587603D	Y	Y	PI587603D	exact	matched_exact
PI587604A	Y	Y	PI587604A	exact	matched_exact
PI587604B	Y	Y	PI587604B	exact	matched_exact
PI587604C	Y	Y	PI587604C	exact	matched_exact
PI587604D	Y	Y	PI587604D	exact	matched_exact
PI587605	Y	Y	PI587605	exact	matched_exact
PI587606A	Y	Y	PI587606A	exact	matched_exact
PI587606B	Y	Y	PI587606B	exact	matched_exact
PI587606C	Y	Y	PI587606C	exact	matched_exact
PI587606D	Y	Y	PI587606D	exact	matched_exact
PI587606E	Y	Y	PI587606E	exact	matched_exact
PI587607A	Y	Y	PI587607A	exact	matched_exact
PI587607B	Y	Y	PI587607B	exact	matched_exact
PI587608A	Y	Y	PI587608A	exact	matched_exact
PI587608B	Y	Y	PI587608B	exact	matched_exact
PI587608C	Y	Y	PI587608C	exact	matched_exact
PI587609A	Y	Y	PI587609A	exact	matched_exact
PI587609B	Y	Y	PI587609B	exact	matched_exact
PI587610	Y	Y	PI587610	exact	matched_exact
PI587611	Y	Y	PI587611	exact	matched_exact
PI587612A	Y	Y	PI587612A	exact	matched_exact
PI587612B	Y	Y	PI587612B	exact	matched_exact
PI587612C	Y	Y	PI587612C	exact	matched_exact
PI587612D	Y	Y	PI587612D	exact	matched_exact
PI587612F	Y	Y	PI587612F	exact	matched_exact
PI587613	Y	Y	PI587613	exact	matched_exact
PI587614	Y	Y	PI587614	exact	matched_exact
PI587615	Y	Y	PI587615	exact	matched_exact
PI587616	Y	Y	PI587616	exact	matched_exact
PI587617	Y	Y	PI587617	exact	matched_exact
PI587618A	Y	Y	PI587618A	exact	matched_exact
PI587618B	Y	Y	PI587618B	exact	matched_exact
PI587618C	Y	Y	PI587618C	exact	matched_exact
PI587618D	Y	Y	PI587618D	exact	matched_exact
PI587619	Y	Y	PI587619	exact	matched_exact
PI587620A	Y	Y	PI587620A	exact	matched_exact
PI587620B	Y	Y	PI587620B	exact	matched_exact
PI587620C	Y	Y	PI587620C	exact	matched_exact
PI587620D	Y	Y	PI587620D	exact	matched_exact
PI587621	Y	Y	PI587621	exact	matched_exact
PI587622A	Y	Y	PI587622A	exact	matched_exact
PI587622B	Y	Y	PI587622B	exact	matched_exact
PI587623	Y	Y	PI587623	exact	matched_exact
PI587624	Y	Y	PI587624	exact	matched_exact
PI587625A	Y	Y	PI587625A	exact	matched_exact
PI587625B	Y	Y	PI587625B	exact	matched_exact
PI587626	Y	Y	PI587626	exact	matched_exact
PI587627A	Y	Y	PI587627A	exact	matched_exact
PI587627B	Y	Y	PI587627B	exact	matched_exact
PI587627C	Y	Y	PI587627C	exact	matched_exact
PI587628	Y	Y	PI587628	exact	matched_exact
PI587629	Y	Y	PI587629	exact	matched_exact
PI587630A	Y	Y	PI587630A	exact	matched_exact
PI587630B	Y	Y	PI587630B	exact	matched_exact
PI587630C	Y	Y	PI587630C	exact	matched_exact
PI587631A	Y	Y	PI587631A	exact	matched_exact
PI587631B	Y	Y	PI587631B	exact	matched_exact
PI587632A	Y	Y	PI587632A	exact	matched_exact
PI587632B	Y	Y	PI587632B	exact	matched_exact
PI587633A	Y	Y	PI587633A	exact	matched_exact
PI587633B	Y	Y	PI587633B	exact	matched_exact
PI587633C	Y	Y	PI587633C	exact	matched_exact
PI587633D	Y	Y	PI587633D	exact	matched_exact
PI587634A	Y	Y	PI587634A	exact	matched_exact
PI587634B	Y	Y	PI587634B	exact	matched_exact
PI587634C	Y	Y	PI587634C	exact	matched_exact
PI587635	Y	Y	PI587635	exact	matched_exact
PI587636	Y	Y	PI587636	exact	matched_exact
PI587637	Y	Y	PI587637	exact	matched_exact
PI587638	Y	Y	PI587638	exact	matched_exact
PI587639	Y	Y	PI587639	exact	matched_exact
PI587640	Y	Y	PI587640	exact	matched_exact
PI587641A	Y	Y	PI587641A	exact	matched_exact
PI587641B	Y	Y	PI587641B	exact	matched_exact
PI587641C	Y	Y	PI587641C	exact	matched_exact
PI587642A	Y	Y	PI587642A	exact	matched_exact
PI587642B	Y	Y	PI587642B	exact	matched_exact
PI587643A	Y	Y	PI587643A	exact	matched_exact
PI587643B	Y	Y	PI587643B	exact	matched_exact
PI587644	Y	Y	PI587644	exact	matched_exact
PI587645	Y	Y	PI587645	exact	matched_exact
PI587646	Y	Y	PI587646	exact	matched_exact
PI587647A	Y	Y	PI587647A	exact	matched_exact
PI587647B	Y	Y	PI587647B	exact	matched_exact
PI587648	Y	Y	PI587648	exact	matched_exact
PI587649	Y	Y	PI587649	exact	matched_exact
PI587650	Y	Y	PI587650	exact	matched_exact
PI587651	Y	Y	PI587651	exact	matched_exact
PI587652	Y	Y	PI587652	exact	matched_exact
PI587653	Y	Y	PI587653	exact	matched_exact
PI587654	Y	Y	PI587654	exact	matched_exact
PI587655	Y	Y	PI587655	exact	matched_exact
PI587656	Y	Y	PI587656	exact	matched_exact
PI587657	Y	Y	PI587657	exact	matched_exact
PI587658A	Y	Y	PI587658A	exact	matched_exact
PI587658B	Y	Y	PI587658B	exact	matched_exact
PI587658C	Y	Y	PI587658C	exact	matched_exact
PI587659A	Y	Y	PI587659A	exact	matched_exact
PI587659B	Y	Y	PI587659B	exact	matched_exact
PI587660A	Y	Y	PI587660A	exact	matched_exact
PI587660B	Y	Y	PI587660B	exact	matched_exact
PI587661A	Y	Y	PI587661A	exact	matched_exact
PI587661B	Y	Y	PI587661B	exact	matched_exact
PI587662A	Y	Y	PI587662A	exact	matched_exact
PI587662B	Y	Y	PI587662B	exact	matched_exact
PI587663	Y	Y	PI587663	exact	matched_exact
PI587664A	Y	Y	PI587664A	exact	matched_exact
PI587664B	Y	Y	PI587664B	exact	matched_exact
PI587665	Y	Y	PI587665	exact	matched_exact
PI587666	Y	Y	PI587666	exact	matched_exact
PI587667	Y	Y	PI587667	exact	matched_exact
PI587668A	Y	Y	PI587668A	exact	matched_exact
PI587668B	Y	Y	PI587668B	exact	matched_exact
PI587668C	Y	Y	PI587668C	exact	matched_exact
PI587669	Y	Y	PI587669	exact	matched_exact
PI587670A	Y	Y	PI587670A	exact	matched_exact
PI587670B	Y	Y	PI587670B	exact	matched_exact
PI587671	Y	Y	PI587671	exact	matched_exact
PI587672	Y	Y	PI587672	exact	matched_exact
PI587673	Y	Y	PI587673	exact	matched_exact
PI587674A	Y	Y	PI587674A	exact	matched_exact
PI587674B	Y	Y	PI587674B	exact	matched_exact
PI587675	Y	Y	PI587675	exact	matched_exact
PI587676	Y	Y	PI587676	exact	matched_exact
PI587677	Y	Y	PI587677	exact	matched_exact
PI587678	Y	Y	PI587678	exact	matched_exact
PI587679	Y	Y	PI587679	exact	matched_exact
PI587680	Y	Y	PI587680	exact	matched_exact
PI587681	Y	Y	PI587681	exact	matched_exact
PI587682A	Y	Y	PI587682A	exact	matched_exact
PI587682B	Y	Y	PI587682B	exact	matched_exact
PI587682C	Y	Y	PI587682C	exact	matched_exact
PI587683	Y	Y	PI587683	exact	matched_exact
PI587684A	Y	Y	PI587684A	exact	matched_exact
PI587684B	Y	Y	PI587684B	exact	matched_exact
PI587685	Y	Y	PI587685	exact	matched_exact
PI587686A	Y	Y	PI587686A	exact	matched_exact
PI587686B	Y	Y	PI587686B	exact	matched_exact
PI587687A	Y	Y	PI587687A	exact	matched_exact
PI587687B	Y	Y	PI587687B	exact	matched_exact
PI587687C	Y	Y	PI587687C	exact	matched_exact
PI587687D	Y	Y	PI587687D	exact	matched_exact
PI587687E	Y	Y	PI587687E	exact	matched_exact
PI587688	Y	Y	PI587688	exact	matched_exact
PI587689	Y	Y	PI587689	exact	matched_exact
PI587690	Y	Y	PI587690	exact	matched_exact
PI587691	Y	Y	PI587691	exact	matched_exact
PI587692A	Y	Y	PI587692A	exact	matched_exact
PI587692B	Y	Y	PI587692B	exact	matched_exact
PI587693	Y	Y	PI587693	exact	matched_exact
PI587694	Y	Y	PI587694	exact	matched_exact
PI587695	Y	Y	PI587695	exact	matched_exact
PI587696	Y	Y	PI587696	exact	matched_exact
PI587697	Y	Y	PI587697	exact	matched_exact
PI587698A	Y	Y	PI587698A	exact	matched_exact
PI587698B	Y	Y	PI587698B	exact	matched_exact
PI587698C	Y	Y	PI587698C	exact	matched_exact
PI587699	Y	Y	PI587699	exact	matched_exact
PI587700A	Y	Y	PI587700A	exact	matched_exact
PI587700B	Y	Y	PI587700B	exact	matched_exact
PI587700C	Y	Y	PI587700C	exact	matched_exact
PI587700D	Y	Y	PI587700D	exact	matched_exact
PI587701	Y	Y	PI587701	exact	matched_exact
PI587702	Y	Y	PI587702	exact	matched_exact
PI587703A	Y	Y	PI587703A	exact	matched_exact
PI587703B	Y	Y	PI587703B	exact	matched_exact
PI587704	Y	Y	PI587704	exact	matched_exact
PI587705A	Y	Y	PI587705A	exact	matched_exact
PI587705B	Y	Y	PI587705B	exact	matched_exact
PI587706	Y	Y	PI587706	exact	matched_exact
PI587707	Y	Y	PI587707	exact	matched_exact
PI587708	Y	Y	PI587708	exact	matched_exact
PI587709A	Y	Y	PI587709A	exact	matched_exact
PI587709B	Y	Y	PI587709B	exact	matched_exact
PI587710	Y	Y	PI587710	exact	matched_exact
PI587711	Y	Y	PI587711	exact	matched_exact
PI587712A	Y	Y	PI587712A	exact	matched_exact
PI587712B	Y	Y	PI587712B	exact	matched_exact
PI587713	Y	Y	PI587713	exact	matched_exact
PI587714A	Y	Y	PI587714A	exact	matched_exact
PI587714B	Y	Y	PI587714B	exact	matched_exact
PI587715	Y	Y	PI587715	exact	matched_exact
PI587716A	Y	Y	PI587716A	exact	matched_exact
PI587716B	Y	Y	PI587716B	exact	matched_exact
PI587716C	Y	Y	PI587716C	exact	matched_exact
PI587717	Y	Y	PI587717	exact	matched_exact
PI587718	Y	Y	PI587718	exact	matched_exact
PI587719A	Y	Y	PI587719A	exact	matched_exact
PI587719B	Y	Y	PI587719B	exact	matched_exact
PI587719C	Y	Y	PI587719C	exact	matched_exact
PI587720	Y	Y	PI587720	exact	matched_exact
PI587721A	Y	Y	PI587721A	exact	matched_exact
PI587721B	Y	Y	PI587721B	exact	matched_exact
PI587721C	Y	Y	PI587721C	exact	matched_exact
PI587722	Y	Y	PI587722	exact	matched_exact
PI587723A	Y	Y	PI587723A	exact	matched_exact
PI587723B	Y	Y	PI587723B	exact	matched_exact
PI587724	Y	Y	PI587724	exact	matched_exact
PI587725A	Y	Y	PI587725A	exact	matched_exact
PI587725B	Y	Y	PI587725B	exact	matched_exact
PI587725C	Y	Y	PI587725C	exact	matched_exact
PI587726A	Y	Y	PI587726A	exact	matched_exact
PI587726B	Y	Y	PI587726B	exact	matched_exact
PI587727	Y	Y	PI587727	exact	matched_exact
PI587728	Y	Y	PI587728	exact	matched_exact
PI587729	Y	Y	PI587729	exact	matched_exact
PI587730A	Y	Y	PI587730A	exact	matched_exact
PI587730B	Y	Y	PI587730B	exact	matched_exact
PI587730C	Y	Y	PI587730C	exact	matched_exact
PI587731	Y	Y	PI587731	exact	matched_exact
PI587732	Y	Y	PI587732	exact	matched_exact
PI587733	Y	Y	PI587733	exact	matched_exact
PI587734	Y	Y	PI587734	exact	matched_exact
PI587735	Y	Y	PI587735	exact	matched_exact
PI587736A	Y	Y	PI587736A	exact	matched_exact
PI587736B	Y	Y	PI587736B	exact	matched_exact
PI587737	Y	Y	PI587737	exact	matched_exact
PI587738	Y	Y	PI587738	exact	matched_exact
PI587739A	Y	Y	PI587739A	exact	matched_exact
PI587739B	Y	Y	PI587739B	exact	matched_exact
PI587740	Y	Y	PI587740	exact	matched_exact
PI587741	Y	Y	PI587741	exact	matched_exact
PI587742A	Y	Y	PI587742A	exact	matched_exact
PI587742B	Y	Y	PI587742B	exact	matched_exact
PI587742C	Y	Y	PI587742C	exact	matched_exact
PI587743	Y	Y	PI587743	exact	matched_exact
PI587744	Y	Y	PI587744	exact	matched_exact
PI587745	Y	Y	PI587745	exact	matched_exact
PI587746	Y	Y	PI587746	exact	matched_exact
PI587747	Y	Y	PI587747	exact	matched_exact
PI587748	Y	Y	PI587748	exact	matched_exact
PI587749	Y	Y	PI587749	exact	matched_exact
PI587750	Y	Y	PI587750	exact	matched_exact
PI587751	Y	Y	PI587751	exact	matched_exact
PI587752	Y	Y	PI587752	exact	matched_exact
PI587753A	Y	Y	PI587753A	exact	matched_exact
PI587753B	Y	Y	PI587753B	exact	matched_exact
PI587754	Y	Y	PI587754	exact	matched_exact
PI587755	Y	Y	PI587755	exact	matched_exact
PI587756	Y	Y	PI587756	exact	matched_exact
PI587757A	Y	Y	PI587757A	exact	matched_exact
PI587757B	Y	Y	PI587757B	exact	matched_exact
PI587758	Y	Y	PI587758	exact	matched_exact
PI587759	Y	Y	PI587759	exact	matched_exact
PI587760	Y	Y	PI587760	exact	matched_exact
PI587761	Y	Y	PI587761	exact	matched_exact
PI587762	Y	Y	PI587762	exact	matched_exact
PI587763	Y	Y	PI587763	exact	matched_exact
PI587764	Y	Y	PI587764	exact	matched_exact
PI587765	Y	Y	PI587765	exact	matched_exact
PI587766	Y	Y	PI587766	exact	matched_exact
PI587767A	Y	Y	PI587767A	exact	matched_exact
PI587767B	Y	Y	PI587767B	exact	matched_exact
PI587768	Y	Y	PI587768	exact	matched_exact
PI587769	Y	Y	PI587769	exact	matched_exact
PI587770	Y	Y	PI587770	exact	matched_exact
PI587771	Y	Y	PI587771	exact	matched_exact
PI587772	Y	Y	PI587772	exact	matched_exact
PI587773	Y	Y	PI587773	exact	matched_exact
PI587774	Y	Y	PI587774	exact	matched_exact
PI587775	Y	Y	PI587775	exact	matched_exact
PI587776	Y	Y	PI587776	exact	matched_exact
PI587777	Y	Y	PI587777	exact	matched_exact
PI587778	Y	Y	PI587778	exact	matched_exact
PI587779	Y	Y	PI587779	exact	matched_exact
PI587780	Y	Y	PI587780	exact	matched_exact
PI587781	Y	Y	PI587781	exact	matched_exact
PI587782	Y	Y	PI587782	exact	matched_exact
PI587783	Y	Y	PI587783	exact	matched_exact
PI587784	Y	Y	PI587784	exact	matched_exact
PI587785	Y	Y	PI587785	exact	matched_exact
PI587786	Y	Y	PI587786	exact	matched_exact
PI587787	Y	Y	PI587787	exact	matched_exact
PI587788A	Y	Y	PI587788A	exact	matched_exact
PI587788B	Y	Y	PI587788B	exact	matched_exact
PI587788C	Y	Y	PI587788C	exact	matched_exact
PI587789	Y	Y	PI587789	exact	matched_exact
PI587790A	Y	Y	PI587790A	exact	matched_exact
PI587790B	Y	Y	PI587790B	exact	matched_exact
PI587791	Y	Y	PI587791	exact	matched_exact
PI587792	Y	Y	PI587792	exact	matched_exact
PI587793	Y	Y	PI587793	exact	matched_exact
PI587794	Y	Y	PI587794	exact	matched_exact
PI587795	Y	Y	PI587795	exact	matched_exact
PI587796	Y	Y	PI587796	exact	matched_exact
PI587797	Y	Y	PI587797	exact	matched_exact
PI587798	Y	Y	PI587798	exact	matched_exact
PI587799	Y	Y	PI587799	exact	matched_exact
PI587800	Y	Y	PI587800	exact	matched_exact
PI587801	Y	Y	PI587801	exact	matched_exact
PI587802	Y	Y	PI587802	exact	matched_exact
PI587803	Y	Y	PI587803	exact	matched_exact
PI587804	Y	Y	PI587804	exact	matched_exact
PI587805	Y	Y	PI587805	exact	matched_exact
PI587806A	Y	Y	PI587806A	exact	matched_exact
PI587806B	Y	Y	PI587806B	exact	matched_exact
PI587807	Y	Y	PI587807	exact	matched_exact
PI587808A	Y	Y	PI587808A	exact	matched_exact
PI587808B	Y	Y	PI587808B	exact	matched_exact
PI587809A	Y	Y	PI587809A	exact	matched_exact
PI587809B	Y	Y	PI587809B	exact	matched_exact
PI587810	Y	Y	PI587810	exact	matched_exact
PI587811A	Y	Y	PI587811A	exact	matched_exact
PI587811B	Y	Y	PI587811B	exact	matched_exact
PI587812A	Y	Y	PI587812A	exact	matched_exact
PI587812B	Y	Y	PI587812B	exact	matched_exact
PI587813	Y	Y	PI587813	exact	matched_exact
PI587814A	Y	Y	PI587814A	exact	matched_exact
PI587814B	Y	Y	PI587814B	exact	matched_exact
PI587814C	Y	Y	PI587814C	exact	matched_exact
PI587814D	Y	Y	PI587814D	exact	matched_exact
PI587814E	Y	Y	PI587814E	exact	matched_exact
PI587814F	Y	Y	PI587814F	exact	matched_exact
PI587814G	Y	Y	PI587814G	exact	matched_exact
PI587815A	Y	Y	PI587815A	exact	matched_exact
PI587815B	Y	Y	PI587815B	exact	matched_exact
PI587815C	Y	Y	PI587815C	exact	matched_exact
PI587816	Y	Y	PI587816	exact	matched_exact
PI587817	Y	Y	PI587817	exact	matched_exact
PI587818	Y	Y	PI587818	exact	matched_exact
PI587819	Y	Y	PI587819	exact	matched_exact
PI587820A	Y	Y	PI587820A	exact	matched_exact
PI587820B	Y	Y	PI587820B	exact	matched_exact
PI587821A	Y	Y	PI587821A	exact	matched_exact
PI587821B	Y	Y	PI587821B	exact	matched_exact
PI587822A	Y	Y	PI587822A	exact	matched_exact
PI587822B	Y	Y	PI587822B	exact	matched_exact
PI587823	Y	Y	PI587823	exact	matched_exact
PI587824	Y	Y	PI587824	exact	matched_exact
PI587825A	Y	Y	PI587825A	exact	matched_exact
PI587825B	Y	Y	PI587825B	exact	matched_exact
PI587826	Y	Y	PI587826	exact	matched_exact
PI587827	Y	Y	PI587827	exact	matched_exact
PI587828	Y	Y	PI587828	exact	matched_exact
PI587829	Y	Y	PI587829	exact	matched_exact
PI587830A	Y	Y	PI587830A	exact	matched_exact
PI587830B	Y	Y	PI587830B	exact	matched_exact
PI587831	Y	Y	PI587831	exact	matched_exact
PI587832	Y	Y	PI587832	exact	matched_exact
PI587833	Y	Y	PI587833	exact	matched_exact
PI587834	Y	Y	PI587834	exact	matched_exact
PI587835	Y	Y	PI587835	exact	matched_exact
PI587836	Y	Y	PI587836	exact	matched_exact
PI587837	Y	Y	PI587837	exact	matched_exact
PI587838	Y	Y	PI587838	exact	matched_exact
PI587839A	Y	Y	PI587839A	exact	matched_exact
PI587839B	Y	Y	PI587839B	exact	matched_exact
PI587839C	Y	Y	PI587839C	exact	matched_exact
PI587840	Y	Y	PI587840	exact	matched_exact
PI587841A	Y	Y	PI587841A	exact	matched_exact
PI587841B	Y	Y	PI587841B	exact	matched_exact
PI587842	Y	Y	PI587842	exact	matched_exact
PI587843	Y	Y	PI587843	exact	matched_exact
PI587844A	Y	Y	PI587844A	exact	matched_exact
PI587844B	Y	Y	PI587844B	exact	matched_exact
PI587844C	Y	Y	PI587844C	exact	matched_exact
PI587845	Y	Y	PI587845	exact	matched_exact
PI587846A	Y	Y	PI587846A	exact	matched_exact
PI587846B	Y	Y	PI587846B	exact	matched_exact
PI587847	Y	Y	PI587847	exact	matched_exact
PI587848	Y	Y	PI587848	exact	matched_exact
PI587849	Y	Y	PI587849	exact	matched_exact
PI587850	Y	Y	PI587850	exact	matched_exact
PI587851A	Y	Y	PI587851A	exact	matched_exact
PI587851B	Y	Y	PI587851B	exact	matched_exact
PI587851C	Y	Y	PI587851C	exact	matched_exact
PI587852	Y	Y	PI587852	exact	matched_exact
PI587853	Y	Y	PI587853	exact	matched_exact
PI587854A	Y	Y	PI587854A	exact	matched_exact
PI587854B	Y	Y	PI587854B	exact	matched_exact
PI587855	Y	Y	PI587855	exact	matched_exact
PI587856A	Y	Y	PI587856A	exact	matched_exact
PI587856B	Y	Y	PI587856B	exact	matched_exact
PI587857	Y	Y	PI587857	exact	matched_exact
PI587858	Y	Y	PI587858	exact	matched_exact
PI587859	Y	Y	PI587859	exact	matched_exact
PI587860	Y	Y	PI587860	exact	matched_exact
PI587861	Y	Y	PI587861	exact	matched_exact
PI587862A	Y	Y	PI587862A	exact	matched_exact
PI587862B	Y	Y	PI587862B	exact	matched_exact
PI587862C	Y	Y	PI587862C	exact	matched_exact
PI587862D	Y	Y	PI587862D	exact	matched_exact
PI587863A	Y	Y	PI587863A	exact	matched_exact
PI587863B	Y	Y	PI587863B	exact	matched_exact
PI587864A	Y	Y	PI587864A	exact	matched_exact
PI587864B	Y	Y	PI587864B	exact	matched_exact
PI587865	Y	Y	PI587865	exact	matched_exact
PI587866	Y	Y	PI587866	exact	matched_exact
PI587867	Y	Y	PI587867	exact	matched_exact
PI587868	Y	Y	PI587868	exact	matched_exact
PI587869	Y	Y	PI587869	exact	matched_exact
PI587870	Y	Y	PI587870	exact	matched_exact
PI587871	Y	Y	PI587871	exact	matched_exact
PI587872	Y	Y	PI587872	exact	matched_exact
PI587873	Y	Y	PI587873	exact	matched_exact
PI587874	Y	Y	PI587874	exact	matched_exact
PI587875	Y	Y	PI587875	exact	matched_exact
PI587876	Y	Y	PI587876	exact	matched_exact
PI587877A	Y	Y	PI587877A	exact	matched_exact
PI587877B	Y	Y	PI587877B	exact	matched_exact
PI587878	Y	Y	PI587878	exact	matched_exact
PI587879	Y	Y	PI587879	exact	matched_exact
PI587880A	Y	Y	PI587880A	exact	matched_exact
PI587880B	Y	Y	PI587880B	exact	matched_exact
PI587881	Y	Y	PI587881	exact	matched_exact
PI587882	Y	Y	PI587882	exact	matched_exact
PI587883A	Y	Y	PI587883A	exact	matched_exact
PI587883B	Y	Y	PI587883B	exact	matched_exact
PI587884	Y	Y	PI587884	exact	matched_exact
PI587885	N	Y		none	phenotype_only
PI587886	Y	Y	PI587886	exact	matched_exact
PI587887A	Y	Y	PI587887A	exact	matched_exact
PI587887B	Y	Y	PI587887B	exact	matched_exact
PI587887C	Y	Y	PI587887C	exact	matched_exact
PI587888	Y	Y	PI587888	exact	matched_exact
PI587889	Y	Y	PI587889	exact	matched_exact
PI587890A	Y	Y	PI587890A	exact	matched_exact
PI587890B	Y	Y	PI587890B	exact	matched_exact
PI587891A	Y	Y	PI587891A	exact	matched_exact
PI587891B	Y	Y	PI587891B	exact	matched_exact
PI587892A	Y	Y	PI587892A	exact	matched_exact
PI587892B	Y	Y	PI587892B	exact	matched_exact
PI587892C	Y	Y	PI587892C	exact	matched_exact
PI587893	Y	Y	PI587893	exact	matched_exact
PI587894	Y	Y	PI587894	exact	matched_exact
PI587895	Y	Y	PI587895	exact	matched_exact
PI587896	Y	Y	PI587896	exact	matched_exact
PI587897	Y	Y	PI587897	exact	matched_exact
PI587898	Y	Y	PI587898	exact	matched_exact
PI587899	Y	Y	PI587899	exact	matched_exact
PI587900A	Y	Y	PI587900A	exact	matched_exact
PI587900B	Y	Y	PI587900B	exact	matched_exact
PI587900C	Y	Y	PI587900C	exact	matched_exact
PI587900D	Y	Y	PI587900D	exact	matched_exact
PI587901	Y	Y	PI587901	exact	matched_exact
PI587902A	Y	Y	PI587902A	exact	matched_exact
PI587902B	Y	Y	PI587902B	exact	matched_exact
PI587903A	Y	Y	PI587903A	exact	matched_exact
PI587903B	Y	Y	PI587903B	exact	matched_exact
PI587904	Y	Y	PI587904	exact	matched_exact
PI587905	Y	Y	PI587905	exact	matched_exact
PI587906	Y	Y	PI587906	exact	matched_exact
PI587907	Y	Y	PI587907	exact	matched_exact
PI587908	Y	Y	PI587908	exact	matched_exact
PI587909	Y	Y	PI587909	exact	matched_exact
PI587910	Y	Y	PI587910	exact	matched_exact
PI587911A	Y	Y	PI587911A	exact	matched_exact
PI587911B	Y	Y	PI587911B	exact	matched_exact
PI587911C	Y	Y	PI587911C	exact	matched_exact
PI587912	Y	Y	PI587912	exact	matched_exact
PI587913A	Y	Y	PI587913A	exact	matched_exact
PI587913B	Y	Y	PI587913B	exact	matched_exact
PI587914A	Y	Y	PI587914A	exact	matched_exact
PI587914B	Y	Y	PI587914B	exact	matched_exact
PI587915A	Y	Y	PI587915A	exact	matched_exact
PI587915B	Y	Y	PI587915B	exact	matched_exact
PI587915C	Y	Y	PI587915C	exact	matched_exact
PI587915D	Y	Y	PI587915D	exact	matched_exact
PI587916A	Y	Y	PI587916A	exact	matched_exact
PI587916B	Y	Y	PI587916B	exact	matched_exact
PI587916C	Y	Y	PI587916C	exact	matched_exact
PI587916D	Y	Y	PI587916D	exact	matched_exact
PI587917	Y	Y	PI587917	exact	matched_exact
PI587918	Y	Y	PI587918	exact	matched_exact
PI587919	Y	Y	PI587919	exact	matched_exact
PI587920	Y	Y	PI587920	exact	matched_exact
PI587921	Y	Y	PI587921	exact	matched_exact
PI587922A	Y	Y	PI587922A	exact	matched_exact
PI587922B	Y	Y	PI587922B	exact	matched_exact
PI587924	Y	Y	PI587924	exact	matched_exact
PI587925	Y	Y	PI587925	exact	matched_exact
PI587926	Y	Y	PI587926	exact	matched_exact
PI587927	Y	Y	PI587927	exact	matched_exact
PI587928	Y	Y	PI587928	exact	matched_exact
PI587929	Y	Y	PI587929	exact	matched_exact
PI587930	Y	Y	PI587930	exact	matched_exact
PI587931	Y	Y	PI587931	exact	matched_exact
PI587932	Y	Y	PI587932	exact	matched_exact
PI587933	Y	Y	PI587933	exact	matched_exact
PI587934	Y	Y	PI587934	exact	matched_exact
PI587935A	Y	Y	PI587935A	exact	matched_exact
PI587935B	Y	Y	PI587935B	exact	matched_exact
PI587936	Y	Y	PI587936	exact	matched_exact
PI587937	Y	Y	PI587937	exact	matched_exact
PI587938	Y	Y	PI587938	exact	matched_exact
PI587939	Y	Y	PI587939	exact	matched_exact
PI587940	Y	Y	PI587940	exact	matched_exact
PI587941	Y	Y	PI587941	exact	matched_exact
PI587942	Y	Y	PI587942	exact	matched_exact
PI587943	Y	Y	PI587943	exact	matched_exact
PI587944	Y	Y	PI587944	exact	matched_exact
PI587945	Y	Y	PI587945	exact	matched_exact
PI587946	Y	N		none	vcf_only
PI587946A	Y	Y	PI587946A	exact	matched_exact
PI587946B	Y	Y	PI587946B	exact	matched_exact
PI587947	Y	Y	PI587947	exact	matched_exact
PI587948	Y	Y	PI587948	exact	matched_exact
PI587949	Y	Y	PI587949	exact	matched_exact
PI587950	Y	Y	PI587950	exact	matched_exact
PI587951A	Y	Y	PI587951A	exact	matched_exact
PI587951B	Y	Y	PI587951B	exact	matched_exact
PI587952	Y	Y	PI587952	exact	matched_exact
PI587953	Y	Y	PI587953	exact	matched_exact
PI587954	Y	Y	PI587954	exact	matched_exact
PI587955	Y	Y	PI587955	exact	matched_exact
PI587956	Y	Y	PI587956	exact	matched_exact
PI587957	Y	Y	PI587957	exact	matched_exact
PI587958	Y	Y	PI587958	exact	matched_exact
PI587959	Y	Y	PI587959	exact	matched_exact
PI587960	Y	Y	PI587960	exact	matched_exact
PI587961	Y	Y	PI587961	exact	matched_exact
PI587962	Y	Y	PI587962	exact	matched_exact
PI587963	Y	Y	PI587963	exact	matched_exact
PI587964	Y	Y	PI587964	exact	matched_exact
PI587965	Y	Y	PI587965	exact	matched_exact
PI587966A	Y	Y	PI587966A	exact	matched_exact
PI587966B	Y	Y	PI587966B	exact	matched_exact
PI587966C	Y	Y	PI587966C	exact	matched_exact
PI587966D	Y	Y	PI587966D	exact	matched_exact
PI587967	Y	Y	PI587967	exact	matched_exact
PI587968A	Y	Y	PI587968A	exact	matched_exact
PI587968B	Y	Y	PI587968B	exact	matched_exact
PI587968C	Y	Y	PI587968C	exact	matched_exact
PI587969	Y	Y	PI587969	exact	matched_exact
PI587970A	Y	Y	PI587970A	exact	matched_exact
PI587970B	Y	Y	PI587970B	exact	matched_exact
PI587971	Y	Y	PI587971	exact	matched_exact
PI587972	Y	Y	PI587972	exact	matched_exact
PI587973A	Y	Y	PI587973A	exact	matched_exact
PI587973B	Y	Y	PI587973B	exact	matched_exact
PI587974	Y	Y	PI587974	exact	matched_exact
PI587975	Y	Y	PI587975	exact	matched_exact
PI587976A	Y	Y	PI587976A	exact	matched_exact
PI587976B	Y	Y	PI587976B	exact	matched_exact
PI587976C	Y	Y	PI587976C	exact	matched_exact
PI587976D	Y	Y	PI587976D	exact	matched_exact
PI587977	Y	Y	PI587977	exact	matched_exact
PI587978A	Y	Y	PI587978A	exact	matched_exact
PI587978B	Y	Y	PI587978B	exact	matched_exact
PI587979A	Y	Y	PI587979A	exact	matched_exact
PI587979B	Y	Y	PI587979B	exact	matched_exact
PI587980A	Y	Y	PI587980A	exact	matched_exact
PI587980B	Y	Y	PI587980B	exact	matched_exact
PI587980C	Y	Y	PI587980C	exact	matched_exact
PI587981	Y	Y	PI587981	exact	matched_exact
PI587982A	Y	Y	PI587982A	exact	matched_exact
PI587982B	Y	Y	PI587982B	exact	matched_exact
PI587983A	Y	Y	PI587983A	exact	matched_exact
PI587983B	Y	Y	PI587983B	exact	matched_exact
PI587984A	Y	Y	PI587984A	exact	matched_exact
PI587984B	Y	Y	PI587984B	exact	matched_exact
PI587985A	Y	Y	PI587985A	exact	matched_exact
PI587985B	Y	Y	PI587985B	exact	matched_exact
PI587986A	Y	Y	PI587986A	exact	matched_exact
PI587986B	Y	Y	PI587986B	exact	matched_exact
PI587987A	Y	Y	PI587987A	exact	matched_exact
PI587987B	Y	Y	PI587987B	exact	matched_exact
PI587987C	Y	Y	PI587987C	exact	matched_exact
PI587988A	Y	Y	PI587988A	exact	matched_exact
PI587988B	Y	Y	PI587988B	exact	matched_exact
PI587989A	Y	Y	PI587989A	exact	matched_exact
PI587989B	Y	Y	PI587989B	exact	matched_exact
PI587990	Y	Y	PI587990	exact	matched_exact
PI587991	Y	Y	PI587991	exact	matched_exact
PI587992A	Y	Y	PI587992A	exact	matched_exact
PI587992B	Y	Y	PI587992B	exact	matched_exact
PI587992C	Y	Y	PI587992C	exact	matched_exact
PI587992D	Y	Y	PI587992D	exact	matched_exact
PI587992E	Y	Y	PI587992E	exact	matched_exact
PI587992F	Y	Y	PI587992F	exact	matched_exact
PI587992G	Y	Y	PI587992G	exact	matched_exact
PI587993	Y	Y	PI587993	exact	matched_exact
PI587994A	Y	Y	PI587994A	exact	matched_exact
PI587994B	Y	Y	PI587994B	exact	matched_exact
PI587995	Y	Y	PI587995	exact	matched_exact
PI587996A	Y	Y	PI587996A	exact	matched_exact
PI587996B	Y	Y	PI587996B	exact	matched_exact
PI587996C	Y	Y	PI587996C	exact	matched_exact
PI587996D	Y	Y	PI587996D	exact	matched_exact
PI587997A	Y	Y	PI587997A	exact	matched_exact
PI587997B	Y	Y	PI587997B	exact	matched_exact
PI587998A	Y	Y	PI587998A	exact	matched_exact
PI587998B	Y	Y	PI587998B	exact	matched_exact
PI587998C	Y	Y	PI587998C	exact	matched_exact
PI587998D	Y	Y	PI587998D	exact	matched_exact
PI587998E	Y	Y	PI587998E	exact	matched_exact
PI587998F	Y	Y	PI587998F	exact	matched_exact
PI587998G	Y	Y	PI587998G	exact	matched_exact
PI587998H	Y	Y	PI587998H	exact	matched_exact
PI587999A	Y	Y	PI587999A	exact	matched_exact
PI587999B	Y	Y	PI587999B	exact	matched_exact
PI587999C	Y	Y	PI587999C	exact	matched_exact
PI587999D	Y	Y	PI587999D	exact	matched_exact
PI588000	Y	Y	PI588000	exact	matched_exact
PI588001	Y	Y	PI588001	exact	matched_exact
PI588002	Y	Y	PI588002	exact	matched_exact
PI588003	Y	Y	PI588003	exact	matched_exact
PI588004	Y	Y	PI588004	exact	matched_exact
PI588005A	Y	Y	PI588005A	exact	matched_exact
PI588005B	Y	Y	PI588005B	exact	matched_exact
PI588005C	Y	Y	PI588005C	exact	matched_exact
PI588006A	Y	Y	PI588006A	exact	matched_exact
PI588006B	Y	Y	PI588006B	exact	matched_exact
PI588007A	Y	Y	PI588007A	exact	matched_exact
PI588007B	Y	Y	PI588007B	exact	matched_exact
PI588008A	Y	Y	PI588008A	exact	matched_exact
PI588008B	Y	Y	PI588008B	exact	matched_exact
PI588008C	Y	Y	PI588008C	exact	matched_exact
PI588008D	Y	Y	PI588008D	exact	matched_exact
PI588009	Y	Y	PI588009	exact	matched_exact
PI588010A	Y	Y	PI588010A	exact	matched_exact
PI588010B	Y	Y	PI588010B	exact	matched_exact
PI588011A	Y	Y	PI588011A	exact	matched_exact
PI588011B	Y	Y	PI588011B	exact	matched_exact
PI588011C	Y	Y	PI588011C	exact	matched_exact
PI588011D	Y	Y	PI588011D	exact	matched_exact
PI588011E	Y	Y	PI588011E	exact	matched_exact
PI588012	Y	Y	PI588012	exact	matched_exact
PI588013	Y	Y	PI588013	exact	matched_exact
PI588014A	Y	Y	PI588014A	exact	matched_exact
PI588014B	Y	Y	PI588014B	exact	matched_exact
PI588014C	Y	Y	PI588014C	exact	matched_exact
PI588014D	Y	Y	PI588014D	exact	matched_exact
PI588015A	Y	Y	PI588015A	exact	matched_exact
PI588015B	Y	Y	PI588015B	exact	matched_exact
PI588015C	Y	Y	PI588015C	exact	matched_exact
PI588015D	Y	Y	PI588015D	exact	matched_exact
PI588016	Y	Y	PI588016	exact	matched_exact
PI588017A	Y	Y	PI588017A	exact	matched_exact
PI588017B	Y	Y	PI588017B	exact	matched_exact
PI588017C	Y	Y	PI588017C	exact	matched_exact
PI588018	Y	Y	PI588018	exact	matched_exact
PI588019A	Y	Y	PI588019A	exact	matched_exact
PI588019B	Y	Y	PI588019B	exact	matched_exact
PI588019C	Y	Y	PI588019C	exact	matched_exact
PI588020	Y	Y	PI588020	exact	matched_exact
PI588021A	Y	Y	PI588021A	exact	matched_exact
PI588021B	Y	Y	PI588021B	exact	matched_exact
PI588022A	Y	Y	PI588022A	exact	matched_exact
PI588022B	Y	Y	PI588022B	exact	matched_exact
PI588023A	Y	Y	PI588023A	exact	matched_exact
PI588023B	Y	Y	PI588023B	exact	matched_exact
PI588024A	Y	Y	PI588024A	exact	matched_exact
PI588024B	Y	Y	PI588024B	exact	matched_exact
PI588025	Y	Y	PI588025	exact	matched_exact
PI588026A	Y	Y	PI588026A	exact	matched_exact
PI588026B	Y	Y	PI588026B	exact	matched_exact
PI588026C	Y	Y	PI588026C	exact	matched_exact
PI588027A	Y	Y	PI588027A	exact	matched_exact
PI588027B	Y	Y	PI588027B	exact	matched_exact
PI588027C	Y	Y	PI588027C	exact	matched_exact
PI588027D	Y	Y	PI588027D	exact	matched_exact
PI588028	Y	Y	PI588028	exact	matched_exact
PI588029	Y	Y	PI588029	exact	matched_exact
PI588030	Y	Y	PI588030	exact	matched_exact
PI588031	Y	Y	PI588031	exact	matched_exact
PI588032A	Y	Y	PI588032A	exact	matched_exact
PI588032B	Y	Y	PI588032B	exact	matched_exact
PI588032C	Y	Y	PI588032C	exact	matched_exact
PI588032D	Y	Y	PI588032D	exact	matched_exact
PI588033A	Y	Y	PI588033A	exact	matched_exact
PI588033B	Y	Y	PI588033B	exact	matched_exact
PI588033C	Y	Y	PI588033C	exact	matched_exact
PI588033D	Y	Y	PI588033D	exact	matched_exact
PI588034	Y	Y	PI588034	exact	matched_exact
PI588035	Y	Y	PI588035	exact	matched_exact
PI588036	Y	Y	PI588036	exact	matched_exact
PI588037	Y	Y	PI588037	exact	matched_exact
PI588038	Y	Y	PI588038	exact	matched_exact
PI588039	Y	Y	PI588039	exact	matched_exact
PI588040	Y	Y	PI588040	exact	matched_exact
PI588041	Y	Y	PI588041	exact	matched_exact
PI588042	Y	Y	PI588042	exact	matched_exact
PI588043	Y	Y	PI588043	exact	matched_exact
PI588044	Y	Y	PI588044	exact	matched_exact
PI588045	Y	Y	PI588045	exact	matched_exact
PI588046	Y	Y	PI588046	exact	matched_exact
PI588047	Y	Y	PI588047	exact	matched_exact
PI588048	Y	Y	PI588048	exact	matched_exact
PI588049	Y	Y	PI588049	exact	matched_exact
PI588050A	Y	Y	PI588050A	exact	matched_exact
PI588050B	Y	Y	PI588050B	exact	matched_exact
PI588051	Y	Y	PI588051	exact	matched_exact
PI588052A	Y	Y	PI588052A	exact	matched_exact
PI588052B	Y	Y	PI588052B	exact	matched_exact
PI588052C	Y	Y	PI588052C	exact	matched_exact
PI588053A	Y	Y	PI588053A	exact	matched_exact
PI588053B	Y	Y	PI588053B	exact	matched_exact
PI58955	Y	N	PI058955	zero_pad_candidate	ambiguous
PI590233	N	Y		none	phenotype_only
PI590234	N	Y		none	phenotype_only
PI590236	N	Y		none	phenotype_only
PI590237	N	Y		none	phenotype_only
PI590238	N	Y		none	phenotype_only
PI590239	N	Y		none	phenotype_only
PI590256	N	Y		none	phenotype_only
PI590517	N	Y		none	phenotype_only
PI590518	N	Y		none	phenotype_only
PI590520	N	Y		none	phenotype_only
PI590521	N	Y		none	phenotype_only
PI590523	N	Y		none	phenotype_only
PI590532	N	Y		none	phenotype_only
PI590533	N	Y		none	phenotype_only
PI590535	N	Y		none	phenotype_only
PI590536	N	Y		none	phenotype_only
PI590579	Y	Y	PI590579	exact	matched_exact
PI590931	Y	Y	PI590931	exact	matched_exact
PI590932	Y	Y	PI590932	exact	matched_exact
PI591429	Y	Y	PI591429	exact	matched_exact
PI591430	Y	Y	PI591430	exact	matched_exact
PI591431	Y	Y	PI591431	exact	matched_exact
PI591432	Y	Y	PI591432	exact	matched_exact
PI591433	Y	Y	PI591433	exact	matched_exact
PI591434	Y	Y	PI591434	exact	matched_exact
PI591435	Y	Y	PI591435	exact	matched_exact
PI591481	N	Y		none	phenotype_only
PI591484	Y	Y	PI591484	exact	matched_exact
PI591485	Y	Y	PI591485	exact	matched_exact
PI591486	Y	Y	PI591486	exact	matched_exact
PI591487	Y	Y	PI591487	exact	matched_exact
PI591488	Y	Y	PI591488	exact	matched_exact
PI591490	Y	Y	PI591490	exact	matched_exact
PI591491	Y	Y	PI591491	exact	matched_exact
PI591492	Y	Y	PI591492	exact	matched_exact
PI591493	Y	Y	PI591493	exact	matched_exact
PI591494	Y	Y	PI591494	exact	matched_exact
PI591495	Y	Y	PI591495	exact	matched_exact
PI591496	Y	Y	PI591496	exact	matched_exact
PI591497	Y	Y	PI591497	exact	matched_exact
PI591498	Y	Y	PI591498	exact	matched_exact
PI591499	Y	Y	PI591499	exact	matched_exact
PI591500	Y	Y	PI591500	exact	matched_exact
PI591501	Y	Y	PI591501	exact	matched_exact
PI591502	Y	Y	PI591502	exact	matched_exact
PI591503	Y	Y	PI591503	exact	matched_exact
PI591504	Y	Y	PI591504	exact	matched_exact
PI591505	Y	Y	PI591505	exact	matched_exact
PI591506	Y	Y	PI591506	exact	matched_exact
PI591507	Y	Y	PI591507	exact	matched_exact
PI591508	Y	Y	PI591508	exact	matched_exact
PI591509	Y	Y	PI591509	exact	matched_exact
PI591510	Y	Y	PI591510	exact	matched_exact
PI591511	Y	Y	PI591511	exact	matched_exact
PI591512	Y	Y	PI591512	exact	matched_exact
PI591513	Y	Y	PI591513	exact	matched_exact
PI591514	Y	Y	PI591514	exact	matched_exact
PI591515	Y	Y	PI591515	exact	matched_exact
PI591516	Y	Y	PI591516	exact	matched_exact
PI591517	Y	Y	PI591517	exact	matched_exact
PI591518	Y	Y	PI591518	exact	matched_exact
PI591519	Y	Y	PI591519	exact	matched_exact
PI591520	Y	Y	PI591520	exact	matched_exact
PI591521	Y	Y	PI591521	exact	matched_exact
PI591522	Y	Y	PI591522	exact	matched_exact
PI591523	Y	Y	PI591523	exact	matched_exact
PI591524	Y	Y	PI591524	exact	matched_exact
PI591525	Y	Y	PI591525	exact	matched_exact
PI591526	Y	Y	PI591526	exact	matched_exact
PI591527	Y	Y	PI591527	exact	matched_exact
PI591528	Y	Y	PI591528	exact	matched_exact
PI591529	Y	Y	PI591529	exact	matched_exact
PI591530	Y	Y	PI591530	exact	matched_exact
PI591531	Y	Y	PI591531	exact	matched_exact
PI591532	Y	Y	PI591532	exact	matched_exact
PI591533	Y	Y	PI591533	exact	matched_exact
PI591534	Y	Y	PI591534	exact	matched_exact
PI591535	Y	Y	PI591535	exact	matched_exact
PI591536	Y	Y	PI591536	exact	matched_exact
PI591537	Y	Y	PI591537	exact	matched_exact
PI591538	Y	Y	PI591538	exact	matched_exact
PI591539	Y	Y	PI591539	exact	matched_exact
PI591540	Y	Y	PI591540	exact	matched_exact
PI591541	Y	Y	PI591541	exact	matched_exact
PI591542	Y	Y	PI591542	exact	matched_exact
PI591543	Y	Y	PI591543	exact	matched_exact
PI591544	Y	Y	PI591544	exact	matched_exact
PI591545	Y	Y	PI591545	exact	matched_exact
PI591546	Y	Y	PI591546	exact	matched_exact
PI591547	Y	Y	PI591547	exact	matched_exact
PI591548	Y	Y	PI591548	exact	matched_exact
PI591561	Y	Y	PI591561	exact	matched_exact
PI591565	N	Y		none	phenotype_only
PI591566	N	Y		none	phenotype_only
PI591573	N	Y		none	phenotype_only
PI591574	N	Y		none	phenotype_only
PI591575	N	Y		none	phenotype_only
PI591576	N	Y		none	phenotype_only
PI591577	N	Y		none	phenotype_only
PI591578	N	Y		none	phenotype_only
PI591579	N	Y		none	phenotype_only
PI591580	N	Y		none	phenotype_only
PI591581	N	Y		none	phenotype_only
PI591582	N	Y		none	phenotype_only
PI591583	N	Y		none	phenotype_only
PI591584	N	Y		none	phenotype_only
PI591585	N	Y		none	phenotype_only
PI591586	N	Y		none	phenotype_only
PI591587	N	Y		none	phenotype_only
PI591588	N	Y		none	phenotype_only
PI591589	N	Y		none	phenotype_only
PI591590	N	Y		none	phenotype_only
PI591591	N	Y		none	phenotype_only
PI591592	N	Y		none	phenotype_only
PI591593	N	Y		none	phenotype_only
PI591594	N	Y		none	phenotype_only
PI591595	N	Y		none	phenotype_only
PI591596	N	Y		none	phenotype_only
PI591597	N	Y		none	phenotype_only
PI591598	N	Y		none	phenotype_only
PI591599	N	Y		none	phenotype_only
PI591600	N	Y		none	phenotype_only
PI591601	N	Y		none	phenotype_only
PI591602	N	Y		none	phenotype_only
PI591604	N	Y		none	phenotype_only
PI591605	N	Y		none	phenotype_only
PI591606	N	Y		none	phenotype_only
PI591607	N	Y		none	phenotype_only
PI591608	N	Y		none	phenotype_only
PI591609	N	Y		none	phenotype_only
PI591610	N	Y		none	phenotype_only
PI591630	N	Y		none	phenotype_only
PI591825	Y	Y	PI591825	exact	matched_exact
PI592389	Y	Y	PI592389	exact	matched_exact
PI592523	Y	Y	PI592523	exact	matched_exact
PI592524	Y	Y	PI592524	exact	matched_exact
PI592560	Y	Y	PI592560	exact	matched_exact
PI592756	Y	Y	PI592756	exact	matched_exact
PI592899	Y	Y	PI592899	exact	matched_exact
PI592900	Y	N		none	vcf_only
PI592901	Y	Y	PI592901	exact	matched_exact
PI592903	Y	Y	PI592903	exact	matched_exact
PI592904	Y	Y	PI592904	exact	matched_exact
PI592905	Y	Y	PI592905	exact	matched_exact
PI592906	Y	Y	PI592906	exact	matched_exact
PI592907A	Y	N		none	vcf_only
PI592907B	Y	N		none	vcf_only
PI592907C	Y	Y	PI592907C	exact	matched_exact
PI592907D	Y	Y	PI592907D	exact	matched_exact
PI592908	Y	Y	PI592908	exact	matched_exact
PI592909	Y	Y	PI592909	exact	matched_exact
PI592910	Y	Y	PI592910	exact	matched_exact
PI592911A	Y	N		none	vcf_only
PI592911B	Y	Y	PI592911B	exact	matched_exact
PI592912A	Y	N		none	vcf_only
PI592912B	Y	Y	PI592912B	exact	matched_exact
PI592913	Y	N		none	vcf_only
PI592914	Y	Y	PI592914	exact	matched_exact
PI592915	Y	Y	PI592915	exact	matched_exact
PI592916	Y	Y	PI592916	exact	matched_exact
PI592917	Y	Y	PI592917	exact	matched_exact
PI592918	Y	Y	PI592918	exact	matched_exact
PI592919	Y	Y	PI592919	exact	matched_exact
PI592920	Y	Y	PI592920	exact	matched_exact
PI592921	Y	Y	PI592921	exact	matched_exact
PI592922	Y	Y	PI592922	exact	matched_exact
PI592923	Y	Y	PI592923	exact	matched_exact
PI592924	Y	Y	PI592924	exact	matched_exact
PI592925	Y	Y	PI592925	exact	matched_exact
PI592926	Y	Y	PI592926	exact	matched_exact
PI592927	Y	Y	PI592927	exact	matched_exact
PI592928	Y	Y	PI592928	exact	matched_exact
PI592929	Y	Y	PI592929	exact	matched_exact
PI592930	Y	Y	PI592930	exact	matched_exact
PI592931	Y	Y	PI592931	exact	matched_exact
PI592932	Y	Y	PI592932	exact	matched_exact
PI592933	Y	Y	PI592933	exact	matched_exact
PI592934	Y	Y	PI592934	exact	matched_exact
PI592935	Y	Y	PI592935	exact	matched_exact
PI592936	Y	Y	PI592936	exact	matched_exact
PI592937	Y	Y	PI592937	exact	matched_exact
PI592938	Y	Y	PI592938	exact	matched_exact
PI592939	Y	Y	PI592939	exact	matched_exact
PI592940	Y	Y	PI592940	exact	matched_exact
PI592941	Y	Y	PI592941	exact	matched_exact
PI592942	Y	Y	PI592942	exact	matched_exact
PI592943	Y	Y	PI592943	exact	matched_exact
PI592944	Y	Y	PI592944	exact	matched_exact
PI592945	Y	Y	PI592945	exact	matched_exact
PI592946	Y	Y	PI592946	exact	matched_exact
PI592947	Y	Y	PI592947	exact	matched_exact
PI592948	Y	Y	PI592948	exact	matched_exact
PI592949	Y	Y	PI592949	exact	matched_exact
PI592950	Y	Y	PI592950	exact	matched_exact
PI592951	Y	Y	PI592951	exact	matched_exact
PI592952	Y	Y	PI592952	exact	matched_exact
PI592953	Y	Y	PI592953	exact	matched_exact
PI592954	Y	Y	PI592954	exact	matched_exact
PI592955	Y	N		none	vcf_only
PI592956A	Y	Y	PI592956A	exact	matched_exact
PI592956B	Y	Y	PI592956B	exact	matched_exact
PI592956C	Y	Y	PI592956C	exact	matched_exact
PI592957	Y	Y	PI592957	exact	matched_exact
PI592958	Y	Y	PI592958	exact	matched_exact
PI592959	Y	Y	PI592959	exact	matched_exact
PI592960	Y	Y	PI592960	exact	matched_exact
PI592961	Y	Y	PI592961	exact	matched_exact
PI592962A	Y	Y	PI592962A	exact	matched_exact
PI592962B	Y	Y	PI592962B	exact	matched_exact
PI592963	Y	Y	PI592963	exact	matched_exact
PI592964	Y	Y	PI592964	exact	matched_exact
PI592967	Y	Y	PI592967	exact	matched_exact
PI592968	Y	Y	PI592968	exact	matched_exact
PI592969	Y	Y	PI592969	exact	matched_exact
PI592970	Y	Y	PI592970	exact	matched_exact
PI592971	Y	Y	PI592971	exact	matched_exact
PI592972	Y	Y	PI592972	exact	matched_exact
PI592973	Y	Y	PI592973	exact	matched_exact
PI592974	Y	Y	PI592974	exact	matched_exact
PI592975	Y	Y	PI592975	exact	matched_exact
PI592976	Y	Y	PI592976	exact	matched_exact
PI592977	Y	Y	PI592977	exact	matched_exact
PI592978	Y	Y	PI592978	exact	matched_exact
PI592979	Y	Y	PI592979	exact	matched_exact
PI592980	Y	Y	PI592980	exact	matched_exact
PI592981	Y	Y	PI592981	exact	matched_exact
PI593238	Y	Y	PI593238	exact	matched_exact
PI593256	Y	Y	PI593256	exact	matched_exact
PI593257	Y	Y	PI593257	exact	matched_exact
PI593258	Y	Y	PI593258	exact	matched_exact
PI593259	Y	Y	PI593259	exact	matched_exact
PI593463	Y	Y	PI593463	exact	matched_exact
PI593647	Y	Y	PI593647	exact	matched_exact
PI593648	Y	Y	PI593648	exact	matched_exact
PI593653	Y	Y	PI593653	exact	matched_exact
PI593654	Y	Y	PI593654	exact	matched_exact
PI593655	Y	Y	PI593655	exact	matched_exact
PI593938	Y	Y	PI593938	exact	matched_exact
PI593939	Y	Y	PI593939	exact	matched_exact
PI593940	Y	Y	PI593940	exact	matched_exact
PI593941	Y	Y	PI593941	exact	matched_exact
PI593942	Y	Y	PI593942	exact	matched_exact
PI593943	Y	Y	PI593943	exact	matched_exact
PI593944	Y	Y	PI593944	exact	matched_exact
PI593946	Y	Y	PI593946	exact	matched_exact
PI593948	Y	Y	PI593948	exact	matched_exact
PI593949A	Y	Y	PI593949A	exact	matched_exact
PI593949B	Y	Y	PI593949B	exact	matched_exact
PI593950A	Y	Y	PI593950A	exact	matched_exact
PI593950B	Y	Y	PI593950B	exact	matched_exact
PI593951	Y	Y	PI593951	exact	matched_exact
PI593953	Y	Y	PI593953	exact	matched_exact
PI593955	Y	Y	PI593955	exact	matched_exact
PI593956A	Y	Y	PI593956A	exact	matched_exact
PI593956B	Y	Y	PI593956B	exact	matched_exact
PI593956C	Y	Y	PI593956C	exact	matched_exact
PI593956D	Y	Y	PI593956D	exact	matched_exact
PI593956E	Y	Y	PI593956E	exact	matched_exact
PI593957	Y	Y	PI593957	exact	matched_exact
PI593958	Y	Y	PI593958	exact	matched_exact
PI593959	Y	Y	PI593959	exact	matched_exact
PI593960	Y	Y	PI593960	exact	matched_exact
PI593961	Y	Y	PI593961	exact	matched_exact
PI593962	Y	Y	PI593962	exact	matched_exact
PI593963	Y	Y	PI593963	exact	matched_exact
PI593964	Y	Y	PI593964	exact	matched_exact
PI593966	Y	Y	PI593966	exact	matched_exact
PI593967	Y	Y	PI593967	exact	matched_exact
PI593968	Y	Y	PI593968	exact	matched_exact
PI593969	Y	Y	PI593969	exact	matched_exact
PI593970	Y	Y	PI593970	exact	matched_exact
PI593971	Y	Y	PI593971	exact	matched_exact
PI593972	Y	Y	PI593972	exact	matched_exact
PI593973	Y	Y	PI593973	exact	matched_exact
PI593975	Y	Y	PI593975	exact	matched_exact
PI593976	Y	Y	PI593976	exact	matched_exact
PI593979	Y	Y	PI593979	exact	matched_exact
PI593982	Y	Y	PI593982	exact	matched_exact
PI593983	Y	Y	PI593983	exact	matched_exact
PI593984	Y	Y	PI593984	exact	matched_exact
PI593985	Y	Y	PI593985	exact	matched_exact
PI593986	Y	Y	PI593986	exact	matched_exact
PI593987	Y	Y	PI593987	exact	matched_exact
PI593988	Y	Y	PI593988	exact	matched_exact
PI593989	Y	Y	PI593989	exact	matched_exact
PI593990	Y	Y	PI593990	exact	matched_exact
PI593992	Y	Y	PI593992	exact	matched_exact
PI593993A	Y	Y	PI593993A	exact	matched_exact
PI593993B	Y	Y	PI593993B	exact	matched_exact
PI593994	Y	Y	PI593994	exact	matched_exact
PI593995A	Y	Y	PI593995A	exact	matched_exact
PI593995B	Y	Y	PI593995B	exact	matched_exact
PI593996	Y	Y	PI593996	exact	matched_exact
PI593997	Y	Y	PI593997	exact	matched_exact
PI593998	Y	Y	PI593998	exact	matched_exact
PI593999A	Y	Y	PI593999A	exact	matched_exact
PI593999B	Y	Y	PI593999B	exact	matched_exact
PI594000	Y	Y	PI594000	exact	matched_exact
PI594001	Y	Y	PI594001	exact	matched_exact
PI594002	Y	Y	PI594002	exact	matched_exact
PI594003	Y	Y	PI594003	exact	matched_exact
PI594004A	Y	Y	PI594004A	exact	matched_exact
PI594004B	Y	Y	PI594004B	exact	matched_exact
PI594004C	Y	Y	PI594004C	exact	matched_exact
PI594005A	Y	Y	PI594005A	exact	matched_exact
PI594005B	Y	Y	PI594005B	exact	matched_exact
PI594005C	Y	Y	PI594005C	exact	matched_exact
PI594005D	Y	Y	PI594005D	exact	matched_exact
PI594005E	Y	Y	PI594005E	exact	matched_exact
PI594006	Y	Y	PI594006	exact	matched_exact
PI594007	Y	Y	PI594007	exact	matched_exact
PI594008	Y	Y	PI594008	exact	matched_exact
PI594009	Y	Y	PI594009	exact	matched_exact
PI594010	Y	Y	PI594010	exact	matched_exact
PI594011	Y	Y	PI594011	exact	matched_exact
PI594012	Y	Y	PI594012	exact	matched_exact
PI594013	Y	Y	PI594013	exact	matched_exact
PI594014A	Y	Y	PI594014A	exact	matched_exact
PI594014B	Y	Y	PI594014B	exact	matched_exact
PI594015	Y	Y	PI594015	exact	matched_exact
PI594016	Y	Y	PI594016	exact	matched_exact
PI594017	Y	Y	PI594017	exact	matched_exact
PI594018	Y	Y	PI594018	exact	matched_exact
PI594019	Y	Y	PI594019	exact	matched_exact
PI594020	Y	Y	PI594020	exact	matched_exact
PI594021	Y	Y	PI594021	exact	matched_exact
PI594022	Y	Y	PI594022	exact	matched_exact
PI594023A	Y	Y	PI594023A	exact	matched_exact
PI594023B	Y	Y	PI594023B	exact	matched_exact
PI594142	Y	Y	PI594142	exact	matched_exact
PI594146	Y	Y	PI594146	exact	matched_exact
PI594148	Y	Y	PI594148	exact	matched_exact
PI594149	Y	Y	PI594149	exact	matched_exact
PI594152	Y	Y	PI594152	exact	matched_exact
PI594153	Y	Y	PI594153	exact	matched_exact
PI594156	Y	Y	PI594156	exact	matched_exact
PI594158	Y	Y	PI594158	exact	matched_exact
PI594160	Y	Y	PI594160	exact	matched_exact
PI594164	Y	Y	PI594164	exact	matched_exact
PI594166	Y	Y	PI594166	exact	matched_exact
PI594167	Y	Y	PI594167	exact	matched_exact
PI594170A	Y	Y	PI594170A	exact	matched_exact
PI594170B	Y	Y	PI594170B	exact	matched_exact
PI594172A	Y	Y	PI594172A	exact	matched_exact
PI594172B	Y	Y	PI594172B	exact	matched_exact
PI594172C	Y	Y	PI594172C	exact	matched_exact
PI594177	Y	Y	PI594177	exact	matched_exact
PI594178	Y	Y	PI594178	exact	matched_exact
PI594188	Y	Y	PI594188	exact	matched_exact
PI594191	Y	Y	PI594191	exact	matched_exact
PI594193	Y	Y	PI594193	exact	matched_exact
PI594196	Y	Y	PI594196	exact	matched_exact
PI594198	Y	Y	PI594198	exact	matched_exact
PI594200	Y	Y	PI594200	exact	matched_exact
PI594208	Y	Y	PI594208	exact	matched_exact
PI594212	Y	Y	PI594212	exact	matched_exact
PI594215	Y	Y	PI594215	exact	matched_exact
PI594217A	Y	Y	PI594217A	exact	matched_exact
PI594217B	Y	Y	PI594217B	exact	matched_exact
PI594217C	Y	Y	PI594217C	exact	matched_exact
PI594219	Y	Y	PI594219	exact	matched_exact
PI594225A	Y	Y	PI594225A	exact	matched_exact
PI594225B	Y	Y	PI594225B	exact	matched_exact
PI594227A	Y	Y	PI594227A	exact	matched_exact
PI594227B	Y	Y	PI594227B	exact	matched_exact
PI594233A	Y	Y	PI594233A	exact	matched_exact
PI594233B	Y	Y	PI594233B	exact	matched_exact
PI594235	Y	Y	PI594235	exact	matched_exact
PI594238	Y	Y	PI594238	exact	matched_exact
PI594240	Y	Y	PI594240	exact	matched_exact
PI594245A	Y	Y	PI594245A	exact	matched_exact
PI594245B	Y	Y	PI594245B	exact	matched_exact
PI594247	Y	Y	PI594247	exact	matched_exact
PI594249	Y	Y	PI594249	exact	matched_exact
PI594250	Y	Y	PI594250	exact	matched_exact
PI594252A	Y	Y	PI594252A	exact	matched_exact
PI594252B	Y	Y	PI594252B	exact	matched_exact
PI594254	Y	Y	PI594254	exact	matched_exact
PI594255	Y	Y	PI594255	exact	matched_exact
PI594261	Y	Y	PI594261	exact	matched_exact
PI594267	Y	Y	PI594267	exact	matched_exact
PI594268A	Y	Y	PI594268A	exact	matched_exact
PI594268B	Y	Y	PI594268B	exact	matched_exact
PI594276	Y	Y	PI594276	exact	matched_exact
PI594279	Y	Y	PI594279	exact	matched_exact
PI594280A	Y	Y	PI594280A	exact	matched_exact
PI594280B	Y	Y	PI594280B	exact	matched_exact
PI594280C	Y	Y	PI594280C	exact	matched_exact
PI594280D	Y	Y	PI594280D	exact	matched_exact
PI594280E	Y	Y	PI594280E	exact	matched_exact
PI594282	Y	Y	PI594282	exact	matched_exact
PI594283	Y	Y	PI594283	exact	matched_exact
PI594286	Y	Y	PI594286	exact	matched_exact
PI594288	Y	Y	PI594288	exact	matched_exact
PI594289	Y	Y	PI594289	exact	matched_exact
PI594295	Y	Y	PI594295	exact	matched_exact
PI594296	Y	Y	PI594296	exact	matched_exact
PI594297	Y	Y	PI594297	exact	matched_exact
PI594298	Y	Y	PI594298	exact	matched_exact
PI594301	Y	Y	PI594301	exact	matched_exact
PI594302	Y	Y	PI594302	exact	matched_exact
PI594304A	Y	Y	PI594304A	exact	matched_exact
PI594304B	Y	Y	PI594304B	exact	matched_exact
PI594305	Y	Y	PI594305	exact	matched_exact
PI594307	Y	Y	PI594307	exact	matched_exact
PI594308	Y	Y	PI594308	exact	matched_exact
PI594314	Y	Y	PI594314	exact	matched_exact
PI594319	Y	Y	PI594319	exact	matched_exact
PI594386	Y	Y	PI594386	exact	matched_exact
PI594392	Y	Y	PI594392	exact	matched_exact
PI594393	Y	Y	PI594393	exact	matched_exact
PI594394	Y	Y	PI594394	exact	matched_exact
PI594395	Y	Y	PI594395	exact	matched_exact
PI594397A	Y	Y	PI594397A	exact	matched_exact
PI594397B	Y	Y	PI594397B	exact	matched_exact
PI594398A	Y	Y	PI594398A	exact	matched_exact
PI594398B	Y	Y	PI594398B	exact	matched_exact
PI594399A	Y	Y	PI594399A	exact	matched_exact
PI594399C	Y	Y	PI594399C	exact	matched_exact
PI594400	Y	Y	PI594400	exact	matched_exact
PI594401A	Y	Y	PI594401A	exact	matched_exact
PI594401B	Y	Y	PI594401B	exact	matched_exact
PI594401C	Y	Y	PI594401C	exact	matched_exact
PI594401D	Y	Y	PI594401D	exact	matched_exact
PI594401E	Y	Y	PI594401E	exact	matched_exact
PI594402	Y	Y	PI594402	exact	matched_exact
PI594403	Y	Y	PI594403	exact	matched_exact
PI594404	Y	Y	PI594404	exact	matched_exact
PI594405	Y	Y	PI594405	exact	matched_exact
PI594406	Y	Y	PI594406	exact	matched_exact
PI594407	Y	Y	PI594407	exact	matched_exact
PI594408	Y	Y	PI594408	exact	matched_exact
PI594409A	Y	Y	PI594409A	exact	matched_exact
PI594409B	Y	Y	PI594409B	exact	matched_exact
PI594410	Y	Y	PI594410	exact	matched_exact
PI594411	Y	Y	PI594411	exact	matched_exact
PI594412	Y	Y	PI594412	exact	matched_exact
PI594413	Y	Y	PI594413	exact	matched_exact
PI594414A	Y	Y	PI594414A	exact	matched_exact
PI594414B	Y	Y	PI594414B	exact	matched_exact
PI594415A	Y	Y	PI594415A	exact	matched_exact
PI594415B	Y	Y	PI594415B	exact	matched_exact
PI594416	Y	Y	PI594416	exact	matched_exact
PI594417	Y	Y	PI594417	exact	matched_exact
PI594418A	Y	Y	PI594418A	exact	matched_exact
PI594418B	Y	Y	PI594418B	exact	matched_exact
PI594418C	Y	Y	PI594418C	exact	matched_exact
PI594418D	Y	Y	PI594418D	exact	matched_exact
PI594418E	Y	Y	PI594418E	exact	matched_exact
PI594419	Y	Y	PI594419	exact	matched_exact
PI594420	Y	Y	PI594420	exact	matched_exact
PI594421	Y	Y	PI594421	exact	matched_exact
PI594422	Y	Y	PI594422	exact	matched_exact
PI594423	Y	Y	PI594423	exact	matched_exact
PI594424	Y	Y	PI594424	exact	matched_exact
PI594425	Y	Y	PI594425	exact	matched_exact
PI594426A	Y	Y	PI594426A	exact	matched_exact
PI594426B	Y	Y	PI594426B	exact	matched_exact
PI594427A	Y	Y	PI594427A	exact	matched_exact
PI594427B	Y	Y	PI594427B	exact	matched_exact
PI594427C	Y	Y	PI594427C	exact	matched_exact
PI594428	Y	Y	PI594428	exact	matched_exact
PI594429	Y	Y	PI594429	exact	matched_exact
PI594430A	Y	Y	PI594430A	exact	matched_exact
PI594430B	Y	Y	PI594430B	exact	matched_exact
PI594430C	Y	Y	PI594430C	exact	matched_exact
PI594430D	Y	Y	PI594430D	exact	matched_exact
PI594430E	Y	Y	PI594430E	exact	matched_exact
PI594431	Y	Y	PI594431	exact	matched_exact
PI594432	Y	Y	PI594432	exact	matched_exact
PI594433A	Y	Y	PI594433A	exact	matched_exact
PI594433B	Y	Y	PI594433B	exact	matched_exact
PI594433C	Y	Y	PI594433C	exact	matched_exact
PI594434	Y	Y	PI594434	exact	matched_exact
PI594435	Y	Y	PI594435	exact	matched_exact
PI594436	Y	Y	PI594436	exact	matched_exact
PI594437	Y	Y	PI594437	exact	matched_exact
PI594438	Y	Y	PI594438	exact	matched_exact
PI594439A	Y	Y	PI594439A	exact	matched_exact
PI594439B	Y	Y	PI594439B	exact	matched_exact
PI594440	Y	Y	PI594440	exact	matched_exact
PI594441	Y	Y	PI594441	exact	matched_exact
PI594442A	Y	Y	PI594442A	exact	matched_exact
PI594442B	Y	Y	PI594442B	exact	matched_exact
PI594443	Y	Y	PI594443	exact	matched_exact
PI594444A	Y	Y	PI594444A	exact	matched_exact
PI594444B	Y	Y	PI594444B	exact	matched_exact
PI594445	Y	Y	PI594445	exact	matched_exact
PI594446	Y	Y	PI594446	exact	matched_exact
PI594447	Y	Y	PI594447	exact	matched_exact
PI594448A	Y	Y	PI594448A	exact	matched_exact
PI594448B	Y	Y	PI594448B	exact	matched_exact
PI594449	Y	Y	PI594449	exact	matched_exact
PI594450	Y	Y	PI594450	exact	matched_exact
PI594451	Y	Y	PI594451	exact	matched_exact
PI594452	Y	Y	PI594452	exact	matched_exact
PI594453	Y	Y	PI594453	exact	matched_exact
PI594454A	Y	Y	PI594454A	exact	matched_exact
PI594454B	Y	Y	PI594454B	exact	matched_exact
PI594455A	Y	Y	PI594455A	exact	matched_exact
PI594455B	Y	Y	PI594455B	exact	matched_exact
PI594456A	Y	Y	PI594456A	exact	matched_exact
PI594456B	Y	Y	PI594456B	exact	matched_exact
PI594457A	Y	Y	PI594457A	exact	matched_exact
PI594457B	Y	Y	PI594457B	exact	matched_exact
PI594458A	Y	Y	PI594458A	exact	matched_exact
PI594458B	Y	Y	PI594458B	exact	matched_exact
PI594459	Y	Y	PI594459	exact	matched_exact
PI594460	Y	Y	PI594460	exact	matched_exact
PI594461A	Y	Y	PI594461A	exact	matched_exact
PI594461B	Y	Y	PI594461B	exact	matched_exact
PI594462	Y	Y	PI594462	exact	matched_exact
PI594463A	Y	Y	PI594463A	exact	matched_exact
PI594463B	Y	Y	PI594463B	exact	matched_exact
PI594464	Y	Y	PI594464	exact	matched_exact
PI594465	Y	Y	PI594465	exact	matched_exact
PI594466	Y	Y	PI594466	exact	matched_exact
PI594467	Y	Y	PI594467	exact	matched_exact
PI594468	Y	Y	PI594468	exact	matched_exact
PI594469A	Y	Y	PI594469A	exact	matched_exact
PI594469B	Y	Y	PI594469B	exact	matched_exact
PI594470A	Y	Y	PI594470A	exact	matched_exact
PI594470B	Y	Y	PI594470B	exact	matched_exact
PI594470C	Y	Y	PI594470C	exact	matched_exact
PI594470D	Y	Y	PI594470D	exact	matched_exact
PI594471A	Y	Y	PI594471A	exact	matched_exact
PI594471B	Y	Y	PI594471B	exact	matched_exact
PI594471C	Y	Y	PI594471C	exact	matched_exact
PI594471D	Y	Y	PI594471D	exact	matched_exact
PI594471E	Y	Y	PI594471E	exact	matched_exact
PI594473	Y	Y	PI594473	exact	matched_exact
PI594474	Y	Y	PI594474	exact	matched_exact
PI594475A	Y	Y	PI594475A	exact	matched_exact
PI594475B	Y	Y	PI594475B	exact	matched_exact
PI594476	Y	Y	PI594476	exact	matched_exact
PI594477	Y	Y	PI594477	exact	matched_exact
PI594478	Y	Y	PI594478	exact	matched_exact
PI594479	Y	Y	PI594479	exact	matched_exact
PI594480A	Y	Y	PI594480A	exact	matched_exact
PI594480B	Y	Y	PI594480B	exact	matched_exact
PI594480C	Y	Y	PI594480C	exact	matched_exact
PI594481	Y	Y	PI594481	exact	matched_exact
PI594482	Y	Y	PI594482	exact	matched_exact
PI594483	Y	Y	PI594483	exact	matched_exact
PI594484	Y	Y	PI594484	exact	matched_exact
PI594485	Y	Y	PI594485	exact	matched_exact
PI594486A	Y	Y	PI594486A	exact	matched_exact
PI594486B	Y	Y	PI594486B	exact	matched_exact
PI594486C	Y	Y	PI594486C	exact	matched_exact
PI594487	Y	Y	PI594487	exact	matched_exact
PI594488	Y	Y	PI594488	exact	matched_exact
PI594489	Y	Y	PI594489	exact	matched_exact
PI594490	Y	Y	PI594490	exact	matched_exact
PI594491	Y	Y	PI594491	exact	matched_exact
PI594492A	Y	Y	PI594492A	exact	matched_exact
PI594492B	Y	Y	PI594492B	exact	matched_exact
PI594493	Y	Y	PI594493	exact	matched_exact
PI594494A	Y	Y	PI594494A	exact	matched_exact
PI594494B	Y	Y	PI594494B	exact	matched_exact
PI594495	Y	Y	PI594495	exact	matched_exact
PI594496	Y	Y	PI594496	exact	matched_exact
PI594497	Y	Y	PI594497	exact	matched_exact
PI594498A	Y	Y	PI594498A	exact	matched_exact
PI594498B	Y	Y	PI594498B	exact	matched_exact
PI594499	Y	Y	PI594499	exact	matched_exact
PI594500A	Y	Y	PI594500A	exact	matched_exact
PI594500B	Y	Y	PI594500B	exact	matched_exact
PI594500C	Y	Y	PI594500C	exact	matched_exact
PI594500D	Y	Y	PI594500D	exact	matched_exact
PI594501A	Y	Y	PI594501A	exact	matched_exact
PI594501B	Y	Y	PI594501B	exact	matched_exact
PI594502	Y	Y	PI594502	exact	matched_exact
PI594503	Y	Y	PI594503	exact	matched_exact
PI594504	Y	Y	PI594504	exact	matched_exact
PI594505A	Y	Y	PI594505A	exact	matched_exact
PI594505B	Y	Y	PI594505B	exact	matched_exact
PI594506	Y	Y	PI594506	exact	matched_exact
PI594507	Y	Y	PI594507	exact	matched_exact
PI594508	Y	Y	PI594508	exact	matched_exact
PI594509A	Y	Y	PI594509A	exact	matched_exact
PI594509B	Y	Y	PI594509B	exact	matched_exact
PI594510A	Y	Y	PI594510A	exact	matched_exact
PI594510B	Y	Y	PI594510B	exact	matched_exact
PI594510C	Y	Y	PI594510C	exact	matched_exact
PI594511A	Y	Y	PI594511A	exact	matched_exact
PI594511B	Y	Y	PI594511B	exact	matched_exact
PI594511C	Y	Y	PI594511C	exact	matched_exact
PI594512A	Y	Y	PI594512A	exact	matched_exact
PI594512B	Y	Y	PI594512B	exact	matched_exact
PI594512C	Y	Y	PI594512C	exact	matched_exact
PI594512D	Y	Y	PI594512D	exact	matched_exact
PI594513	Y	Y	PI594513	exact	matched_exact
PI594514	Y	Y	PI594514	exact	matched_exact
PI594515	Y	Y	PI594515	exact	matched_exact
PI594516	Y	Y	PI594516	exact	matched_exact
PI594517	Y	Y	PI594517	exact	matched_exact
PI594518	Y	Y	PI594518	exact	matched_exact
PI594519	Y	Y	PI594519	exact	matched_exact
PI594520	Y	Y	PI594520	exact	matched_exact
PI594521	Y	Y	PI594521	exact	matched_exact
PI594522	Y	Y	PI594522	exact	matched_exact
PI594523	Y	Y	PI594523	exact	matched_exact
PI594524	Y	Y	PI594524	exact	matched_exact
PI594525	Y	Y	PI594525	exact	matched_exact
PI594526	Y	Y	PI594526	exact	matched_exact
PI594527	Y	Y	PI594527	exact	matched_exact
PI594528	Y	Y	PI594528	exact	matched_exact
PI594529	Y	Y	PI594529	exact	matched_exact
PI594530	Y	Y	PI594530	exact	matched_exact
PI594531	Y	Y	PI594531	exact	matched_exact
PI594532	Y	Y	PI594532	exact	matched_exact
PI594533A	Y	Y	PI594533A	exact	matched_exact
PI594533B	Y	Y	PI594533B	exact	matched_exact
PI594534	Y	Y	PI594534	exact	matched_exact
PI594535	Y	Y	PI594535	exact	matched_exact
PI594536	Y	Y	PI594536	exact	matched_exact
PI594537	Y	Y	PI594537	exact	matched_exact
PI594538A	Y	Y	PI594538A	exact	matched_exact
PI594538B	Y	Y	PI594538B	exact	matched_exact
PI594539	Y	Y	PI594539	exact	matched_exact
PI594540	Y	Y	PI594540	exact	matched_exact
PI594541	Y	Y	PI594541	exact	matched_exact
PI594542	Y	Y	PI594542	exact	matched_exact
PI594543	Y	Y	PI594543	exact	matched_exact
PI594544	Y	Y	PI594544	exact	matched_exact
PI594545	Y	Y	PI594545	exact	matched_exact
PI594546	Y	Y	PI594546	exact	matched_exact
PI594547	Y	Y	PI594547	exact	matched_exact
PI594548	Y	Y	PI594548	exact	matched_exact
PI594549A	Y	Y	PI594549A	exact	matched_exact
PI594549B	Y	Y	PI594549B	exact	matched_exact
PI594549C	Y	Y	PI594549C	exact	matched_exact
PI594550	Y	Y	PI594550	exact	matched_exact
PI594551	Y	Y	PI594551	exact	matched_exact
PI594552A	Y	Y	PI594552A	exact	matched_exact
PI594552B	Y	Y	PI594552B	exact	matched_exact
PI594553	Y	Y	PI594553	exact	matched_exact
PI594554	Y	Y	PI594554	exact	matched_exact
PI594555A	Y	Y	PI594555A	exact	matched_exact
PI594555B	Y	Y	PI594555B	exact	matched_exact
PI594556	Y	Y	PI594556	exact	matched_exact
PI594557A	Y	Y	PI594557A	exact	matched_exact
PI594557B	Y	Y	PI594557B	exact	matched_exact
PI594558	Y	Y	PI594558	exact	matched_exact
PI594559	Y	Y	PI594559	exact	matched_exact
PI594560A	Y	Y	PI594560A	exact	matched_exact
PI594560B	Y	Y	PI594560B	exact	matched_exact
PI594560C	Y	Y	PI594560C	exact	matched_exact
PI594561	Y	Y	PI594561	exact	matched_exact
PI594562A	Y	Y	PI594562A	exact	matched_exact
PI594562B	Y	Y	PI594562B	exact	matched_exact
PI594563	Y	Y	PI594563	exact	matched_exact
PI594564	Y	Y	PI594564	exact	matched_exact
PI594566	Y	Y	PI594566	exact	matched_exact
PI594567A	Y	Y	PI594567A	exact	matched_exact
PI594567B	Y	Y	PI594567B	exact	matched_exact
PI594567C	Y	Y	PI594567C	exact	matched_exact
PI594567D	Y	Y	PI594567D	exact	matched_exact
PI594568A	Y	Y	PI594568A	exact	matched_exact
PI594568B	Y	Y	PI594568B	exact	matched_exact
PI594568C	Y	Y	PI594568C	exact	matched_exact
PI594569	Y	Y	PI594569	exact	matched_exact
PI594570A	Y	Y	PI594570A	exact	matched_exact
PI594570B	Y	Y	PI594570B	exact	matched_exact
PI594571	Y	Y	PI594571	exact	matched_exact
PI594572A	Y	Y	PI594572A	exact	matched_exact
PI594572B	Y	Y	PI594572B	exact	matched_exact
PI594573	Y	Y	PI594573	exact	matched_exact
PI594574	Y	Y	PI594574	exact	matched_exact
PI594575	Y	Y	PI594575	exact	matched_exact
PI594576	Y	Y	PI594576	exact	matched_exact
PI594577	Y	Y	PI594577	exact	matched_exact
PI594578	Y	Y	PI594578	exact	matched_exact
PI594579	Y	Y	PI594579	exact	matched_exact
PI594580	Y	Y	PI594580	exact	matched_exact
PI594581	Y	Y	PI594581	exact	matched_exact
PI594582	Y	Y	PI594582	exact	matched_exact
PI594583	Y	Y	PI594583	exact	matched_exact
PI594584	Y	Y	PI594584	exact	matched_exact
PI594585	Y	Y	PI594585	exact	matched_exact
PI594586A	Y	Y	PI594586A	exact	matched_exact
PI594586B	Y	Y	PI594586B	exact	matched_exact
PI594586C	Y	Y	PI594586C	exact	matched_exact
PI594587	Y	Y	PI594587	exact	matched_exact
PI594588	Y	Y	PI594588	exact	matched_exact
PI594589	Y	Y	PI594589	exact	matched_exact
PI594590	Y	Y	PI594590	exact	matched_exact
PI594591A	Y	Y	PI594591A	exact	matched_exact
PI594591B	Y	Y	PI594591B	exact	matched_exact
PI594592	Y	Y	PI594592	exact	matched_exact
PI594593	Y	Y	PI594593	exact	matched_exact
PI594594	Y	Y	PI594594	exact	matched_exact
PI594595	Y	Y	PI594595	exact	matched_exact
PI594596	Y	Y	PI594596	exact	matched_exact
PI594597	Y	Y	PI594597	exact	matched_exact
PI594598A	Y	Y	PI594598A	exact	matched_exact
PI594598B	Y	Y	PI594598B	exact	matched_exact
PI594599	Y	Y	PI594599	exact	matched_exact
PI594600	Y	Y	PI594600	exact	matched_exact
PI594601	Y	Y	PI594601	exact	matched_exact
PI594602	Y	Y	PI594602	exact	matched_exact
PI594603A	Y	Y	PI594603A	exact	matched_exact
PI594603B	Y	Y	PI594603B	exact	matched_exact
PI594604	Y	Y	PI594604	exact	matched_exact
PI594605A	Y	Y	PI594605A	exact	matched_exact
PI594605B	Y	Y	PI594605B	exact	matched_exact
PI594606	Y	Y	PI594606	exact	matched_exact
PI594607	Y	Y	PI594607	exact	matched_exact
PI594608A	Y	Y	PI594608A	exact	matched_exact
PI594608B	Y	Y	PI594608B	exact	matched_exact
PI594609	Y	Y	PI594609	exact	matched_exact
PI594610	Y	Y	PI594610	exact	matched_exact
PI594611	Y	Y	PI594611	exact	matched_exact
PI594612	Y	Y	PI594612	exact	matched_exact
PI594613	Y	Y	PI594613	exact	matched_exact
PI594614A	Y	Y	PI594614A	exact	matched_exact
PI594614B	Y	Y	PI594614B	exact	matched_exact
PI594615	Y	Y	PI594615	exact	matched_exact
PI594616	Y	Y	PI594616	exact	matched_exact
PI594617	Y	Y	PI594617	exact	matched_exact
PI594618A	Y	Y	PI594618A	exact	matched_exact
PI594618B	Y	Y	PI594618B	exact	matched_exact
PI594618C	Y	Y	PI594618C	exact	matched_exact
PI594618D	Y	Y	PI594618D	exact	matched_exact
PI594619	Y	Y	PI594619	exact	matched_exact
PI594620	Y	Y	PI594620	exact	matched_exact
PI594621	Y	Y	PI594621	exact	matched_exact
PI594622	Y	Y	PI594622	exact	matched_exact
PI594623	Y	Y	PI594623	exact	matched_exact
PI594624	Y	Y	PI594624	exact	matched_exact
PI594625	Y	Y	PI594625	exact	matched_exact
PI594626	Y	Y	PI594626	exact	matched_exact
PI594627A	Y	Y	PI594627A	exact	matched_exact
PI594627B	Y	Y	PI594627B	exact	matched_exact
PI594628	Y	Y	PI594628	exact	matched_exact
PI594629	Y	Y	PI594629	exact	matched_exact
PI594630	Y	Y	PI594630	exact	matched_exact
PI594631A	Y	Y	PI594631A	exact	matched_exact
PI594631B	Y	Y	PI594631B	exact	matched_exact
PI594632	Y	Y	PI594632	exact	matched_exact
PI594633	Y	Y	PI594633	exact	matched_exact
PI594634	Y	Y	PI594634	exact	matched_exact
PI594635A	Y	Y	PI594635A	exact	matched_exact
PI594635B	Y	Y	PI594635B	exact	matched_exact
PI594635C	Y	Y	PI594635C	exact	matched_exact
PI594635D	Y	Y	PI594635D	exact	matched_exact
PI594636	Y	Y	PI594636	exact	matched_exact
PI594637	Y	Y	PI594637	exact	matched_exact
PI594638A	Y	Y	PI594638A	exact	matched_exact
PI594638B	Y	Y	PI594638B	exact	matched_exact
PI594639	Y	Y	PI594639	exact	matched_exact
PI594640	Y	Y	PI594640	exact	matched_exact
PI594641	Y	Y	PI594641	exact	matched_exact
PI594642	Y	Y	PI594642	exact	matched_exact
PI594643	Y	Y	PI594643	exact	matched_exact
PI594644A	Y	Y	PI594644A	exact	matched_exact
PI594644B	Y	Y	PI594644B	exact	matched_exact
PI594645	Y	Y	PI594645	exact	matched_exact
PI594646	Y	Y	PI594646	exact	matched_exact
PI594647A	Y	Y	PI594647A	exact	matched_exact
PI594647B	Y	Y	PI594647B	exact	matched_exact
PI594648A	Y	Y	PI594648A	exact	matched_exact
PI594648B	Y	Y	PI594648B	exact	matched_exact
PI594649	Y	Y	PI594649	exact	matched_exact
PI594650A	Y	Y	PI594650A	exact	matched_exact
PI594650B	Y	Y	PI594650B	exact	matched_exact
PI594651	Y	Y	PI594651	exact	matched_exact
PI594652A	Y	Y	PI594652A	exact	matched_exact
PI594652B	Y	Y	PI594652B	exact	matched_exact
PI594653	Y	Y	PI594653	exact	matched_exact
PI594654	Y	Y	PI594654	exact	matched_exact
PI594655	Y	Y	PI594655	exact	matched_exact
PI594656	Y	Y	PI594656	exact	matched_exact
PI594657	Y	Y	PI594657	exact	matched_exact
PI594658	Y	Y	PI594658	exact	matched_exact
PI594659A	Y	Y	PI594659A	exact	matched_exact
PI594659B	Y	Y	PI594659B	exact	matched_exact
PI594659C	Y	Y	PI594659C	exact	matched_exact
PI594660A	Y	Y	PI594660A	exact	matched_exact
PI594660B	Y	Y	PI594660B	exact	matched_exact
PI594660C	Y	Y	PI594660C	exact	matched_exact
PI594660D	Y	Y	PI594660D	exact	matched_exact
PI594661	Y	Y	PI594661	exact	matched_exact
PI594662A	Y	Y	PI594662A	exact	matched_exact
PI594662B	Y	Y	PI594662B	exact	matched_exact
PI594663	Y	Y	PI594663	exact	matched_exact
PI594664	Y	Y	PI594664	exact	matched_exact
PI594665	Y	Y	PI594665	exact	matched_exact
PI594666A	Y	Y	PI594666A	exact	matched_exact
PI594666B	Y	Y	PI594666B	exact	matched_exact
PI594667	Y	Y	PI594667	exact	matched_exact
PI594668	Y	Y	PI594668	exact	matched_exact
PI594669	Y	Y	PI594669	exact	matched_exact
PI594670A	Y	Y	PI594670A	exact	matched_exact
PI594670B	Y	Y	PI594670B	exact	matched_exact
PI594670C	Y	Y	PI594670C	exact	matched_exact
PI594670D	Y	Y	PI594670D	exact	matched_exact
PI594671	Y	Y	PI594671	exact	matched_exact
PI594672	Y	Y	PI594672	exact	matched_exact
PI594673	Y	Y	PI594673	exact	matched_exact
PI594674A	Y	Y	PI594674A	exact	matched_exact
PI594674B	Y	Y	PI594674B	exact	matched_exact
PI594674C	Y	Y	PI594674C	exact	matched_exact
PI594675	Y	Y	PI594675	exact	matched_exact
PI594676	Y	Y	PI594676	exact	matched_exact
PI594677	Y	Y	PI594677	exact	matched_exact
PI594678	Y	Y	PI594678	exact	matched_exact
PI594679	Y	Y	PI594679	exact	matched_exact
PI594680	Y	Y	PI594680	exact	matched_exact
PI594681	Y	Y	PI594681	exact	matched_exact
PI594682A	Y	Y	PI594682A	exact	matched_exact
PI594682B	Y	Y	PI594682B	exact	matched_exact
PI594683A	Y	Y	PI594683A	exact	matched_exact
PI594683B	Y	Y	PI594683B	exact	matched_exact
PI594683C	Y	Y	PI594683C	exact	matched_exact
PI594684	Y	Y	PI594684	exact	matched_exact
PI594685A	Y	Y	PI594685A	exact	matched_exact
PI594685B	Y	Y	PI594685B	exact	matched_exact
PI594686	Y	Y	PI594686	exact	matched_exact
PI594687	Y	Y	PI594687	exact	matched_exact
PI594688	Y	Y	PI594688	exact	matched_exact
PI594689	Y	Y	PI594689	exact	matched_exact
PI594690A	Y	Y	PI594690A	exact	matched_exact
PI594690B	Y	Y	PI594690B	exact	matched_exact
PI594691	Y	Y	PI594691	exact	matched_exact
PI594692	Y	Y	PI594692	exact	matched_exact
PI594693A	Y	Y	PI594693A	exact	matched_exact
PI594693B	Y	Y	PI594693B	exact	matched_exact
PI594694	Y	Y	PI594694	exact	matched_exact
PI594695	Y	Y	PI594695	exact	matched_exact
PI594696A	Y	Y	PI594696A	exact	matched_exact
PI594696B	Y	Y	PI594696B	exact	matched_exact
PI594697	Y	Y	PI594697	exact	matched_exact
PI594698	Y	Y	PI594698	exact	matched_exact
PI594699	Y	Y	PI594699	exact	matched_exact
PI594700A	Y	Y	PI594700A	exact	matched_exact
PI594700B	Y	Y	PI594700B	exact	matched_exact
PI594701	Y	Y	PI594701	exact	matched_exact
PI594702	Y	Y	PI594702	exact	matched_exact
PI594703	Y	Y	PI594703	exact	matched_exact
PI594704	Y	Y	PI594704	exact	matched_exact
PI594705	Y	Y	PI594705	exact	matched_exact
PI594706	Y	Y	PI594706	exact	matched_exact
PI594707	Y	Y	PI594707	exact	matched_exact
PI594708A	Y	Y	PI594708A	exact	matched_exact
PI594708B	Y	Y	PI594708B	exact	matched_exact
PI594709	Y	Y	PI594709	exact	matched_exact
PI594710	Y	Y	PI594710	exact	matched_exact
PI594711A	Y	Y	PI594711A	exact	matched_exact
PI594711B	Y	Y	PI594711B	exact	matched_exact
PI594712	Y	Y	PI594712	exact	matched_exact
PI594713	Y	Y	PI594713	exact	matched_exact
PI594714	Y	Y	PI594714	exact	matched_exact
PI594715	Y	Y	PI594715	exact	matched_exact
PI594716A	Y	Y	PI594716A	exact	matched_exact
PI594716B	Y	Y	PI594716B	exact	matched_exact
PI594717A	Y	Y	PI594717A	exact	matched_exact
PI594717B	Y	Y	PI594717B	exact	matched_exact
PI594718A	Y	Y	PI594718A	exact	matched_exact
PI594718B	Y	Y	PI594718B	exact	matched_exact
PI594719	Y	Y	PI594719	exact	matched_exact
PI594720	Y	Y	PI594720	exact	matched_exact
PI594721	Y	Y	PI594721	exact	matched_exact
PI594722	Y	Y	PI594722	exact	matched_exact
PI594723	Y	Y	PI594723	exact	matched_exact
PI594724	Y	Y	PI594724	exact	matched_exact
PI594725	Y	Y	PI594725	exact	matched_exact
PI594726	Y	Y	PI594726	exact	matched_exact
PI594727	Y	Y	PI594727	exact	matched_exact
PI594728A	Y	Y	PI594728A	exact	matched_exact
PI594728B	Y	Y	PI594728B	exact	matched_exact
PI594729	Y	Y	PI594729	exact	matched_exact
PI594730A	Y	Y	PI594730A	exact	matched_exact
PI594730B	Y	Y	PI594730B	exact	matched_exact
PI594731	Y	Y	PI594731	exact	matched_exact
PI594732	Y	Y	PI594732	exact	matched_exact
PI594733	Y	Y	PI594733	exact	matched_exact
PI594734	Y	Y	PI594734	exact	matched_exact
PI594735	Y	Y	PI594735	exact	matched_exact
PI594736	Y	Y	PI594736	exact	matched_exact
PI594737	Y	Y	PI594737	exact	matched_exact
PI594738A	Y	Y	PI594738A	exact	matched_exact
PI594738B	Y	Y	PI594738B	exact	matched_exact
PI594739A	Y	Y	PI594739A	exact	matched_exact
PI594739B	Y	Y	PI594739B	exact	matched_exact
PI594740A	Y	Y	PI594740A	exact	matched_exact
PI594740B	Y	Y	PI594740B	exact	matched_exact
PI594740C	Y	Y	PI594740C	exact	matched_exact
PI594741A	Y	Y	PI594741A	exact	matched_exact
PI594741B	Y	Y	PI594741B	exact	matched_exact
PI594742	Y	Y	PI594742	exact	matched_exact
PI594743	Y	Y	PI594743	exact	matched_exact
PI594744	Y	Y	PI594744	exact	matched_exact
PI594745A	Y	Y	PI594745A	exact	matched_exact
PI594745B	Y	Y	PI594745B	exact	matched_exact
PI594746	Y	Y	PI594746	exact	matched_exact
PI594747A	Y	Y	PI594747A	exact	matched_exact
PI594747B	Y	Y	PI594747B	exact	matched_exact
PI594748A	Y	Y	PI594748A	exact	matched_exact
PI594748B	Y	Y	PI594748B	exact	matched_exact
PI594749	Y	Y	PI594749	exact	matched_exact
PI594750	Y	Y	PI594750	exact	matched_exact
PI594751A	Y	Y	PI594751A	exact	matched_exact
PI594751B	Y	Y	PI594751B	exact	matched_exact
PI594751C	Y	Y	PI594751C	exact	matched_exact
PI594751D	Y	Y	PI594751D	exact	matched_exact
PI594752	Y	Y	PI594752	exact	matched_exact
PI594753A	Y	Y	PI594753A	exact	matched_exact
PI594753B	Y	Y	PI594753B	exact	matched_exact
PI594753C	Y	Y	PI594753C	exact	matched_exact
PI594754	Y	Y	PI594754	exact	matched_exact
PI594755	Y	Y	PI594755	exact	matched_exact
PI594756	Y	Y	PI594756	exact	matched_exact
PI594757	Y	Y	PI594757	exact	matched_exact
PI594758A	Y	Y	PI594758A	exact	matched_exact
PI594758B	Y	Y	PI594758B	exact	matched_exact
PI594758C	Y	Y	PI594758C	exact	matched_exact
PI594759A	Y	Y	PI594759A	exact	matched_exact
PI594759B	Y	Y	PI594759B	exact	matched_exact
PI594759C	Y	Y	PI594759C	exact	matched_exact
PI594759D	Y	Y	PI594759D	exact	matched_exact
PI594760A	Y	Y	PI594760A	exact	matched_exact
PI594760B	Y	Y	PI594760B	exact	matched_exact
PI594761	Y	Y	PI594761	exact	matched_exact
PI594762	Y	Y	PI594762	exact	matched_exact
PI594763A	Y	Y	PI594763A	exact	matched_exact
PI594763B	Y	Y	PI594763B	exact	matched_exact
PI594764	Y	Y	PI594764	exact	matched_exact
PI594765	Y	Y	PI594765	exact	matched_exact
PI594766	Y	Y	PI594766	exact	matched_exact
PI594767A	Y	Y	PI594767A	exact	matched_exact
PI594767B	Y	Y	PI594767B	exact	matched_exact
PI594768	Y	Y	PI594768	exact	matched_exact
PI594769	Y	Y	PI594769	exact	matched_exact
PI594770A	Y	Y	PI594770A	exact	matched_exact
PI594770B	Y	Y	PI594770B	exact	matched_exact
PI594771	Y	Y	PI594771	exact	matched_exact
PI594772A	Y	Y	PI594772A	exact	matched_exact
PI594772B	Y	Y	PI594772B	exact	matched_exact
PI594773	Y	Y	PI594773	exact	matched_exact
PI594774	Y	Y	PI594774	exact	matched_exact
PI594775	Y	Y	PI594775	exact	matched_exact
PI594776	Y	Y	PI594776	exact	matched_exact
PI594777	Y	Y	PI594777	exact	matched_exact
PI594778	Y	Y	PI594778	exact	matched_exact
PI594779	Y	Y	PI594779	exact	matched_exact
PI594780	Y	Y	PI594780	exact	matched_exact
PI594781	Y	Y	PI594781	exact	matched_exact
PI594782	Y	Y	PI594782	exact	matched_exact
PI594783	Y	Y	PI594783	exact	matched_exact
PI594784A	Y	Y	PI594784A	exact	matched_exact
PI594784B	Y	Y	PI594784B	exact	matched_exact
PI594785	Y	Y	PI594785	exact	matched_exact
PI594786A	Y	Y	PI594786A	exact	matched_exact
PI594786B	Y	Y	PI594786B	exact	matched_exact
PI594787	Y	Y	PI594787	exact	matched_exact
PI594788	Y	Y	PI594788	exact	matched_exact
PI594789A	Y	Y	PI594789A	exact	matched_exact
PI594789B	Y	Y	PI594789B	exact	matched_exact
PI594790A	Y	Y	PI594790A	exact	matched_exact
PI594790C	Y	Y	PI594790C	exact	matched_exact
PI594791	Y	Y	PI594791	exact	matched_exact
PI594792A	Y	Y	PI594792A	exact	matched_exact
PI594792B	Y	Y	PI594792B	exact	matched_exact
PI594793	Y	Y	PI594793	exact	matched_exact
PI594794A	Y	Y	PI594794A	exact	matched_exact
PI594794B	Y	Y	PI594794B	exact	matched_exact
PI594795	Y	Y	PI594795	exact	matched_exact
PI594796	Y	Y	PI594796	exact	matched_exact
PI594797	Y	Y	PI594797	exact	matched_exact
PI594798	Y	Y	PI594798	exact	matched_exact
PI594799A	Y	Y	PI594799A	exact	matched_exact
PI594799B	Y	Y	PI594799B	exact	matched_exact
PI594800	Y	Y	PI594800	exact	matched_exact
PI594801A	Y	Y	PI594801A	exact	matched_exact
PI594801B	Y	Y	PI594801B	exact	matched_exact
PI594802A	Y	Y	PI594802A	exact	matched_exact
PI594802B	Y	Y	PI594802B	exact	matched_exact
PI594802C	Y	Y	PI594802C	exact	matched_exact
PI594802D	Y	Y	PI594802D	exact	matched_exact
PI594803A	Y	Y	PI594803A	exact	matched_exact
PI594803B	Y	Y	PI594803B	exact	matched_exact
PI594804	Y	Y	PI594804	exact	matched_exact
PI594805A	Y	Y	PI594805A	exact	matched_exact
PI594805B	Y	Y	PI594805B	exact	matched_exact
PI594806	Y	Y	PI594806	exact	matched_exact
PI594807A	Y	Y	PI594807A	exact	matched_exact
PI594807B	Y	Y	PI594807B	exact	matched_exact
PI594808	Y	Y	PI594808	exact	matched_exact
PI594809A	Y	Y	PI594809A	exact	matched_exact
PI594809B	Y	Y	PI594809B	exact	matched_exact
PI594810A	Y	Y	PI594810A	exact	matched_exact
PI594810B	Y	Y	PI594810B	exact	matched_exact
PI594811	Y	Y	PI594811	exact	matched_exact
PI594812	Y	Y	PI594812	exact	matched_exact
PI594813	Y	Y	PI594813	exact	matched_exact
PI594814	Y	Y	PI594814	exact	matched_exact
PI594815	Y	Y	PI594815	exact	matched_exact
PI594816	Y	Y	PI594816	exact	matched_exact
PI594817	Y	Y	PI594817	exact	matched_exact
PI594818	Y	Y	PI594818	exact	matched_exact
PI594819	Y	Y	PI594819	exact	matched_exact
PI594820A	Y	Y	PI594820A	exact	matched_exact
PI594820B	Y	Y	PI594820B	exact	matched_exact
PI594820C	Y	Y	PI594820C	exact	matched_exact
PI594821A	Y	Y	PI594821A	exact	matched_exact
PI594821B	Y	Y	PI594821B	exact	matched_exact
PI594822	Y	Y	PI594822	exact	matched_exact
PI594823	Y	Y	PI594823	exact	matched_exact
PI594824	Y	Y	PI594824	exact	matched_exact
PI594825	Y	Y	PI594825	exact	matched_exact
PI594826A	Y	Y	PI594826A	exact	matched_exact
PI594826B	Y	Y	PI594826B	exact	matched_exact
PI594827	Y	Y	PI594827	exact	matched_exact
PI594828A	Y	Y	PI594828A	exact	matched_exact
PI594828B	Y	Y	PI594828B	exact	matched_exact
PI594829	Y	Y	PI594829	exact	matched_exact
PI594830	Y	Y	PI594830	exact	matched_exact
PI594831	Y	Y	PI594831	exact	matched_exact
PI594832A	Y	Y	PI594832A	exact	matched_exact
PI594832B	Y	Y	PI594832B	exact	matched_exact
PI594833	Y	Y	PI594833	exact	matched_exact
PI594834A	Y	Y	PI594834A	exact	matched_exact
PI594834B	Y	Y	PI594834B	exact	matched_exact
PI594835A	Y	Y	PI594835A	exact	matched_exact
PI594835B	Y	Y	PI594835B	exact	matched_exact
PI594836	Y	Y	PI594836	exact	matched_exact
PI594837A	Y	Y	PI594837A	exact	matched_exact
PI594837B	Y	Y	PI594837B	exact	matched_exact
PI594837C	Y	Y	PI594837C	exact	matched_exact
PI594838	Y	Y	PI594838	exact	matched_exact
PI594839A	Y	Y	PI594839A	exact	matched_exact
PI594839B	Y	Y	PI594839B	exact	matched_exact
PI594840	Y	Y	PI594840	exact	matched_exact
PI594841A	Y	Y	PI594841A	exact	matched_exact
PI594841B	Y	Y	PI594841B	exact	matched_exact
PI594842	Y	Y	PI594842	exact	matched_exact
PI594843	Y	Y	PI594843	exact	matched_exact
PI594844	Y	Y	PI594844	exact	matched_exact
PI594845	Y	Y	PI594845	exact	matched_exact
PI594846	Y	Y	PI594846	exact	matched_exact
PI594847	Y	Y	PI594847	exact	matched_exact
PI594848	Y	Y	PI594848	exact	matched_exact
PI594849	Y	Y	PI594849	exact	matched_exact
PI594850	Y	Y	PI594850	exact	matched_exact
PI594851	Y	Y	PI594851	exact	matched_exact
PI594852A	Y	Y	PI594852A	exact	matched_exact
PI594852B	Y	Y	PI594852B	exact	matched_exact
PI594852C	Y	Y	PI594852C	exact	matched_exact
PI594853	Y	Y	PI594853	exact	matched_exact
PI594854	Y	Y	PI594854	exact	matched_exact
PI594855	Y	Y	PI594855	exact	matched_exact
PI594856	Y	Y	PI594856	exact	matched_exact
PI594857	Y	Y	PI594857	exact	matched_exact
PI594858A	Y	Y	PI594858A	exact	matched_exact
PI594858B	Y	Y	PI594858B	exact	matched_exact
PI594859	Y	Y	PI594859	exact	matched_exact
PI594860	Y	Y	PI594860	exact	matched_exact
PI594861	Y	Y	PI594861	exact	matched_exact
PI594862	Y	Y	PI594862	exact	matched_exact
PI594863A	Y	Y	PI594863A	exact	matched_exact
PI594863B	Y	Y	PI594863B	exact	matched_exact
PI594864	Y	Y	PI594864	exact	matched_exact
PI594865	Y	Y	PI594865	exact	matched_exact
PI594866	Y	Y	PI594866	exact	matched_exact
PI594867	Y	Y	PI594867	exact	matched_exact
PI594868	Y	Y	PI594868	exact	matched_exact
PI594869	Y	Y	PI594869	exact	matched_exact
PI594870	Y	Y	PI594870	exact	matched_exact
PI594871	Y	Y	PI594871	exact	matched_exact
PI594872	Y	Y	PI594872	exact	matched_exact
PI594873	Y	Y	PI594873	exact	matched_exact
PI594874	Y	Y	PI594874	exact	matched_exact
PI594875A	Y	Y	PI594875A	exact	matched_exact
PI594875B	Y	Y	PI594875B	exact	matched_exact
PI594876	Y	Y	PI594876	exact	matched_exact
PI594877	Y	Y	PI594877	exact	matched_exact
PI594878	Y	Y	PI594878	exact	matched_exact
PI594879	Y	Y	PI594879	exact	matched_exact
PI594880	Y	Y	PI594880	exact	matched_exact
PI594881	Y	Y	PI594881	exact	matched_exact
PI594882A	Y	Y	PI594882A	exact	matched_exact
PI594882B	Y	Y	PI594882B	exact	matched_exact
PI594883	Y	Y	PI594883	exact	matched_exact
PI594884	Y	Y	PI594884	exact	matched_exact
PI594885A	Y	Y	PI594885A	exact	matched_exact
PI594885B	Y	Y	PI594885B	exact	matched_exact
PI594885C	Y	Y	PI594885C	exact	matched_exact
PI594886	Y	Y	PI594886	exact	matched_exact
PI594887	Y	Y	PI594887	exact	matched_exact
PI594888	Y	Y	PI594888	exact	matched_exact
PI594889	Y	Y	PI594889	exact	matched_exact
PI594890	Y	Y	PI594890	exact	matched_exact
PI594891	Y	Y	PI594891	exact	matched_exact
PI594892	Y	Y	PI594892	exact	matched_exact
PI594894	Y	Y	PI594894	exact	matched_exact
PI594895	Y	Y	PI594895	exact	matched_exact
PI594896	Y	Y	PI594896	exact	matched_exact
PI594897	Y	Y	PI594897	exact	matched_exact
PI594898	Y	Y	PI594898	exact	matched_exact
PI594899A	Y	Y	PI594899A	exact	matched_exact
PI594899B	Y	Y	PI594899B	exact	matched_exact
PI594900A	Y	Y	PI594900A	exact	matched_exact
PI594900B	Y	Y	PI594900B	exact	matched_exact
PI594901	Y	Y	PI594901	exact	matched_exact
PI594902	Y	Y	PI594902	exact	matched_exact
PI594903	Y	Y	PI594903	exact	matched_exact
PI594904	Y	Y	PI594904	exact	matched_exact
PI594908	Y	Y	PI594908	exact	matched_exact
PI594922	Y	Y	PI594922	exact	matched_exact
PI595081	Y	Y	PI595081	exact	matched_exact
PI595099	Y	Y	PI595099	exact	matched_exact
PI595363	Y	Y	PI595363	exact	matched_exact
PI595645	Y	Y	PI595645	exact	matched_exact
PI595753	Y	Y	PI595753	exact	matched_exact
PI595754	Y	Y	PI595754	exact	matched_exact
PI595765	Y	Y	PI595765	exact	matched_exact
PI595792	N	Y		none	phenotype_only
PI595793	N	Y		none	phenotype_only
PI595794	N	Y		none	phenotype_only
PI595795	N	Y		none	phenotype_only
PI595796	N	Y		none	phenotype_only
PI595797	N	Y		none	phenotype_only
PI595798	N	Y		none	phenotype_only
PI595799	N	Y		none	phenotype_only
PI595800	N	Y		none	phenotype_only
PI595801	N	Y		none	phenotype_only
PI595802	N	Y		none	phenotype_only
PI595803	N	Y		none	phenotype_only
PI595804	N	Y		none	phenotype_only
PI595805	N	Y		none	phenotype_only
PI595806	N	Y		none	phenotype_only
PI595807	N	Y		none	phenotype_only
PI595808	N	Y		none	phenotype_only
PI595809	N	Y		none	phenotype_only
PI595810	N	Y		none	phenotype_only
PI595811	N	Y		none	phenotype_only
PI595812	N	Y		none	phenotype_only
PI595813	N	Y		none	phenotype_only
PI595814	N	Y		none	phenotype_only
PI595815	N	Y		none	phenotype_only
PI595817	N	Y		none	phenotype_only
PI595818	N	Y		none	phenotype_only
PI595819	N	Y		none	phenotype_only
PI595820	N	Y		none	phenotype_only
PI595821	N	Y		none	phenotype_only
PI595822	N	Y		none	phenotype_only
PI595823	N	Y		none	phenotype_only
PI595824	N	Y		none	phenotype_only
PI595843	Y	Y	PI595843	exact	matched_exact
PI595926	Y	Y	PI595926	exact	matched_exact
PI596407	Y	Y	PI596407	exact	matched_exact
PI596412	Y	Y	PI596412	exact	matched_exact
PI596413	Y	Y	PI596413	exact	matched_exact
PI596414	Y	Y	PI596414	exact	matched_exact
PI596525	Y	Y	PI596525	exact	matched_exact
PI596526	Y	Y	PI596526	exact	matched_exact
PI596527	Y	Y	PI596527	exact	matched_exact
PI596540	Y	Y	PI596540	exact	matched_exact
PI596541	Y	Y	PI596541	exact	matched_exact
PI596752	Y	Y	PI596752	exact	matched_exact
PI597380	Y	Y	PI597380	exact	matched_exact
PI597381	Y	Y	PI597381	exact	matched_exact
PI597382	Y	Y	PI597382	exact	matched_exact
PI597383	Y	Y	PI597383	exact	matched_exact
PI597384	Y	Y	PI597384	exact	matched_exact
PI597385	Y	Y	PI597385	exact	matched_exact
PI597386	Y	Y	PI597386	exact	matched_exact
PI597387	Y	Y	PI597387	exact	matched_exact
PI597388	Y	Y	PI597388	exact	matched_exact
PI597389	Y	Y	PI597389	exact	matched_exact
PI597390	Y	Y	PI597390	exact	matched_exact
PI597391A	Y	Y	PI597391A	exact	matched_exact
PI597391B	Y	Y	PI597391B	exact	matched_exact
PI597391C	Y	Y	PI597391C	exact	matched_exact
PI597393	Y	Y	PI597393	exact	matched_exact
PI597394	Y	Y	PI597394	exact	matched_exact
PI597395	Y	Y	PI597395	exact	matched_exact
PI597397A	Y	Y	PI597397A	exact	matched_exact
PI597397B	Y	Y	PI597397B	exact	matched_exact
PI597398	Y	Y	PI597398	exact	matched_exact
PI597399	Y	Y	PI597399	exact	matched_exact
PI597400	Y	Y	PI597400	exact	matched_exact
PI597402	Y	Y	PI597402	exact	matched_exact
PI597403A	Y	Y	PI597403A	exact	matched_exact
PI597403B	Y	Y	PI597403B	exact	matched_exact
PI597404	Y	Y	PI597404	exact	matched_exact
PI597405A	Y	Y	PI597405A	exact	matched_exact
PI597405B	Y	Y	PI597405B	exact	matched_exact
PI597405C	Y	Y	PI597405C	exact	matched_exact
PI597405D	Y	Y	PI597405D	exact	matched_exact
PI597406	Y	Y	PI597406	exact	matched_exact
PI597407A	Y	Y	PI597407A	exact	matched_exact
PI597407B	Y	Y	PI597407B	exact	matched_exact
PI597408	Y	Y	PI597408	exact	matched_exact
PI597409	Y	Y	PI597409	exact	matched_exact
PI597411A	Y	Y	PI597411A	exact	matched_exact
PI597411B	Y	Y	PI597411B	exact	matched_exact
PI597412	Y	Y	PI597412	exact	matched_exact
PI597413	Y	Y	PI597413	exact	matched_exact
PI597415	Y	Y	PI597415	exact	matched_exact
PI597416	Y	Y	PI597416	exact	matched_exact
PI597417	Y	Y	PI597417	exact	matched_exact
PI597419	Y	Y	PI597419	exact	matched_exact
PI597420	Y	Y	PI597420	exact	matched_exact
PI597421	Y	Y	PI597421	exact	matched_exact
PI597422	Y	Y	PI597422	exact	matched_exact
PI597423	Y	Y	PI597423	exact	matched_exact
PI597425	Y	Y	PI597425	exact	matched_exact
PI597426	Y	Y	PI597426	exact	matched_exact
PI597427A	Y	Y	PI597427A	exact	matched_exact
PI597427B	Y	Y	PI597427B	exact	matched_exact
PI597428	Y	Y	PI597428	exact	matched_exact
PI597429	Y	Y	PI597429	exact	matched_exact
PI597430A	Y	Y	PI597430A	exact	matched_exact
PI597430B	Y	Y	PI597430B	exact	matched_exact
PI597431	Y	Y	PI597431	exact	matched_exact
PI597432	Y	Y	PI597432	exact	matched_exact
PI597433	Y	Y	PI597433	exact	matched_exact
PI597434	Y	Y	PI597434	exact	matched_exact
PI597435	Y	Y	PI597435	exact	matched_exact
PI597436	Y	Y	PI597436	exact	matched_exact
PI597439	Y	Y	PI597439	exact	matched_exact
PI597440A	Y	Y	PI597440A	exact	matched_exact
PI597440B	Y	Y	PI597440B	exact	matched_exact
PI597440C	Y	Y	PI597440C	exact	matched_exact
PI597441	Y	Y	PI597441	exact	matched_exact
PI597442	Y	Y	PI597442	exact	matched_exact
PI597443	Y	Y	PI597443	exact	matched_exact
PI597444	Y	Y	PI597444	exact	matched_exact
PI597445	Y	Y	PI597445	exact	matched_exact
PI597446	Y	Y	PI597446	exact	matched_exact
PI597447	Y	Y	PI597447	exact	matched_exact
PI597448A	Y	N		none	vcf_only
PI597448B	Y	N		none	vcf_only
PI597448C	Y	N		none	vcf_only
PI597448D	Y	N		none	vcf_only
PI597449	Y	N		none	vcf_only
PI597450A	Y	N		none	vcf_only
PI597450B	Y	N		none	vcf_only
PI597451A	Y	N		none	vcf_only
PI597451B	Y	N		none	vcf_only
PI597451C	Y	N		none	vcf_only
PI597452A	Y	N		none	vcf_only
PI597452B	Y	N		none	vcf_only
PI597452C	Y	N		none	vcf_only
PI597453	Y	N		none	vcf_only
PI597454A	Y	N		none	vcf_only
PI597454B	Y	N		none	vcf_only
PI597455	Y	N		none	vcf_only
PI597456	Y	N		none	vcf_only
PI597457A	Y	N		none	vcf_only
PI597457B	Y	N		none	vcf_only
PI597458A	Y	N		none	vcf_only
PI597458B	Y	N		none	vcf_only
PI597458C	Y	N		none	vcf_only
PI597459A	Y	N		none	vcf_only
PI597459B	Y	N		none	vcf_only
PI597459C	Y	N		none	vcf_only
PI597459D	Y	N		none	vcf_only
PI597460A	Y	N		none	vcf_only
PI597460B	Y	N		none	vcf_only
PI597461A	Y	N		none	vcf_only
PI597461B	Y	N		none	vcf_only
PI597461C	Y	N		none	vcf_only
PI597462A	Y	N		none	vcf_only
PI597462B	Y	N		none	vcf_only
PI597462C	Y	N		none	vcf_only
PI597464	Y	Y	PI597464	exact	matched_exact
PI597465	Y	Y	PI597465	exact	matched_exact
PI597467	Y	Y	PI597467	exact	matched_exact
PI597468	Y	Y	PI597468	exact	matched_exact
PI597469	Y	Y	PI597469	exact	matched_exact
PI597470	Y	Y	PI597470	exact	matched_exact
PI597471A	Y	Y	PI597471A	exact	matched_exact
PI597471B	Y	Y	PI597471B	exact	matched_exact
PI597471D	Y	Y	PI597471D	exact	matched_exact
PI597471E	Y	Y	PI597471E	exact	matched_exact
PI597472	Y	Y	PI597472	exact	matched_exact
PI597473	Y	Y	PI597473	exact	matched_exact
PI597474	Y	Y	PI597474	exact	matched_exact
PI597475A	Y	Y	PI597475A	exact	matched_exact
PI597475B	Y	Y	PI597475B	exact	matched_exact
PI597476	Y	Y	PI597476	exact	matched_exact
PI597477	Y	Y	PI597477	exact	matched_exact
PI597478A	Y	Y	PI597478A	exact	matched_exact
PI597478B	Y	Y	PI597478B	exact	matched_exact
PI597479	Y	Y	PI597479	exact	matched_exact
PI597480A	Y	Y	PI597480A	exact	matched_exact
PI597480B	Y	Y	PI597480B	exact	matched_exact
PI597481	Y	Y	PI597481	exact	matched_exact
PI597482	Y	Y	PI597482	exact	matched_exact
PI597483	Y	Y	PI597483	exact	matched_exact
PI597484	Y	Y	PI597484	exact	matched_exact
PI597485	Y	Y	PI597485	exact	matched_exact
PI597486	Y	Y	PI597486	exact	matched_exact
PI597487	Y	Y	PI597487	exact	matched_exact
PI597649	Y	Y	PI597649	exact	matched_exact
PI597651	Y	Y	PI597651	exact	matched_exact
PI597652	Y	Y	PI597652	exact	matched_exact
PI597653	Y	Y	PI597653	exact	matched_exact
PI597654	Y	Y	PI597654	exact	matched_exact
PI597655	Y	Y	PI597655	exact	matched_exact
PI597656	Y	Y	PI597656	exact	matched_exact
PI597657	Y	Y	PI597657	exact	matched_exact
PI597658	Y	Y	PI597658	exact	matched_exact
PI597659	Y	Y	PI597659	exact	matched_exact
PI597660	Y	Y	PI597660	exact	matched_exact
PI597661	Y	Y	PI597661	exact	matched_exact
PI597662	Y	Y	PI597662	exact	matched_exact
PI597663	Y	Y	PI597663	exact	matched_exact
PI597664	Y	Y	PI597664	exact	matched_exact
PI598124	Y	Y	PI598124	exact	matched_exact
PI598222	Y	Y	PI598222	exact	matched_exact
PI598358	Y	Y	PI598358	exact	matched_exact
PI59845	Y	N	PI059845	zero_pad_candidate	ambiguous
PI59849	Y	N	PI059849	zero_pad_candidate	ambiguous
PI599299	Y	Y	PI599299	exact	matched_exact
PI599300	Y	Y	PI599300	exact	matched_exact
PI599333	Y	Y	PI599333	exact	matched_exact
PI599400	N	Y		none	phenotype_only
PI599401	N	Y		none	phenotype_only
PI599402	N	Y		none	phenotype_only
PI599403	N	Y		none	phenotype_only
PI599404	N	Y		none	phenotype_only
PI599405	N	Y		none	phenotype_only
PI599406	N	Y		none	phenotype_only
PI599407	N	Y		none	phenotype_only
PI599408	N	Y		none	phenotype_only
PI599409	N	Y		none	phenotype_only
PI599410	N	Y		none	phenotype_only
PI599411	N	Y		none	phenotype_only
PI599412	N	Y		none	phenotype_only
PI599413	N	Y		none	phenotype_only
PI599414	N	Y		none	phenotype_only
PI599415	N	Y		none	phenotype_only
PI599416	N	Y		none	phenotype_only
PI599417	N	Y		none	phenotype_only
PI599418	N	Y		none	phenotype_only
PI599419	N	Y		none	phenotype_only
PI599420	N	Y		none	phenotype_only
PI599421	N	Y		none	phenotype_only
PI599422	N	Y		none	phenotype_only
PI599508	Y	Y	PI599508	exact	matched_exact
PI599509	Y	Y	PI599509	exact	matched_exact
PI599584	N	Y		none	phenotype_only
PI599811	Y	Y	PI599811	exact	matched_exact
PI601982	Y	Y	PI601982	exact	matched_exact
PI601983	Y	Y	PI601983	exact	matched_exact
PI601984	Y	Y	PI601984	exact	matched_exact
PI602059	Y	Y	PI602059	exact	matched_exact
PI602060	Y	Y	PI602060	exact	matched_exact
PI602447	Y	Y	PI602447	exact	matched_exact
PI602448	Y	Y	PI602448	exact	matched_exact
PI602449	Y	Y	PI602449	exact	matched_exact
PI602450	Y	Y	PI602450	exact	matched_exact
PI602451	Y	Y	PI602451	exact	matched_exact
PI602452	Y	Y	PI602452	exact	matched_exact
PI602453	Y	Y	PI602453	exact	matched_exact
PI602455	Y	Y	PI602455	exact	matched_exact
PI602490	Y	Y	PI602490	exact	matched_exact
PI602491	Y	Y	PI602491	exact	matched_exact
PI602492	Y	Y	PI602492	exact	matched_exact
PI602493	Y	Y	PI602493	exact	matched_exact
PI602496	Y	Y	PI602496	exact	matched_exact
PI602497A	Y	Y	PI602497A	exact	matched_exact
PI602497B	Y	Y	PI602497B	exact	matched_exact
PI602498	Y	Y	PI602498	exact	matched_exact
PI602499	Y	Y	PI602499	exact	matched_exact
PI602500A	Y	Y	PI602500A	exact	matched_exact
PI602500B	Y	Y	PI602500B	exact	matched_exact
PI602501	Y	Y	PI602501	exact	matched_exact
PI602502A	Y	Y	PI602502A	exact	matched_exact
PI602502B	Y	Y	PI602502B	exact	matched_exact
PI602593	Y	Y	PI602593	exact	matched_exact
PI602594	Y	Y	PI602594	exact	matched_exact
PI602597	Y	Y	PI602597	exact	matched_exact
PI60269	Y	N	PI060269	zero_pad_candidate	ambiguous
PI60269-2	Y	N	PI060269-2	zero_pad_candidate	ambiguous
PI60272	Y	N	PI060272	zero_pad_candidate	ambiguous
PI60273	Y	N	PI060273	zero_pad_candidate	ambiguous
PI60279	Y	N	PI060279	zero_pad_candidate	ambiguous
PI602896	Y	Y	PI602896	exact	matched_exact
PI602897	Y	Y	PI602897	exact	matched_exact
PI602950	Y	N		none	vcf_only
PI60296	Y	N	PI060296	zero_pad_candidate	ambiguous
PI60296-1	Y	N	PI060296-1	zero_pad_candidate	ambiguous
PI60296-2	Y	N	PI060296-2	zero_pad_candidate	ambiguous
PI602991	Y	Y	PI602991	exact	matched_exact
PI602992	Y	Y	PI602992	exact	matched_exact
PI602993	Y	Y	PI602993	exact	matched_exact
PI602994	Y	Y	PI602994	exact	matched_exact
PI602996	Y	Y	PI602996	exact	matched_exact
PI603146	Y	N		none	vcf_only
PI603147	Y	Y	PI603147	exact	matched_exact
PI603148	Y	Y	PI603148	exact	matched_exact
PI603149	Y	Y	PI603149	exact	matched_exact
PI603150	Y	Y	PI603150	exact	matched_exact
PI603151A	Y	Y	PI603151A	exact	matched_exact
PI603151B	Y	Y	PI603151B	exact	matched_exact
PI603152	Y	N		none	vcf_only
PI603153	Y	Y	PI603153	exact	matched_exact
PI603154	Y	Y	PI603154	exact	matched_exact
PI603155	Y	Y	PI603155	exact	matched_exact
PI603156	Y	Y	PI603156	exact	matched_exact
PI603157	Y	Y	PI603157	exact	matched_exact
PI603158	Y	Y	PI603158	exact	matched_exact
PI603159	Y	Y	PI603159	exact	matched_exact
PI603160	Y	Y	PI603160	exact	matched_exact
PI603161	Y	Y	PI603161	exact	matched_exact
PI603162	Y	Y	PI603162	exact	matched_exact
PI603163	Y	Y	PI603163	exact	matched_exact
PI603164	Y	Y	PI603164	exact	matched_exact
PI603165A	Y	Y	PI603165A	exact	matched_exact
PI603165B	Y	Y	PI603165B	exact	matched_exact
PI603166	Y	Y	PI603166	exact	matched_exact
PI603167	Y	Y	PI603167	exact	matched_exact
PI603168	Y	Y	PI603168	exact	matched_exact
PI603169	Y	Y	PI603169	exact	matched_exact
PI603170	Y	Y	PI603170	exact	matched_exact
PI603171	Y	Y	PI603171	exact	matched_exact
PI603172	Y	Y	PI603172	exact	matched_exact
PI603173	Y	Y	PI603173	exact	matched_exact
PI603174A	Y	Y	PI603174A	exact	matched_exact
PI603174B	Y	Y	PI603174B	exact	matched_exact
PI603175	Y	Y	PI603175	exact	matched_exact
PI603176A	Y	Y	PI603176A	exact	matched_exact
PI603176B	Y	Y	PI603176B	exact	matched_exact
PI603178	Y	Y	PI603178	exact	matched_exact
PI603180	Y	Y	PI603180	exact	matched_exact
PI603181	Y	Y	PI603181	exact	matched_exact
PI603182	Y	Y	PI603182	exact	matched_exact
PI603183	Y	Y	PI603183	exact	matched_exact
PI603184	Y	Y	PI603184	exact	matched_exact
PI603185	Y	Y	PI603185	exact	matched_exact
PI603186	Y	Y	PI603186	exact	matched_exact
PI603187	Y	Y	PI603187	exact	matched_exact
PI603188	Y	Y	PI603188	exact	matched_exact
PI603189	Y	Y	PI603189	exact	matched_exact
PI603190	Y	Y	PI603190	exact	matched_exact
PI603191	Y	Y	PI603191	exact	matched_exact
PI603192	Y	Y	PI603192	exact	matched_exact
PI603193	Y	Y	PI603193	exact	matched_exact
PI603194	Y	Y	PI603194	exact	matched_exact
PI603195	Y	Y	PI603195	exact	matched_exact
PI603196	Y	Y	PI603196	exact	matched_exact
PI603197	Y	Y	PI603197	exact	matched_exact
PI603198	Y	Y	PI603198	exact	matched_exact
PI603199	Y	Y	PI603199	exact	matched_exact
PI603200	Y	Y	PI603200	exact	matched_exact
PI603201	Y	Y	PI603201	exact	matched_exact
PI603202	Y	Y	PI603202	exact	matched_exact
PI603203	Y	Y	PI603203	exact	matched_exact
PI603204	Y	Y	PI603204	exact	matched_exact
PI603205	Y	Y	PI603205	exact	matched_exact
PI603218	Y	Y	PI603218	exact	matched_exact
PI603290	Y	Y	PI603290	exact	matched_exact
PI603291	Y	Y	PI603291	exact	matched_exact
PI603292	Y	Y	PI603292	exact	matched_exact
PI603293A	Y	Y	PI603293A	exact	matched_exact
PI603293B	Y	Y	PI603293B	exact	matched_exact
PI603294	Y	Y	PI603294	exact	matched_exact
PI603295	Y	Y	PI603295	exact	matched_exact
PI603296	Y	Y	PI603296	exact	matched_exact
PI603297	Y	Y	PI603297	exact	matched_exact
PI603298	Y	Y	PI603298	exact	matched_exact
PI603299	Y	Y	PI603299	exact	matched_exact
PI603300	Y	Y	PI603300	exact	matched_exact
PI603301A	Y	Y	PI603301A	exact	matched_exact
PI603301B	Y	Y	PI603301B	exact	matched_exact
PI603302	Y	Y	PI603302	exact	matched_exact
PI603303	Y	Y	PI603303	exact	matched_exact
PI603304	Y	Y	PI603304	exact	matched_exact
PI603305	Y	Y	PI603305	exact	matched_exact
PI603306	Y	Y	PI603306	exact	matched_exact
PI603307	Y	Y	PI603307	exact	matched_exact
PI603308A	Y	Y	PI603308A	exact	matched_exact
PI603308B	Y	Y	PI603308B	exact	matched_exact
PI603309	Y	Y	PI603309	exact	matched_exact
PI603310	Y	Y	PI603310	exact	matched_exact
PI603311	Y	Y	PI603311	exact	matched_exact
PI603312	Y	Y	PI603312	exact	matched_exact
PI603313	Y	Y	PI603313	exact	matched_exact
PI603314	Y	Y	PI603314	exact	matched_exact
PI603315	Y	Y	PI603315	exact	matched_exact
PI603316	Y	Y	PI603316	exact	matched_exact
PI603317	Y	Y	PI603317	exact	matched_exact
PI603318	Y	Y	PI603318	exact	matched_exact
PI603319	Y	Y	PI603319	exact	matched_exact
PI603320	Y	Y	PI603320	exact	matched_exact
PI603321	Y	Y	PI603321	exact	matched_exact
PI603322	Y	Y	PI603322	exact	matched_exact
PI603323	Y	Y	PI603323	exact	matched_exact
PI603324A	Y	Y	PI603324A	exact	matched_exact
PI603324B	Y	Y	PI603324B	exact	matched_exact
PI603325	Y	Y	PI603325	exact	matched_exact
PI603326	Y	Y	PI603326	exact	matched_exact
PI603327	Y	Y	PI603327	exact	matched_exact
PI603328	Y	Y	PI603328	exact	matched_exact
PI603329	Y	Y	PI603329	exact	matched_exact
PI603330	Y	Y	PI603330	exact	matched_exact
PI603331	Y	Y	PI603331	exact	matched_exact
PI603332	Y	Y	PI603332	exact	matched_exact
PI603333	Y	Y	PI603333	exact	matched_exact
PI603334	Y	Y	PI603334	exact	matched_exact
PI603335A	Y	Y	PI603335A	exact	matched_exact
PI603335B	Y	Y	PI603335B	exact	matched_exact
PI603336	Y	Y	PI603336	exact	matched_exact
PI603337A	Y	Y	PI603337A	exact	matched_exact
PI603337B	Y	Y	PI603337B	exact	matched_exact
PI603338	Y	Y	PI603338	exact	matched_exact
PI603339A	Y	Y	PI603339A	exact	matched_exact
PI603339B	Y	Y	PI603339B	exact	matched_exact
PI603340	Y	Y	PI603340	exact	matched_exact
PI603341	Y	Y	PI603341	exact	matched_exact
PI603342	Y	Y	PI603342	exact	matched_exact
PI603343A	Y	Y	PI603343A	exact	matched_exact
PI603343B	Y	Y	PI603343B	exact	matched_exact
PI603344	Y	Y	PI603344	exact	matched_exact
PI603345	Y	Y	PI603345	exact	matched_exact
PI603346A	Y	Y	PI603346A	exact	matched_exact
PI603346B	Y	Y	PI603346B	exact	matched_exact
PI603347	Y	Y	PI603347	exact	matched_exact
PI603348A	Y	Y	PI603348A	exact	matched_exact
PI603348B	Y	Y	PI603348B	exact	matched_exact
PI603348C	Y	Y	PI603348C	exact	matched_exact
PI603349	Y	Y	PI603349	exact	matched_exact
PI603350	Y	Y	PI603350	exact	matched_exact
PI603351	Y	Y	PI603351	exact	matched_exact
PI603352	Y	Y	PI603352	exact	matched_exact
PI603353	Y	Y	PI603353	exact	matched_exact
PI603354	Y	Y	PI603354	exact	matched_exact
PI603355	Y	Y	PI603355	exact	matched_exact
PI603356	Y	Y	PI603356	exact	matched_exact
PI603357	Y	Y	PI603357	exact	matched_exact
PI603358A	Y	Y	PI603358A	exact	matched_exact
PI603358B	Y	Y	PI603358B	exact	matched_exact
PI603359	Y	Y	PI603359	exact	matched_exact
PI603360	Y	Y	PI603360	exact	matched_exact
PI603361	Y	Y	PI603361	exact	matched_exact
PI603362	Y	Y	PI603362	exact	matched_exact
PI603363A	Y	Y	PI603363A	exact	matched_exact
PI603363B	Y	Y	PI603363B	exact	matched_exact
PI603364	Y	Y	PI603364	exact	matched_exact
PI603365	Y	Y	PI603365	exact	matched_exact
PI603366	Y	Y	PI603366	exact	matched_exact
PI603367	Y	Y	PI603367	exact	matched_exact
PI603368	Y	Y	PI603368	exact	matched_exact
PI603369	Y	Y	PI603369	exact	matched_exact
PI603370	Y	Y	PI603370	exact	matched_exact
PI603371	Y	Y	PI603371	exact	matched_exact
PI603372	Y	Y	PI603372	exact	matched_exact
PI603373	Y	Y	PI603373	exact	matched_exact
PI603374	Y	Y	PI603374	exact	matched_exact
PI603375	Y	Y	PI603375	exact	matched_exact
PI603376	Y	Y	PI603376	exact	matched_exact
PI603377	Y	Y	PI603377	exact	matched_exact
PI603378A	Y	Y	PI603378A	exact	matched_exact
PI603378B	Y	Y	PI603378B	exact	matched_exact
PI603379	Y	Y	PI603379	exact	matched_exact
PI603380	Y	Y	PI603380	exact	matched_exact
PI603381A	Y	Y	PI603381A	exact	matched_exact
PI603381B	Y	Y	PI603381B	exact	matched_exact
PI603381C	Y	Y	PI603381C	exact	matched_exact
PI603382A	Y	Y	PI603382A	exact	matched_exact
PI603382B	Y	Y	PI603382B	exact	matched_exact
PI603383	Y	Y	PI603383	exact	matched_exact
PI603384	Y	Y	PI603384	exact	matched_exact
PI603385	Y	Y	PI603385	exact	matched_exact
PI603386	Y	Y	PI603386	exact	matched_exact
PI603387	Y	Y	PI603387	exact	matched_exact
PI603388	Y	Y	PI603388	exact	matched_exact
PI603389	Y	Y	PI603389	exact	matched_exact
PI603390A	Y	Y	PI603390A	exact	matched_exact
PI603390B	Y	Y	PI603390B	exact	matched_exact
PI603391	Y	Y	PI603391	exact	matched_exact
PI603392	Y	Y	PI603392	exact	matched_exact
PI603393	Y	Y	PI603393	exact	matched_exact
PI603394	Y	Y	PI603394	exact	matched_exact
PI603395	Y	Y	PI603395	exact	matched_exact
PI603396	Y	Y	PI603396	exact	matched_exact
PI603397	Y	Y	PI603397	exact	matched_exact
PI603398A	Y	Y	PI603398A	exact	matched_exact
PI603398B	Y	Y	PI603398B	exact	matched_exact
PI603399	Y	Y	PI603399	exact	matched_exact
PI603400	Y	Y	PI603400	exact	matched_exact
PI603401	Y	Y	PI603401	exact	matched_exact
PI603402	Y	Y	PI603402	exact	matched_exact
PI603403	Y	Y	PI603403	exact	matched_exact
PI603404	Y	Y	PI603404	exact	matched_exact
PI603405A	Y	Y	PI603405A	exact	matched_exact
PI603405B	Y	Y	PI603405B	exact	matched_exact
PI603406	Y	Y	PI603406	exact	matched_exact
PI603407	Y	Y	PI603407	exact	matched_exact
PI603408	Y	Y	PI603408	exact	matched_exact
PI603409	Y	Y	PI603409	exact	matched_exact
PI603410	Y	Y	PI603410	exact	matched_exact
PI603411	Y	Y	PI603411	exact	matched_exact
PI603412A	Y	Y	PI603412A	exact	matched_exact
PI603412B	Y	Y	PI603412B	exact	matched_exact
PI603413	Y	Y	PI603413	exact	matched_exact
PI603414	Y	Y	PI603414	exact	matched_exact
PI603415	Y	Y	PI603415	exact	matched_exact
PI603416	Y	Y	PI603416	exact	matched_exact
PI603417	Y	Y	PI603417	exact	matched_exact
PI603418A	Y	Y	PI603418A	exact	matched_exact
PI603418B	Y	Y	PI603418B	exact	matched_exact
PI603418C	Y	Y	PI603418C	exact	matched_exact
PI603418D	Y	Y	PI603418D	exact	matched_exact
PI603419A	Y	Y	PI603419A	exact	matched_exact
PI603419B	Y	Y	PI603419B	exact	matched_exact
PI603419C	Y	Y	PI603419C	exact	matched_exact
PI603420	Y	Y	PI603420	exact	matched_exact
PI603421A	Y	Y	PI603421A	exact	matched_exact
PI603421B	Y	Y	PI603421B	exact	matched_exact
PI603422A	Y	Y	PI603422A	exact	matched_exact
PI603422B	Y	Y	PI603422B	exact	matched_exact
PI603422C	Y	Y	PI603422C	exact	matched_exact
PI603422D	Y	Y	PI603422D	exact	matched_exact
PI603423A	Y	Y	PI603423A	exact	matched_exact
PI603423B	Y	Y	PI603423B	exact	matched_exact
PI603424A	Y	Y	PI603424A	exact	matched_exact
PI603424B	Y	Y	PI603424B	exact	matched_exact
PI603424C	Y	Y	PI603424C	exact	matched_exact
PI603424D	Y	Y	PI603424D	exact	matched_exact
PI603425	Y	Y	PI603425	exact	matched_exact
PI603426A	Y	Y	PI603426A	exact	matched_exact
PI603426B	Y	Y	PI603426B	exact	matched_exact
PI603426C	Y	Y	PI603426C	exact	matched_exact
PI603426D	Y	Y	PI603426D	exact	matched_exact
PI603426E	Y	Y	PI603426E	exact	matched_exact
PI603426F	Y	Y	PI603426F	exact	matched_exact
PI603426G	Y	Y	PI603426G	exact	matched_exact
PI603427A	Y	Y	PI603427A	exact	matched_exact
PI603427B	Y	Y	PI603427B	exact	matched_exact
PI603427C	Y	Y	PI603427C	exact	matched_exact
PI603428A	Y	Y	PI603428A	exact	matched_exact
PI603428B	Y	Y	PI603428B	exact	matched_exact
PI603428C	Y	Y	PI603428C	exact	matched_exact
PI603428D	Y	Y	PI603428D	exact	matched_exact
PI603429A	Y	Y	PI603429A	exact	matched_exact
PI603429B	Y	Y	PI603429B	exact	matched_exact
PI603429C	Y	Y	PI603429C	exact	matched_exact
PI603429D	Y	Y	PI603429D	exact	matched_exact
PI603430A	Y	Y	PI603430A	exact	matched_exact
PI603430B	Y	Y	PI603430B	exact	matched_exact
PI603431	Y	Y	PI603431	exact	matched_exact
PI603432A	Y	Y	PI603432A	exact	matched_exact
PI603432B	Y	Y	PI603432B	exact	matched_exact
PI603432C	Y	Y	PI603432C	exact	matched_exact
PI603433A	Y	Y	PI603433A	exact	matched_exact
PI603433B	Y	Y	PI603433B	exact	matched_exact
PI603434	Y	Y	PI603434	exact	matched_exact
PI603435A	Y	Y	PI603435A	exact	matched_exact
PI603435B	Y	Y	PI603435B	exact	matched_exact
PI603436A	Y	Y	PI603436A	exact	matched_exact
PI603436B	Y	Y	PI603436B	exact	matched_exact
PI603437A	Y	Y	PI603437A	exact	matched_exact
PI603437B	Y	Y	PI603437B	exact	matched_exact
PI603437C	Y	Y	PI603437C	exact	matched_exact
PI603438A	Y	Y	PI603438A	exact	matched_exact
PI603438B	Y	Y	PI603438B	exact	matched_exact
PI603438C	Y	Y	PI603438C	exact	matched_exact
PI603438D	Y	Y	PI603438D	exact	matched_exact
PI603438E	Y	Y	PI603438E	exact	matched_exact
PI603439	Y	Y	PI603439	exact	matched_exact
PI603440A	Y	Y	PI603440A	exact	matched_exact
PI603440B	Y	Y	PI603440B	exact	matched_exact
PI603440C	Y	Y	PI603440C	exact	matched_exact
PI603441	Y	Y	PI603441	exact	matched_exact
PI603442	Y	Y	PI603442	exact	matched_exact
PI603443A	Y	Y	PI603443A	exact	matched_exact
PI603443B	Y	Y	PI603443B	exact	matched_exact
PI603443C	Y	Y	PI603443C	exact	matched_exact
PI603444A	Y	Y	PI603444A	exact	matched_exact
PI603444B	Y	Y	PI603444B	exact	matched_exact
PI603444C	Y	Y	PI603444C	exact	matched_exact
PI603444D	Y	Y	PI603444D	exact	matched_exact
PI603444E	Y	Y	PI603444E	exact	matched_exact
PI603445A	Y	Y	PI603445A	exact	matched_exact
PI603445B	Y	Y	PI603445B	exact	matched_exact
PI603446	Y	Y	PI603446	exact	matched_exact
PI603447	Y	Y	PI603447	exact	matched_exact
PI603448	Y	Y	PI603448	exact	matched_exact
PI603449	Y	Y	PI603449	exact	matched_exact
PI603450	Y	Y	PI603450	exact	matched_exact
PI603451A	Y	Y	PI603451A	exact	matched_exact
PI603451B	Y	Y	PI603451B	exact	matched_exact
PI603452	Y	Y	PI603452	exact	matched_exact
PI603453	Y	Y	PI603453	exact	matched_exact
PI603454	Y	Y	PI603454	exact	matched_exact
PI603455A	Y	Y	PI603455A	exact	matched_exact
PI603455B	Y	Y	PI603455B	exact	matched_exact
PI603456	Y	Y	PI603456	exact	matched_exact
PI603457A	Y	Y	PI603457A	exact	matched_exact
PI603457B	Y	Y	PI603457B	exact	matched_exact
PI603457C	Y	Y	PI603457C	exact	matched_exact
PI603458A	Y	Y	PI603458A	exact	matched_exact
PI603458B	Y	Y	PI603458B	exact	matched_exact
PI603458C	Y	Y	PI603458C	exact	matched_exact
PI603459	Y	Y	PI603459	exact	matched_exact
PI603460	Y	Y	PI603460	exact	matched_exact
PI603461	Y	Y	PI603461	exact	matched_exact
PI603462	Y	Y	PI603462	exact	matched_exact
PI603463	Y	Y	PI603463	exact	matched_exact
PI603464	Y	Y	PI603464	exact	matched_exact
PI603465A	Y	Y	PI603465A	exact	matched_exact
PI603465B	Y	Y	PI603465B	exact	matched_exact
PI603465C	Y	Y	PI603465C	exact	matched_exact
PI603465D	Y	Y	PI603465D	exact	matched_exact
PI603466A	Y	Y	PI603466A	exact	matched_exact
PI603466B	Y	Y	PI603466B	exact	matched_exact
PI603467	Y	Y	PI603467	exact	matched_exact
PI603468	Y	Y	PI603468	exact	matched_exact
PI603469	Y	Y	PI603469	exact	matched_exact
PI603470	Y	Y	PI603470	exact	matched_exact
PI603471	Y	Y	PI603471	exact	matched_exact
PI603472A	Y	Y	PI603472A	exact	matched_exact
PI603472B	Y	Y	PI603472B	exact	matched_exact
PI603472C	Y	Y	PI603472C	exact	matched_exact
PI603472D	Y	Y	PI603472D	exact	matched_exact
PI603473	Y	Y	PI603473	exact	matched_exact
PI603474	Y	Y	PI603474	exact	matched_exact
PI603475	Y	Y	PI603475	exact	matched_exact
PI603476	Y	Y	PI603476	exact	matched_exact
PI603477A	Y	Y	PI603477A	exact	matched_exact
PI603477B	Y	Y	PI603477B	exact	matched_exact
PI603478	Y	Y	PI603478	exact	matched_exact
PI603479	Y	Y	PI603479	exact	matched_exact
PI603480	Y	Y	PI603480	exact	matched_exact
PI603481	Y	Y	PI603481	exact	matched_exact
PI603482	Y	Y	PI603482	exact	matched_exact
PI603483	Y	Y	PI603483	exact	matched_exact
PI603484	Y	Y	PI603484	exact	matched_exact
PI603485	Y	Y	PI603485	exact	matched_exact
PI603486	Y	Y	PI603486	exact	matched_exact
PI603487A	Y	Y	PI603487A	exact	matched_exact
PI603487B	Y	Y	PI603487B	exact	matched_exact
PI603487C	Y	Y	PI603487C	exact	matched_exact
PI603488	Y	Y	PI603488	exact	matched_exact
PI603489	Y	Y	PI603489	exact	matched_exact
PI603490	Y	Y	PI603490	exact	matched_exact
PI603491	Y	Y	PI603491	exact	matched_exact
PI603492	Y	Y	PI603492	exact	matched_exact
PI603493	Y	Y	PI603493	exact	matched_exact
PI603494	Y	Y	PI603494	exact	matched_exact
PI603495A	Y	Y	PI603495A	exact	matched_exact
PI603495B	Y	Y	PI603495B	exact	matched_exact
PI603496A	Y	Y	PI603496A	exact	matched_exact
PI603496B	Y	Y	PI603496B	exact	matched_exact
PI603497	Y	Y	PI603497	exact	matched_exact
PI603498A	Y	Y	PI603498A	exact	matched_exact
PI603498B	Y	Y	PI603498B	exact	matched_exact
PI603499	Y	Y	PI603499	exact	matched_exact
PI603500	Y	Y	PI603500	exact	matched_exact
PI603501	Y	Y	PI603501	exact	matched_exact
PI603502A	Y	Y	PI603502A	exact	matched_exact
PI603502B	Y	Y	PI603502B	exact	matched_exact
PI603502C	Y	Y	PI603502C	exact	matched_exact
PI603502D	Y	Y	PI603502D	exact	matched_exact
PI603503	Y	Y	PI603503	exact	matched_exact
PI603504	Y	Y	PI603504	exact	matched_exact
PI603505	Y	Y	PI603505	exact	matched_exact
PI603506	Y	Y	PI603506	exact	matched_exact
PI603507	Y	Y	PI603507	exact	matched_exact
PI603508	Y	Y	PI603508	exact	matched_exact
PI603509	Y	Y	PI603509	exact	matched_exact
PI603510	Y	Y	PI603510	exact	matched_exact
PI603511A	Y	Y	PI603511A	exact	matched_exact
PI603511B	Y	Y	PI603511B	exact	matched_exact
PI603511C	Y	Y	PI603511C	exact	matched_exact
PI603512	Y	Y	PI603512	exact	matched_exact
PI603513A	Y	Y	PI603513A	exact	matched_exact
PI603513B	Y	Y	PI603513B	exact	matched_exact
PI603514	Y	Y	PI603514	exact	matched_exact
PI603515	Y	Y	PI603515	exact	matched_exact
PI603516	Y	Y	PI603516	exact	matched_exact
PI603517A	Y	Y	PI603517A	exact	matched_exact
PI603517B	Y	Y	PI603517B	exact	matched_exact
PI603518	Y	Y	PI603518	exact	matched_exact
PI603519	Y	Y	PI603519	exact	matched_exact
PI603520	Y	Y	PI603520	exact	matched_exact
PI603521	Y	Y	PI603521	exact	matched_exact
PI603522	Y	Y	PI603522	exact	matched_exact
PI603523	Y	Y	PI603523	exact	matched_exact
PI603524	Y	Y	PI603524	exact	matched_exact
PI603525	Y	Y	PI603525	exact	matched_exact
PI603526	Y	Y	PI603526	exact	matched_exact
PI603527A	Y	Y	PI603527A	exact	matched_exact
PI603527B	Y	Y	PI603527B	exact	matched_exact
PI603528	Y	Y	PI603528	exact	matched_exact
PI603529	Y	Y	PI603529	exact	matched_exact
PI603530A	Y	Y	PI603530A	exact	matched_exact
PI603530B	Y	Y	PI603530B	exact	matched_exact
PI603530C	Y	Y	PI603530C	exact	matched_exact
PI603531A	Y	Y	PI603531A	exact	matched_exact
PI603531B	Y	Y	PI603531B	exact	matched_exact
PI603532	Y	Y	PI603532	exact	matched_exact
PI603533	Y	Y	PI603533	exact	matched_exact
PI603534A	Y	Y	PI603534A	exact	matched_exact
PI603534B	Y	Y	PI603534B	exact	matched_exact
PI603535	Y	Y	PI603535	exact	matched_exact
PI603536	Y	Y	PI603536	exact	matched_exact
PI603537A	Y	Y	PI603537A	exact	matched_exact
PI603537B	Y	Y	PI603537B	exact	matched_exact
PI603537C	Y	Y	PI603537C	exact	matched_exact
PI603537D	Y	Y	PI603537D	exact	matched_exact
PI603538A	Y	Y	PI603538A	exact	matched_exact
PI603538B	Y	Y	PI603538B	exact	matched_exact
PI603538C	Y	Y	PI603538C	exact	matched_exact
PI603538D	Y	Y	PI603538D	exact	matched_exact
PI603538E	Y	Y	PI603538E	exact	matched_exact
PI603538F	Y	Y	PI603538F	exact	matched_exact
PI603539A	Y	Y	PI603539A	exact	matched_exact
PI603539B	Y	Y	PI603539B	exact	matched_exact
PI603539C	Y	Y	PI603539C	exact	matched_exact
PI603539D	Y	Y	PI603539D	exact	matched_exact
PI603540A	Y	Y	PI603540A	exact	matched_exact
PI603540B	Y	Y	PI603540B	exact	matched_exact
PI603541A	Y	Y	PI603541A	exact	matched_exact
PI603541B	Y	Y	PI603541B	exact	matched_exact
PI603542	Y	Y	PI603542	exact	matched_exact
PI603543A	Y	Y	PI603543A	exact	matched_exact
PI603543B	Y	Y	PI603543B	exact	matched_exact
PI603543C	Y	Y	PI603543C	exact	matched_exact
PI603543D	Y	Y	PI603543D	exact	matched_exact
PI603543E	Y	Y	PI603543E	exact	matched_exact
PI603544A	Y	Y	PI603544A	exact	matched_exact
PI603544B	Y	Y	PI603544B	exact	matched_exact
PI603545A	Y	Y	PI603545A	exact	matched_exact
PI603545B	Y	Y	PI603545B	exact	matched_exact
PI603546A	Y	Y	PI603546A	exact	matched_exact
PI603546B	Y	Y	PI603546B	exact	matched_exact
PI603547	Y	Y	PI603547	exact	matched_exact
PI603548A	Y	Y	PI603548A	exact	matched_exact
PI603548B	Y	Y	PI603548B	exact	matched_exact
PI603549	Y	Y	PI603549	exact	matched_exact
PI603550	Y	Y	PI603550	exact	matched_exact
PI603551A	Y	Y	PI603551A	exact	matched_exact
PI603551B	Y	Y	PI603551B	exact	matched_exact
PI603551C	Y	Y	PI603551C	exact	matched_exact
PI603552	Y	Y	PI603552	exact	matched_exact
PI603553	Y	Y	PI603553	exact	matched_exact
PI603554A	Y	Y	PI603554A	exact	matched_exact
PI603554B	Y	Y	PI603554B	exact	matched_exact
PI603555	Y	Y	PI603555	exact	matched_exact
PI603556	Y	Y	PI603556	exact	matched_exact
PI603557	Y	Y	PI603557	exact	matched_exact
PI603558	Y	Y	PI603558	exact	matched_exact
PI603559	Y	Y	PI603559	exact	matched_exact
PI603560	Y	Y	PI603560	exact	matched_exact
PI603561	Y	Y	PI603561	exact	matched_exact
PI603562A	Y	Y	PI603562A	exact	matched_exact
PI603562B	Y	Y	PI603562B	exact	matched_exact
PI603563A	Y	Y	PI603563A	exact	matched_exact
PI603563B	Y	Y	PI603563B	exact	matched_exact
PI603563C	Y	Y	PI603563C	exact	matched_exact
PI603564A	Y	Y	PI603564A	exact	matched_exact
PI603564B	Y	Y	PI603564B	exact	matched_exact
PI603564C	Y	Y	PI603564C	exact	matched_exact
PI603565	Y	Y	PI603565	exact	matched_exact
PI603566	Y	Y	PI603566	exact	matched_exact
PI603567A	Y	Y	PI603567A	exact	matched_exact
PI603567B	Y	Y	PI603567B	exact	matched_exact
PI603568	Y	Y	PI603568	exact	matched_exact
PI603569A	Y	Y	PI603569A	exact	matched_exact
PI603569B	Y	Y	PI603569B	exact	matched_exact
PI603570A	Y	Y	PI603570A	exact	matched_exact
PI603570B	Y	Y	PI603570B	exact	matched_exact
PI603570C	Y	Y	PI603570C	exact	matched_exact
PI603570D	Y	Y	PI603570D	exact	matched_exact
PI603571A	Y	Y	PI603571A	exact	matched_exact
PI603571B	Y	Y	PI603571B	exact	matched_exact
PI603571C	Y	Y	PI603571C	exact	matched_exact
PI603572	Y	Y	PI603572	exact	matched_exact
PI603573A	Y	Y	PI603573A	exact	matched_exact
PI603573B	Y	Y	PI603573B	exact	matched_exact
PI603574	Y	Y	PI603574	exact	matched_exact
PI603575	Y	Y	PI603575	exact	matched_exact
PI603576A	Y	Y	PI603576A	exact	matched_exact
PI603576B	Y	Y	PI603576B	exact	matched_exact
PI603577	Y	Y	PI603577	exact	matched_exact
PI603578	Y	Y	PI603578	exact	matched_exact
PI603579	Y	Y	PI603579	exact	matched_exact
PI603580	Y	Y	PI603580	exact	matched_exact
PI603581	Y	Y	PI603581	exact	matched_exact
PI603582	Y	Y	PI603582	exact	matched_exact
PI603583	Y	Y	PI603583	exact	matched_exact
PI603584	Y	Y	PI603584	exact	matched_exact
PI603585A	Y	Y	PI603585A	exact	matched_exact
PI603585B	Y	Y	PI603585B	exact	matched_exact
PI603586	Y	Y	PI603586	exact	matched_exact
PI603587A	Y	Y	PI603587A	exact	matched_exact
PI603587B	Y	Y	PI603587B	exact	matched_exact
PI603587C	Y	Y	PI603587C	exact	matched_exact
PI603588	Y	Y	PI603588	exact	matched_exact
PI603589	Y	Y	PI603589	exact	matched_exact
PI603590	Y	Y	PI603590	exact	matched_exact
PI603591	Y	Y	PI603591	exact	matched_exact
PI603592	Y	Y	PI603592	exact	matched_exact
PI603593	Y	Y	PI603593	exact	matched_exact
PI603594	Y	Y	PI603594	exact	matched_exact
PI603595	Y	Y	PI603595	exact	matched_exact
PI603596	Y	Y	PI603596	exact	matched_exact
PI603597	Y	Y	PI603597	exact	matched_exact
PI603598A	Y	Y	PI603598A	exact	matched_exact
PI603598B	Y	Y	PI603598B	exact	matched_exact
PI603599A	Y	Y	PI603599A	exact	matched_exact
PI603599B	Y	Y	PI603599B	exact	matched_exact
PI603600	Y	Y	PI603600	exact	matched_exact
PI603601	Y	Y	PI603601	exact	matched_exact
PI603602	Y	Y	PI603602	exact	matched_exact
PI603603	Y	Y	PI603603	exact	matched_exact
PI603604	Y	Y	PI603604	exact	matched_exact
PI603605	Y	Y	PI603605	exact	matched_exact
PI603606	Y	Y	PI603606	exact	matched_exact
PI603608	Y	Y	PI603608	exact	matched_exact
PI603609	Y	Y	PI603609	exact	matched_exact
PI603610A	Y	Y	PI603610A	exact	matched_exact
PI603610B	Y	Y	PI603610B	exact	matched_exact
PI603611A	Y	Y	PI603611A	exact	matched_exact
PI603611B	Y	Y	PI603611B	exact	matched_exact
PI603612	Y	Y	PI603612	exact	matched_exact
PI603613	Y	Y	PI603613	exact	matched_exact
PI603614A	Y	Y	PI603614A	exact	matched_exact
PI603614B	Y	Y	PI603614B	exact	matched_exact
PI603615A	Y	Y	PI603615A	exact	matched_exact
PI603615B	Y	Y	PI603615B	exact	matched_exact
PI603616	Y	Y	PI603616	exact	matched_exact
PI603617	Y	Y	PI603617	exact	matched_exact
PI603618	Y	Y	PI603618	exact	matched_exact
PI603619	Y	Y	PI603619	exact	matched_exact
PI603620	Y	Y	PI603620	exact	matched_exact
PI603621	Y	Y	PI603621	exact	matched_exact
PI603622	Y	Y	PI603622	exact	matched_exact
PI603623	Y	Y	PI603623	exact	matched_exact
PI603624	Y	Y	PI603624	exact	matched_exact
PI603625	Y	Y	PI603625	exact	matched_exact
PI603626	Y	Y	PI603626	exact	matched_exact
PI603627	Y	Y	PI603627	exact	matched_exact
PI603628	Y	Y	PI603628	exact	matched_exact
PI603629A	Y	Y	PI603629A	exact	matched_exact
PI603629B	Y	Y	PI603629B	exact	matched_exact
PI603630	Y	Y	PI603630	exact	matched_exact
PI603631	Y	Y	PI603631	exact	matched_exact
PI603632	Y	Y	PI603632	exact	matched_exact
PI603633	Y	Y	PI603633	exact	matched_exact
PI603634	Y	Y	PI603634	exact	matched_exact
PI603635	Y	Y	PI603635	exact	matched_exact
PI603636	Y	Y	PI603636	exact	matched_exact
PI603637A	Y	Y	PI603637A	exact	matched_exact
PI603637B	Y	Y	PI603637B	exact	matched_exact
PI603638	Y	Y	PI603638	exact	matched_exact
PI603639	Y	Y	PI603639	exact	matched_exact
PI603640	Y	Y	PI603640	exact	matched_exact
PI603641	Y	Y	PI603641	exact	matched_exact
PI603642	Y	Y	PI603642	exact	matched_exact
PI603643	Y	Y	PI603643	exact	matched_exact
PI603644	Y	Y	PI603644	exact	matched_exact
PI603645	Y	Y	PI603645	exact	matched_exact
PI603646	Y	Y	PI603646	exact	matched_exact
PI603647	Y	Y	PI603647	exact	matched_exact
PI603648	Y	Y	PI603648	exact	matched_exact
PI603649	Y	Y	PI603649	exact	matched_exact
PI603650	Y	Y	PI603650	exact	matched_exact
PI603651	Y	Y	PI603651	exact	matched_exact
PI603652	Y	Y	PI603652	exact	matched_exact
PI603653	Y	Y	PI603653	exact	matched_exact
PI603654	Y	Y	PI603654	exact	matched_exact
PI603655	Y	Y	PI603655	exact	matched_exact
PI603656	Y	Y	PI603656	exact	matched_exact
PI603658	Y	Y	PI603658	exact	matched_exact
PI603659	Y	Y	PI603659	exact	matched_exact
PI603660	Y	Y	PI603660	exact	matched_exact
PI603661A	Y	Y	PI603661A	exact	matched_exact
PI603661B	Y	Y	PI603661B	exact	matched_exact
PI603662A	Y	Y	PI603662A	exact	matched_exact
PI603662B	Y	Y	PI603662B	exact	matched_exact
PI603663	Y	Y	PI603663	exact	matched_exact
PI603664	Y	Y	PI603664	exact	matched_exact
PI603665	Y	Y	PI603665	exact	matched_exact
PI603666	Y	Y	PI603666	exact	matched_exact
PI603667A	Y	Y	PI603667A	exact	matched_exact
PI603667B	Y	Y	PI603667B	exact	matched_exact
PI603668A	Y	Y	PI603668A	exact	matched_exact
PI603668B	Y	Y	PI603668B	exact	matched_exact
PI603669	Y	Y	PI603669	exact	matched_exact
PI603670	Y	Y	PI603670	exact	matched_exact
PI603671	Y	Y	PI603671	exact	matched_exact
PI603672A	Y	Y	PI603672A	exact	matched_exact
PI603672B	Y	Y	PI603672B	exact	matched_exact
PI603673A	Y	Y	PI603673A	exact	matched_exact
PI603673B	Y	Y	PI603673B	exact	matched_exact
PI603673C	Y	Y	PI603673C	exact	matched_exact
PI603673D	Y	Y	PI603673D	exact	matched_exact
PI603673E	Y	Y	PI603673E	exact	matched_exact
PI603673F	Y	Y	PI603673F	exact	matched_exact
PI603673G	Y	Y	PI603673G	exact	matched_exact
PI603674	Y	Y	PI603674	exact	matched_exact
PI603675	Y	Y	PI603675	exact	matched_exact
PI603676	Y	Y	PI603676	exact	matched_exact
PI603677A	Y	Y	PI603677A	exact	matched_exact
PI603677B	Y	Y	PI603677B	exact	matched_exact
PI603678A	Y	Y	PI603678A	exact	matched_exact
PI603678B	Y	Y	PI603678B	exact	matched_exact
PI603679	Y	Y	PI603679	exact	matched_exact
PI603680	Y	Y	PI603680	exact	matched_exact
PI603681A	Y	Y	PI603681A	exact	matched_exact
PI603681B	Y	Y	PI603681B	exact	matched_exact
PI603682	Y	Y	PI603682	exact	matched_exact
PI603683	Y	Y	PI603683	exact	matched_exact
PI603684	Y	Y	PI603684	exact	matched_exact
PI603685A	Y	Y	PI603685A	exact	matched_exact
PI603685B	Y	Y	PI603685B	exact	matched_exact
PI603686	Y	Y	PI603686	exact	matched_exact
PI603687A	Y	Y	PI603687A	exact	matched_exact
PI603687B	Y	Y	PI603687B	exact	matched_exact
PI603688	Y	Y	PI603688	exact	matched_exact
PI603689	Y	Y	PI603689	exact	matched_exact
PI603690	Y	Y	PI603690	exact	matched_exact
PI603691	Y	Y	PI603691	exact	matched_exact
PI603692	Y	Y	PI603692	exact	matched_exact
PI603693A	Y	Y	PI603693A	exact	matched_exact
PI603693B	Y	Y	PI603693B	exact	matched_exact
PI603694A	Y	Y	PI603694A	exact	matched_exact
PI603694B	Y	Y	PI603694B	exact	matched_exact
PI603695	Y	Y	PI603695	exact	matched_exact
PI603696	Y	Y	PI603696	exact	matched_exact
PI603697	Y	Y	PI603697	exact	matched_exact
PI603698A	Y	Y	PI603698A	exact	matched_exact
PI603698B	Y	Y	PI603698B	exact	matched_exact
PI603698C	Y	Y	PI603698C	exact	matched_exact
PI603698D	Y	Y	PI603698D	exact	matched_exact
PI603698E	Y	Y	PI603698E	exact	matched_exact
PI603698F	Y	Y	PI603698F	exact	matched_exact
PI603698G	Y	Y	PI603698G	exact	matched_exact
PI603698H	Y	Y	PI603698H	exact	matched_exact
PI603698I	Y	Y	PI603698I	exact	matched_exact
PI603698J	Y	Y	PI603698J	exact	matched_exact
PI603700	Y	Y	PI603700	exact	matched_exact
PI603701	Y	Y	PI603701	exact	matched_exact
PI603702A	Y	Y	PI603702A	exact	matched_exact
PI603702B	Y	Y	PI603702B	exact	matched_exact
PI603703A	Y	Y	PI603703A	exact	matched_exact
PI603703B	Y	Y	PI603703B	exact	matched_exact
PI603704A	Y	Y	PI603704A	exact	matched_exact
PI603704B	Y	Y	PI603704B	exact	matched_exact
PI603705A	Y	Y	PI603705A	exact	matched_exact
PI603705B	Y	Y	PI603705B	exact	matched_exact
PI603706A	Y	Y	PI603706A	exact	matched_exact
PI603706B	Y	Y	PI603706B	exact	matched_exact
PI603707	Y	Y	PI603707	exact	matched_exact
PI603708	Y	Y	PI603708	exact	matched_exact
PI603709	Y	Y	PI603709	exact	matched_exact
PI603711A	Y	Y	PI603711A	exact	matched_exact
PI603711B	Y	Y	PI603711B	exact	matched_exact
PI603712	Y	Y	PI603712	exact	matched_exact
PI603713	Y	Y	PI603713	exact	matched_exact
PI603714	Y	Y	PI603714	exact	matched_exact
PI603715	Y	Y	PI603715	exact	matched_exact
PI603716	Y	Y	PI603716	exact	matched_exact
PI603717	Y	Y	PI603717	exact	matched_exact
PI603718A	Y	Y	PI603718A	exact	matched_exact
PI603718B	Y	Y	PI603718B	exact	matched_exact
PI603719A	Y	Y	PI603719A	exact	matched_exact
PI603719B	Y	Y	PI603719B	exact	matched_exact
PI603719C	Y	Y	PI603719C	exact	matched_exact
PI603720	Y	Y	PI603720	exact	matched_exact
PI603721	Y	Y	PI603721	exact	matched_exact
PI603722	Y	Y	PI603722	exact	matched_exact
PI603723	Y	Y	PI603723	exact	matched_exact
PI603724A	Y	Y	PI603724A	exact	matched_exact
PI603724B	Y	Y	PI603724B	exact	matched_exact
PI603724C	Y	Y	PI603724C	exact	matched_exact
PI603724D	Y	Y	PI603724D	exact	matched_exact
PI603724E	Y	Y	PI603724E	exact	matched_exact
PI603725	Y	Y	PI603725	exact	matched_exact
PI603726	Y	Y	PI603726	exact	matched_exact
PI603727	Y	Y	PI603727	exact	matched_exact
PI603728	Y	Y	PI603728	exact	matched_exact
PI603729	Y	Y	PI603729	exact	matched_exact
PI603730A	Y	Y	PI603730A	exact	matched_exact
PI603730B	Y	Y	PI603730B	exact	matched_exact
PI603730C	Y	Y	PI603730C	exact	matched_exact
PI603730D	Y	Y	PI603730D	exact	matched_exact
PI603730E	Y	Y	PI603730E	exact	matched_exact
PI603731A	Y	Y	PI603731A	exact	matched_exact
PI603731B	Y	Y	PI603731B	exact	matched_exact
PI603732A	Y	Y	PI603732A	exact	matched_exact
PI603732B	Y	Y	PI603732B	exact	matched_exact
PI603733	Y	Y	PI603733	exact	matched_exact
PI603734	Y	Y	PI603734	exact	matched_exact
PI603735A	Y	Y	PI603735A	exact	matched_exact
PI603735B	Y	Y	PI603735B	exact	matched_exact
PI603736	Y	Y	PI603736	exact	matched_exact
PI603737A	Y	Y	PI603737A	exact	matched_exact
PI603737B	Y	Y	PI603737B	exact	matched_exact
PI603737C	Y	Y	PI603737C	exact	matched_exact
PI603738	Y	Y	PI603738	exact	matched_exact
PI603739	Y	Y	PI603739	exact	matched_exact
PI603740A	Y	Y	PI603740A	exact	matched_exact
PI603740B	Y	Y	PI603740B	exact	matched_exact
PI603741A	Y	Y	PI603741A	exact	matched_exact
PI603741B	Y	Y	PI603741B	exact	matched_exact
PI603742A	Y	Y	PI603742A	exact	matched_exact
PI603742B	Y	Y	PI603742B	exact	matched_exact
PI603742C	Y	Y	PI603742C	exact	matched_exact
PI603742D	Y	Y	PI603742D	exact	matched_exact
PI603743A	Y	Y	PI603743A	exact	matched_exact
PI603743B	Y	Y	PI603743B	exact	matched_exact
PI603744	Y	Y	PI603744	exact	matched_exact
PI603745	Y	Y	PI603745	exact	matched_exact
PI603746	Y	Y	PI603746	exact	matched_exact
PI603747	Y	Y	PI603747	exact	matched_exact
PI603748	Y	Y	PI603748	exact	matched_exact
PI603749	Y	Y	PI603749	exact	matched_exact
PI603750A	Y	Y	PI603750A	exact	matched_exact
PI603750B	Y	Y	PI603750B	exact	matched_exact
PI603751A	Y	Y	PI603751A	exact	matched_exact
PI603751B	Y	Y	PI603751B	exact	matched_exact
PI603752	Y	Y	PI603752	exact	matched_exact
PI603753A	Y	Y	PI603753A	exact	matched_exact
PI603753B	Y	Y	PI603753B	exact	matched_exact
PI603754	Y	Y	PI603754	exact	matched_exact
PI603755A	Y	Y	PI603755A	exact	matched_exact
PI603755B	Y	Y	PI603755B	exact	matched_exact
PI603755C	Y	Y	PI603755C	exact	matched_exact
PI603755D	Y	Y	PI603755D	exact	matched_exact
PI603755E	Y	Y	PI603755E	exact	matched_exact
PI603756	Y	Y	PI603756	exact	matched_exact
PI603757A	Y	Y	PI603757A	exact	matched_exact
PI603757B	Y	Y	PI603757B	exact	matched_exact
PI603757C	Y	Y	PI603757C	exact	matched_exact
PI603758A	Y	Y	PI603758A	exact	matched_exact
PI603758B	Y	Y	PI603758B	exact	matched_exact
PI603758C	Y	Y	PI603758C	exact	matched_exact
PI603758D	Y	Y	PI603758D	exact	matched_exact
PI603758E	Y	Y	PI603758E	exact	matched_exact
PI603759A	Y	Y	PI603759A	exact	matched_exact
PI603759B	Y	Y	PI603759B	exact	matched_exact
PI603760	Y	Y	PI603760	exact	matched_exact
PI603761	Y	Y	PI603761	exact	matched_exact
PI603764A	Y	Y	PI603764A	exact	matched_exact
PI603764B	Y	Y	PI603764B	exact	matched_exact
PI603764C	Y	Y	PI603764C	exact	matched_exact
PI603765	Y	Y	PI603765	exact	matched_exact
PI603767	Y	Y	PI603767	exact	matched_exact
PI603768	Y	Y	PI603768	exact	matched_exact
PI603769	Y	Y	PI603769	exact	matched_exact
PI603770	Y	Y	PI603770	exact	matched_exact
PI603772	Y	Y	PI603772	exact	matched_exact
PI603774	Y	Y	PI603774	exact	matched_exact
PI603775A	Y	Y	PI603775A	exact	matched_exact
PI603775B	Y	Y	PI603775B	exact	matched_exact
PI603776	Y	Y	PI603776	exact	matched_exact
PI603777	Y	Y	PI603777	exact	matched_exact
PI603778	Y	Y	PI603778	exact	matched_exact
PI603780	Y	Y	PI603780	exact	matched_exact
PI603781	Y	Y	PI603781	exact	matched_exact
PI603782	Y	Y	PI603782	exact	matched_exact
PI603783	Y	Y	PI603783	exact	matched_exact
PI603784	Y	Y	PI603784	exact	matched_exact
PI603785	Y	Y	PI603785	exact	matched_exact
PI603786	Y	Y	PI603786	exact	matched_exact
PI603787	Y	Y	PI603787	exact	matched_exact
PI603900	Y	Y	PI603900	exact	matched_exact
PI603907	Y	Y	PI603907	exact	matched_exact
PI603908	Y	Y	PI603908	exact	matched_exact
PI603909A	Y	Y	PI603909A	exact	matched_exact
PI603909B	Y	Y	PI603909B	exact	matched_exact
PI603909C	Y	Y	PI603909C	exact	matched_exact
PI603910A	Y	Y	PI603910A	exact	matched_exact
PI603910B	Y	Y	PI603910B	exact	matched_exact
PI603910C	Y	Y	PI603910C	exact	matched_exact
PI603910D	Y	Y	PI603910D	exact	matched_exact
PI603911A	Y	Y	PI603911A	exact	matched_exact
PI603911B	Y	Y	PI603911B	exact	matched_exact
PI603911C	Y	Y	PI603911C	exact	matched_exact
PI603912	Y	Y	PI603912	exact	matched_exact
PI603913A	Y	Y	PI603913A	exact	matched_exact
PI603913B	Y	Y	PI603913B	exact	matched_exact
PI603913C	Y	Y	PI603913C	exact	matched_exact
PI603913D	Y	Y	PI603913D	exact	matched_exact
PI603914	Y	Y	PI603914	exact	matched_exact
PI603915A	Y	Y	PI603915A	exact	matched_exact
PI603915B	Y	Y	PI603915B	exact	matched_exact
PI603915C	Y	Y	PI603915C	exact	matched_exact
PI603915D	Y	Y	PI603915D	exact	matched_exact
PI603915E	Y	Y	PI603915E	exact	matched_exact
PI603916	Y	Y	PI603916	exact	matched_exact
PI603917	Y	Y	PI603917	exact	matched_exact
PI603953	Y	Y	PI603953	exact	matched_exact
PI604100	Y	Y	PI604100	exact	matched_exact
PI604464	Y	Y	PI604464	exact	matched_exact
PI604465	N	Y		none	phenotype_only
PI604466	N	Y		none	phenotype_only
PI604467	N	Y		none	phenotype_only
PI604468	N	Y		none	phenotype_only
PI604469	N	Y		none	phenotype_only
PI604470	N	Y		none	phenotype_only
PI604471	N	Y		none	phenotype_only
PI604472	N	Y		none	phenotype_only
PI604473	N	Y		none	phenotype_only
PI604474	N	Y		none	phenotype_only
PI604475	N	Y		none	phenotype_only
PI604476	N	Y		none	phenotype_only
PI604477	N	Y		none	phenotype_only
PI604478	N	Y		none	phenotype_only
PI604479	N	Y		none	phenotype_only
PI604480	N	Y		none	phenotype_only
PI604481	N	Y		none	phenotype_only
PI604482	N	Y		none	phenotype_only
PI604483	N	Y		none	phenotype_only
PI604484	N	Y		none	phenotype_only
PI604485	N	Y		none	phenotype_only
PI604486	N	Y		none	phenotype_only
PI604487	N	Y		none	phenotype_only
PI604488	N	Y		none	phenotype_only
PI604489	N	Y		none	phenotype_only
PI604490	N	Y		none	phenotype_only
PI604491	N	Y		none	phenotype_only
PI604492	N	Y		none	phenotype_only
PI604493	N	Y		none	phenotype_only
PI604494	N	Y		none	phenotype_only
PI604495	N	Y		none	phenotype_only
PI605411	Y	Y	PI605411	exact	matched_exact
PI605743A	Y	Y	PI605743A	exact	matched_exact
PI605743B	Y	Y	PI605743B	exact	matched_exact
PI605744	Y	N		none	vcf_only
PI605745A	Y	Y	PI605745A	exact	matched_exact
PI605745B	Y	Y	PI605745B	exact	matched_exact
PI605745C	Y	Y	PI605745C	exact	matched_exact
PI605750	Y	N		none	vcf_only
PI605751	Y	N		none	vcf_only
PI605752	Y	Y	PI605752	exact	matched_exact
PI605753	Y	Y	PI605753	exact	matched_exact
PI605754	Y	Y	PI605754	exact	matched_exact
PI605755	Y	Y	PI605755	exact	matched_exact
PI605756	Y	N		none	vcf_only
PI605757	Y	Y	PI605757	exact	matched_exact
PI605758A	Y	Y	PI605758A	exact	matched_exact
PI605758B	Y	Y	PI605758B	exact	matched_exact
PI605758C	Y	N		none	vcf_only
PI605758D	Y	Y	PI605758D	exact	matched_exact
PI605759	Y	Y	PI605759	exact	matched_exact
PI605760	Y	Y	PI605760	exact	matched_exact
PI605761	Y	Y	PI605761	exact	matched_exact
PI605763	Y	Y	PI605763	exact	matched_exact
PI605764A	Y	Y	PI605764A	exact	matched_exact
PI605764B	Y	Y	PI605764B	exact	matched_exact
PI605765A	Y	Y	PI605765A	exact	matched_exact
PI605765B	Y	Y	PI605765B	exact	matched_exact
PI605767A	Y	N		none	vcf_only
PI605767B	Y	Y	PI605767B	exact	matched_exact
PI605768	Y	N		none	vcf_only
PI605769	Y	N		none	vcf_only
PI605770	Y	N		none	vcf_only
PI605771	Y	N		none	vcf_only
PI605772	Y	Y	PI605772	exact	matched_exact
PI605773	Y	Y	PI605773	exact	matched_exact
PI605774	Y	Y	PI605774	exact	matched_exact
PI605775	Y	Y	PI605775	exact	matched_exact
PI605776	Y	Y	PI605776	exact	matched_exact
PI605777	Y	Y	PI605777	exact	matched_exact
PI605778A	Y	Y	PI605778A	exact	matched_exact
PI605778B	Y	Y	PI605778B	exact	matched_exact
PI605779A	Y	Y	PI605779A	exact	matched_exact
PI605779B	Y	Y	PI605779B	exact	matched_exact
PI605779C	Y	Y	PI605779C	exact	matched_exact
PI605779D	Y	N		none	vcf_only
PI605779E	Y	Y	PI605779E	exact	matched_exact
PI605780A	Y	Y	PI605780A	exact	matched_exact
PI605780B	Y	N		none	vcf_only
PI605780C	Y	Y	PI605780C	exact	matched_exact
PI605781A	Y	Y	PI605781A	exact	matched_exact
PI605781B	Y	Y	PI605781B	exact	matched_exact
PI605781C	Y	Y	PI605781C	exact	matched_exact
PI605781D	Y	Y	PI605781D	exact	matched_exact
PI605781E	Y	Y	PI605781E	exact	matched_exact
PI605782	Y	N		none	vcf_only
PI605782B	Y	N		none	vcf_only
PI605783	Y	Y	PI605783	exact	matched_exact
PI605784	Y	N		none	vcf_only
PI605785	Y	Y	PI605785	exact	matched_exact
PI605786A	Y	Y	PI605786A	exact	matched_exact
PI605786B	Y	Y	PI605786B	exact	matched_exact
PI605786C	Y	N		none	vcf_only
PI605786D	Y	Y	PI605786D	exact	matched_exact
PI605787A	Y	Y	PI605787A	exact	matched_exact
PI605787B	Y	Y	PI605787B	exact	matched_exact
PI605787C	Y	Y	PI605787C	exact	matched_exact
PI605787D	Y	Y	PI605787D	exact	matched_exact
PI605788	Y	N		none	vcf_only
PI605789A	Y	Y	PI605789A	exact	matched_exact
PI605789B	Y	Y	PI605789B	exact	matched_exact
PI605789C	Y	Y	PI605789C	exact	matched_exact
PI605789D	Y	Y	PI605789D	exact	matched_exact
PI605790	Y	Y	PI605790	exact	matched_exact
PI605791A	Y	Y	PI605791A	exact	matched_exact
PI605791B	Y	Y	PI605791B	exact	matched_exact
PI605792A	Y	N		none	vcf_only
PI605792B	Y	Y	PI605792B	exact	matched_exact
PI605792C	Y	N		none	vcf_only
PI605792D	Y	Y	PI605792D	exact	matched_exact
PI605793	Y	Y	PI605793	exact	matched_exact
PI605794	Y	N		none	vcf_only
PI605795	Y	N		none	vcf_only
PI605796	Y	N		none	vcf_only
PI605799A	Y	Y	PI605799A	exact	matched_exact
PI605799B	Y	N		none	vcf_only
PI605800A	Y	N		none	vcf_only
PI605800B	Y	N		none	vcf_only
PI605801A	Y	N		none	vcf_only
PI605801B	Y	N		none	vcf_only
PI605802	Y	N		none	vcf_only
PI605803	Y	N		none	vcf_only
PI605804A	Y	Y	PI605804A	exact	matched_exact
PI605804B	Y	Y	PI605804B	exact	matched_exact
PI605805A	Y	Y	PI605805A	exact	matched_exact
PI605805B	Y	Y	PI605805B	exact	matched_exact
PI605806A	Y	Y	PI605806A	exact	matched_exact
PI605806B	Y	Y	PI605806B	exact	matched_exact
PI605807	Y	N		none	vcf_only
PI605808	Y	Y	PI605808	exact	matched_exact
PI605809A	Y	Y	PI605809A	exact	matched_exact
PI605809B	Y	Y	PI605809B	exact	matched_exact
PI605810A	Y	Y	PI605810A	exact	matched_exact
PI605810B	Y	Y	PI605810B	exact	matched_exact
PI605810C	Y	Y	PI605810C	exact	matched_exact
PI605811	Y	N		none	vcf_only
PI605812	Y	Y	PI605812	exact	matched_exact
PI605813	Y	Y	PI605813	exact	matched_exact
PI605814	Y	Y	PI605814	exact	matched_exact
PI605815	Y	N		none	vcf_only
PI605816	Y	N		none	vcf_only
PI605817A	Y	Y	PI605817A	exact	matched_exact
PI605817B	Y	N		none	vcf_only
PI605817C	Y	Y	PI605817C	exact	matched_exact
PI605817D	Y	Y	PI605817D	exact	matched_exact
PI605818A	Y	N		none	vcf_only
PI605818B	Y	Y	PI605818B	exact	matched_exact
PI605819A	Y	N		none	vcf_only
PI605819B	Y	N		none	vcf_only
PI605819C	Y	N		none	vcf_only
PI605820	Y	N		none	vcf_only
PI605821A	Y	Y	PI605821A	exact	matched_exact
PI605821B	Y	Y	PI605821B	exact	matched_exact
PI605821C	Y	Y	PI605821C	exact	matched_exact
PI605822	Y	N		none	vcf_only
PI605823	Y	N		none	vcf_only
PI605824A	Y	Y	PI605824A	exact	matched_exact
PI605824B	Y	Y	PI605824B	exact	matched_exact
PI605825A	Y	Y	PI605825A	exact	matched_exact
PI605825B	Y	Y	PI605825B	exact	matched_exact
PI605825C	Y	Y	PI605825C	exact	matched_exact
PI605826A	Y	Y	PI605826A	exact	matched_exact
PI605826B	Y	Y	PI605826B	exact	matched_exact
PI605826C	Y	Y	PI605826C	exact	matched_exact
PI605826D	Y	Y	PI605826D	exact	matched_exact
PI605826E	Y	Y	PI605826E	exact	matched_exact
PI605827A	Y	Y	PI605827A	exact	matched_exact
PI605827B	Y	Y	PI605827B	exact	matched_exact
PI605827C	Y	Y	PI605827C	exact	matched_exact
PI605828A	Y	Y	PI605828A	exact	matched_exact
PI605828B	Y	Y	PI605828B	exact	matched_exact
PI605828C	Y	Y	PI605828C	exact	matched_exact
PI605829	Y	Y	PI605829	exact	matched_exact
PI605830A	Y	Y	PI605830A	exact	matched_exact
PI605830B	Y	Y	PI605830B	exact	matched_exact
PI605831A	Y	Y	PI605831A	exact	matched_exact
PI605831B	Y	Y	PI605831B	exact	matched_exact
PI605831C	Y	Y	PI605831C	exact	matched_exact
PI605832A	Y	Y	PI605832A	exact	matched_exact
PI605832B	Y	Y	PI605832B	exact	matched_exact
PI605833	Y	N		none	vcf_only
PI605834A	Y	Y	PI605834A	exact	matched_exact
PI605834B	Y	Y	PI605834B	exact	matched_exact
PI605834C	Y	Y	PI605834C	exact	matched_exact
PI605835	Y	Y	PI605835	exact	matched_exact
PI605836	Y	Y	PI605836	exact	matched_exact
PI605837A	Y	Y	PI605837A	exact	matched_exact
PI605837B	Y	Y	PI605837B	exact	matched_exact
PI605837C	Y	Y	PI605837C	exact	matched_exact
PI605838	Y	Y	PI605838	exact	matched_exact
PI605839A	Y	Y	PI605839A	exact	matched_exact
PI605839B	Y	Y	PI605839B	exact	matched_exact
PI605839C	Y	Y	PI605839C	exact	matched_exact
PI605840A	Y	Y	PI605840A	exact	matched_exact
PI605840B	Y	Y	PI605840B	exact	matched_exact
PI605840C	Y	Y	PI605840C	exact	matched_exact
PI605840D	Y	Y	PI605840D	exact	matched_exact
PI605840E	Y	Y	PI605840E	exact	matched_exact
PI605840F	Y	Y	PI605840F	exact	matched_exact
PI605840G	Y	Y	PI605840G	exact	matched_exact
PI605841A	Y	Y	PI605841A	exact	matched_exact
PI605841B	Y	Y	PI605841B	exact	matched_exact
PI605842A	Y	Y	PI605842A	exact	matched_exact
PI605842B	Y	N		none	vcf_only
PI605842C	Y	Y	PI605842C	exact	matched_exact
PI605843	Y	N		none	vcf_only
PI605844A	Y	N		none	vcf_only
PI605844B	Y	N		none	vcf_only
PI605844C	Y	Y	PI605844C	exact	matched_exact
PI605844D	Y	Y	PI605844D	exact	matched_exact
PI605844E	Y	Y	PI605844E	exact	matched_exact
PI605844F	Y	Y	PI605844F	exact	matched_exact
PI605845A	Y	N		none	vcf_only
PI605845B	Y	N		none	vcf_only
PI605845C	Y	Y	PI605845C	exact	matched_exact
PI605845D	Y	N		none	vcf_only
PI605846A	Y	N		none	vcf_only
PI605846B	Y	N		none	vcf_only
PI605846C	Y	Y	PI605846C	exact	matched_exact
PI605846D	Y	N		none	vcf_only
PI605846E	Y	Y	PI605846E	exact	matched_exact
PI605846F	Y	Y	PI605846F	exact	matched_exact
PI605847	Y	N		none	vcf_only
PI605848	Y	Y	PI605848	exact	matched_exact
PI605849	Y	N		none	vcf_only
PI605850A	Y	Y	PI605850A	exact	matched_exact
PI605850B	Y	Y	PI605850B	exact	matched_exact
PI605852	Y	N		none	vcf_only
PI605853A	Y	Y	PI605853A	exact	matched_exact
PI605853B	Y	Y	PI605853B	exact	matched_exact
PI605853C	Y	Y	PI605853C	exact	matched_exact
PI605854A	Y	Y	PI605854A	exact	matched_exact
PI605854B	Y	Y	PI605854B	exact	matched_exact
PI605855	Y	N		none	vcf_only
PI605856	Y	Y	PI605856	exact	matched_exact
PI605857A	Y	N		none	vcf_only
PI605857B	Y	Y	PI605857B	exact	matched_exact
PI605858	Y	Y	PI605858	exact	matched_exact
PI605859A	Y	Y	PI605859A	exact	matched_exact
PI605859B	Y	Y	PI605859B	exact	matched_exact
PI605860	Y	Y	PI605860	exact	matched_exact
PI605861A	Y	Y	PI605861A	exact	matched_exact
PI605861B	Y	Y	PI605861B	exact	matched_exact
PI605862A	Y	Y	PI605862A	exact	matched_exact
PI605862B	Y	Y	PI605862B	exact	matched_exact
PI605862C	Y	Y	PI605862C	exact	matched_exact
PI605863A	Y	Y	PI605863A	exact	matched_exact
PI605863B	Y	Y	PI605863B	exact	matched_exact
PI605864	Y	Y	PI605864	exact	matched_exact
PI605865A	Y	Y	PI605865A	exact	matched_exact
PI605865B	Y	Y	PI605865B	exact	matched_exact
PI605866	Y	Y	PI605866	exact	matched_exact
PI605867	Y	Y	PI605867	exact	matched_exact
PI605868	Y	Y	PI605868	exact	matched_exact
PI605869A	Y	Y	PI605869A	exact	matched_exact
PI605869B	Y	Y	PI605869B	exact	matched_exact
PI605870A	Y	Y	PI605870A	exact	matched_exact
PI605870B	Y	Y	PI605870B	exact	matched_exact
PI605871A	Y	Y	PI605871A	exact	matched_exact
PI605871B	Y	Y	PI605871B	exact	matched_exact
PI605871C	Y	Y	PI605871C	exact	matched_exact
PI605872	Y	Y	PI605872	exact	matched_exact
PI605873	Y	Y	PI605873	exact	matched_exact
PI605874A	Y	Y	PI605874A	exact	matched_exact
PI605874B	Y	Y	PI605874B	exact	matched_exact
PI605874C	Y	Y	PI605874C	exact	matched_exact
PI605875	Y	Y	PI605875	exact	matched_exact
PI605876A	Y	Y	PI605876A	exact	matched_exact
PI605876B	Y	Y	PI605876B	exact	matched_exact
PI605876C	Y	Y	PI605876C	exact	matched_exact
PI605876D	Y	Y	PI605876D	exact	matched_exact
PI605876E	Y	Y	PI605876E	exact	matched_exact
PI605876F	Y	N		none	vcf_only
PI605876G	Y	N		none	vcf_only
PI605877A	Y	Y	PI605877A	exact	matched_exact
PI605877B	Y	Y	PI605877B	exact	matched_exact
PI605877C	Y	Y	PI605877C	exact	matched_exact
PI605877D	Y	Y	PI605877D	exact	matched_exact
PI605877E	Y	Y	PI605877E	exact	matched_exact
PI605877F	Y	Y	PI605877F	exact	matched_exact
PI605878	Y	N		none	vcf_only
PI605879	Y	Y	PI605879	exact	matched_exact
PI605880	Y	Y	PI605880	exact	matched_exact
PI605881	Y	N		none	vcf_only
PI605882A	Y	Y	PI605882A	exact	matched_exact
PI605882B	Y	Y	PI605882B	exact	matched_exact
PI605883	Y	Y	PI605883	exact	matched_exact
PI605884A	Y	Y	PI605884A	exact	matched_exact
PI605884B	Y	Y	PI605884B	exact	matched_exact
PI605884C	Y	Y	PI605884C	exact	matched_exact
PI605884D	Y	Y	PI605884D	exact	matched_exact
PI605884E	Y	Y	PI605884E	exact	matched_exact
PI605884F	Y	Y	PI605884F	exact	matched_exact
PI605885A	Y	Y	PI605885A	exact	matched_exact
PI605885B	Y	Y	PI605885B	exact	matched_exact
PI605885C	Y	Y	PI605885C	exact	matched_exact
PI605886A	Y	Y	PI605886A	exact	matched_exact
PI605886B	Y	Y	PI605886B	exact	matched_exact
PI605886C	Y	Y	PI605886C	exact	matched_exact
PI605886D	Y	Y	PI605886D	exact	matched_exact
PI605886E	Y	Y	PI605886E	exact	matched_exact
PI605887A	Y	Y	PI605887A	exact	matched_exact
PI605887B	Y	N		none	vcf_only
PI605887C	Y	N		none	vcf_only
PI605888	Y	Y	PI605888	exact	matched_exact
PI605889	Y	Y	PI605889	exact	matched_exact
PI605890A	Y	Y	PI605890A	exact	matched_exact
PI605890B	Y	N		none	vcf_only
PI605891A	Y	Y	PI605891A	exact	matched_exact
PI605891B	Y	Y	PI605891B	exact	matched_exact
PI605891C	Y	Y	PI605891C	exact	matched_exact
PI605891D	Y	Y	PI605891D	exact	matched_exact
PI605892	Y	N		none	vcf_only
PI605893	Y	N		none	vcf_only
PI605894	Y	N		none	vcf_only
PI605895	Y	Y	PI605895	exact	matched_exact
PI605896A	Y	N		none	vcf_only
PI605896B	Y	Y	PI605896B	exact	matched_exact
PI605896C	Y	Y	PI605896C	exact	matched_exact
PI605897A	Y	Y	PI605897A	exact	matched_exact
PI605897B	Y	N		none	vcf_only
PI605897C	Y	Y	PI605897C	exact	matched_exact
PI605898	Y	N		none	vcf_only
PI605899A	Y	Y	PI605899A	exact	matched_exact
PI605899B	Y	Y	PI605899B	exact	matched_exact
PI605901	Y	Y	PI605901	exact	matched_exact
PI605902	Y	N		none	vcf_only
PI605906	Y	Y	PI605906	exact	matched_exact
PI605908	Y	N		none	vcf_only
PI605909A	Y	Y	PI605909A	exact	matched_exact
PI605909B	Y	Y	PI605909B	exact	matched_exact
PI605909C	Y	Y	PI605909C	exact	matched_exact
PI606362	Y	Y	PI606362	exact	matched_exact
PI606363	Y	Y	PI606363	exact	matched_exact
PI606364	Y	Y	PI606364	exact	matched_exact
PI606365	Y	Y	PI606365	exact	matched_exact
PI606366	Y	Y	PI606366	exact	matched_exact
PI606367	Y	Y	PI606367	exact	matched_exact
PI606368	Y	Y	PI606368	exact	matched_exact
PI606369A	Y	Y	PI606369A	exact	matched_exact
PI606369B	Y	Y	PI606369B	exact	matched_exact
PI606370	Y	Y	PI606370	exact	matched_exact
PI606371	Y	Y	PI606371	exact	matched_exact
PI606372	Y	Y	PI606372	exact	matched_exact
PI606373	Y	Y	PI606373	exact	matched_exact
PI606374	Y	Y	PI606374	exact	matched_exact
PI606375	Y	Y	PI606375	exact	matched_exact
PI606376	Y	Y	PI606376	exact	matched_exact
PI606377	Y	Y	PI606377	exact	matched_exact
PI606378	Y	Y	PI606378	exact	matched_exact
PI606379	Y	Y	PI606379	exact	matched_exact
PI606380A	Y	Y	PI606380A	exact	matched_exact
PI606380B	Y	Y	PI606380B	exact	matched_exact
PI606382A	Y	Y	PI606382A	exact	matched_exact
PI606382B	Y	Y	PI606382B	exact	matched_exact
PI606383	Y	Y	PI606383	exact	matched_exact
PI606384	Y	Y	PI606384	exact	matched_exact
PI606386	Y	Y	PI606386	exact	matched_exact
PI606387	Y	Y	PI606387	exact	matched_exact
PI606388	Y	Y	PI606388	exact	matched_exact
PI606389	Y	Y	PI606389	exact	matched_exact
PI606390A	Y	Y	PI606390A	exact	matched_exact
PI606390B	Y	Y	PI606390B	exact	matched_exact
PI606391	Y	Y	PI606391	exact	matched_exact
PI606392	Y	Y	PI606392	exact	matched_exact
PI606393	Y	Y	PI606393	exact	matched_exact
PI606394	Y	Y	PI606394	exact	matched_exact
PI606395	Y	Y	PI606395	exact	matched_exact
PI606396	Y	Y	PI606396	exact	matched_exact
PI606397A	Y	Y	PI606397A	exact	matched_exact
PI606397B	Y	Y	PI606397B	exact	matched_exact
PI606398	Y	Y	PI606398	exact	matched_exact
PI606399	Y	Y	PI606399	exact	matched_exact
PI606400	Y	Y	PI606400	exact	matched_exact
PI606401	Y	Y	PI606401	exact	matched_exact
PI606402	Y	Y	PI606402	exact	matched_exact
PI606403	Y	Y	PI606403	exact	matched_exact
PI606404	Y	Y	PI606404	exact	matched_exact
PI606405	Y	Y	PI606405	exact	matched_exact
PI606406	Y	Y	PI606406	exact	matched_exact
PI606407	Y	Y	PI606407	exact	matched_exact
PI606408	Y	Y	PI606408	exact	matched_exact
PI606409	Y	Y	PI606409	exact	matched_exact
PI606410	Y	Y	PI606410	exact	matched_exact
PI606411	Y	Y	PI606411	exact	matched_exact
PI606412	Y	Y	PI606412	exact	matched_exact
PI606413	Y	Y	PI606413	exact	matched_exact
PI606414	Y	Y	PI606414	exact	matched_exact
PI606415	Y	Y	PI606415	exact	matched_exact
PI606416A	Y	Y	PI606416A	exact	matched_exact
PI606416B	Y	Y	PI606416B	exact	matched_exact
PI606417	Y	Y	PI606417	exact	matched_exact
PI606418A	Y	Y	PI606418A	exact	matched_exact
PI606418B	Y	Y	PI606418B	exact	matched_exact
PI606419	Y	Y	PI606419	exact	matched_exact
PI606420	Y	Y	PI606420	exact	matched_exact
PI606421	Y	Y	PI606421	exact	matched_exact
PI606422	Y	Y	PI606422	exact	matched_exact
PI606423	Y	Y	PI606423	exact	matched_exact
PI606424	Y	Y	PI606424	exact	matched_exact
PI606425	Y	Y	PI606425	exact	matched_exact
PI606426	Y	Y	PI606426	exact	matched_exact
PI606427	Y	Y	PI606427	exact	matched_exact
PI606428	Y	Y	PI606428	exact	matched_exact
PI606429	Y	Y	PI606429	exact	matched_exact
PI606430	Y	Y	PI606430	exact	matched_exact
PI606431	Y	Y	PI606431	exact	matched_exact
PI606432A	Y	Y	PI606432A	exact	matched_exact
PI606432B	Y	Y	PI606432B	exact	matched_exact
PI606433	Y	Y	PI606433	exact	matched_exact
PI606434	Y	Y	PI606434	exact	matched_exact
PI606435	Y	Y	PI606435	exact	matched_exact
PI606436	Y	Y	PI606436	exact	matched_exact
PI606437	Y	Y	PI606437	exact	matched_exact
PI606438A	Y	Y	PI606438A	exact	matched_exact
PI606438B	Y	Y	PI606438B	exact	matched_exact
PI606439	Y	Y	PI606439	exact	matched_exact
PI606440A	Y	Y	PI606440A	exact	matched_exact
PI606440B	Y	Y	PI606440B	exact	matched_exact
PI606440C	Y	Y	PI606440C	exact	matched_exact
PI606441	Y	Y	PI606441	exact	matched_exact
PI606442	Y	Y	PI606442	exact	matched_exact
PI606443	Y	Y	PI606443	exact	matched_exact
PI606444	Y	Y	PI606444	exact	matched_exact
PI606748	Y	Y	PI606748	exact	matched_exact
PI606749	Y	Y	PI606749	exact	matched_exact
PI607380	Y	Y	PI607380	exact	matched_exact
PI607385	Y	Y	PI607385	exact	matched_exact
PI607528	Y	Y	PI607528	exact	matched_exact
PI607835	Y	Y	PI607835	exact	matched_exact
PI608033	Y	Y	PI608033	exact	matched_exact
PI608357	Y	Y	PI608357	exact	matched_exact
PI608438	Y	Y	PI608438	exact	matched_exact
PI608726	Y	Y	PI608726	exact	matched_exact
PI60970	Y	N	PI060970	zero_pad_candidate	ambiguous
PI610670	Y	Y	PI610670	exact	matched_exact
PI610671	Y	Y	PI610671	exact	matched_exact
PI611112	Y	Y	PI611112	exact	matched_exact
PI612146	Y	Y	PI612146	exact	matched_exact
PI612157	Y	Y	PI612157	exact	matched_exact
PI612178	N	Y		none	phenotype_only
PI612179	N	Y		none	phenotype_only
PI612180	N	Y		none	phenotype_only
PI612181	N	Y		none	phenotype_only
PI612182	N	Y		none	phenotype_only
PI612183	N	Y		none	phenotype_only
PI612184	N	Y		none	phenotype_only
PI612185	N	Y		none	phenotype_only
PI612186	N	Y		none	phenotype_only
PI612187	N	Y		none	phenotype_only
PI612188	N	Y		none	phenotype_only
PI612189	N	Y		none	phenotype_only
PI612190	N	Y		none	phenotype_only
PI612191	N	Y		none	phenotype_only
PI612192	N	Y		none	phenotype_only
PI612193	N	Y		none	phenotype_only
PI612194	N	Y		none	phenotype_only
PI612195	N	Y		none	phenotype_only
PI612196	N	Y		none	phenotype_only
PI612197	N	Y		none	phenotype_only
PI612198	N	Y		none	phenotype_only
PI612199	N	Y		none	phenotype_only
PI612200	N	Y		none	phenotype_only
PI612201	N	Y		none	phenotype_only
PI612202	N	Y		none	phenotype_only
PI612203	N	Y		none	phenotype_only
PI612204	N	Y		none	phenotype_only
PI612205	N	Y		none	phenotype_only
PI612206	N	Y		none	phenotype_only
PI612207	N	Y		none	phenotype_only
PI612208	N	Y		none	phenotype_only
PI612209	N	Y		none	phenotype_only
PI612210	N	Y		none	phenotype_only
PI612211	N	Y		none	phenotype_only
PI612212	N	Y		none	phenotype_only
PI612213	N	Y		none	phenotype_only
PI612214	N	Y		none	phenotype_only
PI612215	N	Y		none	phenotype_only
PI612216	N	Y		none	phenotype_only
PI612217	N	Y		none	phenotype_only
PI612218	N	Y		none	phenotype_only
PI612219	N	Y		none	phenotype_only
PI612220	N	Y		none	phenotype_only
PI612221	N	Y		none	phenotype_only
PI612222	N	Y		none	phenotype_only
PI612223	N	Y		none	phenotype_only
PI612224	N	Y		none	phenotype_only
PI612225	N	Y		none	phenotype_only
PI612226	N	Y		none	phenotype_only
PI612227	N	Y		none	phenotype_only
PI612228	N	Y		none	phenotype_only
PI612229	N	Y		none	phenotype_only
PI612230	N	Y		none	phenotype_only
PI612231	N	Y		none	phenotype_only
PI612232	N	Y		none	phenotype_only
PI612233	N	Y		none	phenotype_only
PI612234	N	Y		none	phenotype_only
PI612235	N	Y		none	phenotype_only
PI612236	N	Y		none	phenotype_only
PI612237	N	Y		none	phenotype_only
PI612238	N	Y		none	phenotype_only
PI612239	N	Y		none	phenotype_only
PI612344	Y	Y	PI612344	exact	matched_exact
PI612594	Y	Y	PI612594	exact	matched_exact
PI612608	Y	Y	PI612608	exact	matched_exact
PI612609	Y	Y	PI612609	exact	matched_exact
PI612610	Y	Y	PI612610	exact	matched_exact
PI612611	Y	Y	PI612611	exact	matched_exact
PI612612A	Y	Y	PI612612A	exact	matched_exact
PI612612B	Y	Y	PI612612B	exact	matched_exact
PI612613	Y	Y	PI612613	exact	matched_exact
PI612614	Y	Y	PI612614	exact	matched_exact
PI612615	Y	Y	PI612615	exact	matched_exact
PI612616	Y	Y	PI612616	exact	matched_exact
PI612617A	Y	Y	PI612617A	exact	matched_exact
PI612617B	Y	Y	PI612617B	exact	matched_exact
PI612620	Y	N		none	vcf_only
PI612621	Y	N		none	vcf_only
PI612622A	Y	N		none	vcf_only
PI612622B	Y	N		none	vcf_only
PI612705	Y	Y	PI612705	exact	matched_exact
PI612706A	Y	Y	PI612706A	exact	matched_exact
PI612706B	Y	Y	PI612706B	exact	matched_exact
PI612707A	Y	Y	PI612707A	exact	matched_exact
PI612707B	Y	Y	PI612707B	exact	matched_exact
PI612708A	Y	Y	PI612708A	exact	matched_exact
PI612708B	Y	Y	PI612708B	exact	matched_exact
PI612708C	Y	Y	PI612708C	exact	matched_exact
PI612708D	Y	Y	PI612708D	exact	matched_exact
PI612709A	Y	Y	PI612709A	exact	matched_exact
PI612709B	Y	Y	PI612709B	exact	matched_exact
PI612709C	Y	Y	PI612709C	exact	matched_exact
PI612710	Y	Y	PI612710	exact	matched_exact
PI612711A	Y	Y	PI612711A	exact	matched_exact
PI612711B	Y	Y	PI612711B	exact	matched_exact
PI612712	Y	Y	PI612712	exact	matched_exact
PI612713A	Y	Y	PI612713A	exact	matched_exact
PI612713B	Y	Y	PI612713B	exact	matched_exact
PI612714A	Y	Y	PI612714A	exact	matched_exact
PI612714B	Y	Y	PI612714B	exact	matched_exact
PI612715	Y	Y	PI612715	exact	matched_exact
PI612716	Y	Y	PI612716	exact	matched_exact
PI612717	Y	Y	PI612717	exact	matched_exact
PI612718	Y	Y	PI612718	exact	matched_exact
PI612719	Y	Y	PI612719	exact	matched_exact
PI612720A	Y	Y	PI612720A	exact	matched_exact
PI612720B	Y	Y	PI612720B	exact	matched_exact
PI612721A	Y	Y	PI612721A	exact	matched_exact
PI612721B	Y	Y	PI612721B	exact	matched_exact
PI612722	Y	Y	PI612722	exact	matched_exact
PI612723	Y	Y	PI612723	exact	matched_exact
PI612724	Y	Y	PI612724	exact	matched_exact
PI612725	Y	Y	PI612725	exact	matched_exact
PI612726	Y	Y	PI612726	exact	matched_exact
PI612727	Y	Y	PI612727	exact	matched_exact
PI612728	Y	Y	PI612728	exact	matched_exact
PI612729	Y	Y	PI612729	exact	matched_exact
PI612730	Y	Y	PI612730	exact	matched_exact
PI612731	Y	Y	PI612731	exact	matched_exact
PI612732	Y	Y	PI612732	exact	matched_exact
PI612733	Y	Y	PI612733	exact	matched_exact
PI612734	Y	Y	PI612734	exact	matched_exact
PI612735	Y	Y	PI612735	exact	matched_exact
PI612736	Y	Y	PI612736	exact	matched_exact
PI612737	Y	Y	PI612737	exact	matched_exact
PI612738	Y	Y	PI612738	exact	matched_exact
PI612739	Y	Y	PI612739	exact	matched_exact
PI612740	Y	Y	PI612740	exact	matched_exact
PI612741	Y	Y	PI612741	exact	matched_exact
PI612742	Y	Y	PI612742	exact	matched_exact
PI612743	Y	Y	PI612743	exact	matched_exact
PI612744	Y	Y	PI612744	exact	matched_exact
PI612745	Y	Y	PI612745	exact	matched_exact
PI612746	Y	Y	PI612746	exact	matched_exact
PI612747	Y	Y	PI612747	exact	matched_exact
PI612748	Y	Y	PI612748	exact	matched_exact
PI612749	Y	Y	PI612749	exact	matched_exact
PI612750	Y	Y	PI612750	exact	matched_exact
PI612751	Y	Y	PI612751	exact	matched_exact
PI612752	Y	Y	PI612752	exact	matched_exact
PI612753A	Y	Y	PI612753A	exact	matched_exact
PI612753B	Y	Y	PI612753B	exact	matched_exact
PI612754	Y	Y	PI612754	exact	matched_exact
PI612755	Y	N		none	vcf_only
PI612756	Y	Y	PI612756	exact	matched_exact
PI612757	Y	Y	PI612757	exact	matched_exact
PI612758A	Y	Y	PI612758A	exact	matched_exact
PI612758B	Y	Y	PI612758B	exact	matched_exact
PI612759A	Y	Y	PI612759A	exact	matched_exact
PI612759B	Y	Y	PI612759B	exact	matched_exact
PI612759C	Y	Y	PI612759C	exact	matched_exact
PI612759D	Y	Y	PI612759D	exact	matched_exact
PI612760	Y	Y	PI612760	exact	matched_exact
PI612761A	Y	Y	PI612761A	exact	matched_exact
PI612761B	Y	Y	PI612761B	exact	matched_exact
PI612762	Y	Y	PI612762	exact	matched_exact
PI612763	Y	Y	PI612763	exact	matched_exact
PI612764	Y	Y	PI612764	exact	matched_exact
PI612930	Y	Y	PI612930	exact	matched_exact
PI612931	Y	Y	PI612931	exact	matched_exact
PI612932	Y	Y	PI612932	exact	matched_exact
PI613055	Y	Y	PI613055	exact	matched_exact
PI613056	Y	Y	PI613056	exact	matched_exact
PI613195	Y	Y	PI613195	exact	matched_exact
PI613558A	Y	Y	PI613558A	exact	matched_exact
PI613558B	Y	Y	PI613558B	exact	matched_exact
PI613559A	Y	Y	PI613559A	exact	matched_exact
PI613559B	Y	Y	PI613559B	exact	matched_exact
PI613559C	Y	Y	PI613559C	exact	matched_exact
PI613559D	Y	Y	PI613559D	exact	matched_exact
PI613559E	Y	Y	PI613559E	exact	matched_exact
PI613559F	Y	Y	PI613559F	exact	matched_exact
PI613560	Y	Y	PI613560	exact	matched_exact
PI613561	Y	Y	PI613561	exact	matched_exact
PI613562	Y	Y	PI613562	exact	matched_exact
PI614088	Y	Y	PI614088	exact	matched_exact
PI614153	Y	Y	PI614153	exact	matched_exact
PI614154	Y	Y	PI614154	exact	matched_exact
PI614155	Y	Y	PI614155	exact	matched_exact
PI614156	Y	Y	PI614156	exact	matched_exact
PI614673	Y	Y	PI614673	exact	matched_exact
PI614674	Y	Y	PI614674	exact	matched_exact
PI614702	Y	Y	PI614702	exact	matched_exact
PI614732	Y	Y	PI614732	exact	matched_exact
PI614806	Y	Y	PI614806	exact	matched_exact
PI614807	Y	Y	PI614807	exact	matched_exact
PI614808	Y	Y	PI614808	exact	matched_exact
PI614831	Y	Y	PI614831	exact	matched_exact
PI614832	Y	Y	PI614832	exact	matched_exact
PI614833	Y	Y	PI614833	exact	matched_exact
PI615435	Y	Y	PI615435	exact	matched_exact
PI615436	Y	Y	PI615436	exact	matched_exact
PI615437	Y	Y	PI615437	exact	matched_exact
PI615438	Y	Y	PI615438	exact	matched_exact
PI615442	Y	Y	PI615442	exact	matched_exact
PI615443	Y	Y	PI615443	exact	matched_exact
PI615444	Y	Y	PI615444	exact	matched_exact
PI615445	Y	Y	PI615445	exact	matched_exact
PI615446	Y	Y	PI615446	exact	matched_exact
PI615447	Y	Y	PI615447	exact	matched_exact
PI615448	Y	Y	PI615448	exact	matched_exact
PI615449	Y	Y	PI615449	exact	matched_exact
PI615450	Y	Y	PI615450	exact	matched_exact
PI615451A	Y	Y	PI615451A	exact	matched_exact
PI615451B	Y	Y	PI615451B	exact	matched_exact
PI615452	Y	Y	PI615452	exact	matched_exact
PI615454	Y	Y	PI615454	exact	matched_exact
PI615455	Y	Y	PI615455	exact	matched_exact
PI615456	Y	Y	PI615456	exact	matched_exact
PI615457	Y	Y	PI615457	exact	matched_exact
PI615458	Y	Y	PI615458	exact	matched_exact
PI615461	Y	Y	PI615461	exact	matched_exact
PI615462	Y	Y	PI615462	exact	matched_exact
PI615464	Y	Y	PI615464	exact	matched_exact
PI615466	Y	Y	PI615466	exact	matched_exact
PI615467	Y	Y	PI615467	exact	matched_exact
PI615469	Y	Y	PI615469	exact	matched_exact
PI615470	Y	Y	PI615470	exact	matched_exact
PI615471A	Y	Y	PI615471A	exact	matched_exact
PI615471B	Y	Y	PI615471B	exact	matched_exact
PI615472	Y	Y	PI615472	exact	matched_exact
PI615473	Y	Y	PI615473	exact	matched_exact
PI615474	Y	Y	PI615474	exact	matched_exact
PI615475	Y	Y	PI615475	exact	matched_exact
PI615476	Y	Y	PI615476	exact	matched_exact
PI615477	Y	Y	PI615477	exact	matched_exact
PI615478	Y	Y	PI615478	exact	matched_exact
PI615481	Y	Y	PI615481	exact	matched_exact
PI615482	Y	Y	PI615482	exact	matched_exact
PI615483	Y	Y	PI615483	exact	matched_exact
PI615484	Y	Y	PI615484	exact	matched_exact
PI615485	Y	Y	PI615485	exact	matched_exact
PI615487	Y	Y	PI615487	exact	matched_exact
PI615488	Y	Y	PI615488	exact	matched_exact
PI615489	Y	Y	PI615489	exact	matched_exact
PI615491	Y	Y	PI615491	exact	matched_exact
PI615493	Y	Y	PI615493	exact	matched_exact
PI615494	Y	Y	PI615494	exact	matched_exact
PI615495	Y	Y	PI615495	exact	matched_exact
PI615496	Y	Y	PI615496	exact	matched_exact
PI615497	Y	Y	PI615497	exact	matched_exact
PI615498	Y	Y	PI615498	exact	matched_exact
PI615499	Y	Y	PI615499	exact	matched_exact
PI615500	Y	Y	PI615500	exact	matched_exact
PI615501	Y	Y	PI615501	exact	matched_exact
PI615502	Y	Y	PI615502	exact	matched_exact
PI615504	Y	Y	PI615504	exact	matched_exact
PI615505	Y	Y	PI615505	exact	matched_exact
PI615507	Y	Y	PI615507	exact	matched_exact
PI615508	Y	Y	PI615508	exact	matched_exact
PI615509A	Y	Y	PI615509A	exact	matched_exact
PI615509B	Y	Y	PI615509B	exact	matched_exact
PI615510A	Y	Y	PI615510A	exact	matched_exact
PI615510B	Y	Y	PI615510B	exact	matched_exact
PI615510C	Y	Y	PI615510C	exact	matched_exact
PI615511	Y	Y	PI615511	exact	matched_exact
PI615512	Y	Y	PI615512	exact	matched_exact
PI615513	Y	Y	PI615513	exact	matched_exact
PI615514	Y	Y	PI615514	exact	matched_exact
PI615515	Y	Y	PI615515	exact	matched_exact
PI615516	Y	Y	PI615516	exact	matched_exact
PI615517	Y	Y	PI615517	exact	matched_exact
PI615518	Y	N		none	vcf_only
PI615519	Y	N		none	vcf_only
PI615553	Y	Y	PI615553	exact	matched_exact
PI615554	Y	Y	PI615554	exact	matched_exact
PI615555	Y	Y	PI615555	exact	matched_exact
PI615556	Y	Y	PI615556	exact	matched_exact
PI615582	Y	Y	PI615582	exact	matched_exact
PI615585	Y	Y	PI615585	exact	matched_exact
PI615586	Y	Y	PI615586	exact	matched_exact
PI615694	Y	Y	PI615694	exact	matched_exact
PI615695	Y	Y	PI615695	exact	matched_exact
PI616498	Y	Y	PI616498	exact	matched_exact
PI617041	Y	Y	PI617041	exact	matched_exact
PI617045	Y	Y	PI617045	exact	matched_exact
PI618613	Y	Y	PI618613	exact	matched_exact
PI618808	Y	Y	PI618808	exact	matched_exact
PI618809	Y	Y	PI618809	exact	matched_exact
PI619083	Y	Y	PI619083	exact	matched_exact
PI619232	Y	Y	PI619232	exact	matched_exact
PI61940	Y	N	PI061940	zero_pad_candidate	ambiguous
PI61944	Y	N	PI061944	zero_pad_candidate	ambiguous
PI61947	Y	N	PI061947	zero_pad_candidate	ambiguous
PI619615	Y	Y	PI619615	exact	matched_exact
PI619616	Y	Y	PI619616	exact	matched_exact
PI619617	Y	Y	PI619617	exact	matched_exact
PI620883	Y	Y	PI620883	exact	matched_exact
PI62199	Y	N	PI062199	zero_pad_candidate	ambiguous
PI62202	Y	N	PI062202	zero_pad_candidate	ambiguous
PI62202-2	Y	N	PI062202-2	zero_pad_candidate	ambiguous
PI62203	Y	N	PI062203	zero_pad_candidate	ambiguous
PI62204	Y	N	PI062204	zero_pad_candidate	ambiguous
PI62248	Y	N	PI062248	zero_pad_candidate	ambiguous
PI62483	Y	N	PI062483	zero_pad_candidate	ambiguous
PI628271	Y	Y	PI628271	exact	matched_exact
PI628797	Y	Y	PI628797	exact	matched_exact
PI628799	Y	Y	PI628799	exact	matched_exact
PI628800	Y	Y	PI628800	exact	matched_exact
PI628801	Y	Y	PI628801	exact	matched_exact
PI628802	Y	Y	PI628802	exact	matched_exact
PI628803	Y	Y	PI628803	exact	matched_exact
PI628804	Y	Y	PI628804	exact	matched_exact
PI628805	Y	Y	PI628805	exact	matched_exact
PI628806	Y	Y	PI628806	exact	matched_exact
PI628807	Y	Y	PI628807	exact	matched_exact
PI628808	Y	Y	PI628808	exact	matched_exact
PI628809	Y	Y	PI628809	exact	matched_exact
PI628810	Y	Y	PI628810	exact	matched_exact
PI628811	Y	Y	PI628811	exact	matched_exact
PI628812	Y	Y	PI628812	exact	matched_exact
PI628813	Y	Y	PI628813	exact	matched_exact
PI628814	Y	Y	PI628814	exact	matched_exact
PI628815	Y	Y	PI628815	exact	matched_exact
PI628816	Y	Y	PI628816	exact	matched_exact
PI628817	Y	Y	PI628817	exact	matched_exact
PI628819	Y	Y	PI628819	exact	matched_exact
PI628820	Y	Y	PI628820	exact	matched_exact
PI628821	Y	Y	PI628821	exact	matched_exact
PI628822	Y	Y	PI628822	exact	matched_exact
PI628823	Y	Y	PI628823	exact	matched_exact
PI628824	Y	Y	PI628824	exact	matched_exact
PI628825	Y	Y	PI628825	exact	matched_exact
PI628826	Y	Y	PI628826	exact	matched_exact
PI628827	Y	Y	PI628827	exact	matched_exact
PI628828	Y	Y	PI628828	exact	matched_exact
PI628829	Y	Y	PI628829	exact	matched_exact
PI628830	Y	Y	PI628830	exact	matched_exact
PI628831	Y	Y	PI628831	exact	matched_exact
PI628832	Y	Y	PI628832	exact	matched_exact
PI628833	Y	Y	PI628833	exact	matched_exact
PI628834	Y	Y	PI628834	exact	matched_exact
PI628835	Y	Y	PI628835	exact	matched_exact
PI628836	Y	Y	PI628836	exact	matched_exact
PI628837	Y	Y	PI628837	exact	matched_exact
PI628838	Y	Y	PI628838	exact	matched_exact
PI628839	Y	Y	PI628839	exact	matched_exact
PI628840	Y	Y	PI628840	exact	matched_exact
PI628841	Y	Y	PI628841	exact	matched_exact
PI628842	Y	Y	PI628842	exact	matched_exact
PI628843	Y	Y	PI628843	exact	matched_exact
PI628844	Y	Y	PI628844	exact	matched_exact
PI628845	Y	Y	PI628845	exact	matched_exact
PI628846	Y	Y	PI628846	exact	matched_exact
PI628847	Y	Y	PI628847	exact	matched_exact
PI628848A	Y	Y	PI628848A	exact	matched_exact
PI628848B	Y	Y	PI628848B	exact	matched_exact
PI628848C	Y	Y	PI628848C	exact	matched_exact
PI628849	Y	Y	PI628849	exact	matched_exact
PI628850	Y	Y	PI628850	exact	matched_exact
PI628851	Y	Y	PI628851	exact	matched_exact
PI628852	Y	Y	PI628852	exact	matched_exact
PI628853	Y	Y	PI628853	exact	matched_exact
PI628854	Y	Y	PI628854	exact	matched_exact
PI628855	Y	Y	PI628855	exact	matched_exact
PI628856	Y	Y	PI628856	exact	matched_exact
PI628857	Y	Y	PI628857	exact	matched_exact
PI628858	Y	Y	PI628858	exact	matched_exact
PI628859	Y	Y	PI628859	exact	matched_exact
PI628860	Y	Y	PI628860	exact	matched_exact
PI628861	Y	Y	PI628861	exact	matched_exact
PI628862	Y	Y	PI628862	exact	matched_exact
PI628863	Y	Y	PI628863	exact	matched_exact
PI628864	Y	Y	PI628864	exact	matched_exact
PI628865	Y	Y	PI628865	exact	matched_exact
PI628866	Y	Y	PI628866	exact	matched_exact
PI628867	Y	Y	PI628867	exact	matched_exact
PI628868	Y	Y	PI628868	exact	matched_exact
PI628869	Y	Y	PI628869	exact	matched_exact
PI628870	Y	Y	PI628870	exact	matched_exact
PI628871	Y	Y	PI628871	exact	matched_exact
PI628872	Y	Y	PI628872	exact	matched_exact
PI628873	Y	Y	PI628873	exact	matched_exact
PI628874	Y	Y	PI628874	exact	matched_exact
PI628875	Y	Y	PI628875	exact	matched_exact
PI628876	Y	Y	PI628876	exact	matched_exact
PI628877	Y	Y	PI628877	exact	matched_exact
PI628878	Y	Y	PI628878	exact	matched_exact
PI628879	Y	Y	PI628879	exact	matched_exact
PI628880	Y	Y	PI628880	exact	matched_exact
PI628881	Y	Y	PI628881	exact	matched_exact
PI628882	Y	Y	PI628882	exact	matched_exact
PI628883	Y	Y	PI628883	exact	matched_exact
PI628884	Y	Y	PI628884	exact	matched_exact
PI628885	Y	Y	PI628885	exact	matched_exact
PI628886	Y	Y	PI628886	exact	matched_exact
PI628887	Y	Y	PI628887	exact	matched_exact
PI628888	Y	Y	PI628888	exact	matched_exact
PI628889	Y	Y	PI628889	exact	matched_exact
PI628890	Y	Y	PI628890	exact	matched_exact
PI628891	Y	Y	PI628891	exact	matched_exact
PI628892	Y	Y	PI628892	exact	matched_exact
PI628893	Y	Y	PI628893	exact	matched_exact
PI628894	Y	Y	PI628894	exact	matched_exact
PI628895	Y	Y	PI628895	exact	matched_exact
PI628896	Y	Y	PI628896	exact	matched_exact
PI628897	Y	Y	PI628897	exact	matched_exact
PI628898	Y	Y	PI628898	exact	matched_exact
PI628899	Y	Y	PI628899	exact	matched_exact
PI628900	Y	Y	PI628900	exact	matched_exact
PI628901	Y	Y	PI628901	exact	matched_exact
PI628902	Y	Y	PI628902	exact	matched_exact
PI628903	Y	Y	PI628903	exact	matched_exact
PI628904	Y	Y	PI628904	exact	matched_exact
PI628905	Y	Y	PI628905	exact	matched_exact
PI628906	Y	Y	PI628906	exact	matched_exact
PI628907	Y	Y	PI628907	exact	matched_exact
PI628908	Y	Y	PI628908	exact	matched_exact
PI628909	Y	Y	PI628909	exact	matched_exact
PI628910	Y	Y	PI628910	exact	matched_exact
PI628911	Y	Y	PI628911	exact	matched_exact
PI628912	Y	Y	PI628912	exact	matched_exact
PI628913	Y	Y	PI628913	exact	matched_exact
PI628914	Y	Y	PI628914	exact	matched_exact
PI628915	Y	Y	PI628915	exact	matched_exact
PI628916	Y	Y	PI628916	exact	matched_exact
PI628917	Y	Y	PI628917	exact	matched_exact
PI628918	Y	Y	PI628918	exact	matched_exact
PI628919	Y	Y	PI628919	exact	matched_exact
PI628920	Y	Y	PI628920	exact	matched_exact
PI628922	N	Y		none	phenotype_only
PI628923	Y	Y	PI628923	exact	matched_exact
PI628924	Y	Y	PI628924	exact	matched_exact
PI628925	Y	Y	PI628925	exact	matched_exact
PI628926	Y	Y	PI628926	exact	matched_exact
PI628927	Y	Y	PI628927	exact	matched_exact
PI628928	Y	Y	PI628928	exact	matched_exact
PI628929	Y	Y	PI628929	exact	matched_exact
PI628930	Y	Y	PI628930	exact	matched_exact
PI628931	Y	Y	PI628931	exact	matched_exact
PI628932	Y	Y	PI628932	exact	matched_exact
PI628933	Y	Y	PI628933	exact	matched_exact
PI628934	Y	Y	PI628934	exact	matched_exact
PI628935	Y	Y	PI628935	exact	matched_exact
PI628936	Y	Y	PI628936	exact	matched_exact
PI628937	Y	Y	PI628937	exact	matched_exact
PI628938	Y	Y	PI628938	exact	matched_exact
PI628939	Y	Y	PI628939	exact	matched_exact
PI628940	Y	Y	PI628940	exact	matched_exact
PI628941	Y	Y	PI628941	exact	matched_exact
PI628942	Y	Y	PI628942	exact	matched_exact
PI628943	Y	Y	PI628943	exact	matched_exact
PI628944	N	Y		none	phenotype_only
PI628945	Y	Y	PI628945	exact	matched_exact
PI628946	Y	Y	PI628946	exact	matched_exact
PI628947	Y	Y	PI628947	exact	matched_exact
PI628948	Y	Y	PI628948	exact	matched_exact
PI628949	Y	Y	PI628949	exact	matched_exact
PI628950	Y	Y	PI628950	exact	matched_exact
PI628951	Y	Y	PI628951	exact	matched_exact
PI628952	Y	Y	PI628952	exact	matched_exact
PI628953	Y	Y	PI628953	exact	matched_exact
PI628954	Y	Y	PI628954	exact	matched_exact
PI628957	Y	Y	PI628957	exact	matched_exact
PI628958	Y	Y	PI628958	exact	matched_exact
PI628959	Y	Y	PI628959	exact	matched_exact
PI628960	Y	Y	PI628960	exact	matched_exact
PI628961	Y	Y	PI628961	exact	matched_exact
PI628962	Y	Y	PI628962	exact	matched_exact
PI628963	Y	Y	PI628963	exact	matched_exact
PI628964	Y	Y	PI628964	exact	matched_exact
PI628965	Y	Y	PI628965	exact	matched_exact
PI628966	Y	Y	PI628966	exact	matched_exact
PI629004	Y	Y	PI629004	exact	matched_exact
PI629005	Y	Y	PI629005	exact	matched_exact
PI629008	Y	Y	PI629008	exact	matched_exact
PI629013	Y	Y	PI629013	exact	matched_exact
PI629014	Y	Y	PI629014	exact	matched_exact
PI629015	Y	Y	PI629015	exact	matched_exact
PI630984	Y	Y	PI630984	exact	matched_exact
PI631122	Y	Y	PI631122	exact	matched_exact
PI631123	Y	Y	PI631123	exact	matched_exact
PI631157	Y	Y	PI631157	exact	matched_exact
PI631437	Y	Y	PI631437	exact	matched_exact
PI631438	Y	Y	PI631438	exact	matched_exact
PI632352	Y	Y	PI632352	exact	matched_exact
PI632401	Y	Y	PI632401	exact	matched_exact
PI632402	Y	Y	PI632402	exact	matched_exact
PI632405	Y	Y	PI632405	exact	matched_exact
PI632418	Y	Y	PI632418	exact	matched_exact
PI632420	Y	Y	PI632420	exact	matched_exact
PI632421	Y	Y	PI632421	exact	matched_exact
PI632422	Y	Y	PI632422	exact	matched_exact
PI632423	Y	Y	PI632423	exact	matched_exact
PI632424	Y	Y	PI632424	exact	matched_exact
PI632425	Y	Y	PI632425	exact	matched_exact
PI632426	Y	Y	PI632426	exact	matched_exact
PI632427	Y	Y	PI632427	exact	matched_exact
PI632428	Y	Y	PI632428	exact	matched_exact
PI632429	Y	Y	PI632429	exact	matched_exact
PI632430	Y	Y	PI632430	exact	matched_exact
PI632431	Y	Y	PI632431	exact	matched_exact
PI632636A	Y	Y	PI632636A	exact	matched_exact
PI632636B	Y	Y	PI632636B	exact	matched_exact
PI632637	Y	Y	PI632637	exact	matched_exact
PI632638	Y	Y	PI632638	exact	matched_exact
PI632639A	Y	Y	PI632639A	exact	matched_exact
PI632639B	Y	Y	PI632639B	exact	matched_exact
PI632639C	Y	Y	PI632639C	exact	matched_exact
PI632639D	Y	Y	PI632639D	exact	matched_exact
PI632640A	Y	Y	PI632640A	exact	matched_exact
PI632640B	Y	Y	PI632640B	exact	matched_exact
PI632640C	Y	Y	PI632640C	exact	matched_exact
PI632641A	Y	Y	PI632641A	exact	matched_exact
PI632641B	Y	Y	PI632641B	exact	matched_exact
PI632642	Y	Y	PI632642	exact	matched_exact
PI632643	Y	Y	PI632643	exact	matched_exact
PI632644	Y	Y	PI632644	exact	matched_exact
PI632645	Y	Y	PI632645	exact	matched_exact
PI632646	Y	Y	PI632646	exact	matched_exact
PI632647	Y	Y	PI632647	exact	matched_exact
PI632648	Y	Y	PI632648	exact	matched_exact
PI632649	Y	Y	PI632649	exact	matched_exact
PI632650	Y	Y	PI632650	exact	matched_exact
PI632652	Y	Y	PI632652	exact	matched_exact
PI632654	Y	Y	PI632654	exact	matched_exact
PI632655	Y	Y	PI632655	exact	matched_exact
PI632656A	Y	Y	PI632656A	exact	matched_exact
PI632656B	Y	Y	PI632656B	exact	matched_exact
PI632657	Y	Y	PI632657	exact	matched_exact
PI632658	Y	Y	PI632658	exact	matched_exact
PI632659	Y	Y	PI632659	exact	matched_exact
PI632660	Y	Y	PI632660	exact	matched_exact
PI632661A	Y	Y	PI632661A	exact	matched_exact
PI632661B	Y	Y	PI632661B	exact	matched_exact
PI632662	Y	Y	PI632662	exact	matched_exact
PI632663A	Y	Y	PI632663A	exact	matched_exact
PI632663B	Y	Y	PI632663B	exact	matched_exact
PI632664	Y	Y	PI632664	exact	matched_exact
PI632665	Y	Y	PI632665	exact	matched_exact
PI632666	Y	Y	PI632666	exact	matched_exact
PI632667	Y	Y	PI632667	exact	matched_exact
PI632668	Y	Y	PI632668	exact	matched_exact
PI63271	Y	N	PI063271	zero_pad_candidate	ambiguous
PI632747	Y	Y	PI632747	exact	matched_exact
PI632748	Y	Y	PI632748	exact	matched_exact
PI632749	Y	Y	PI632749	exact	matched_exact
PI632905	Y	Y	PI632905	exact	matched_exact
PI632933	Y	Y	PI632933	exact	matched_exact
PI632935A	Y	Y	PI632935A	exact	matched_exact
PI632935B	Y	Y	PI632935B	exact	matched_exact
PI632936	Y	Y	PI632936	exact	matched_exact
PI632937	Y	Y	PI632937	exact	matched_exact
PI632939	Y	Y	PI632939	exact	matched_exact
PI632940	Y	Y	PI632940	exact	matched_exact
PI632941	Y	Y	PI632941	exact	matched_exact
PI632942A	Y	Y	PI632942A	exact	matched_exact
PI632942B	Y	Y	PI632942B	exact	matched_exact
PI632943A	Y	Y	PI632943A	exact	matched_exact
PI632943B	Y	Y	PI632943B	exact	matched_exact
PI632944A	Y	Y	PI632944A	exact	matched_exact
PI632944B	Y	Y	PI632944B	exact	matched_exact
PI632944C	Y	Y	PI632944C	exact	matched_exact
PI632944D	Y	Y	PI632944D	exact	matched_exact
PI632945A	Y	Y	PI632945A	exact	matched_exact
PI632945B	Y	Y	PI632945B	exact	matched_exact
PI632946	Y	Y	PI632946	exact	matched_exact
PI632947	Y	Y	PI632947	exact	matched_exact
PI632948	Y	Y	PI632948	exact	matched_exact
PI632949	Y	Y	PI632949	exact	matched_exact
PI632950	Y	Y	PI632950	exact	matched_exact
PI632961	Y	Y	PI632961	exact	matched_exact
PI632962	Y	Y	PI632962	exact	matched_exact
PI632963	Y	Y	PI632963	exact	matched_exact
PI632964	Y	Y	PI632964	exact	matched_exact
PI633049	Y	Y	PI633049	exact	matched_exact
PI633424	Y	Y	PI633424	exact	matched_exact
PI633541	Y	Y	PI633541	exact	matched_exact
PI633567	Y	Y	PI633567	exact	matched_exact
PI633608	Y	Y	PI633608	exact	matched_exact
PI633609	Y	Y	PI633609	exact	matched_exact
PI633610	Y	Y	PI633610	exact	matched_exact
PI633620	Y	Y	PI633620	exact	matched_exact
PI633621	Y	Y	PI633621	exact	matched_exact
PI633622	Y	Y	PI633622	exact	matched_exact
PI633729	Y	Y	PI633729	exact	matched_exact
PI633730	Y	Y	PI633730	exact	matched_exact
PI633731	Y	Y	PI633731	exact	matched_exact
PI633732	Y	Y	PI633732	exact	matched_exact
PI633735	Y	Y	PI633735	exact	matched_exact
PI633736	Y	Y	PI633736	exact	matched_exact
PI633970	Y	Y	PI633970	exact	matched_exact
PI633983	Y	Y	PI633983	exact	matched_exact
PI634193	Y	Y	PI634193	exact	matched_exact
PI634335	Y	Y	PI634335	exact	matched_exact
PI634365	Y	Y	PI634365	exact	matched_exact
PI63468	Y	N	PI063468	zero_pad_candidate	ambiguous
PI634757	Y	Y	PI634757	exact	matched_exact
PI634758	Y	Y	PI634758	exact	matched_exact
PI634759	Y	Y	PI634759	exact	matched_exact
PI634760	Y	Y	PI634760	exact	matched_exact
PI634761	Y	Y	PI634761	exact	matched_exact
PI634762	Y	Y	PI634762	exact	matched_exact
PI634763	Y	Y	PI634763	exact	matched_exact
PI634764	Y	Y	PI634764	exact	matched_exact
PI634765	Y	Y	PI634765	exact	matched_exact
PI634813	Y	Y	PI634813	exact	matched_exact
PI634827	Y	Y	PI634827	exact	matched_exact
PI634867	Y	Y	PI634867	exact	matched_exact
PI634868	Y	Y	PI634868	exact	matched_exact
PI634869	Y	Y	PI634869	exact	matched_exact
PI634870	Y	Y	PI634870	exact	matched_exact
PI634871	Y	Y	PI634871	exact	matched_exact
PI634872	Y	Y	PI634872	exact	matched_exact
PI634873	Y	Y	PI634873	exact	matched_exact
PI634874	Y	Y	PI634874	exact	matched_exact
PI634875	Y	Y	PI634875	exact	matched_exact
PI634876	Y	Y	PI634876	exact	matched_exact
PI634877	Y	Y	PI634877	exact	matched_exact
PI634878	Y	Y	PI634878	exact	matched_exact
PI634879	Y	Y	PI634879	exact	matched_exact
PI634880	Y	Y	PI634880	exact	matched_exact
PI634881	Y	Y	PI634881	exact	matched_exact
PI634882	Y	Y	PI634882	exact	matched_exact
PI634883	Y	Y	PI634883	exact	matched_exact
PI634884	Y	Y	PI634884	exact	matched_exact
PI634885	Y	Y	PI634885	exact	matched_exact
PI634886	Y	Y	PI634886	exact	matched_exact
PI634887	Y	Y	PI634887	exact	matched_exact
PI634888	Y	Y	PI634888	exact	matched_exact
PI634889	Y	Y	PI634889	exact	matched_exact
PI634890	Y	Y	PI634890	exact	matched_exact
PI634891	Y	Y	PI634891	exact	matched_exact
PI634892	Y	Y	PI634892	exact	matched_exact
PI634893	Y	Y	PI634893	exact	matched_exact
PI634894	Y	Y	PI634894	exact	matched_exact
PI634895	Y	Y	PI634895	exact	matched_exact
PI634896	Y	Y	PI634896	exact	matched_exact
PI634897	Y	Y	PI634897	exact	matched_exact
PI634898	Y	Y	PI634898	exact	matched_exact
PI634899	Y	Y	PI634899	exact	matched_exact
PI634900	Y	Y	PI634900	exact	matched_exact
PI634901	Y	Y	PI634901	exact	matched_exact
PI634902	Y	Y	PI634902	exact	matched_exact
PI634903	Y	Y	PI634903	exact	matched_exact
PI634904	Y	Y	PI634904	exact	matched_exact
PI634905	Y	Y	PI634905	exact	matched_exact
PI634906	Y	Y	PI634906	exact	matched_exact
PI634907	Y	Y	PI634907	exact	matched_exact
PI634908	Y	Y	PI634908	exact	matched_exact
PI634909	Y	Y	PI634909	exact	matched_exact
PI634910	Y	Y	PI634910	exact	matched_exact
PI634911	Y	Y	PI634911	exact	matched_exact
PI634912	Y	Y	PI634912	exact	matched_exact
PI634913	Y	Y	PI634913	exact	matched_exact
PI635039	Y	Y	PI635039	exact	matched_exact
PI635053	Y	Y	PI635053	exact	matched_exact
PI635998	Y	Y	PI635998	exact	matched_exact
PI635999	Y	Y	PI635999	exact	matched_exact
PI636000	Y	Y	PI636000	exact	matched_exact
PI636002	Y	Y	PI636002	exact	matched_exact
PI636444	Y	Y	PI636444	exact	matched_exact
PI636460	Y	Y	PI636460	exact	matched_exact
PI636461	Y	Y	PI636461	exact	matched_exact
PI636462	Y	Y	PI636462	exact	matched_exact
PI636463	Y	Y	PI636463	exact	matched_exact
PI636464	Y	Y	PI636464	exact	matched_exact
PI636474	Y	Y	PI636474	exact	matched_exact
PI636691	Y	Y	PI636691	exact	matched_exact
PI636694	Y	Y	PI636694	exact	matched_exact
PI636695	Y	Y	PI636695	exact	matched_exact
PI636696	Y	Y	PI636696	exact	matched_exact
PI638510	Y	Y	PI638510	exact	matched_exact
PI638511	Y	Y	PI638511	exact	matched_exact
PI639187	Y	Y	PI639187	exact	matched_exact
PI639282	Y	Y	PI639282	exact	matched_exact
PI639283	Y	Y	PI639283	exact	matched_exact
PI639284	Y	Y	PI639284	exact	matched_exact
PI639285	Y	Y	PI639285	exact	matched_exact
PI63945	Y	N	PI063945	zero_pad_candidate	ambiguous
PI639527	Y	N		none	vcf_only
PI639528A	Y	N		none	vcf_only
PI639528B	Y	N		none	vcf_only
PI639528C	Y	N		none	vcf_only
PI639529A	Y	N		none	vcf_only
PI639529B	Y	N		none	vcf_only
PI639530	Y	N		none	vcf_only
PI639531	Y	N		none	vcf_only
PI639532	Y	N		none	vcf_only
PI639533	Y	N		none	vcf_only
PI639534A	Y	N		none	vcf_only
PI639534B	Y	N		none	vcf_only
PI639535	Y	N		none	vcf_only
PI639536	Y	N		none	vcf_only
PI639537	Y	N		none	vcf_only
PI639538	Y	N		none	vcf_only
PI639539A	Y	N		none	vcf_only
PI639539B	Y	N		none	vcf_only
PI639540	Y	N		none	vcf_only
PI639541A	Y	N		none	vcf_only
PI639541B	Y	N		none	vcf_only
PI639542A	Y	N		none	vcf_only
PI639542B	Y	N		none	vcf_only
PI639543	Y	N		none	vcf_only
PI639544	Y	N		none	vcf_only
PI639545A	Y	Y	PI639545A	exact	matched_exact
PI639545B	Y	Y	PI639545B	exact	matched_exact
PI639546A	Y	Y	PI639546A	exact	matched_exact
PI639546B	Y	Y	PI639546B	exact	matched_exact
PI639547	Y	Y	PI639547	exact	matched_exact
PI639548	Y	Y	PI639548	exact	matched_exact
PI639549	Y	Y	PI639549	exact	matched_exact
PI639550A	Y	Y	PI639550A	exact	matched_exact
PI639550B	Y	Y	PI639550B	exact	matched_exact
PI639550C	Y	Y	PI639550C	exact	matched_exact
PI639550D	Y	Y	PI639550D	exact	matched_exact
PI639550E	Y	Y	PI639550E	exact	matched_exact
PI639551	Y	Y	PI639551	exact	matched_exact
PI639552	Y	Y	PI639552	exact	matched_exact
PI639553	Y	Y	PI639553	exact	matched_exact
PI639554	Y	N		none	vcf_only
PI639555A	Y	N		none	vcf_only
PI639555B	Y	N		none	vcf_only
PI639555C	Y	N		none	vcf_only
PI639556A	Y	N		none	vcf_only
PI639556B	Y	N		none	vcf_only
PI639556C	Y	N		none	vcf_only
PI639556D	Y	N		none	vcf_only
PI639556E	Y	N		none	vcf_only
PI639557A	Y	N		none	vcf_only
PI639557B	Y	N		none	vcf_only
PI639558	Y	Y	PI639558	exact	matched_exact
PI639559A	Y	Y	PI639559A	exact	matched_exact
PI639559B	Y	Y	PI639559B	exact	matched_exact
PI639560A	Y	Y	PI639560A	exact	matched_exact
PI639560B	Y	Y	PI639560B	exact	matched_exact
PI639561	Y	N		none	vcf_only
PI639562	Y	N		none	vcf_only
PI639563	Y	N		none	vcf_only
PI639564	Y	N		none	vcf_only
PI639565	Y	N		none	vcf_only
PI639566A	Y	N		none	vcf_only
PI639566B	Y	N		none	vcf_only
PI639566C	Y	N		none	vcf_only
PI639566D	Y	N		none	vcf_only
PI639567	Y	N		none	vcf_only
PI639568	Y	N		none	vcf_only
PI639569	Y	Y	PI639569	exact	matched_exact
PI639570	Y	N		none	vcf_only
PI639571A	Y	N		none	vcf_only
PI639571B	Y	N		none	vcf_only
PI639572	Y	Y	PI639572	exact	matched_exact
PI639573	Y	Y	PI639573	exact	matched_exact
PI639574	Y	Y	PI639574	exact	matched_exact
PI639575	Y	Y	PI639575	exact	matched_exact
PI639576	Y	Y	PI639576	exact	matched_exact
PI639577	Y	Y	PI639577	exact	matched_exact
PI639578	Y	Y	PI639578	exact	matched_exact
PI639579A	Y	N		none	vcf_only
PI639579B	Y	N		none	vcf_only
PI639580A	Y	Y	PI639580A	exact	matched_exact
PI639580B	Y	Y	PI639580B	exact	matched_exact
PI639581	Y	Y	PI639581	exact	matched_exact
PI639582A	Y	Y	PI639582A	exact	matched_exact
PI639582B	Y	Y	PI639582B	exact	matched_exact
PI639583	Y	Y	PI639583	exact	matched_exact
PI639584	Y	Y	PI639584	exact	matched_exact
PI639585	Y	Y	PI639585	exact	matched_exact
PI639586	Y	Y	PI639586	exact	matched_exact
PI639587	Y	Y	PI639587	exact	matched_exact
PI639588A	Y	Y	PI639588A	exact	matched_exact
PI639588B	Y	Y	PI639588B	exact	matched_exact
PI639589	Y	Y	PI639589	exact	matched_exact
PI639590	Y	N		none	vcf_only
PI639590A	Y	Y	PI639590A	exact	matched_exact
PI639590B	Y	Y	PI639590B	exact	matched_exact
PI639591	Y	Y	PI639591	exact	matched_exact
PI639592	Y	Y	PI639592	exact	matched_exact
PI639593	Y	Y	PI639593	exact	matched_exact
PI639594	Y	Y	PI639594	exact	matched_exact
PI639595	Y	Y	PI639595	exact	matched_exact
PI639596	Y	Y	PI639596	exact	matched_exact
PI639597A	Y	Y	PI639597A	exact	matched_exact
PI639597B	Y	Y	PI639597B	exact	matched_exact
PI639597C	Y	Y	PI639597C	exact	matched_exact
PI639598	Y	Y	PI639598	exact	matched_exact
PI639599	Y	Y	PI639599	exact	matched_exact
PI639600A	Y	Y	PI639600A	exact	matched_exact
PI639600B	Y	Y	PI639600B	exact	matched_exact
PI639601A	Y	Y	PI639601A	exact	matched_exact
PI639601B	Y	Y	PI639601B	exact	matched_exact
PI639602	Y	Y	PI639602	exact	matched_exact
PI639603	Y	Y	PI639603	exact	matched_exact
PI639604	Y	Y	PI639604	exact	matched_exact
PI639605	Y	Y	PI639605	exact	matched_exact
PI639606	Y	Y	PI639606	exact	matched_exact
PI639607	Y	Y	PI639607	exact	matched_exact
PI639608	Y	Y	PI639608	exact	matched_exact
PI639609	Y	Y	PI639609	exact	matched_exact
PI639610	Y	Y	PI639610	exact	matched_exact
PI639611	Y	Y	PI639611	exact	matched_exact
PI639612A	Y	Y	PI639612A	exact	matched_exact
PI639612B	Y	Y	PI639612B	exact	matched_exact
PI639613	Y	Y	PI639613	exact	matched_exact
PI639614	Y	Y	PI639614	exact	matched_exact
PI639615	Y	Y	PI639615	exact	matched_exact
PI639616	Y	Y	PI639616	exact	matched_exact
PI639617A	Y	Y	PI639617A	exact	matched_exact
PI639617B	Y	Y	PI639617B	exact	matched_exact
PI639618	Y	Y	PI639618	exact	matched_exact
PI639619	Y	Y	PI639619	exact	matched_exact
PI639620	Y	Y	PI639620	exact	matched_exact
PI639621	Y	Y	PI639621	exact	matched_exact
PI639622	Y	Y	PI639622	exact	matched_exact
PI639623A	Y	Y	PI639623A	exact	matched_exact
PI639623B	Y	Y	PI639623B	exact	matched_exact
PI639624	Y	Y	PI639624	exact	matched_exact
PI639625	Y	Y	PI639625	exact	matched_exact
PI639626	Y	Y	PI639626	exact	matched_exact
PI639627	Y	Y	PI639627	exact	matched_exact
PI639628	Y	Y	PI639628	exact	matched_exact
PI639629	Y	Y	PI639629	exact	matched_exact
PI639630A	Y	Y	PI639630A	exact	matched_exact
PI639630B	Y	Y	PI639630B	exact	matched_exact
PI639631	Y	Y	PI639631	exact	matched_exact
PI639632A	Y	Y	PI639632A	exact	matched_exact
PI639632B	Y	Y	PI639632B	exact	matched_exact
PI639632C	Y	Y	PI639632C	exact	matched_exact
PI639633A	Y	Y	PI639633A	exact	matched_exact
PI639633B	Y	Y	PI639633B	exact	matched_exact
PI639634	Y	Y	PI639634	exact	matched_exact
PI639635	Y	Y	PI639635	exact	matched_exact
PI639636	Y	N		none	vcf_only
PI639637	Y	N		none	vcf_only
PI639683	N	Y		none	phenotype_only
PI639684	N	Y		none	phenotype_only
PI639692	N	Y		none	phenotype_only
PI639693	Y	Y	PI639693	exact	matched_exact
PI639740	Y	Y	PI639740	exact	matched_exact
PI640432	Y	Y	PI640432	exact	matched_exact
PI640433	Y	Y	PI640433	exact	matched_exact
PI640911	Y	Y	PI640911	exact	matched_exact
PI641001	N	Y		none	phenotype_only
PI641156	Y	Y	PI641156	exact	matched_exact
PI641937	Y	Y	PI641937	exact	matched_exact
PI641938	Y	Y	PI641938	exact	matched_exact
PI642055	Y	Y	PI642055	exact	matched_exact
PI642732	Y	Y	PI642732	exact	matched_exact
PI642768	Y	Y	PI642768	exact	matched_exact
PI642958	N	Y		none	phenotype_only
PI643146	Y	Y	PI643146	exact	matched_exact
PI643913	Y	Y	PI643913	exact	matched_exact
PI643914	Y	Y	PI643914	exact	matched_exact
PI644024	Y	Y	PI644024	exact	matched_exact
PI644025	Y	Y	PI644025	exact	matched_exact
PI644042	Y	Y	PI644042	exact	matched_exact
PI644043	Y	Y	PI644043	exact	matched_exact
PI644044	Y	Y	PI644044	exact	matched_exact
PI644045	Y	Y	PI644045	exact	matched_exact
PI644046	Y	Y	PI644046	exact	matched_exact
PI644047	Y	Y	PI644047	exact	matched_exact
PI644048	Y	Y	PI644048	exact	matched_exact
PI644049	Y	Y	PI644049	exact	matched_exact
PI644050	Y	Y	PI644050	exact	matched_exact
PI644051	Y	Y	PI644051	exact	matched_exact
PI644052	Y	Y	PI644052	exact	matched_exact
PI644053	Y	Y	PI644053	exact	matched_exact
PI644054	Y	Y	PI644054	exact	matched_exact
PI644055	Y	Y	PI644055	exact	matched_exact
PI644056	Y	Y	PI644056	exact	matched_exact
PI644057	Y	Y	PI644057	exact	matched_exact
PI644058	Y	Y	PI644058	exact	matched_exact
PI644059	Y	Y	PI644059	exact	matched_exact
PI644103	Y	Y	PI644103	exact	matched_exact
PI646156	Y	Y	PI646156	exact	matched_exact
PI646157	Y	Y	PI646157	exact	matched_exact
PI64698	Y	N	PI064698	zero_pad_candidate	ambiguous
PI647081	Y	Y	PI647081	exact	matched_exact
PI647082	Y	Y	PI647082	exact	matched_exact
PI647083	Y	Y	PI647083	exact	matched_exact
PI647084	Y	Y	PI647084	exact	matched_exact
PI647085	Y	Y	PI647085	exact	matched_exact
PI647086	Y	Y	PI647086	exact	matched_exact
PI647087	N	Y		none	phenotype_only
PI64747	Y	N	PI064747	zero_pad_candidate	ambiguous
PI647960	Y	Y	PI647960	exact	matched_exact
PI647961	Y	Y	PI647961	exact	matched_exact
PI647962	Y	Y	PI647962	exact	matched_exact
PI648270	Y	Y	PI648270	exact	matched_exact
PI648388	Y	N		none	vcf_only
PI652442	Y	Y	PI652442	exact	matched_exact
PI652443	Y	Y	PI652443	exact	matched_exact
PI652935	Y	Y	PI652935	exact	matched_exact
PI653109	Y	Y	PI653109	exact	matched_exact
PI65338	Y	N	PI065338	zero_pad_candidate	ambiguous
PI65341	Y	N	PI065341	zero_pad_candidate	ambiguous
PI65342	Y	N	PI065342	zero_pad_candidate	ambiguous
PI653440	Y	N		none	vcf_only
PI653442	N	Y		none	phenotype_only
PI653443	N	Y		none	phenotype_only
PI653444	N	Y		none	phenotype_only
PI653445	N	Y		none	phenotype_only
PI653446	N	Y		none	phenotype_only
PI653447	N	Y		none	phenotype_only
PI653448	N	Y		none	phenotype_only
PI653449	N	Y		none	phenotype_only
PI653450	N	Y		none	phenotype_only
PI653451	N	Y		none	phenotype_only
PI653452	N	Y		none	phenotype_only
PI653454	N	Y		none	phenotype_only
PI653456	N	Y		none	phenotype_only
PI653457	N	Y		none	phenotype_only
PI653458	N	Y		none	phenotype_only
PI653459	N	Y		none	phenotype_only
PI65346	Y	N	PI065346	zero_pad_candidate	ambiguous
PI653460	N	Y		none	phenotype_only
PI653462	N	Y		none	phenotype_only
PI653463	N	Y		none	phenotype_only
PI653465	N	Y		none	phenotype_only
PI653466	N	Y		none	phenotype_only
PI653467	N	Y		none	phenotype_only
PI653468	N	Y		none	phenotype_only
PI653469	N	Y		none	phenotype_only
PI653470	N	Y		none	phenotype_only
PI653472	N	Y		none	phenotype_only
PI653473	N	Y		none	phenotype_only
PI653474	N	Y		none	phenotype_only
PI653475	N	Y		none	phenotype_only
PI653476	N	Y		none	phenotype_only
PI653477	N	Y		none	phenotype_only
PI653478A	N	Y		none	phenotype_only
PI653478B	N	Y		none	phenotype_only
PI653479	N	Y		none	phenotype_only
PI653480	N	Y		none	phenotype_only
PI653481	N	Y		none	phenotype_only
PI653482	N	Y		none	phenotype_only
PI653483	N	Y		none	phenotype_only
PI653484	N	Y		none	phenotype_only
PI653485	N	Y		none	phenotype_only
PI653486	N	Y		none	phenotype_only
PI653487	N	Y		none	phenotype_only
PI653488	N	Y		none	phenotype_only
PI653489	N	Y		none	phenotype_only
PI653490	N	Y		none	phenotype_only
PI653492	N	Y		none	phenotype_only
PI653493	N	Y		none	phenotype_only
PI653503	N	Y		none	phenotype_only
PI653504	N	Y		none	phenotype_only
PI653505	N	Y		none	phenotype_only
PI653506	N	Y		none	phenotype_only
PI653507	N	Y		none	phenotype_only
PI653508	N	Y		none	phenotype_only
PI65354	Y	N	PI065354	zero_pad_candidate	ambiguous
PI65379	Y	N	PI065379	zero_pad_candidate	ambiguous
PI653846A	N	Y		none	phenotype_only
PI653846B	N	Y		none	phenotype_only
PI653847	Y	Y	PI653847	exact	matched_exact
PI653848	Y	Y	PI653848	exact	matched_exact
PI653849A	N	Y		none	phenotype_only
PI653849B	N	Y		none	phenotype_only
PI653850	N	Y		none	phenotype_only
PI653851	Y	Y	PI653851	exact	matched_exact
PI653852	Y	Y	PI653852	exact	matched_exact
PI653853	Y	Y	PI653853	exact	matched_exact
PI653854	Y	Y	PI653854	exact	matched_exact
PI653855	N	Y		none	phenotype_only
PI653856	Y	Y	PI653856	exact	matched_exact
PI653857	Y	Y	PI653857	exact	matched_exact
PI653858	Y	Y	PI653858	exact	matched_exact
PI653860	Y	Y	PI653860	exact	matched_exact
PI653861	N	Y		none	phenotype_only
PI653862	Y	Y	PI653862	exact	matched_exact
PI653863	Y	Y	PI653863	exact	matched_exact
PI653864	N	Y		none	phenotype_only
PI653865	Y	Y	PI653865	exact	matched_exact
PI653866	N	Y		none	phenotype_only
PI653867A	N	Y		none	phenotype_only
PI653867B	N	Y		none	phenotype_only
PI653868	Y	Y	PI653868	exact	matched_exact
PI653869	N	Y		none	phenotype_only
PI653870	Y	Y	PI653870	exact	matched_exact
PI653871	N	Y		none	phenotype_only
PI653872	N	Y		none	phenotype_only
PI653873	Y	Y	PI653873	exact	matched_exact
PI653874A	Y	Y	PI653874A	exact	matched_exact
PI653874B	Y	Y	PI653874B	exact	matched_exact
PI653875A	N	Y		none	phenotype_only
PI653875B	N	Y		none	phenotype_only
PI653876A	N	Y		none	phenotype_only
PI653876B	N	Y		none	phenotype_only
PI653877A	Y	Y	PI653877A	exact	matched_exact
PI653877B	Y	Y	PI653877B	exact	matched_exact
PI653878	N	Y		none	phenotype_only
PI653879	N	Y		none	phenotype_only
PI65388	Y	N	PI065388	zero_pad_candidate	ambiguous
PI653880	N	Y		none	phenotype_only
PI653881	Y	Y	PI653881	exact	matched_exact
PI653882	N	Y		none	phenotype_only
PI653883	Y	Y	PI653883	exact	matched_exact
PI653885	N	Y		none	phenotype_only
PI653886	Y	Y	PI653886	exact	matched_exact
PI653887	Y	Y	PI653887	exact	matched_exact
PI653888A	N	Y		none	phenotype_only
PI653888B	N	Y		none	phenotype_only
PI653889	Y	Y	PI653889	exact	matched_exact
PI653890A	Y	Y	PI653890A	exact	matched_exact
PI653890B	Y	Y	PI653890B	exact	matched_exact
PI653890C	Y	Y	PI653890C	exact	matched_exact
PI653892	Y	Y	PI653892	exact	matched_exact
PI653893	N	Y		none	phenotype_only
PI653894A	N	Y		none	phenotype_only
PI653894B	N	Y		none	phenotype_only
PI653895	Y	Y	PI653895	exact	matched_exact
PI653896	Y	Y	PI653896	exact	matched_exact
PI653897	Y	Y	PI653897	exact	matched_exact
PI653898	Y	Y	PI653898	exact	matched_exact
PI653899A	Y	Y	PI653899A	exact	matched_exact
PI653899B	Y	Y	PI653899B	exact	matched_exact
PI653900	Y	Y	PI653900	exact	matched_exact
PI653901	Y	Y	PI653901	exact	matched_exact
PI653902A	Y	Y	PI653902A	exact	matched_exact
PI653902B	Y	Y	PI653902B	exact	matched_exact
PI653903	N	Y		none	phenotype_only
PI653904A	Y	Y	PI653904A	exact	matched_exact
PI653904B	Y	Y	PI653904B	exact	matched_exact
PI653905	N	Y		none	phenotype_only
PI653906	Y	Y	PI653906	exact	matched_exact
PI653907	Y	Y	PI653907	exact	matched_exact
PI653908	Y	Y	PI653908	exact	matched_exact
PI653909	Y	Y	PI653909	exact	matched_exact
PI653910	Y	Y	PI653910	exact	matched_exact
PI653911	N	Y		none	phenotype_only
PI653912A	N	Y		none	phenotype_only
PI653912B	N	Y		none	phenotype_only
PI653913A	Y	Y	PI653913A	exact	matched_exact
PI653913B	Y	Y	PI653913B	exact	matched_exact
PI653914	Y	Y	PI653914	exact	matched_exact
PI653915	Y	Y	PI653915	exact	matched_exact
PI653916A	Y	Y	PI653916A	exact	matched_exact
PI653916B	Y	Y	PI653916B	exact	matched_exact
PI653916C	Y	Y	PI653916C	exact	matched_exact
PI653917	Y	Y	PI653917	exact	matched_exact
PI653918	Y	Y	PI653918	exact	matched_exact
PI653919	Y	Y	PI653919	exact	matched_exact
PI653920	N	Y		none	phenotype_only
PI653921	N	Y		none	phenotype_only
PI653922	Y	Y	PI653922	exact	matched_exact
PI653923	Y	Y	PI653923	exact	matched_exact
PI653924A	N	Y		none	phenotype_only
PI653924B	N	Y		none	phenotype_only
PI653924C	N	Y		none	phenotype_only
PI653925	Y	Y	PI653925	exact	matched_exact
PI653926	N	Y		none	phenotype_only
PI653927	Y	Y	PI653927	exact	matched_exact
PI653928	Y	Y	PI653928	exact	matched_exact
PI653929	Y	Y	PI653929	exact	matched_exact
PI653930	Y	Y	PI653930	exact	matched_exact
PI653931	Y	Y	PI653931	exact	matched_exact
PI653932	Y	Y	PI653932	exact	matched_exact
PI653933A	Y	Y	PI653933A	exact	matched_exact
PI653933B	Y	Y	PI653933B	exact	matched_exact
PI653934A	Y	Y	PI653934A	exact	matched_exact
PI653934B	Y	Y	PI653934B	exact	matched_exact
PI653935	Y	Y	PI653935	exact	matched_exact
PI653936	Y	Y	PI653936	exact	matched_exact
PI653937	Y	Y	PI653937	exact	matched_exact
PI653938	N	Y		none	phenotype_only
PI653939	Y	Y	PI653939	exact	matched_exact
PI653940	N	Y		none	phenotype_only
PI653940A	Y	N		none	vcf_only
PI653940B	Y	N		none	vcf_only
PI653941A	Y	Y	PI653941A	exact	matched_exact
PI653941B	Y	Y	PI653941B	exact	matched_exact
PI653942	Y	Y	PI653942	exact	matched_exact
PI653943A	N	Y		none	phenotype_only
PI653943B	N	Y		none	phenotype_only
PI653944	N	Y		none	phenotype_only
PI653945	Y	Y	PI653945	exact	matched_exact
PI653946	Y	Y	PI653946	exact	matched_exact
PI653947	Y	Y	PI653947	exact	matched_exact
PI653948	Y	Y	PI653948	exact	matched_exact
PI653949	Y	Y	PI653949	exact	matched_exact
PI653950	N	Y		none	phenotype_only
PI653951	Y	Y	PI653951	exact	matched_exact
PI653952	Y	Y	PI653952	exact	matched_exact
PI653953	N	Y		none	phenotype_only
PI653954	Y	Y	PI653954	exact	matched_exact
PI653955	Y	Y	PI653955	exact	matched_exact
PI653956	N	Y		none	phenotype_only
PI653957	N	Y		none	phenotype_only
PI653958	Y	Y	PI653958	exact	matched_exact
PI653959	Y	Y	PI653959	exact	matched_exact
PI653960A	Y	Y	PI653960A	exact	matched_exact
PI653960B	Y	Y	PI653960B	exact	matched_exact
PI653961	Y	Y	PI653961	exact	matched_exact
PI653962	Y	Y	PI653962	exact	matched_exact
PI653963	Y	Y	PI653963	exact	matched_exact
PI653964A	N	Y		none	phenotype_only
PI653964B	N	Y		none	phenotype_only
PI653966	Y	Y	PI653966	exact	matched_exact
PI653967	N	Y		none	phenotype_only
PI653968A	Y	Y	PI653968A	exact	matched_exact
PI653968B	Y	Y	PI653968B	exact	matched_exact
PI653970	N	Y		none	phenotype_only
PI653971	N	Y		none	phenotype_only
PI653972A	N	Y		none	phenotype_only
PI653972B	N	Y		none	phenotype_only
PI653973	Y	Y	PI653973	exact	matched_exact
PI653974	Y	Y	PI653974	exact	matched_exact
PI653975	N	Y		none	phenotype_only
PI653976	Y	Y	PI653976	exact	matched_exact
PI653978	N	Y		none	phenotype_only
PI653979A	N	Y		none	phenotype_only
PI653979B	N	Y		none	phenotype_only
PI653980A	N	Y		none	phenotype_only
PI653980B	N	Y		none	phenotype_only
PI653980C	N	Y		none	phenotype_only
PI653981	N	Y		none	phenotype_only
PI653983	Y	Y	PI653983	exact	matched_exact
PI653984	Y	Y	PI653984	exact	matched_exact
PI653985	Y	Y	PI653985	exact	matched_exact
PI653987	Y	Y	PI653987	exact	matched_exact
PI653988	Y	Y	PI653988	exact	matched_exact
PI653990	Y	Y	PI653990	exact	matched_exact
PI653992A	N	Y		none	phenotype_only
PI653992B	N	Y		none	phenotype_only
PI653993	N	Y		none	phenotype_only
PI653994	Y	Y	PI653994	exact	matched_exact
PI653995	Y	Y	PI653995	exact	matched_exact
PI653997	Y	Y	PI653997	exact	matched_exact
PI653998	Y	Y	PI653998	exact	matched_exact
PI653999	Y	Y	PI653999	exact	matched_exact
PI654000	Y	Y	PI654000	exact	matched_exact
PI654001	N	Y		none	phenotype_only
PI654002	Y	Y	PI654002	exact	matched_exact
PI654004	Y	Y	PI654004	exact	matched_exact
PI654005	Y	Y	PI654005	exact	matched_exact
PI654006	N	Y		none	phenotype_only
PI654007A	N	Y		none	phenotype_only
PI654007B	N	Y		none	phenotype_only
PI654008	N	Y		none	phenotype_only
PI654009	Y	Y	PI654009	exact	matched_exact
PI654010	Y	Y	PI654010	exact	matched_exact
PI654011A	N	Y		none	phenotype_only
PI654011B	N	Y		none	phenotype_only
PI654012	Y	Y	PI654012	exact	matched_exact
PI654013A	N	Y		none	phenotype_only
PI654013B	N	Y		none	phenotype_only
PI654014	Y	Y	PI654014	exact	matched_exact
PI654015A	N	Y		none	phenotype_only
PI654015B	N	Y		none	phenotype_only
PI654016	N	Y		none	phenotype_only
PI654017	N	Y		none	phenotype_only
PI654019A	N	Y		none	phenotype_only
PI654019B	N	Y		none	phenotype_only
PI654020	Y	Y	PI654020	exact	matched_exact
PI654021	Y	Y	PI654021	exact	matched_exact
PI654022A	N	Y		none	phenotype_only
PI654022B	N	Y		none	phenotype_only
PI654022C	N	Y		none	phenotype_only
PI654022D	N	Y		none	phenotype_only
PI654023	N	Y		none	phenotype_only
PI654024	Y	Y	PI654024	exact	matched_exact
PI654025A	N	Y		none	phenotype_only
PI654025B	N	Y		none	phenotype_only
PI654026A	N	Y		none	phenotype_only
PI654026B	N	Y		none	phenotype_only
PI654026C	N	Y		none	phenotype_only
PI654027	N	Y		none	phenotype_only
PI654028	Y	Y	PI654028	exact	matched_exact
PI654029	Y	Y	PI654029	exact	matched_exact
PI654030A	Y	Y	PI654030A	exact	matched_exact
PI654030B	Y	Y	PI654030B	exact	matched_exact
PI654030C	N	Y		none	phenotype_only
PI654031	Y	Y	PI654031	exact	matched_exact
PI654032	N	Y		none	phenotype_only
PI654033	Y	Y	PI654033	exact	matched_exact
PI654035A	N	Y		none	phenotype_only
PI654035B	N	Y		none	phenotype_only
PI654036	Y	Y	PI654036	exact	matched_exact
PI654037	N	Y		none	phenotype_only
PI654038	Y	Y	PI654038	exact	matched_exact
PI654039	Y	Y	PI654039	exact	matched_exact
PI654040	Y	Y	PI654040	exact	matched_exact
PI654041	Y	Y	PI654041	exact	matched_exact
PI654042	Y	Y	PI654042	exact	matched_exact
PI654043A	N	Y		none	phenotype_only
PI654043B	N	Y		none	phenotype_only
PI654044A	Y	Y	PI654044A	exact	matched_exact
PI654044B	Y	Y	PI654044B	exact	matched_exact
PI654045A	N	Y		none	phenotype_only
PI654045B	N	Y		none	phenotype_only
PI654355	Y	Y	PI654355	exact	matched_exact
PI654356	Y	Y	PI654356	exact	matched_exact
PI654825A	Y	Y	PI654825A	exact	matched_exact
PI654825B	Y	Y	PI654825B	exact	matched_exact
PI654826A	Y	Y	PI654826A	exact	matched_exact
PI654826B	Y	Y	PI654826B	exact	matched_exact
PI654827	Y	Y	PI654827	exact	matched_exact
PI654828	Y	Y	PI654828	exact	matched_exact
PI654829	Y	Y	PI654829	exact	matched_exact
PI654830A	Y	Y	PI654830A	exact	matched_exact
PI654830B	Y	Y	PI654830B	exact	matched_exact
PI654831	Y	Y	PI654831	exact	matched_exact
PI654832	Y	Y	PI654832	exact	matched_exact
PI65549	Y	N		none	vcf_only
PI655521	Y	Y	PI655521	exact	matched_exact
PI656647	Y	Y	PI656647	exact	matched_exact
PI657626	Y	Y	PI657626	exact	matched_exact
PI657701	Y	Y	PI657701	exact	matched_exact
PI657702	Y	Y	PI657702	exact	matched_exact
PI657703	Y	Y	PI657703	exact	matched_exact
PI657824	N	Y		none	phenotype_only
PI657825	N	Y		none	phenotype_only
PI657826	N	Y		none	phenotype_only
PI657827	N	Y		none	phenotype_only
PI657828	N	Y		none	phenotype_only
PI657829	N	Y		none	phenotype_only
PI658307	N	Y		none	phenotype_only
PI658491	Y	Y	PI658491	exact	matched_exact
PI658498	Y	Y	PI658498	exact	matched_exact
PI658519	Y	Y	PI658519	exact	matched_exact
PI659062	N	Y		none	phenotype_only
PI659348	Y	Y	PI659348	exact	matched_exact
PI659503	N	Y		none	phenotype_only
PI659697	N	Y		none	phenotype_only
PI659698	N	Y		none	phenotype_only
PI659987	Y	Y	PI659987	exact	matched_exact
PI659988	Y	Y	PI659988	exact	matched_exact
PI659989	Y	Y	PI659989	exact	matched_exact
PI660989	N	Y		none	phenotype_only
PI660990	N	Y		none	phenotype_only
PI661157	N	Y		none	phenotype_only
PI661258	N	Y		none	phenotype_only
PI661259	N	Y		none	phenotype_only
PI661260	N	Y		none	phenotype_only
PI661261	N	Y		none	phenotype_only
PI661262	N	Y		none	phenotype_only
PI661263	N	Y		none	phenotype_only
PI661264	N	Y		none	phenotype_only
PI661265	N	Y		none	phenotype_only
PI661267	N	Y		none	phenotype_only
PI662950	N	Y		none	phenotype_only
PI662951	N	Y		none	phenotype_only
PI662952	N	Y		none	phenotype_only
PI662953	N	Y		none	phenotype_only
PI662954	N	Y		none	phenotype_only
PI662955	N	Y		none	phenotype_only
PI662956	N	Y		none	phenotype_only
PI662957	N	Y		none	phenotype_only
PI662958	N	Y		none	phenotype_only
PI662959	N	Y		none	phenotype_only
PI662960	N	Y		none	phenotype_only
PI662961	N	Y		none	phenotype_only
PI662962	N	Y		none	phenotype_only
PI662963	N	Y		none	phenotype_only
PI663948	N	Y		none	phenotype_only
PI664025	N	Y		none	phenotype_only
PI664026	N	Y		none	phenotype_only
PI664027	N	Y		none	phenotype_only
PI664903	N	Y		none	phenotype_only
PI665035	N	Y		none	phenotype_only
PI665036	N	Y		none	phenotype_only
PI665996	N	Y		none	phenotype_only
PI666149	N	Y		none	phenotype_only
PI667734	N	Y		none	phenotype_only
PI670017	N	Y		none	phenotype_only
PI672986	N	Y		none	phenotype_only
PI672987	N	Y		none	phenotype_only
PI672988	N	Y		none	phenotype_only
PI672989	N	Y		none	phenotype_only
PI672990	N	Y		none	phenotype_only
PI674010	N	Y		none	phenotype_only
PI674170	N	Y		none	phenotype_only
PI674171	N	Y		none	phenotype_only
PI675076	N	Y		none	phenotype_only
PI675649	N	Y		none	phenotype_only
PI675650	N	Y		none	phenotype_only
PI675651	N	Y		none	phenotype_only
PI675652	N	Y		none	phenotype_only
PI675653	N	Y		none	phenotype_only
PI675654	N	Y		none	phenotype_only
PI675655	N	Y		none	phenotype_only
PI675656	N	Y		none	phenotype_only
PI675657	N	Y		none	phenotype_only
PI675658	N	Y		none	phenotype_only
PI675659	N	Y		none	phenotype_only
PI675660	N	Y		none	phenotype_only
PI675661	N	Y		none	phenotype_only
PI675662	N	Y		none	phenotype_only
PI675663	N	Y		none	phenotype_only
PI675664	N	Y		none	phenotype_only
PI675665	N	Y		none	phenotype_only
PI675666	N	Y		none	phenotype_only
PI675667	N	Y		none	phenotype_only
PI675668	N	Y		none	phenotype_only
PI675669	N	Y		none	phenotype_only
PI675670	N	Y		none	phenotype_only
PI675671	N	Y		none	phenotype_only
PI675672	N	Y		none	phenotype_only
PI675673	N	Y		none	phenotype_only
PI675674	N	Y		none	phenotype_only
PI675675	N	Y		none	phenotype_only
PI675676A	N	Y		none	phenotype_only
PI675676B	N	Y		none	phenotype_only
PI675677	N	Y		none	phenotype_only
PI675678	N	Y		none	phenotype_only
PI675679	N	Y		none	phenotype_only
PI675681	N	Y		none	phenotype_only
PI675682	N	Y		none	phenotype_only
PI675683A	N	Y		none	phenotype_only
PI675683B	N	Y		none	phenotype_only
PI675683C	N	Y		none	phenotype_only
PI675684	N	Y		none	phenotype_only
PI675685	N	Y		none	phenotype_only
PI675686	N	Y		none	phenotype_only
PI675687	N	Y		none	phenotype_only
PI675688	N	Y		none	phenotype_only
PI675689	N	Y		none	phenotype_only
PI675690A	N	Y		none	phenotype_only
PI675690B	N	Y		none	phenotype_only
PI675690C	N	Y		none	phenotype_only
PI675691	N	Y		none	phenotype_only
PI675692	N	Y		none	phenotype_only
PI675693	N	Y		none	phenotype_only
PI675694	N	Y		none	phenotype_only
PI675695A	N	Y		none	phenotype_only
PI675695B	N	Y		none	phenotype_only
PI675696	N	Y		none	phenotype_only
PI675697A	N	Y		none	phenotype_only
PI675697B	N	Y		none	phenotype_only
PI675699	N	Y		none	phenotype_only
PI675700	N	Y		none	phenotype_only
PI675702	N	Y		none	phenotype_only
PI675703	N	Y		none	phenotype_only
PI675704	N	Y		none	phenotype_only
PI675706	N	Y		none	phenotype_only
PI675707	N	Y		none	phenotype_only
PI675708	N	Y		none	phenotype_only
PI675709	N	Y		none	phenotype_only
PI675710	N	Y		none	phenotype_only
PI675711	N	Y		none	phenotype_only
PI675712	N	Y		none	phenotype_only
PI675713	N	Y		none	phenotype_only
PI675714	N	Y		none	phenotype_only
PI675715	N	Y		none	phenotype_only
PI675717	N	Y		none	phenotype_only
PI675718A	N	Y		none	phenotype_only
PI675718B	N	Y		none	phenotype_only
PI675719	N	Y		none	phenotype_only
PI675720	N	Y		none	phenotype_only
PI675721	N	Y		none	phenotype_only
PI675722	N	Y		none	phenotype_only
PI675723	N	Y		none	phenotype_only
PI675724	N	Y		none	phenotype_only
PI675725	N	Y		none	phenotype_only
PI675726	N	Y		none	phenotype_only
PI675727	N	Y		none	phenotype_only
PI675728	N	Y		none	phenotype_only
PI675729	N	Y		none	phenotype_only
PI675730	N	Y		none	phenotype_only
PI675731	N	Y		none	phenotype_only
PI675732	N	Y		none	phenotype_only
PI675733	N	Y		none	phenotype_only
PI675734	N	Y		none	phenotype_only
PI675735	N	Y		none	phenotype_only
PI675736	N	Y		none	phenotype_only
PI675737	N	Y		none	phenotype_only
PI675738	N	Y		none	phenotype_only
PI675739	N	Y		none	phenotype_only
PI675740	N	Y		none	phenotype_only
PI675741	N	Y		none	phenotype_only
PI675742	N	Y		none	phenotype_only
PI675743	N	Y		none	phenotype_only
PI675744	N	Y		none	phenotype_only
PI675745A	N	Y		none	phenotype_only
PI675745B	N	Y		none	phenotype_only
PI675746	N	Y		none	phenotype_only
PI675747	N	Y		none	phenotype_only
PI675748	N	Y		none	phenotype_only
PI675749	N	Y		none	phenotype_only
PI675750	N	Y		none	phenotype_only
PI675751	N	Y		none	phenotype_only
PI675752	N	Y		none	phenotype_only
PI675753A	N	Y		none	phenotype_only
PI675753B	N	Y		none	phenotype_only
PI675754A	N	Y		none	phenotype_only
PI675754B	N	Y		none	phenotype_only
PI675755	N	Y		none	phenotype_only
PI675756A	N	Y		none	phenotype_only
PI675756B	N	Y		none	phenotype_only
PI675757	N	Y		none	phenotype_only
PI675758	N	Y		none	phenotype_only
PI675759	N	Y		none	phenotype_only
PI675760	N	Y		none	phenotype_only
PI675761	N	Y		none	phenotype_only
PI675762	N	Y		none	phenotype_only
PI675763A	N	Y		none	phenotype_only
PI675763B	N	Y		none	phenotype_only
PI675764A	N	Y		none	phenotype_only
PI675764B	N	Y		none	phenotype_only
PI675765	N	Y		none	phenotype_only
PI675766	N	Y		none	phenotype_only
PI675768A	N	Y		none	phenotype_only
PI675768B	N	Y		none	phenotype_only
PI675769A	N	Y		none	phenotype_only
PI675769B	N	Y		none	phenotype_only
PI675770	N	Y		none	phenotype_only
PI675771	N	Y		none	phenotype_only
PI675772	N	Y		none	phenotype_only
PI675775	N	Y		none	phenotype_only
PI675776	N	Y		none	phenotype_only
PI675777	N	Y		none	phenotype_only
PI675778	N	Y		none	phenotype_only
PI675780	N	Y		none	phenotype_only
PI675784	N	Y		none	phenotype_only
PI675786	N	Y		none	phenotype_only
PI675788	N	Y		none	phenotype_only
PI675789	N	Y		none	phenotype_only
PI675790	N	Y		none	phenotype_only
PI675791A	N	Y		none	phenotype_only
PI675791B	N	Y		none	phenotype_only
PI675792A	N	Y		none	phenotype_only
PI675792B	N	Y		none	phenotype_only
PI675793	N	Y		none	phenotype_only
PI675795	N	Y		none	phenotype_only
PI675796	N	Y		none	phenotype_only
PI675797	N	Y		none	phenotype_only
PI675798A	N	Y		none	phenotype_only
PI675798B	N	Y		none	phenotype_only
PI675799	N	Y		none	phenotype_only
PI675800	N	Y		none	phenotype_only
PI675801A	N	Y		none	phenotype_only
PI675801B	N	Y		none	phenotype_only
PI675803A	N	Y		none	phenotype_only
PI675803B	N	Y		none	phenotype_only
PI675804	N	Y		none	phenotype_only
PI675805A	N	Y		none	phenotype_only
PI675805B	N	Y		none	phenotype_only
PI675806	N	Y		none	phenotype_only
PI675807	N	Y		none	phenotype_only
PI675808A	N	Y		none	phenotype_only
PI675808B	N	Y		none	phenotype_only
PI675810A	N	Y		none	phenotype_only
PI675810B	N	Y		none	phenotype_only
PI675813A	N	Y		none	phenotype_only
PI675813B	N	Y		none	phenotype_only
PI675813C	N	Y		none	phenotype_only
PI675814A	N	Y		none	phenotype_only
PI675814B	N	Y		none	phenotype_only
PI675815A	N	Y		none	phenotype_only
PI675815B	N	Y		none	phenotype_only
PI675819	N	Y		none	phenotype_only
PI675820	N	Y		none	phenotype_only
PI675822A	N	Y		none	phenotype_only
PI675822B	N	Y		none	phenotype_only
PI675824A	N	Y		none	phenotype_only
PI675824B	N	Y		none	phenotype_only
PI675826A	N	Y		none	phenotype_only
PI675826B	N	Y		none	phenotype_only
PI675830	N	Y		none	phenotype_only
PI675831	N	Y		none	phenotype_only
PI675833	N	Y		none	phenotype_only
PI675835A	N	Y		none	phenotype_only
PI675835B	N	Y		none	phenotype_only
PI675835C	N	Y		none	phenotype_only
PI675836A	N	Y		none	phenotype_only
PI675836B	N	Y		none	phenotype_only
PI675838	N	Y		none	phenotype_only
PI675840	N	Y		none	phenotype_only
PI675841	N	Y		none	phenotype_only
PI675842	N	Y		none	phenotype_only
PI675843	N	Y		none	phenotype_only
PI675844	N	Y		none	phenotype_only
PI675845	N	Y		none	phenotype_only
PI675846	N	Y		none	phenotype_only
PI675847A	N	Y		none	phenotype_only
PI675847B	N	Y		none	phenotype_only
PI675848	N	Y		none	phenotype_only
PI675849	N	Y		none	phenotype_only
PI675850	N	Y		none	phenotype_only
PI675851	N	Y		none	phenotype_only
PI675852	N	Y		none	phenotype_only
PI675853	N	Y		none	phenotype_only
PI675854	N	Y		none	phenotype_only
PI675855	N	Y		none	phenotype_only
PI675856	N	Y		none	phenotype_only
PI675857	N	Y		none	phenotype_only
PI675858	N	Y		none	phenotype_only
PI675859	N	Y		none	phenotype_only
PI675860	N	Y		none	phenotype_only
PI675861	N	Y		none	phenotype_only
PI675862	N	Y		none	phenotype_only
PI675863	N	Y		none	phenotype_only
PI675864	N	Y		none	phenotype_only
PI675865	N	Y		none	phenotype_only
PI675866	N	Y		none	phenotype_only
PI675867	N	Y		none	phenotype_only
PI675868	N	Y		none	phenotype_only
PI675869	N	Y		none	phenotype_only
PI675870	N	Y		none	phenotype_only
PI675871	N	Y		none	phenotype_only
PI675872	N	Y		none	phenotype_only
PI675873	N	Y		none	phenotype_only
PI675874	N	Y		none	phenotype_only
PI675875	N	Y		none	phenotype_only
PI675876	N	Y		none	phenotype_only
PI675877	N	Y		none	phenotype_only
PI675878	N	Y		none	phenotype_only
PI675879	N	Y		none	phenotype_only
PI675880	N	Y		none	phenotype_only
PI675881	N	Y		none	phenotype_only
PI675882	N	Y		none	phenotype_only
PI675883	N	Y		none	phenotype_only
PI675884	N	Y		none	phenotype_only
PI675885	N	Y		none	phenotype_only
PI675886	N	Y		none	phenotype_only
PI675887	N	Y		none	phenotype_only
PI675888	N	Y		none	phenotype_only
PI675891	N	Y		none	phenotype_only
PI675892	N	Y		none	phenotype_only
PI675894	N	Y		none	phenotype_only
PI675895	N	Y		none	phenotype_only
PI675896	N	Y		none	phenotype_only
PI675897	N	Y		none	phenotype_only
PI675898	N	Y		none	phenotype_only
PI675899	N	Y		none	phenotype_only
PI675900	N	Y		none	phenotype_only
PI675901	N	Y		none	phenotype_only
PI675902	N	Y		none	phenotype_only
PI675903	N	Y		none	phenotype_only
PI675905	N	Y		none	phenotype_only
PI675906	N	Y		none	phenotype_only
PI675907	N	Y		none	phenotype_only
PI675908	N	Y		none	phenotype_only
PI675909	N	Y		none	phenotype_only
PI675910	N	Y		none	phenotype_only
PI675911	N	Y		none	phenotype_only
PI675912	N	Y		none	phenotype_only
PI675913	N	Y		none	phenotype_only
PI675914	N	Y		none	phenotype_only
PI675915	N	Y		none	phenotype_only
PI675916	N	Y		none	phenotype_only
PI675917	N	Y		none	phenotype_only
PI675918	N	Y		none	phenotype_only
PI675919	N	Y		none	phenotype_only
PI675920	N	Y		none	phenotype_only
PI675921	N	Y		none	phenotype_only
PI675922	N	Y		none	phenotype_only
PI675924	N	Y		none	phenotype_only
PI675925	N	Y		none	phenotype_only
PI675926	N	Y		none	phenotype_only
PI675927	N	Y		none	phenotype_only
PI675928	N	Y		none	phenotype_only
PI675929	N	Y		none	phenotype_only
PI675931	N	Y		none	phenotype_only
PI675932	N	Y		none	phenotype_only
PI675933	N	Y		none	phenotype_only
PI675935	N	Y		none	phenotype_only
PI675936	N	Y		none	phenotype_only
PI675937	N	Y		none	phenotype_only
PI675938	N	Y		none	phenotype_only
PI675939	N	Y		none	phenotype_only
PI675940	N	Y		none	phenotype_only
PI675941	N	Y		none	phenotype_only
PI675942	N	Y		none	phenotype_only
PI675943A	N	Y		none	phenotype_only
PI675943B	N	Y		none	phenotype_only
PI675944	N	Y		none	phenotype_only
PI675945	N	Y		none	phenotype_only
PI675946	N	Y		none	phenotype_only
PI675947A	N	Y		none	phenotype_only
PI675947B	N	Y		none	phenotype_only
PI675948	N	Y		none	phenotype_only
PI675949A	N	Y		none	phenotype_only
PI675949B	N	Y		none	phenotype_only
PI675949C	N	Y		none	phenotype_only
PI675950A	N	Y		none	phenotype_only
PI675950B	N	Y		none	phenotype_only
PI675951A	N	Y		none	phenotype_only
PI675951B	N	Y		none	phenotype_only
PI675951C	N	Y		none	phenotype_only
PI675951D	N	Y		none	phenotype_only
PI675952	N	Y		none	phenotype_only
PI675953A	N	Y		none	phenotype_only
PI675953B	N	Y		none	phenotype_only
PI675953C	N	Y		none	phenotype_only
PI675953D	N	Y		none	phenotype_only
PI675954A	N	Y		none	phenotype_only
PI675954B	N	Y		none	phenotype_only
PI675954C	N	Y		none	phenotype_only
PI675955	N	Y		none	phenotype_only
PI675956	N	Y		none	phenotype_only
PI675957A	N	Y		none	phenotype_only
PI675957B	N	Y		none	phenotype_only
PI675958	N	Y		none	phenotype_only
PI675959A	N	Y		none	phenotype_only
PI675959B	N	Y		none	phenotype_only
PI675959C	N	Y		none	phenotype_only
PI675960	N	Y		none	phenotype_only
PI675961A	N	Y		none	phenotype_only
PI675961B	N	Y		none	phenotype_only
PI675962A	N	Y		none	phenotype_only
PI675962B	N	Y		none	phenotype_only
PI675963	N	Y		none	phenotype_only
PI675964	N	Y		none	phenotype_only
PI675965A	N	Y		none	phenotype_only
PI675965B	N	Y		none	phenotype_only
PI675966A	N	Y		none	phenotype_only
PI675966B	N	Y		none	phenotype_only
PI675967A	N	Y		none	phenotype_only
PI675967B	N	Y		none	phenotype_only
PI675967C	N	Y		none	phenotype_only
PI675968	N	Y		none	phenotype_only
PI675971	N	Y		none	phenotype_only
PI675972	N	Y		none	phenotype_only
PI675973A	N	Y		none	phenotype_only
PI675973B	N	Y		none	phenotype_only
PI675973C	N	Y		none	phenotype_only
PI675973D	N	Y		none	phenotype_only
PI675973E	N	Y		none	phenotype_only
PI675976	N	Y		none	phenotype_only
PI675978	N	Y		none	phenotype_only
PI675980	N	Y		none	phenotype_only
PI675981	N	Y		none	phenotype_only
PI675982	N	Y		none	phenotype_only
PI675983	N	Y		none	phenotype_only
PI675985A	N	Y		none	phenotype_only
PI675985B	N	Y		none	phenotype_only
PI675985C	N	Y		none	phenotype_only
PI675985D	N	Y		none	phenotype_only
PI675986	N	Y		none	phenotype_only
PI675988	N	Y		none	phenotype_only
PI675989	N	Y		none	phenotype_only
PI675990	N	Y		none	phenotype_only
PI675991	N	Y		none	phenotype_only
PI675992	N	Y		none	phenotype_only
PI675995	N	Y		none	phenotype_only
PI675996	N	Y		none	phenotype_only
PI675997	N	Y		none	phenotype_only
PI676304	N	Y		none	phenotype_only
PI676972	N	Y		none	phenotype_only
PI678369	N	Y		none	phenotype_only
PI678444	N	Y		none	phenotype_only
PI678794	N	Y		none	phenotype_only
PI68011	Y	N	PI068011	zero_pad_candidate	ambiguous
PI68398	Y	N	PI068398	zero_pad_candidate	ambiguous
PI68410	Y	N	PI068410	zero_pad_candidate	ambiguous
PI68421	Y	N	PI068421	zero_pad_candidate	ambiguous
PI68423	Y	N	PI068423	zero_pad_candidate	ambiguous
PI68427	Y	N	PI068427	zero_pad_candidate	ambiguous
PI68430	Y	N	PI068430	zero_pad_candidate	ambiguous
PI68436	Y	N	PI068436	zero_pad_candidate	ambiguous
PI68439	Y	N	PI068439	zero_pad_candidate	ambiguous
PI68443	Y	N	PI068443	zero_pad_candidate	ambiguous
PI68446	Y	N	PI068446	zero_pad_candidate	ambiguous
PI68448	Y	N	PI068448	zero_pad_candidate	ambiguous
PI68449	Y	N	PI068449	zero_pad_candidate	ambiguous
PI68454	Y	N	PI068454	zero_pad_candidate	ambiguous
PI68455	Y	N	PI068455	zero_pad_candidate	ambiguous
PI68457	Y	N	PI068457	zero_pad_candidate	ambiguous
PI68457-1	Y	N	PI068457-1	zero_pad_candidate	ambiguous
PI68461	Y	N	PI068461	zero_pad_candidate	ambiguous
PI68461-1	Y	N	PI068461-1	zero_pad_candidate	ambiguous
PI68465	Y	N	PI068465	zero_pad_candidate	ambiguous
PI68465-1	Y	N	PI068465-1	zero_pad_candidate	ambiguous
PI68466	Y	N	PI068466	zero_pad_candidate	ambiguous
PI68470	Y	N	PI068470	zero_pad_candidate	ambiguous
PI68474	Y	N	PI068474	zero_pad_candidate	ambiguous
PI68474-2	Y	N	PI068474-2	zero_pad_candidate	ambiguous
PI68475	Y	N	PI068475	zero_pad_candidate	ambiguous
PI68475-1	Y	N	PI068475-1	zero_pad_candidate	ambiguous
PI68479	Y	N	PI068479	zero_pad_candidate	ambiguous
PI68479-1	Y	N	PI068479-1	zero_pad_candidate	ambiguous
PI68480	Y	N	PI068480	zero_pad_candidate	ambiguous
PI68481	Y	N	PI068481	zero_pad_candidate	ambiguous
PI68483	Y	N	PI068483	zero_pad_candidate	ambiguous
PI68484-1	Y	N	PI068484-1	zero_pad_candidate	ambiguous
PI68484-4	Y	N	PI068484-4	zero_pad_candidate	ambiguous
PI68488	Y	N	PI068488	zero_pad_candidate	ambiguous
PI68494	Y	N	PI068494	zero_pad_candidate	ambiguous
PI68500	Y	N	PI068500	zero_pad_candidate	ambiguous
PI68503	Y	N	PI068503	zero_pad_candidate	ambiguous
PI68508	Y	N	PI068508	zero_pad_candidate	ambiguous
PI68516	Y	N	PI068516	zero_pad_candidate	ambiguous
PI68521	Y	N	PI068521	zero_pad_candidate	ambiguous
PI68521-1	Y	N	PI068521-1	zero_pad_candidate	ambiguous
PI68522	Y	N	PI068522	zero_pad_candidate	ambiguous
PI68523	Y	N	PI068523	zero_pad_candidate	ambiguous
PI68526	Y	N	PI068526	zero_pad_candidate	ambiguous
PI68528	Y	N	PI068528	zero_pad_candidate	ambiguous
PI68530	Y	N	PI068530	zero_pad_candidate	ambiguous
PI68530-2	Y	N	PI068530-2	zero_pad_candidate	ambiguous
PI68533-1	Y	N	PI068533-1	zero_pad_candidate	ambiguous
PI68533-2	Y	N	PI068533-2	zero_pad_candidate	ambiguous
PI68535	Y	N	PI068535	zero_pad_candidate	ambiguous
PI68543	Y	N	PI068543	zero_pad_candidate	ambiguous
PI68551-2	Y	N	PI068551-2	zero_pad_candidate	ambiguous
PI68551-3	Y	N	PI068551-3	zero_pad_candidate	ambiguous
PI68554	Y	N	PI068554	zero_pad_candidate	ambiguous
PI68555	Y	N	PI068555	zero_pad_candidate	ambiguous
PI68560	Y	N	PI068560	zero_pad_candidate	ambiguous
PI68562	Y	N	PI068562	zero_pad_candidate	ambiguous
PI68564	Y	N	PI068564	zero_pad_candidate	ambiguous
PI68572	Y	N	PI068572	zero_pad_candidate	ambiguous
PI68576	Y	N	PI068576	zero_pad_candidate	ambiguous
PI68585	Y	N	PI068585	zero_pad_candidate	ambiguous
PI68586	Y	N	PI068586	zero_pad_candidate	ambiguous
PI68587	Y	N	PI068587	zero_pad_candidate	ambiguous
PI68598	Y	N	PI068598	zero_pad_candidate	ambiguous
PI68599	Y	N	PI068599	zero_pad_candidate	ambiguous
PI68600	Y	N	PI068600	zero_pad_candidate	ambiguous
PI68604-1	Y	N	PI068604-1	zero_pad_candidate	ambiguous
PI68604-2	Y	N	PI068604-2	zero_pad_candidate	ambiguous
PI68609A	Y	N	PI068609A	zero_pad_candidate	ambiguous
PI68609B	Y	N	PI068609B	zero_pad_candidate	ambiguous
PI68610	Y	N	PI068610	zero_pad_candidate	ambiguous
PI68621	Y	N	PI068621	zero_pad_candidate	ambiguous
PI68622	Y	N	PI068622	zero_pad_candidate	ambiguous
PI68627	Y	N	PI068627	zero_pad_candidate	ambiguous
PI68629	Y	N	PI068629	zero_pad_candidate	ambiguous
PI68639	Y	N	PI068639	zero_pad_candidate	ambiguous
PI68642	Y	N	PI068642	zero_pad_candidate	ambiguous
PI68644	Y	N	PI068644	zero_pad_candidate	ambiguous
PI68648	Y	N	PI068648	zero_pad_candidate	ambiguous
PI68655	Y	N	PI068655	zero_pad_candidate	ambiguous
PI68658	Y	N	PI068658	zero_pad_candidate	ambiguous
PI68661	Y	N	PI068661	zero_pad_candidate	ambiguous
PI68663	Y	N	PI068663	zero_pad_candidate	ambiguous
PI68666	Y	N	PI068666	zero_pad_candidate	ambiguous
PI68670-1	Y	N	PI068670-1	zero_pad_candidate	ambiguous
PI68670-2	Y	N	PI068670-2	zero_pad_candidate	ambiguous
PI68671	Y	N	PI068671	zero_pad_candidate	ambiguous
PI68676	Y	N	PI068676	zero_pad_candidate	ambiguous
PI68679	Y	N	PI068679	zero_pad_candidate	ambiguous
PI68679-2	Y	N	PI068679-2	zero_pad_candidate	ambiguous
PI68680	Y	N	PI068680	zero_pad_candidate	ambiguous
PI68680-2	Y	N	PI068680-2	zero_pad_candidate	ambiguous
PI68683	Y	N	PI068683	zero_pad_candidate	ambiguous
PI68685	Y	N	PI068685	zero_pad_candidate	ambiguous
PI68687	Y	N	PI068687	zero_pad_candidate	ambiguous
PI68692	Y	N	PI068692	zero_pad_candidate	ambiguous
PI68692-2	Y	N	PI068692-2	zero_pad_candidate	ambiguous
PI68694	Y	N	PI068694	zero_pad_candidate	ambiguous
PI68696	Y	N	PI068696	zero_pad_candidate	ambiguous
PI68701	Y	N	PI068701	zero_pad_candidate	ambiguous
PI68704	Y	N	PI068704	zero_pad_candidate	ambiguous
PI68706	Y	N	PI068706	zero_pad_candidate	ambiguous
PI68708	Y	N	PI068708	zero_pad_candidate	ambiguous
PI68709	Y	N	PI068709	zero_pad_candidate	ambiguous
PI68710	Y	N	PI068710	zero_pad_candidate	ambiguous
PI68712	Y	N	PI068712	zero_pad_candidate	ambiguous
PI68713	Y	N	PI068713	zero_pad_candidate	ambiguous
PI68715	Y	N	PI068715	zero_pad_candidate	ambiguous
PI68718	Y	N	PI068718	zero_pad_candidate	ambiguous
PI68722	Y	N	PI068722	zero_pad_candidate	ambiguous
PI68725	Y	N	PI068725	zero_pad_candidate	ambiguous
PI68728	Y	N	PI068728	zero_pad_candidate	ambiguous
PI68729	Y	N	PI068729	zero_pad_candidate	ambiguous
PI68731	Y	N	PI068731	zero_pad_candidate	ambiguous
PI68732	Y	N	PI068732	zero_pad_candidate	ambiguous
PI68732-1	Y	N	PI068732-1	zero_pad_candidate	ambiguous
PI68736	Y	N	PI068736	zero_pad_candidate	ambiguous
PI68741	Y	N	PI068741	zero_pad_candidate	ambiguous
PI68746	Y	N	PI068746	zero_pad_candidate	ambiguous
PI68748	Y	N	PI068748	zero_pad_candidate	ambiguous
PI68748-1	Y	N	PI068748-1	zero_pad_candidate	ambiguous
PI68756	Y	N	PI068756	zero_pad_candidate	ambiguous
PI68759	Y	N	PI068759	zero_pad_candidate	ambiguous
PI68761	Y	N	PI068761	zero_pad_candidate	ambiguous
PI68761-3	Y	N	PI068761-3	zero_pad_candidate	ambiguous
PI68762	Y	N	PI068762	zero_pad_candidate	ambiguous
PI68763	Y	N	PI068763	zero_pad_candidate	ambiguous
PI68765	Y	N	PI068765	zero_pad_candidate	ambiguous
PI68768	Y	N	PI068768	zero_pad_candidate	ambiguous
PI68770	Y	N	PI068770	zero_pad_candidate	ambiguous
PI68778	Y	N	PI068778	zero_pad_candidate	ambiguous
PI68788	Y	N	PI068788	zero_pad_candidate	ambiguous
PI68795	Y	N	PI068795	zero_pad_candidate	ambiguous
PI68806	Y	N	PI068806	zero_pad_candidate	ambiguous
PI68815	Y	N	PI068815	zero_pad_candidate	ambiguous
PI69500	Y	N	PI069500	zero_pad_candidate	ambiguous
PI69501	Y	N	PI069501	zero_pad_candidate	ambiguous
PI69503	Y	N	PI069503	zero_pad_candidate	ambiguous
PI69507	Y	N	PI069507	zero_pad_candidate	ambiguous
PI69507-1	Y	N	PI069507-1	zero_pad_candidate	ambiguous
PI69512	Y	N	PI069512	zero_pad_candidate	ambiguous
PI69515	Y	N	PI069515	zero_pad_candidate	ambiguous
PI69532	Y	N	PI069532	zero_pad_candidate	ambiguous
PI69533	Y	N	PI069533	zero_pad_candidate	ambiguous
PI69991	Y	N	PI069991	zero_pad_candidate	ambiguous
PI69992	Y	N	PI069992	zero_pad_candidate	ambiguous
PI69993	Y	N	PI069993	zero_pad_candidate	ambiguous
PI69995	Y	N	PI069995	zero_pad_candidate	ambiguous
PI69996	Y	N	PI069996	zero_pad_candidate	ambiguous
PI70001	Y	N	PI070001	zero_pad_candidate	ambiguous
PI70009	Y	N	PI070009	zero_pad_candidate	ambiguous
PI70013	Y	N	PI070013	zero_pad_candidate	ambiguous
PI70014	Y	N	PI070014	zero_pad_candidate	ambiguous
PI70016	Y	N	PI070016	zero_pad_candidate	ambiguous
PI70017	Y	N	PI070017	zero_pad_candidate	ambiguous
PI70019	Y	N	PI070019	zero_pad_candidate	ambiguous
PI70021	Y	N	PI070021	zero_pad_candidate	ambiguous
PI70023	Y	N	PI070023	zero_pad_candidate	ambiguous
PI70027	Y	N	PI070027	zero_pad_candidate	ambiguous
PI70036	Y	N	PI070036	zero_pad_candidate	ambiguous
PI70076	Y	N	PI070076	zero_pad_candidate	ambiguous
PI70077	Y	N	PI070077	zero_pad_candidate	ambiguous
PI70078	Y	N	PI070078	zero_pad_candidate	ambiguous
PI70080	Y	N	PI070080	zero_pad_candidate	ambiguous
PI70084	Y	N	PI070084	zero_pad_candidate	ambiguous
PI70087	Y	N	PI070087	zero_pad_candidate	ambiguous
PI70089	Y	N	PI070089	zero_pad_candidate	ambiguous
PI70091	Y	N	PI070091	zero_pad_candidate	ambiguous
PI70188	Y	N	PI070188	zero_pad_candidate	ambiguous
PI70189	Y	N	PI070189	zero_pad_candidate	ambiguous
PI70192	Y	N	PI070192	zero_pad_candidate	ambiguous
PI70197	Y	N	PI070197	zero_pad_candidate	ambiguous
PI70199	Y	N	PI070199	zero_pad_candidate	ambiguous
PI70201	Y	N	PI070201	zero_pad_candidate	ambiguous
PI70202	Y	N	PI070202	zero_pad_candidate	ambiguous
PI70208	Y	N	PI070208	zero_pad_candidate	ambiguous
PI70212	Y	N	PI070212	zero_pad_candidate	ambiguous
PI70213	Y	N	PI070213	zero_pad_candidate	ambiguous
PI70224	Y	N	PI070224	zero_pad_candidate	ambiguous
PI70228	Y	N	PI070228	zero_pad_candidate	ambiguous
PI70229	Y	N	PI070229	zero_pad_candidate	ambiguous
PI70241	Y	N	PI070241	zero_pad_candidate	ambiguous
PI70242	Y	N	PI070242	zero_pad_candidate	ambiguous
PI70242-2	Y	N	PI070242-2	zero_pad_candidate	ambiguous
PI70242-4	Y	N	PI070242-4	zero_pad_candidate	ambiguous
PI70243	Y	N	PI070243	zero_pad_candidate	ambiguous
PI70247	Y	N	PI070247	zero_pad_candidate	ambiguous
PI70251	Y	N	PI070251	zero_pad_candidate	ambiguous
PI70253	Y	N	PI070253	zero_pad_candidate	ambiguous
PI70453	Y	N	PI070453	zero_pad_candidate	ambiguous
PI70456	Y	N	PI070456	zero_pad_candidate	ambiguous
PI70457	Y	N	PI070457	zero_pad_candidate	ambiguous
PI70458	Y	N	PI070458	zero_pad_candidate	ambiguous
PI70459	Y	N	PI070459	zero_pad_candidate	ambiguous
PI70460	Y	N	PI070460	zero_pad_candidate	ambiguous
PI70461	Y	N	PI070461	zero_pad_candidate	ambiguous
PI70462	Y	N	PI070462	zero_pad_candidate	ambiguous
PI70463	Y	N	PI070463	zero_pad_candidate	ambiguous
PI70466-3	Y	N	PI070466-3	zero_pad_candidate	ambiguous
PI70466-4	Y	N	PI070466-4	zero_pad_candidate	ambiguous
PI70467	Y	N	PI070467	zero_pad_candidate	ambiguous
PI70469	Y	N	PI070469	zero_pad_candidate	ambiguous
PI70469-1	Y	N	PI070469-1	zero_pad_candidate	ambiguous
PI70470	Y	N	PI070470	zero_pad_candidate	ambiguous
PI70471	Y	N	PI070471	zero_pad_candidate	ambiguous
PI70473	Y	N	PI070473	zero_pad_candidate	ambiguous
PI70473-1	Y	N	PI070473-1	zero_pad_candidate	ambiguous
PI70476	Y	N	PI070476	zero_pad_candidate	ambiguous
PI70478	Y	N	PI070478	zero_pad_candidate	ambiguous
PI70485	Y	N	PI070485	zero_pad_candidate	ambiguous
PI70490	Y	N	PI070490	zero_pad_candidate	ambiguous
PI70495	Y	N	PI070495	zero_pad_candidate	ambiguous
PI70500	Y	N	PI070500	zero_pad_candidate	ambiguous
PI70501	Y	N	PI070501	zero_pad_candidate	ambiguous
PI70503	Y	N	PI070503	zero_pad_candidate	ambiguous
PI70507	Y	N	PI070507	zero_pad_candidate	ambiguous
PI70515	Y	N	PI070515	zero_pad_candidate	ambiguous
PI70516	Y	N	PI070516	zero_pad_candidate	ambiguous
PI70519	Y	N	PI070519	zero_pad_candidate	ambiguous
PI70520	Y	N	PI070520	zero_pad_candidate	ambiguous
PI70528	Y	N	PI070528	zero_pad_candidate	ambiguous
PI70541	Y	N	PI070541	zero_pad_candidate	ambiguous
PI70559	Y	N	PI070559	zero_pad_candidate	ambiguous
PI70561	Y	N	PI070561	zero_pad_candidate	ambiguous
PI70566	Y	N	PI070566	zero_pad_candidate	ambiguous
PI71161	Y	N	PI071161	zero_pad_candidate	ambiguous
PI71444	Y	N	PI071444	zero_pad_candidate	ambiguous
PI71461	Y	N	PI071461	zero_pad_candidate	ambiguous
PI71463	Y	N	PI071463	zero_pad_candidate	ambiguous
PI71465	Y	N	PI071465	zero_pad_candidate	ambiguous
PI71506	Y	N	PI071506	zero_pad_candidate	ambiguous
PI71558	Y	N	PI071558	zero_pad_candidate	ambiguous
PI71564	Y	N	PI071564	zero_pad_candidate	ambiguous
PI71570	Y	N	PI071570	zero_pad_candidate	ambiguous
PI71667	Y	N	PI071667	zero_pad_candidate	ambiguous
PI71677	Y	N	PI071677	zero_pad_candidate	ambiguous
PI71845	Y	N	PI071845	zero_pad_candidate	ambiguous
PI71850	Y	N	PI071850	zero_pad_candidate	ambiguous
PI71850-1	Y	N	PI071850-1	zero_pad_candidate	ambiguous
PI72227	Y	N	PI072227	zero_pad_candidate	ambiguous
PI72232	Y	N	PI072232	zero_pad_candidate	ambiguous
PI72328	Y	N	PI072328	zero_pad_candidate	ambiguous
PI72337	Y	N	PI072337	zero_pad_candidate	ambiguous
PI72341	Y	N	PI072341	zero_pad_candidate	ambiguous
PI72342	Y	N	PI072342	zero_pad_candidate	ambiguous
PI73583	Y	N	PI073583	zero_pad_candidate	ambiguous
PI73585	Y	N	PI073585	zero_pad_candidate	ambiguous
PI73587	Y	N	PI073587	zero_pad_candidate	ambiguous
PI73772	Y	N	PI073772	zero_pad_candidate	ambiguous
PI73780	Y	N	PI073780	zero_pad_candidate	ambiguous
PI78242	Y	N	PI078242	zero_pad_candidate	ambiguous
PI78243	Y	N	PI078243	zero_pad_candidate	ambiguous
PI79583	Y	N	PI079583	zero_pad_candidate	ambiguous
PI79586	Y	N	PI079586	zero_pad_candidate	ambiguous
PI79587	Y	N	PI079587	zero_pad_candidate	ambiguous
PI79593	Y	N	PI079593	zero_pad_candidate	ambiguous
PI79596	Y	N	PI079596	zero_pad_candidate	ambiguous
PI79602	Y	N	PI079602	zero_pad_candidate	ambiguous
PI79609	Y	N	PI079609	zero_pad_candidate	ambiguous
PI79610	Y	N	PI079610	zero_pad_candidate	ambiguous
PI79613	Y	N	PI079613	zero_pad_candidate	ambiguous
PI79616	Y	N	PI079616	zero_pad_candidate	ambiguous
PI79617	Y	N	PI079617	zero_pad_candidate	ambiguous
PI79620	Y	N	PI079620	zero_pad_candidate	ambiguous
PI79627	Y	N	PI079627	zero_pad_candidate	ambiguous
PI79628	Y	N	PI079628	zero_pad_candidate	ambiguous
PI79645	Y	N	PI079645	zero_pad_candidate	ambiguous
PI79648	Y	N	PI079648	zero_pad_candidate	ambiguous
PI79691	Y	N	PI079691	zero_pad_candidate	ambiguous
PI79691-4	Y	N	PI079691-4	zero_pad_candidate	ambiguous
PI79692	Y	N	PI079692	zero_pad_candidate	ambiguous
PI79693	Y	N	PI079693	zero_pad_candidate	ambiguous
PI79694	Y	N	PI079694	zero_pad_candidate	ambiguous
PI79695	Y	N	PI079695	zero_pad_candidate	ambiguous
PI79696	Y	N	PI079696	zero_pad_candidate	ambiguous
PI79699	Y	N	PI079699	zero_pad_candidate	ambiguous
PI79703	Y	N	PI079703	zero_pad_candidate	ambiguous
PI79710	Y	N	PI079710	zero_pad_candidate	ambiguous
PI79712	Y	N	PI079712	zero_pad_candidate	ambiguous
PI79726	Y	N	PI079726	zero_pad_candidate	ambiguous
PI79727	Y	N	PI079727	zero_pad_candidate	ambiguous
PI79732-3	Y	N	PI079732-3	zero_pad_candidate	ambiguous
PI79732-4	Y	N	PI079732-4	zero_pad_candidate	ambiguous
PI79737	Y	N	PI079737	zero_pad_candidate	ambiguous
PI79739	Y	N	PI079739	zero_pad_candidate	ambiguous
PI79743	Y	N	PI079743	zero_pad_candidate	ambiguous
PI79745	Y	N	PI079745	zero_pad_candidate	ambiguous
PI79746	Y	N	PI079746	zero_pad_candidate	ambiguous
PI79747	Y	N	PI079747	zero_pad_candidate	ambiguous
PI79756	Y	N	PI079756	zero_pad_candidate	ambiguous
PI79760	Y	N	PI079760	zero_pad_candidate	ambiguous
PI79761	Y	N	PI079761	zero_pad_candidate	ambiguous
PI79773	Y	N	PI079773	zero_pad_candidate	ambiguous
PI79797	Y	N	PI079797	zero_pad_candidate	ambiguous
PI79825	Y	N	PI079825	zero_pad_candidate	ambiguous
PI79825-1	Y	N	PI079825-1	zero_pad_candidate	ambiguous
PI79832	Y	N	PI079832	zero_pad_candidate	ambiguous
PI79835	Y	N	PI079835	zero_pad_candidate	ambiguous
PI79846	Y	N	PI079846	zero_pad_candidate	ambiguous
PI79848	Y	N	PI079848	zero_pad_candidate	ambiguous
PI79848-1	Y	N	PI079848-1	zero_pad_candidate	ambiguous
PI79861	Y	N	PI079861	zero_pad_candidate	ambiguous
PI79862	Y	N	PI079862	zero_pad_candidate	ambiguous
PI79862-1	Y	N	PI079862-1	zero_pad_candidate	ambiguous
PI79863	Y	N	PI079863	zero_pad_candidate	ambiguous
PI79870-1	Y	N	PI079870-1	zero_pad_candidate	ambiguous
PI79870-2	Y	N	PI079870-2	zero_pad_candidate	ambiguous
PI79870-4	Y	N	PI079870-4	zero_pad_candidate	ambiguous
PI79870-6	Y	N	PI079870-6	zero_pad_candidate	ambiguous
PI79872	Y	N	PI079872	zero_pad_candidate	ambiguous
PI79874	Y	N	PI079874	zero_pad_candidate	ambiguous
PI79874-1	Y	N	PI079874-1	zero_pad_candidate	ambiguous
PI79885	Y	N	PI079885	zero_pad_candidate	ambiguous
PI80459	Y	N	PI080459	zero_pad_candidate	ambiguous
PI80461	Y	N	PI080461	zero_pad_candidate	ambiguous
PI80466	Y	N	PI080466	zero_pad_candidate	ambiguous
PI80466-1	Y	N	PI080466-1	zero_pad_candidate	ambiguous
PI80466-2	Y	N	PI080466-2	zero_pad_candidate	ambiguous
PI80468	Y	N	PI080468	zero_pad_candidate	ambiguous
PI80469	Y	N	PI080469	zero_pad_candidate	ambiguous
PI80470	Y	N	PI080470	zero_pad_candidate	ambiguous
PI80471	Y	N	PI080471	zero_pad_candidate	ambiguous
PI80471-1	Y	N	PI080471-1	zero_pad_candidate	ambiguous
PI80473	Y	N	PI080473	zero_pad_candidate	ambiguous
PI80476	Y	N	PI080476	zero_pad_candidate	ambiguous
PI80479	Y	N	PI080479	zero_pad_candidate	ambiguous
PI80480	Y	N	PI080480	zero_pad_candidate	ambiguous
PI80481	Y	N	PI080481	zero_pad_candidate	ambiguous
PI80485	Y	N	PI080485	zero_pad_candidate	ambiguous
PI80488	Y	N	PI080488	zero_pad_candidate	ambiguous
PI80488-1	Y	N	PI080488-1	zero_pad_candidate	ambiguous
PI80494	Y	N	PI080494	zero_pad_candidate	ambiguous
PI80498	Y	N	PI080498	zero_pad_candidate	ambiguous
PI80498-1	Y	N	PI080498-1	zero_pad_candidate	ambiguous
PI80536	Y	N	PI080536	zero_pad_candidate	ambiguous
PI80671	Y	N	PI080671	zero_pad_candidate	ambiguous
PI80822	Y	N	PI080822	zero_pad_candidate	ambiguous
PI80825	Y	N	PI080825	zero_pad_candidate	ambiguous
PI80828-1	Y	N	PI080828-1	zero_pad_candidate	ambiguous
PI80828-2	Y	N	PI080828-2	zero_pad_candidate	ambiguous
PI80831	Y	N	PI080831	zero_pad_candidate	ambiguous
PI80834-1	Y	N	PI080834-1	zero_pad_candidate	ambiguous
PI80834-2	Y	N	PI080834-2	zero_pad_candidate	ambiguous
PI80837	Y	N	PI080837	zero_pad_candidate	ambiguous
PI80841	Y	N	PI080841	zero_pad_candidate	ambiguous
PI80844-2	Y	N	PI080844-2	zero_pad_candidate	ambiguous
PI80844-3	Y	N	PI080844-3	zero_pad_candidate	ambiguous
PI80845-1	Y	N	PI080845-1	zero_pad_candidate	ambiguous
PI80845-2	Y	N	PI080845-2	zero_pad_candidate	ambiguous
PI80847-1	Y	N	PI080847-1	zero_pad_candidate	ambiguous
PI80847-2	Y	N	PI080847-2	zero_pad_candidate	ambiguous
PI81023	Y	N	PI081023	zero_pad_candidate	ambiguous
PI81027	Y	N	PI081027	zero_pad_candidate	ambiguous
PI81029	Y	N	PI081029	zero_pad_candidate	ambiguous
PI81029-1	Y	N	PI081029-1	zero_pad_candidate	ambiguous
PI81029N	Y	N	PI081029N	zero_pad_candidate	ambiguous
PI81030	Y	N	PI081030	zero_pad_candidate	ambiguous
PI81030-1	Y	N	PI081030-1	zero_pad_candidate	ambiguous
PI81031-1	Y	N	PI081031-1	zero_pad_candidate	ambiguous
PI81031-2	Y	N	PI081031-2	zero_pad_candidate	ambiguous
PI81033	Y	N	PI081033	zero_pad_candidate	ambiguous
PI81034-1	Y	N	PI081034-1	zero_pad_candidate	ambiguous
PI81034-2	Y	N	PI081034-2	zero_pad_candidate	ambiguous
PI81035	Y	N	PI081035	zero_pad_candidate	ambiguous
PI81037	Y	N	PI081037	zero_pad_candidate	ambiguous
PI81037-1	Y	N	PI081037-1	zero_pad_candidate	ambiguous
PI81037-2	Y	N	PI081037-2	zero_pad_candidate	ambiguous
PI81037-3	Y	N	PI081037-3	zero_pad_candidate	ambiguous
PI81037-4	Y	N	PI081037-4	zero_pad_candidate	ambiguous
PI81037-5	Y	N	PI081037-5	zero_pad_candidate	ambiguous
PI81038	Y	N	PI081038	zero_pad_candidate	ambiguous
PI81040	Y	N	PI081040	zero_pad_candidate	ambiguous
PI81041	Y	N	PI081041	zero_pad_candidate	ambiguous
PI81041-1	Y	N	PI081041-1	zero_pad_candidate	ambiguous
PI81042	Y	N	PI081042	zero_pad_candidate	ambiguous
PI81042-1	Y	N	PI081042-1	zero_pad_candidate	ambiguous
PI81042-2	Y	N	PI081042-2	zero_pad_candidate	ambiguous
PI81044-1	Y	N	PI081044-1	zero_pad_candidate	ambiguous
PI81044-2	Y	N	PI081044-2	zero_pad_candidate	ambiguous
PI81667	Y	N	PI081667	zero_pad_candidate	ambiguous
PI81761	Y	N	PI081761	zero_pad_candidate	ambiguous
PI81762	Y	N		none	vcf_only
PI81763	Y	N	PI081763	zero_pad_candidate	ambiguous
PI81764	Y	N	PI081764	zero_pad_candidate	ambiguous
PI81765	Y	N	PI081765	zero_pad_candidate	ambiguous
PI81766	Y	N	PI081766	zero_pad_candidate	ambiguous
PI81767	Y	N	PI081767	zero_pad_candidate	ambiguous
PI81768	Y	N	PI081768	zero_pad_candidate	ambiguous
PI81770	Y	N	PI081770	zero_pad_candidate	ambiguous
PI81771	Y	N	PI081771	zero_pad_candidate	ambiguous
PI81772	Y	N	PI081772	zero_pad_candidate	ambiguous
PI81773	Y	N	PI081773	zero_pad_candidate	ambiguous
PI81774	Y	N	PI081774	zero_pad_candidate	ambiguous
PI81775	Y	N	PI081775	zero_pad_candidate	ambiguous
PI81777	Y	N	PI081777	zero_pad_candidate	ambiguous
PI81780	Y	N	PI081780	zero_pad_candidate	ambiguous
PI81780S	Y	N	PI081780S	zero_pad_candidate	ambiguous
PI81785	Y	N	PI081785	zero_pad_candidate	ambiguous
PI81971	Y	N	PI081971	zero_pad_candidate	ambiguous
PI82183	Y	N	PI082183	zero_pad_candidate	ambiguous
PI82184	Y	N	PI082184	zero_pad_candidate	ambiguous
PI82184S	Y	N	PI082184S	zero_pad_candidate	ambiguous
PI82210	Y	N	PI082210	zero_pad_candidate	ambiguous
PI82218	Y	N	PI082218	zero_pad_candidate	ambiguous
PI82232	Y	N	PI082232	zero_pad_candidate	ambiguous
PI82235	Y	N	PI082235	zero_pad_candidate	ambiguous
PI82246	Y	N	PI082246	zero_pad_candidate	ambiguous
PI82246-1	Y	N	PI082246-1	zero_pad_candidate	ambiguous
PI82259	Y	N	PI082259	zero_pad_candidate	ambiguous
PI82263-1	Y	N	PI082263-1	zero_pad_candidate	ambiguous
PI82263-2	Y	N	PI082263-2	zero_pad_candidate	ambiguous
PI82263-3	Y	N	PI082263-3	zero_pad_candidate	ambiguous
PI82264	Y	N	PI082264	zero_pad_candidate	ambiguous
PI82278	Y	N	PI082278	zero_pad_candidate	ambiguous
PI82286	Y	N	PI082286	zero_pad_candidate	ambiguous
PI82291	Y	N	PI082291	zero_pad_candidate	ambiguous
PI82295	Y	N	PI082295	zero_pad_candidate	ambiguous
PI82296	Y	N	PI082296	zero_pad_candidate	ambiguous
PI82302	Y	N	PI082302	zero_pad_candidate	ambiguous
PI82307	Y	N	PI082307	zero_pad_candidate	ambiguous
PI82308	Y	N	PI082308	zero_pad_candidate	ambiguous
PI82312	Y	N	PI082312	zero_pad_candidate	ambiguous
PI82312N	Y	N	PI082312N	zero_pad_candidate	ambiguous
PI82315	Y	N	PI082315	zero_pad_candidate	ambiguous
PI82325	Y	N	PI082325	zero_pad_candidate	ambiguous
PI82326	Y	N	PI082326	zero_pad_candidate	ambiguous
PI82509	Y	N	PI082509	zero_pad_candidate	ambiguous
PI82527	Y	N	PI082527	zero_pad_candidate	ambiguous
PI82532	Y	N	PI082532	zero_pad_candidate	ambiguous
PI82534	Y	N	PI082534	zero_pad_candidate	ambiguous
PI82544	Y	N	PI082544	zero_pad_candidate	ambiguous
PI82554	Y	N	PI082554	zero_pad_candidate	ambiguous
PI82555	Y	N	PI082555	zero_pad_candidate	ambiguous
PI82558	Y	N	PI082558	zero_pad_candidate	ambiguous
PI82581	Y	N	PI082581	zero_pad_candidate	ambiguous
PI82588	Y	N	PI082588	zero_pad_candidate	ambiguous
PI83836	Y	N	PI083836	zero_pad_candidate	ambiguous
PI83853	Y	N	PI083853	zero_pad_candidate	ambiguous
PI83858	Y	N	PI083858	zero_pad_candidate	ambiguous
PI83868	Y	N	PI083868	zero_pad_candidate	ambiguous
PI83874	Y	N	PI083874	zero_pad_candidate	ambiguous
PI83881	Y	N	PI083881	zero_pad_candidate	ambiguous
PI83881A	Y	N	PI083881A	zero_pad_candidate	ambiguous
PI83889	Y	N	PI083889	zero_pad_candidate	ambiguous
PI83891	Y	N	PI083891	zero_pad_candidate	ambiguous
PI83892	Y	N	PI083892	zero_pad_candidate	ambiguous
PI83893	Y	N	PI083893	zero_pad_candidate	ambiguous
PI83915	Y	N	PI083915	zero_pad_candidate	ambiguous
PI83923	Y	N	PI083923	zero_pad_candidate	ambiguous
PI83925	Y	N	PI083925	zero_pad_candidate	ambiguous
PI83940	Y	N	PI083940	zero_pad_candidate	ambiguous
PI83942	Y	N	PI083942	zero_pad_candidate	ambiguous
PI83944	Y	N	PI083944	zero_pad_candidate	ambiguous
PI83945-1	Y	N	PI083945-1	zero_pad_candidate	ambiguous
PI83945-3	Y	N	PI083945-3	zero_pad_candidate	ambiguous
PI83945-4	Y	N	PI083945-4	zero_pad_candidate	ambiguous
PI83946	Y	N	PI083946	zero_pad_candidate	ambiguous
PI84509	Y	N	PI084509	zero_pad_candidate	ambiguous
PI84578	Y	N	PI084578	zero_pad_candidate	ambiguous
PI84579	Y	N	PI084579	zero_pad_candidate	ambiguous
PI84580	Y	N	PI084580	zero_pad_candidate	ambiguous
PI84581	Y	N	PI084581	zero_pad_candidate	ambiguous
PI84594	Y	N	PI084594	zero_pad_candidate	ambiguous
PI84609	Y	N	PI084609	zero_pad_candidate	ambiguous
PI84610	Y	N	PI084610	zero_pad_candidate	ambiguous
PI84611	Y	N	PI084611	zero_pad_candidate	ambiguous
PI84619	Y	N	PI084619	zero_pad_candidate	ambiguous
PI84628	Y	N	PI084628	zero_pad_candidate	ambiguous
PI84631	Y	N	PI084631	zero_pad_candidate	ambiguous
PI84632	Y	N	PI084632	zero_pad_candidate	ambiguous
PI84632S	Y	N	PI084632S	zero_pad_candidate	ambiguous
PI84633	Y	N	PI084633	zero_pad_candidate	ambiguous
PI84637	Y	N	PI084637	zero_pad_candidate	ambiguous
PI84639	Y	N	PI084639	zero_pad_candidate	ambiguous
PI84642	Y	N	PI084642	zero_pad_candidate	ambiguous
PI84644	Y	N	PI084644	zero_pad_candidate	ambiguous
PI84646	Y	N	PI084646	zero_pad_candidate	ambiguous
PI84646-2	Y	N	PI084646-2	zero_pad_candidate	ambiguous
PI84656	Y	N	PI084656	zero_pad_candidate	ambiguous
PI84657	Y	N	PI084657	zero_pad_candidate	ambiguous
PI84660	Y	N	PI084660	zero_pad_candidate	ambiguous
PI84662	Y	N	PI084662	zero_pad_candidate	ambiguous
PI84664	Y	N	PI084664	zero_pad_candidate	ambiguous
PI84665	Y	N	PI084665	zero_pad_candidate	ambiguous
PI84666	Y	N	PI084666	zero_pad_candidate	ambiguous
PI84666-1	Y	N	PI084666-1	zero_pad_candidate	ambiguous
PI84668	Y	N	PI084668	zero_pad_candidate	ambiguous
PI84668-1	Y	N	PI084668-1	zero_pad_candidate	ambiguous
PI84669	Y	N	PI084669	zero_pad_candidate	ambiguous
PI84669N	Y	N	PI084669N	zero_pad_candidate	ambiguous
PI84671	Y	N	PI084671	zero_pad_candidate	ambiguous
PI84673	Y	N	PI084673	zero_pad_candidate	ambiguous
PI84673-1	Y	N	PI084673-1	zero_pad_candidate	ambiguous
PI84674	Y	N	PI084674	zero_pad_candidate	ambiguous
PI84679	Y	N	PI084679	zero_pad_candidate	ambiguous
PI84680	Y	N	PI084680	zero_pad_candidate	ambiguous
PI84681	Y	N	PI084681	zero_pad_candidate	ambiguous
PI84682	Y	N	PI084682	zero_pad_candidate	ambiguous
PI84683	Y	N	PI084683	zero_pad_candidate	ambiguous
PI84683A	Y	N	PI084683A	zero_pad_candidate	ambiguous
PI84686	Y	N	PI084686	zero_pad_candidate	ambiguous
PI84713	Y	N	PI084713	zero_pad_candidate	ambiguous
PI84724	Y	N	PI084724	zero_pad_candidate	ambiguous
PI84734	Y	N	PI084734	zero_pad_candidate	ambiguous
PI84742	Y	N	PI084742	zero_pad_candidate	ambiguous
PI84750	Y	N	PI084750	zero_pad_candidate	ambiguous
PI84751	Y	N	PI084751	zero_pad_candidate	ambiguous
PI84757	Y	N	PI084757	zero_pad_candidate	ambiguous
PI84807	Y	N	PI084807	zero_pad_candidate	ambiguous
PI84810	Y	N	PI084810	zero_pad_candidate	ambiguous
PI84874	Y	N	PI084874	zero_pad_candidate	ambiguous
PI84896	Y	N	PI084896	zero_pad_candidate	ambiguous
PI84908-1	Y	N	PI084908-1	zero_pad_candidate	ambiguous
PI84908-2	Y	N	PI084908-2	zero_pad_candidate	ambiguous
PI84910	Y	N	PI084910	zero_pad_candidate	ambiguous
PI84912	Y	N	PI084912	zero_pad_candidate	ambiguous
PI84914	Y	N	PI084914	zero_pad_candidate	ambiguous
PI84921	Y	N	PI084921	zero_pad_candidate	ambiguous
PI84928	Y	N	PI084928	zero_pad_candidate	ambiguous
PI84939	Y	N	PI084939	zero_pad_candidate	ambiguous
PI84944	Y	N	PI084944	zero_pad_candidate	ambiguous
PI84946-1	Y	N	PI084946-1	zero_pad_candidate	ambiguous
PI84946-2	Y	N	PI084946-2	zero_pad_candidate	ambiguous
PI84949	Y	N	PI084949	zero_pad_candidate	ambiguous
PI84954	Y	N	PI084954	zero_pad_candidate	ambiguous
PI84957	Y	N	PI084957	zero_pad_candidate	ambiguous
PI84957-1	Y	N	PI084957-1	zero_pad_candidate	ambiguous
PI84959	Y	N	PI084959	zero_pad_candidate	ambiguous
PI84960	Y	N	PI084960	zero_pad_candidate	ambiguous
PI84964	Y	N	PI084964	zero_pad_candidate	ambiguous
PI84965	Y	N	PI084965	zero_pad_candidate	ambiguous
PI84967	Y	N	PI084967	zero_pad_candidate	ambiguous
PI84970	Y	N	PI084970	zero_pad_candidate	ambiguous
PI84973	Y	N	PI084973	zero_pad_candidate	ambiguous
PI84976	Y	N	PI084976	zero_pad_candidate	ambiguous
PI84976-1	Y	N	PI084976-1	zero_pad_candidate	ambiguous
PI84979	Y	N	PI084979	zero_pad_candidate	ambiguous
PI84985	Y	N	PI084985	zero_pad_candidate	ambiguous
PI84987	Y	N	PI084987	zero_pad_candidate	ambiguous
PI84987A	Y	N	PI084987A	zero_pad_candidate	ambiguous
PI84992	Y	N	PI084992	zero_pad_candidate	ambiguous
PI85009-1	Y	N	PI085009-1	zero_pad_candidate	ambiguous
PI85009-2	Y	N	PI085009-2	zero_pad_candidate	ambiguous
PI85010	Y	N	PI085010	zero_pad_candidate	ambiguous
PI85012	Y	N	PI085012	zero_pad_candidate	ambiguous
PI85014	Y	N	PI085014	zero_pad_candidate	ambiguous
PI85019	Y	N	PI085019	zero_pad_candidate	ambiguous
PI85021	Y	N	PI085021	zero_pad_candidate	ambiguous
PI85089	Y	N	PI085089	zero_pad_candidate	ambiguous
PI85252	Y	N	PI085252	zero_pad_candidate	ambiguous
PI85272	Y	N	PI085272	zero_pad_candidate	ambiguous
PI85340	Y	N	PI085340	zero_pad_candidate	ambiguous
PI85342	Y	N	PI085342	zero_pad_candidate	ambiguous
PI85355	Y	N	PI085355	zero_pad_candidate	ambiguous
PI85356	Y	N	PI085356	zero_pad_candidate	ambiguous
PI85407	Y	N	PI085407	zero_pad_candidate	ambiguous
PI85416	Y	N	PI085416	zero_pad_candidate	ambiguous
PI85420	Y	N	PI085420	zero_pad_candidate	ambiguous
PI85420-1	Y	N	PI085420-1	zero_pad_candidate	ambiguous
PI85424	Y	N	PI085424	zero_pad_candidate	ambiguous
PI85437	Y	N	PI085437	zero_pad_candidate	ambiguous
PI85441	Y	N	PI085441	zero_pad_candidate	ambiguous
PI85456	Y	N	PI085456	zero_pad_candidate	ambiguous
PI85465	Y	N	PI085465	zero_pad_candidate	ambiguous
PI85469	Y	N	PI085469	zero_pad_candidate	ambiguous
PI85476	Y	N	PI085476	zero_pad_candidate	ambiguous
PI85490	Y	N	PI085490	zero_pad_candidate	ambiguous
PI85492	Y	N	PI085492	zero_pad_candidate	ambiguous
PI85505	Y	N	PI085505	zero_pad_candidate	ambiguous
PI85506	Y	N	PI085506	zero_pad_candidate	ambiguous
PI85508	Y	N	PI085508	zero_pad_candidate	ambiguous
PI85519	Y	N	PI085519	zero_pad_candidate	ambiguous
PI85550	Y	N	PI085550	zero_pad_candidate	ambiguous
PI85559	Y	N	PI085559	zero_pad_candidate	ambiguous
PI85590	Y	N	PI085590	zero_pad_candidate	ambiguous
PI85619	Y	N	PI085619	zero_pad_candidate	ambiguous
PI85624	Y	N	PI085624	zero_pad_candidate	ambiguous
PI85625	Y	N	PI085625	zero_pad_candidate	ambiguous
PI85626	Y	N	PI085626	zero_pad_candidate	ambiguous
PI85630	Y	N	PI085630	zero_pad_candidate	ambiguous
PI85658	Y	N	PI085658	zero_pad_candidate	ambiguous
PI85663	Y	N	PI085663	zero_pad_candidate	ambiguous
PI85665	Y	N	PI085665	zero_pad_candidate	ambiguous
PI85666	Y	N	PI085666	zero_pad_candidate	ambiguous
PI85666S	Y	N	PI085666S	zero_pad_candidate	ambiguous
PI85668	Y	N	PI085668	zero_pad_candidate	ambiguous
PI85671	Y	N	PI085671	zero_pad_candidate	ambiguous
PI85878	Y	N	PI085878	zero_pad_candidate	ambiguous
PI85897	Y	N	PI085897	zero_pad_candidate	ambiguous
PI85903	Y	N	PI085903	zero_pad_candidate	ambiguous
PI86002	Y	N	PI086002	zero_pad_candidate	ambiguous
PI86004	Y	N	PI086004	zero_pad_candidate	ambiguous
PI86006	Y	N	PI086006	zero_pad_candidate	ambiguous
PI86007	Y	N	PI086007	zero_pad_candidate	ambiguous
PI86021	Y	N	PI086021	zero_pad_candidate	ambiguous
PI86022	Y	N	PI086022	zero_pad_candidate	ambiguous
PI86023	Y	N	PI086023	zero_pad_candidate	ambiguous
PI86024	Y	N	PI086024	zero_pad_candidate	ambiguous
PI86026	Y	N	PI086026	zero_pad_candidate	ambiguous
PI86026-1	Y	N	PI086026-1	zero_pad_candidate	ambiguous
PI86027	Y	N	PI086027	zero_pad_candidate	ambiguous
PI86028	Y	N	PI086028	zero_pad_candidate	ambiguous
PI86029	Y	N	PI086029	zero_pad_candidate	ambiguous
PI86031	Y	N	PI086031	zero_pad_candidate	ambiguous
PI86032	Y	N	PI086032	zero_pad_candidate	ambiguous
PI86038	Y	N	PI086038	zero_pad_candidate	ambiguous
PI86045	Y	N	PI086045	zero_pad_candidate	ambiguous
PI86045S	Y	N	PI086045S	zero_pad_candidate	ambiguous
PI86046	Y	N	PI086046	zero_pad_candidate	ambiguous
PI86050	Y	N	PI086050	zero_pad_candidate	ambiguous
PI86053	Y	N	PI086053	zero_pad_candidate	ambiguous
PI86060	Y	N	PI086060	zero_pad_candidate	ambiguous
PI86062	Y	N	PI086062	zero_pad_candidate	ambiguous
PI86063	Y	N	PI086063	zero_pad_candidate	ambiguous
PI86069	Y	N	PI086069	zero_pad_candidate	ambiguous
PI86071	Y	N	PI086071	zero_pad_candidate	ambiguous
PI86073	Y	N	PI086073	zero_pad_candidate	ambiguous
PI86075	Y	N	PI086075	zero_pad_candidate	ambiguous
PI86078	Y	N	PI086078	zero_pad_candidate	ambiguous
PI86078-1	Y	N	PI086078-1	zero_pad_candidate	ambiguous
PI86081	Y	N	PI086081	zero_pad_candidate	ambiguous
PI86084	Y	N	PI086084	zero_pad_candidate	ambiguous
PI86089	Y	N	PI086089	zero_pad_candidate	ambiguous
PI86091	Y	N	PI086091	zero_pad_candidate	ambiguous
PI86091-1	Y	N	PI086091-1	zero_pad_candidate	ambiguous
PI86098	Y	N	PI086098	zero_pad_candidate	ambiguous
PI86102	Y	N	PI086102	zero_pad_candidate	ambiguous
PI86103	Y	N	PI086103	zero_pad_candidate	ambiguous
PI86109	Y	N	PI086109	zero_pad_candidate	ambiguous
PI86109B	Y	N	PI086109B	zero_pad_candidate	ambiguous
PI86111	Y	N	PI086111	zero_pad_candidate	ambiguous
PI86112	Y	N	PI086112	zero_pad_candidate	ambiguous
PI86112-1	Y	N	PI086112-1	zero_pad_candidate	ambiguous
PI86113	Y	N	PI086113	zero_pad_candidate	ambiguous
PI86113S	Y	N	PI086113S	zero_pad_candidate	ambiguous
PI86114	Y	N	PI086114	zero_pad_candidate	ambiguous
PI86115	Y	N	PI086115	zero_pad_candidate	ambiguous
PI86116	Y	N	PI086116	zero_pad_candidate	ambiguous
PI86122	Y	N	PI086122	zero_pad_candidate	ambiguous
PI86123	Y	N	PI086123	zero_pad_candidate	ambiguous
PI86128	Y	N	PI086128	zero_pad_candidate	ambiguous
PI86133	Y	N	PI086133	zero_pad_candidate	ambiguous
PI86134-1	Y	N	PI086134-1	zero_pad_candidate	ambiguous
PI86134-2	Y	N	PI086134-2	zero_pad_candidate	ambiguous
PI86134-3	Y	N	PI086134-3	zero_pad_candidate	ambiguous
PI86134-4	Y	N	PI086134-4	zero_pad_candidate	ambiguous
PI86136	Y	N	PI086136	zero_pad_candidate	ambiguous
PI86137	Y	N	PI086137	zero_pad_candidate	ambiguous
PI86137-1	Y	N	PI086137-1	zero_pad_candidate	ambiguous
PI86138	Y	N	PI086138	zero_pad_candidate	ambiguous
PI86138R	Y	N	PI086138R	zero_pad_candidate	ambiguous
PI86142	Y	N	PI086142	zero_pad_candidate	ambiguous
PI86144	Y	N	PI086144	zero_pad_candidate	ambiguous
PI86145	Y	N	PI086145	zero_pad_candidate	ambiguous
PI86146	Y	N	PI086146	zero_pad_candidate	ambiguous
PI86150	Y	N	PI086150	zero_pad_candidate	ambiguous
PI86153	Y	N	PI086153	zero_pad_candidate	ambiguous
PI86154	Y	N	PI086154	zero_pad_candidate	ambiguous
PI86301	Y	N	PI086301	zero_pad_candidate	ambiguous
PI86410	Y	N	PI086410	zero_pad_candidate	ambiguous
PI86411	Y	N	PI086411	zero_pad_candidate	ambiguous
PI86416	Y	N	PI086416	zero_pad_candidate	ambiguous
PI86425	Y	N	PI086425	zero_pad_candidate	ambiguous
PI86443	Y	N	PI086443	zero_pad_candidate	ambiguous
PI86445	Y	N	PI086445	zero_pad_candidate	ambiguous
PI86449	Y	N	PI086449	zero_pad_candidate	ambiguous
PI86449-0	Y	N	PI086449-0	zero_pad_candidate	ambiguous
PI86449-2	Y	N	PI086449-2	zero_pad_candidate	ambiguous
PI86452	Y	N	PI086452	zero_pad_candidate	ambiguous
PI86454	Y	N	PI086454	zero_pad_candidate	ambiguous
PI86456	Y	N	PI086456	zero_pad_candidate	ambiguous
PI86457	Y	N	PI086457	zero_pad_candidate	ambiguous
PI86457-1	Y	N	PI086457-1	zero_pad_candidate	ambiguous
PI86463	Y	N	PI086463	zero_pad_candidate	ambiguous
PI86465	Y	N	PI086465	zero_pad_candidate	ambiguous
PI86469	Y	N	PI086469	zero_pad_candidate	ambiguous
PI86482	Y	N	PI086482	zero_pad_candidate	ambiguous
PI86482-1	Y	N	PI086482-1	zero_pad_candidate	ambiguous
PI86490	Y	N	PI086490	zero_pad_candidate	ambiguous
PI86490-2	Y	N	PI086490-2	zero_pad_candidate	ambiguous
PI86490-3	Y	N	PI086490-3	zero_pad_candidate	ambiguous
PI86490-4	Y	N	PI086490-4	zero_pad_candidate	ambiguous
PI86491	Y	N	PI086491	zero_pad_candidate	ambiguous
PI86502	Y	N	PI086502	zero_pad_candidate	ambiguous
PI86504	Y	N	PI086504	zero_pad_candidate	ambiguous
PI86510	Y	N	PI086510	zero_pad_candidate	ambiguous
PI86543	Y	N	PI086543	zero_pad_candidate	ambiguous
PI86736	Y	N	PI086736	zero_pad_candidate	ambiguous
PI86737	Y	N	PI086737	zero_pad_candidate	ambiguous
PI86740	Y	N	PI086740	zero_pad_candidate	ambiguous
PI86741	Y	N	PI086741	zero_pad_candidate	ambiguous
PI86876	Y	N	PI086876	zero_pad_candidate	ambiguous
PI86878	Y	N	PI086878	zero_pad_candidate	ambiguous
PI86878-2	Y	N	PI086878-2	zero_pad_candidate	ambiguous
PI86892	Y	N	PI086892	zero_pad_candidate	ambiguous
PI86903-3	Y	N	PI086903-3	zero_pad_candidate	ambiguous
PI86903-4	Y	N	PI086903-4	zero_pad_candidate	ambiguous
PI86904	Y	N	PI086904	zero_pad_candidate	ambiguous
PI86904-1	Y	N	PI086904-1	zero_pad_candidate	ambiguous
PI86908	Y	N	PI086908	zero_pad_candidate	ambiguous
PI86972-1	Y	N	PI086972-1	zero_pad_candidate	ambiguous
PI86972-2	Y	N	PI086972-2	zero_pad_candidate	ambiguous
PI86978	Y	N	PI086978	zero_pad_candidate	ambiguous
PI86982	Y	N	PI086982	zero_pad_candidate	ambiguous
PI87002	Y	N	PI087002	zero_pad_candidate	ambiguous
PI87005	Y	N	PI087005	zero_pad_candidate	ambiguous
PI87011	Y	N	PI087011	zero_pad_candidate	ambiguous
PI87013	Y	N	PI087013	zero_pad_candidate	ambiguous
PI87026	Y	N	PI087026	zero_pad_candidate	ambiguous
PI87029	Y	N	PI087029	zero_pad_candidate	ambiguous
PI87037	Y	N	PI087037	zero_pad_candidate	ambiguous
PI87047	Y	N	PI087047	zero_pad_candidate	ambiguous
PI87059	Y	N	PI087059	zero_pad_candidate	ambiguous
PI87065	Y	N	PI087065	zero_pad_candidate	ambiguous
PI87074	Y	N	PI087074	zero_pad_candidate	ambiguous
PI87076	Y	N	PI087076	zero_pad_candidate	ambiguous
PI87165	Y	N	PI087165	zero_pad_candidate	ambiguous
PI87167	Y	N	PI087167	zero_pad_candidate	ambiguous
PI87457	Y	N	PI087457	zero_pad_candidate	ambiguous
PI87465-1	Y	N	PI087465-1	zero_pad_candidate	ambiguous
PI87465-2	Y	N	PI087465-2	zero_pad_candidate	ambiguous
PI87524	Y	N	PI087524	zero_pad_candidate	ambiguous
PI87525	Y	N	PI087525	zero_pad_candidate	ambiguous
PI87530	Y	N	PI087530	zero_pad_candidate	ambiguous
PI87531	Y	N	PI087531	zero_pad_candidate	ambiguous
PI87540	Y	N	PI087540	zero_pad_candidate	ambiguous
PI87542	Y	N	PI087542	zero_pad_candidate	ambiguous
PI87561	Y	N	PI087561	zero_pad_candidate	ambiguous
PI87565	Y	N	PI087565	zero_pad_candidate	ambiguous
PI87571	Y	N	PI087571	zero_pad_candidate	ambiguous
PI87574	Y	N	PI087574	zero_pad_candidate	ambiguous
PI87575	Y	N	PI087575	zero_pad_candidate	ambiguous
PI87588	Y	N	PI087588	zero_pad_candidate	ambiguous
PI87600-1	Y	N	PI087600-1	zero_pad_candidate	ambiguous
PI87600-2	Y	N	PI087600-2	zero_pad_candidate	ambiguous
PI87606	Y	N	PI087606	zero_pad_candidate	ambiguous
PI87614	Y	N	PI087614	zero_pad_candidate	ambiguous
PI87615	Y	N	PI087615	zero_pad_candidate	ambiguous
PI87617	Y	N	PI087617	zero_pad_candidate	ambiguous
PI87618	Y	N	PI087618	zero_pad_candidate	ambiguous
PI87619	Y	N	PI087619	zero_pad_candidate	ambiguous
PI87619-1	Y	N	PI087619-1	zero_pad_candidate	ambiguous
PI87620	Y	N	PI087620	zero_pad_candidate	ambiguous
PI87620-1	Y	N	PI087620-1	zero_pad_candidate	ambiguous
PI87622	Y	N	PI087622	zero_pad_candidate	ambiguous
PI87623	Y	N	PI087623	zero_pad_candidate	ambiguous
PI87628	Y	N	PI087628	zero_pad_candidate	ambiguous
PI87629	Y	N	PI087629	zero_pad_candidate	ambiguous
PI87630	Y	N	PI087630	zero_pad_candidate	ambiguous
PI87631	Y	N	PI087631	zero_pad_candidate	ambiguous
PI87631-1	Y	N	PI087631-1	zero_pad_candidate	ambiguous
PI87631-3	Y	N	PI087631-3	zero_pad_candidate	ambiguous
PI87632	Y	N	PI087632	zero_pad_candidate	ambiguous
PI87634	Y	N	PI087634	zero_pad_candidate	ambiguous
PI87968	Y	N	PI087968	zero_pad_candidate	ambiguous
PI88282	Y	N	PI088282	zero_pad_candidate	ambiguous
PI88287	Y	N	PI088287	zero_pad_candidate	ambiguous
PI88288	Y	N	PI088288	zero_pad_candidate	ambiguous
PI88289	Y	N	PI088289	zero_pad_candidate	ambiguous
PI88290	Y	N	PI088290	zero_pad_candidate	ambiguous
PI88291	Y	N	PI088291	zero_pad_candidate	ambiguous
PI88292	Y	N	PI088292	zero_pad_candidate	ambiguous
PI88293	Y	N	PI088293	zero_pad_candidate	ambiguous
PI88293A	Y	N	PI088293A	zero_pad_candidate	ambiguous
PI88294	Y	N	PI088294	zero_pad_candidate	ambiguous
PI88294-1	Y	N	PI088294-1	zero_pad_candidate	ambiguous
PI88295	Y	N	PI088295	zero_pad_candidate	ambiguous
PI88295-1	Y	N	PI088295-1	zero_pad_candidate	ambiguous
PI88296	Y	N	PI088296	zero_pad_candidate	ambiguous
PI88297	Y	N	PI088297	zero_pad_candidate	ambiguous
PI88298	Y	N	PI088298	zero_pad_candidate	ambiguous
PI88300	Y	N	PI088300	zero_pad_candidate	ambiguous
PI88301	Y	N	PI088301	zero_pad_candidate	ambiguous
PI88302-1	Y	N	PI088302-1	zero_pad_candidate	ambiguous
PI88302-2	Y	N	PI088302-2	zero_pad_candidate	ambiguous
PI88303	Y	N	PI088303	zero_pad_candidate	ambiguous
PI88303-1	Y	N	PI088303-1	zero_pad_candidate	ambiguous
PI88304	Y	N	PI088304	zero_pad_candidate	ambiguous
PI88305	Y	N	PI088305	zero_pad_candidate	ambiguous
PI88306	Y	N	PI088306	zero_pad_candidate	ambiguous
PI88306-1	Y	N	PI088306-1	zero_pad_candidate	ambiguous
PI88307	Y	N	PI088307	zero_pad_candidate	ambiguous
PI88308	Y	N	PI088308	zero_pad_candidate	ambiguous
PI88309	Y	N	PI088309	zero_pad_candidate	ambiguous
PI88310	Y	N	PI088310	zero_pad_candidate	ambiguous
PI88311	Y	N	PI088311	zero_pad_candidate	ambiguous
PI88312	Y	N	PI088312	zero_pad_candidate	ambiguous
PI88313	Y	N	PI088313	zero_pad_candidate	ambiguous
PI88349	Y	N	PI088349	zero_pad_candidate	ambiguous
PI88350	Y	N	PI088350	zero_pad_candidate	ambiguous
PI88351	Y	N	PI088351	zero_pad_candidate	ambiguous
PI88352	Y	N	PI088352	zero_pad_candidate	ambiguous
PI88353	Y	N	PI088353	zero_pad_candidate	ambiguous
PI88354	Y	N	PI088354	zero_pad_candidate	ambiguous
PI88355	Y	N	PI088355	zero_pad_candidate	ambiguous
PI88356	Y	N	PI088356	zero_pad_candidate	ambiguous
PI88357	Y	N	PI088357	zero_pad_candidate	ambiguous
PI88358	Y	N	PI088358	zero_pad_candidate	ambiguous
PI88359	Y	N	PI088359	zero_pad_candidate	ambiguous
PI88442	Y	N	PI088442	zero_pad_candidate	ambiguous
PI88443	Y	N	PI088443	zero_pad_candidate	ambiguous
PI88444	Y	N	PI088444	zero_pad_candidate	ambiguous
PI88445	Y	N	PI088445	zero_pad_candidate	ambiguous
PI88447	Y	N	PI088447	zero_pad_candidate	ambiguous
PI88447-3	Y	N	PI088447-3	zero_pad_candidate	ambiguous
PI88448	Y	N	PI088448	zero_pad_candidate	ambiguous
PI88452	Y	N	PI088452	zero_pad_candidate	ambiguous
PI88455	Y	N	PI088455	zero_pad_candidate	ambiguous
PI88458	Y	N	PI088458	zero_pad_candidate	ambiguous
PI88459	Y	N	PI088459	zero_pad_candidate	ambiguous
PI88461	Y	N	PI088461	zero_pad_candidate	ambiguous
PI88466	Y	N	PI088466	zero_pad_candidate	ambiguous
PI88466-1	Y	N	PI088466-1	zero_pad_candidate	ambiguous
PI88468	Y	N	PI088468	zero_pad_candidate	ambiguous
PI88479	Y	N	PI088479	zero_pad_candidate	ambiguous
PI88484	Y	N	PI088484	zero_pad_candidate	ambiguous
PI88486	Y	N	PI088486	zero_pad_candidate	ambiguous
PI88490	Y	N	PI088490	zero_pad_candidate	ambiguous
PI88490-1	Y	N	PI088490-1	zero_pad_candidate	ambiguous
PI88490-2	Y	N	PI088490-2	zero_pad_candidate	ambiguous
PI88491	Y	N	PI088491	zero_pad_candidate	ambiguous
PI88492	Y	N	PI088492	zero_pad_candidate	ambiguous
PI88495	Y	N	PI088495	zero_pad_candidate	ambiguous
PI88497	Y	N	PI088497	zero_pad_candidate	ambiguous
PI88499	Y	N	PI088499	zero_pad_candidate	ambiguous
PI88502	Y	N	PI088502	zero_pad_candidate	ambiguous
PI88508	Y	N	PI088508	zero_pad_candidate	ambiguous
PI88777	Y	N	PI088777	zero_pad_candidate	ambiguous
PI88780	Y	N	PI088780	zero_pad_candidate	ambiguous
PI88782	Y	N	PI088782	zero_pad_candidate	ambiguous
PI88783	Y	N	PI088783	zero_pad_candidate	ambiguous
PI88787	Y	N	PI088787	zero_pad_candidate	ambiguous
PI88788	Y	N	PI088788	zero_pad_candidate	ambiguous
PI88789	Y	N	PI088789	zero_pad_candidate	ambiguous
PI88790	Y	N	PI088790	zero_pad_candidate	ambiguous
PI88793	Y	N	PI088793	zero_pad_candidate	ambiguous
PI88797	Y	N	PI088797	zero_pad_candidate	ambiguous
PI88798	Y	N	PI088798	zero_pad_candidate	ambiguous
PI88799	Y	N	PI088799	zero_pad_candidate	ambiguous
PI88803	Y	N	PI088803	zero_pad_candidate	ambiguous
PI88803-1	Y	N	PI088803-1	zero_pad_candidate	ambiguous
PI88804	Y	N	PI088804	zero_pad_candidate	ambiguous
PI88805-2	Y	N	PI088805-2	zero_pad_candidate	ambiguous
PI88805-4	Y	N	PI088805-4	zero_pad_candidate	ambiguous
PI88806	Y	N	PI088806	zero_pad_candidate	ambiguous
PI88809	Y	N	PI088809	zero_pad_candidate	ambiguous
PI88810	Y	N	PI088810	zero_pad_candidate	ambiguous
PI88811	Y	N	PI088811	zero_pad_candidate	ambiguous
PI88813	Y	N	PI088813	zero_pad_candidate	ambiguous
PI88814	Y	N	PI088814	zero_pad_candidate	ambiguous
PI88815	Y	N	PI088815	zero_pad_candidate	ambiguous
PI88816	Y	N	PI088816	zero_pad_candidate	ambiguous
PI88816S	Y	N	PI088816S	zero_pad_candidate	ambiguous
PI88818	Y	N	PI088818	zero_pad_candidate	ambiguous
PI88820	Y	N	PI088820	zero_pad_candidate	ambiguous
PI88820N	Y	N	PI088820N	zero_pad_candidate	ambiguous
PI88823	Y	N	PI088823	zero_pad_candidate	ambiguous
PI88825	Y	N	PI088825	zero_pad_candidate	ambiguous
PI88826	Y	N	PI088826	zero_pad_candidate	ambiguous
PI88886	Y	N	PI088886	zero_pad_candidate	ambiguous
PI88965	Y	N	PI088965	zero_pad_candidate	ambiguous
PI88997	Y	N	PI088997	zero_pad_candidate	ambiguous
PI88998-1	Y	N	PI088998-1	zero_pad_candidate	ambiguous
PI88998-2	Y	N	PI088998-2	zero_pad_candidate	ambiguous
PI89000	Y	N	PI089000	zero_pad_candidate	ambiguous
PI89001	Y	N	PI089001	zero_pad_candidate	ambiguous
PI89002	Y	N	PI089002	zero_pad_candidate	ambiguous
PI89002-2	Y	N	PI089002-2	zero_pad_candidate	ambiguous
PI89003-1	Y	N	PI089003-1	zero_pad_candidate	ambiguous
PI89003-2	Y	N	PI089003-2	zero_pad_candidate	ambiguous
PI89004	Y	N	PI089004	zero_pad_candidate	ambiguous
PI89005-4	Y	N	PI089005-4	zero_pad_candidate	ambiguous
PI89005-5	Y	N	PI089005-5	zero_pad_candidate	ambiguous
PI89006	Y	N	PI089006	zero_pad_candidate	ambiguous
PI89006-2	Y	N	PI089006-2	zero_pad_candidate	ambiguous
PI89007	Y	N	PI089007	zero_pad_candidate	ambiguous
PI89008	Y	N	PI089008	zero_pad_candidate	ambiguous
PI89009	Y	N	PI089009	zero_pad_candidate	ambiguous
PI89009-2	Y	N	PI089009-2	zero_pad_candidate	ambiguous
PI89010	Y	N	PI089010	zero_pad_candidate	ambiguous
PI89012	Y	N	PI089012	zero_pad_candidate	ambiguous
PI89012-1	Y	N	PI089012-1	zero_pad_candidate	ambiguous
PI89013	Y	N	PI089013	zero_pad_candidate	ambiguous
PI89014	Y	N	PI089014	zero_pad_candidate	ambiguous
PI89053	Y	N	PI089053	zero_pad_candidate	ambiguous
PI89055	Y	N	PI089055	zero_pad_candidate	ambiguous
PI89055-1	Y	N	PI089055-1	zero_pad_candidate	ambiguous
PI89056-2	Y	N	PI089056-2	zero_pad_candidate	ambiguous
PI89056-3	Y	N	PI089056-3	zero_pad_candidate	ambiguous
PI89057	Y	N	PI089057	zero_pad_candidate	ambiguous
PI89058	Y	N	PI089058	zero_pad_candidate	ambiguous
PI89059	Y	N	PI089059	zero_pad_candidate	ambiguous
PI89060	Y	N	PI089060	zero_pad_candidate	ambiguous
PI89061	Y	N	PI089061	zero_pad_candidate	ambiguous
PI89061-1	Y	N	PI089061-1	zero_pad_candidate	ambiguous
PI89061-2	Y	N	PI089061-2	zero_pad_candidate	ambiguous
PI89061-3	Y	N	PI089061-3	zero_pad_candidate	ambiguous
PI89061N	Y	N	PI089061N	zero_pad_candidate	ambiguous
PI89063	Y	N	PI089063	zero_pad_candidate	ambiguous
PI89064	Y	N	PI089064	zero_pad_candidate	ambiguous
PI89065	Y	N	PI089065	zero_pad_candidate	ambiguous
PI89065-2	Y	N	PI089065-2	zero_pad_candidate	ambiguous
PI89066	Y	N	PI089066	zero_pad_candidate	ambiguous
PI89067	Y	N	PI089067	zero_pad_candidate	ambiguous
PI89070	Y	N	PI089070	zero_pad_candidate	ambiguous
PI89072	Y	N	PI089072	zero_pad_candidate	ambiguous
PI89073	Y	N	PI089073	zero_pad_candidate	ambiguous
PI89074	Y	N	PI089074	zero_pad_candidate	ambiguous
PI89075	Y	N	PI089075	zero_pad_candidate	ambiguous
PI89117	Y	N	PI089117	zero_pad_candidate	ambiguous
PI89128	Y	N	PI089128	zero_pad_candidate	ambiguous
PI89130	Y	N	PI089130	zero_pad_candidate	ambiguous
PI89133	Y	N	PI089133	zero_pad_candidate	ambiguous
PI89134	Y	N	PI089134	zero_pad_candidate	ambiguous
PI89138	Y	N	PI089138	zero_pad_candidate	ambiguous
PI89143	Y	N	PI089143	zero_pad_candidate	ambiguous
PI89146	Y	N	PI089146	zero_pad_candidate	ambiguous
PI89150	Y	N	PI089150	zero_pad_candidate	ambiguous
PI89152	Y	N	PI089152	zero_pad_candidate	ambiguous
PI89153	Y	N	PI089153	zero_pad_candidate	ambiguous
PI89154	Y	N	PI089154	zero_pad_candidate	ambiguous
PI89154-1	Y	N	PI089154-1	zero_pad_candidate	ambiguous
PI89154-2	Y	N	PI089154-2	zero_pad_candidate	ambiguous
PI89154S	Y	N	PI089154S	zero_pad_candidate	ambiguous
PI89156	Y	N	PI089156	zero_pad_candidate	ambiguous
PI89162	Y	N	PI089162	zero_pad_candidate	ambiguous
PI89167	Y	N	PI089167	zero_pad_candidate	ambiguous
PI89168	Y	N	PI089168	zero_pad_candidate	ambiguous
PI89170	Y	N	PI089170	zero_pad_candidate	ambiguous
PI89171	Y	N	PI089171	zero_pad_candidate	ambiguous
PI89469	Y	N	PI089469	zero_pad_candidate	ambiguous
PI89471	Y	N	PI089471	zero_pad_candidate	ambiguous
PI89769	Y	N	PI089769	zero_pad_candidate	ambiguous
PI89772	Y	N	PI089772	zero_pad_candidate	ambiguous
PI89773	Y	N	PI089773	zero_pad_candidate	ambiguous
PI89775	Y	N	PI089775	zero_pad_candidate	ambiguous
PI89783	Y	N	PI089783	zero_pad_candidate	ambiguous
PI89784	Y	N	PI089784	zero_pad_candidate	ambiguous
PI90138	Y	N	PI090138	zero_pad_candidate	ambiguous
PI90180	Y	N	PI090180	zero_pad_candidate	ambiguous
PI90208	Y	N	PI090208	zero_pad_candidate	ambiguous
PI90220	Y	N	PI090220	zero_pad_candidate	ambiguous
PI90221	Y	N	PI090221	zero_pad_candidate	ambiguous
PI90233	Y	N	PI090233	zero_pad_candidate	ambiguous
PI90241	Y	N	PI090241	zero_pad_candidate	ambiguous
PI90243	Y	N	PI090243	zero_pad_candidate	ambiguous
PI90245	Y	N	PI090245	zero_pad_candidate	ambiguous
PI90249	Y	N	PI090249	zero_pad_candidate	ambiguous
PI90251	Y	N	PI090251	zero_pad_candidate	ambiguous
PI90256	Y	N	PI090256	zero_pad_candidate	ambiguous
PI90258	Y	N	PI090258	zero_pad_candidate	ambiguous
PI90305	Y	N	PI090305	zero_pad_candidate	ambiguous
PI90354	Y	N	PI090354	zero_pad_candidate	ambiguous
PI90369	Y	N	PI090369	zero_pad_candidate	ambiguous
PI90392	Y	N	PI090392	zero_pad_candidate	ambiguous
PI90401	Y	N	PI090401	zero_pad_candidate	ambiguous
PI90402	Y	N	PI090402	zero_pad_candidate	ambiguous
PI90406	Y	N	PI090406	zero_pad_candidate	ambiguous
PI90406-1	Y	N	PI090406-1	zero_pad_candidate	ambiguous
PI90407	Y	N	PI090407	zero_pad_candidate	ambiguous
PI90463	Y	N	PI090463	zero_pad_candidate	ambiguous
PI90479-1	Y	N	PI090479-1	zero_pad_candidate	ambiguous
PI90479P	Y	N	PI090479P	zero_pad_candidate	ambiguous
PI90481	Y	N	PI090481	zero_pad_candidate	ambiguous
PI90486	Y	N	PI090486	zero_pad_candidate	ambiguous
PI90490	Y	N	PI090490	zero_pad_candidate	ambiguous
PI90490-2	Y	N	PI090490-2	zero_pad_candidate	ambiguous
PI90495	Y	N	PI090495	zero_pad_candidate	ambiguous
PI90495N	Y	N	PI090495N	zero_pad_candidate	ambiguous
PI90499	Y	N	PI090499	zero_pad_candidate	ambiguous
PI90499-1	Y	N	PI090499-1	zero_pad_candidate	ambiguous
PI90499-2	Y	N	PI090499-2	zero_pad_candidate	ambiguous
PI90560	Y	N	PI090560	zero_pad_candidate	ambiguous
PI90563	Y	N	PI090563	zero_pad_candidate	ambiguous
PI90566	Y	N	PI090566	zero_pad_candidate	ambiguous
PI90566-1	Y	N	PI090566-1	zero_pad_candidate	ambiguous
PI90567	Y	N	PI090567	zero_pad_candidate	ambiguous
PI90567-1	Y	N	PI090567-1	zero_pad_candidate	ambiguous
PI90570	Y	N	PI090570	zero_pad_candidate	ambiguous
PI90573	Y	N	PI090573	zero_pad_candidate	ambiguous
PI90574	Y	N	PI090574	zero_pad_candidate	ambiguous
PI90575	Y	N	PI090575	zero_pad_candidate	ambiguous
PI90576-1	Y	N	PI090576-1	zero_pad_candidate	ambiguous
PI90576-2	Y	N	PI090576-2	zero_pad_candidate	ambiguous
PI90577	Y	N	PI090577	zero_pad_candidate	ambiguous
PI90578	Y	N	PI090578	zero_pad_candidate	ambiguous
PI90579	Y	N	PI090579	zero_pad_candidate	ambiguous
PI90723	Y	N	PI090723	zero_pad_candidate	ambiguous
PI90760	Y	N	PI090760	zero_pad_candidate	ambiguous
PI90763	Y	N	PI090763	zero_pad_candidate	ambiguous
PI90768	Y	N	PI090768	zero_pad_candidate	ambiguous
PI91073	Y	N	PI091073	zero_pad_candidate	ambiguous
PI91082	Y	N	PI091082	zero_pad_candidate	ambiguous
PI91083	Y	N	PI091083	zero_pad_candidate	ambiguous
PI91089	Y	N	PI091089	zero_pad_candidate	ambiguous
PI91091	Y	N	PI091091	zero_pad_candidate	ambiguous
PI91100	Y	N	PI091100	zero_pad_candidate	ambiguous
PI91100-1	Y	N	PI091100-1	zero_pad_candidate	ambiguous
PI91100-2	Y	N	PI091100-2	zero_pad_candidate	ambiguous
PI91100-3	Y	N	PI091100-3	zero_pad_candidate	ambiguous
PI91100-4	Y	N	PI091100-4	zero_pad_candidate	ambiguous
PI91102	Y	N	PI091102	zero_pad_candidate	ambiguous
PI91103	Y	N	PI091103	zero_pad_candidate	ambiguous
PI91104	Y	N	PI091104	zero_pad_candidate	ambiguous
PI91107	Y	N	PI091107	zero_pad_candidate	ambiguous
PI91108-1	Y	N	PI091108-1	zero_pad_candidate	ambiguous
PI91108-2	Y	N	PI091108-2	zero_pad_candidate	ambiguous
PI91108N	Y	N	PI091108N	zero_pad_candidate	ambiguous
PI91109	Y	N	PI091109	zero_pad_candidate	ambiguous
PI91110	Y	N	PI091110	zero_pad_candidate	ambiguous
PI91110-1	Y	N	PI091110-1	zero_pad_candidate	ambiguous
PI91113	Y	N	PI091113	zero_pad_candidate	ambiguous
PI91114	Y	N	PI091114	zero_pad_candidate	ambiguous
PI91115	Y	N	PI091115	zero_pad_candidate	ambiguous
PI91116	Y	N	PI091116	zero_pad_candidate	ambiguous
PI91117	Y	N	PI091117	zero_pad_candidate	ambiguous
PI91119	Y	N	PI091119	zero_pad_candidate	ambiguous
PI91120	Y	N	PI091120	zero_pad_candidate	ambiguous
PI91120-2	Y	N	PI091120-2	zero_pad_candidate	ambiguous
PI91120-3	Y	N	PI091120-3	zero_pad_candidate	ambiguous
PI91121-1	Y	N	PI091121-1	zero_pad_candidate	ambiguous
PI91121-2	Y	N	PI091121-2	zero_pad_candidate	ambiguous
PI91123	Y	N	PI091123	zero_pad_candidate	ambiguous
PI91124	Y	N	PI091124	zero_pad_candidate	ambiguous
PI91126	Y	N	PI091126	zero_pad_candidate	ambiguous
PI91127	Y	N	PI091127	zero_pad_candidate	ambiguous
PI91129	Y	N	PI091129	zero_pad_candidate	ambiguous
PI91132-2	Y	N	PI091132-2	zero_pad_candidate	ambiguous
PI91132-3	Y	N	PI091132-3	zero_pad_candidate	ambiguous
PI91133	Y	N	PI091133	zero_pad_candidate	ambiguous
PI91138	Y	N	PI091138	zero_pad_candidate	ambiguous
PI91141	Y	N	PI091141	zero_pad_candidate	ambiguous
PI91142	Y	N	PI091142	zero_pad_candidate	ambiguous
PI91144	Y	N	PI091144	zero_pad_candidate	ambiguous
PI91149	Y	N	PI091149	zero_pad_candidate	ambiguous
PI91150	Y	N	PI091150	zero_pad_candidate	ambiguous
PI91151	Y	N	PI091151	zero_pad_candidate	ambiguous
PI91152	Y	N	PI091152	zero_pad_candidate	ambiguous
PI91153	Y	N	PI091153	zero_pad_candidate	ambiguous
PI91153-1	Y	N	PI091153-1	zero_pad_candidate	ambiguous
PI91153-7	Y	N	PI091153-7	zero_pad_candidate	ambiguous
PI91154	Y	N	PI091154	zero_pad_candidate	ambiguous
PI91156	Y	N	PI091156	zero_pad_candidate	ambiguous
PI91159	Y	N	PI091159	zero_pad_candidate	ambiguous
PI91159-4	Y	N	PI091159-4	zero_pad_candidate	ambiguous
PI91159S	Y	N	PI091159S	zero_pad_candidate	ambiguous
PI91160	Y	N	PI091160	zero_pad_candidate	ambiguous
PI91161	Y	N	PI091161	zero_pad_candidate	ambiguous
PI91162	Y	N	PI091162	zero_pad_candidate	ambiguous
PI91163	Y	N	PI091163	zero_pad_candidate	ambiguous
PI91164	Y	N	PI091164	zero_pad_candidate	ambiguous
PI91165	Y	N	PI091165	zero_pad_candidate	ambiguous
PI91166	Y	N	PI091166	zero_pad_candidate	ambiguous
PI91167	Y	N	PI091167	zero_pad_candidate	ambiguous
PI91169	Y	N	PI091169	zero_pad_candidate	ambiguous
PI91171	Y	N	PI091171	zero_pad_candidate	ambiguous
PI91174	Y	N	PI091174	zero_pad_candidate	ambiguous
PI91178	Y	N	PI091178	zero_pad_candidate	ambiguous
PI91178-1	Y	N	PI091178-1	zero_pad_candidate	ambiguous
PI91180	Y	N	PI091180	zero_pad_candidate	ambiguous
PI91340	Y	N	PI091340	zero_pad_candidate	ambiguous
PI91341	Y	N	PI091341	zero_pad_candidate	ambiguous
PI91343	Y	N	PI091343	zero_pad_candidate	ambiguous
PI91346	Y	N	PI091346	zero_pad_candidate	ambiguous
PI91349	Y	N	PI091349	zero_pad_candidate	ambiguous
PI91557	Y	N	PI091557	zero_pad_candidate	ambiguous
PI91559	Y	N	PI091559	zero_pad_candidate	ambiguous
PI91646	Y	N	PI091646	zero_pad_candidate	ambiguous
PI91679	Y	N	PI091679	zero_pad_candidate	ambiguous
PI91684	Y	N	PI091684	zero_pad_candidate	ambiguous
PI91702	Y	N	PI091702	zero_pad_candidate	ambiguous
PI91719	Y	N	PI091719	zero_pad_candidate	ambiguous
PI91725	Y	N	PI091725	zero_pad_candidate	ambiguous
PI91725-2	Y	N	PI091725-2	zero_pad_candidate	ambiguous
PI91725-3	Y	N	PI091725-3	zero_pad_candidate	ambiguous
PI91725-4	Y	N	PI091725-4	zero_pad_candidate	ambiguous
PI91729	Y	N	PI091729	zero_pad_candidate	ambiguous
PI91730	Y	N	PI091730	zero_pad_candidate	ambiguous
PI91730-1	Y	N	PI091730-1	zero_pad_candidate	ambiguous
PI91731	Y	N	PI091731	zero_pad_candidate	ambiguous
PI91731-1	Y	N	PI091731-1	zero_pad_candidate	ambiguous
PI91732-1	Y	N	PI091732-1	zero_pad_candidate	ambiguous
PI91732-2	Y	N	PI091732-2	zero_pad_candidate	ambiguous
PI91733	Y	N	PI091733	zero_pad_candidate	ambiguous
PI91733-1	Y	N	PI091733-1	zero_pad_candidate	ambiguous
PI91734	Y	N	PI091734	zero_pad_candidate	ambiguous
PI91750	Y	N	PI091750	zero_pad_candidate	ambiguous
PI92109	Y	N	PI092109	zero_pad_candidate	ambiguous
PI92460	Y	N	PI092460	zero_pad_candidate	ambiguous
PI92463	Y	N	PI092463	zero_pad_candidate	ambiguous
PI92464	Y	N	PI092464	zero_pad_candidate	ambiguous
PI92465	Y	N	PI092465	zero_pad_candidate	ambiguous
PI92466	Y	N	PI092466	zero_pad_candidate	ambiguous
PI92468	Y	N	PI092468	zero_pad_candidate	ambiguous
PI92469	Y	N	PI092469	zero_pad_candidate	ambiguous
PI92470	Y	N	PI092470	zero_pad_candidate	ambiguous
PI92557	Y	N	PI092557	zero_pad_candidate	ambiguous
PI92560	Y	N	PI092560	zero_pad_candidate	ambiguous
PI92561	Y	N	PI092561	zero_pad_candidate	ambiguous
PI92563	Y	N	PI092563	zero_pad_candidate	ambiguous
PI92565	Y	N	PI092565	zero_pad_candidate	ambiguous
PI92567	Y	N	PI092567	zero_pad_candidate	ambiguous
PI92568	Y	N	PI092568	zero_pad_candidate	ambiguous
PI92569	Y	N	PI092569	zero_pad_candidate	ambiguous
PI92570	Y	N	PI092570	zero_pad_candidate	ambiguous
PI92571	Y	N	PI092571	zero_pad_candidate	ambiguous
PI92572	Y	N	PI092572	zero_pad_candidate	ambiguous
PI92573	Y	N	PI092573	zero_pad_candidate	ambiguous
PI92576	Y	N	PI092576	zero_pad_candidate	ambiguous
PI92577	Y	N	PI092577	zero_pad_candidate	ambiguous
PI92580	Y	N	PI092580	zero_pad_candidate	ambiguous
PI92582	Y	N	PI092582	zero_pad_candidate	ambiguous
PI92583	Y	N	PI092583	zero_pad_candidate	ambiguous
PI92589	Y	N	PI092589	zero_pad_candidate	ambiguous
PI92590	Y	N	PI092590	zero_pad_candidate	ambiguous
PI92592	Y	N	PI092592	zero_pad_candidate	ambiguous
PI92593	Y	N	PI092593	zero_pad_candidate	ambiguous
PI92594	Y	N	PI092594	zero_pad_candidate	ambiguous
PI92595	Y	N	PI092595	zero_pad_candidate	ambiguous
PI92596	Y	N	PI092596	zero_pad_candidate	ambiguous
PI92598	Y	N	PI092598	zero_pad_candidate	ambiguous
PI92600	Y	N	PI092600	zero_pad_candidate	ambiguous
PI92601	Y	N	PI092601	zero_pad_candidate	ambiguous
PI92601-1	Y	N	PI092601-1	zero_pad_candidate	ambiguous
PI92601-2	Y	N	PI092601-2	zero_pad_candidate	ambiguous
PI92601-5	Y	N	PI092601-5	zero_pad_candidate	ambiguous
PI92602	Y	N	PI092602	zero_pad_candidate	ambiguous
PI92603	Y	N	PI092603	zero_pad_candidate	ambiguous
PI92604	Y	N	PI092604	zero_pad_candidate	ambiguous
PI92605	Y	N	PI092605	zero_pad_candidate	ambiguous
PI92606	Y	N	PI092606	zero_pad_candidate	ambiguous
PI92607	Y	N	PI092607	zero_pad_candidate	ambiguous
PI92608	Y	N	PI092608	zero_pad_candidate	ambiguous
PI92611	Y	N	PI092611	zero_pad_candidate	ambiguous
PI92617	Y	N	PI092617	zero_pad_candidate	ambiguous
PI92618	Y	N	PI092618	zero_pad_candidate	ambiguous
PI92619	Y	N	PI092619	zero_pad_candidate	ambiguous
PI92623	Y	N	PI092623	zero_pad_candidate	ambiguous
PI92625	Y	N	PI092625	zero_pad_candidate	ambiguous
PI92627	Y	N	PI092627	zero_pad_candidate	ambiguous
PI92629	Y	N	PI092629	zero_pad_candidate	ambiguous
PI92630	Y	N	PI092630	zero_pad_candidate	ambiguous
PI92633	Y	N	PI092633	zero_pad_candidate	ambiguous
PI92636	Y	N	PI092636	zero_pad_candidate	ambiguous
PI92639	Y	N	PI092639	zero_pad_candidate	ambiguous
PI92640	Y	N	PI092640	zero_pad_candidate	ambiguous
PI92641	Y	N	PI092641	zero_pad_candidate	ambiguous
PI92641B	Y	N	PI092641B	zero_pad_candidate	ambiguous
PI92642	Y	N	PI092642	zero_pad_candidate	ambiguous
PI92643	Y	N	PI092643	zero_pad_candidate	ambiguous
PI92645	Y	N	PI092645	zero_pad_candidate	ambiguous
PI92649	Y	N	PI092649	zero_pad_candidate	ambiguous
PI92651	Y	N	PI092651	zero_pad_candidate	ambiguous
PI92654	Y	N	PI092654	zero_pad_candidate	ambiguous
PI92659	Y	N	PI092659	zero_pad_candidate	ambiguous
PI92660	Y	N	PI092660	zero_pad_candidate	ambiguous
PI92661	Y	N	PI092661	zero_pad_candidate	ambiguous
PI92662	Y	N	PI092662	zero_pad_candidate	ambiguous
PI92663	Y	N	PI092663	zero_pad_candidate	ambiguous
PI92671	Y	N	PI092671	zero_pad_candidate	ambiguous
PI92672	Y	N	PI092672	zero_pad_candidate	ambiguous
PI92677	Y	N	PI092677	zero_pad_candidate	ambiguous
PI92681	Y	N	PI092681	zero_pad_candidate	ambiguous
PI92683	Y	N	PI092683	zero_pad_candidate	ambiguous
PI92684	Y	N	PI092684	zero_pad_candidate	ambiguous
PI92686	Y	N	PI092686	zero_pad_candidate	ambiguous
PI92687	Y	N	PI092687	zero_pad_candidate	ambiguous
PI92688	Y	N	PI092688	zero_pad_candidate	ambiguous
PI92688-2	Y	N	PI092688-2	zero_pad_candidate	ambiguous
PI92689	Y	N	PI092689	zero_pad_candidate	ambiguous
PI92690	Y	N	PI092690	zero_pad_candidate	ambiguous
PI92691	Y	N	PI092691	zero_pad_candidate	ambiguous
PI92694	Y	N	PI092694	zero_pad_candidate	ambiguous
PI92696	Y	N	PI092696	zero_pad_candidate	ambiguous
PI92698	Y	N	PI092698	zero_pad_candidate	ambiguous
PI92702	Y	N	PI092702	zero_pad_candidate	ambiguous
PI92704	Y	N	PI092704	zero_pad_candidate	ambiguous
PI92705	Y	N	PI092705	zero_pad_candidate	ambiguous
PI92706	Y	N	PI092706	zero_pad_candidate	ambiguous
PI92707	Y	N	PI092707	zero_pad_candidate	ambiguous
PI92707-2	Y	N	PI092707-2	zero_pad_candidate	ambiguous
PI92707S	Y	N	PI092707S	zero_pad_candidate	ambiguous
PI92713	Y	N	PI092713	zero_pad_candidate	ambiguous
PI92717	Y	N	PI092717	zero_pad_candidate	ambiguous
PI92718	Y	N	PI092718	zero_pad_candidate	ambiguous
PI92718-2	Y	N	PI092718-2	zero_pad_candidate	ambiguous
PI92719	Y	N	PI092719	zero_pad_candidate	ambiguous
PI92720	Y	N	PI092720	zero_pad_candidate	ambiguous
PI92722	Y	N	PI092722	zero_pad_candidate	ambiguous
PI92728	Y	N	PI092728	zero_pad_candidate	ambiguous
PI92733	Y	N	PI092733	zero_pad_candidate	ambiguous
PI92734	Y	N	PI092734	zero_pad_candidate	ambiguous
PI92743	Y	N	PI092743	zero_pad_candidate	ambiguous
PI92748	Y	N	PI092748	zero_pad_candidate	ambiguous
PI93055	Y	N	PI093055	zero_pad_candidate	ambiguous
PI93055S	Y	N	PI093055S	zero_pad_candidate	ambiguous
PI93217	Y	N	PI093217	zero_pad_candidate	ambiguous
PI93559	Y	N	PI093559	zero_pad_candidate	ambiguous
PI93560	Y	N	PI093560	zero_pad_candidate	ambiguous
PI93563	Y	N	PI093563	zero_pad_candidate	ambiguous
PI93565	Y	N	PI093565	zero_pad_candidate	ambiguous
PI93565A	Y	N	PI093565A	zero_pad_candidate	ambiguous
PI94159	Y	N	PI094159	zero_pad_candidate	ambiguous
PI94159-3	Y	N	PI094159-3	zero_pad_candidate	ambiguous
PI94159B	Y	N	PI094159B	zero_pad_candidate	ambiguous
PI95740	Y	N	PI095740	zero_pad_candidate	ambiguous
PI95769	Y	N	PI095769	zero_pad_candidate	ambiguous
PI95780	Y	N	PI095780	zero_pad_candidate	ambiguous
PI95801	Y	N	PI095801	zero_pad_candidate	ambiguous
PI95853	Y	N	PI095853	zero_pad_candidate	ambiguous
PI95860	Y	N	PI095860	zero_pad_candidate	ambiguous
PI95887	Y	N	PI095887	zero_pad_candidate	ambiguous
PI95959	Y	N	PI095959	zero_pad_candidate	ambiguous
PI95960	Y	N	PI095960	zero_pad_candidate	ambiguous
PI95969	Y	N	PI095969	zero_pad_candidate	ambiguous
PI96035	Y	N	PI096035	zero_pad_candidate	ambiguous
PI96089	Y	N	PI096089	zero_pad_candidate	ambiguous
PI96093	Y	N	PI096093	zero_pad_candidate	ambiguous
PI96118	Y	N	PI096118	zero_pad_candidate	ambiguous
PI96152	Y	N	PI096152	zero_pad_candidate	ambiguous
PI96162	Y	N	PI096162	zero_pad_candidate	ambiguous
PI96169	Y	N	PI096169	zero_pad_candidate	ambiguous
PI96169B	Y	N	PI096169B	zero_pad_candidate	ambiguous
PI96171	Y	N	PI096171	zero_pad_candidate	ambiguous
PI96188	Y	N	PI096188	zero_pad_candidate	ambiguous
PI96193	Y	N	PI096193	zero_pad_candidate	ambiguous
PI96194-3	Y	N	PI096194-3	zero_pad_candidate	ambiguous
PI96194P	Y	N	PI096194P	zero_pad_candidate	ambiguous
PI96195	Y	N	PI096195	zero_pad_candidate	ambiguous
PI96199	Y	N	PI096199	zero_pad_candidate	ambiguous
PI96201	Y	N	PI096201	zero_pad_candidate	ambiguous
PI96257	Y	N	PI096257	zero_pad_candidate	ambiguous
PI96280	Y	N	PI096280	zero_pad_candidate	ambiguous
PI96321	Y	N	PI096321	zero_pad_candidate	ambiguous
PI96322	Y	N	PI096322	zero_pad_candidate	ambiguous
PI96333	Y	N	PI096333	zero_pad_candidate	ambiguous
PI96354	Y	N	PI096354	zero_pad_candidate	ambiguous
PI96549	Y	N	PI096549	zero_pad_candidate	ambiguous
PI96550	Y	N	PI096550	zero_pad_candidate	ambiguous
PI96783	Y	N	PI096783	zero_pad_candidate	ambiguous
PI96786	Y	N	PI096786	zero_pad_candidate	ambiguous
PI96786-1	Y	N	PI096786-1	zero_pad_candidate	ambiguous
PI96787	Y	N	PI096787	zero_pad_candidate	ambiguous
PI96808	Y	N	PI096808	zero_pad_candidate	ambiguous
PI96927	Y	N	PI096927	zero_pad_candidate	ambiguous
PI96944	Y	N		none	vcf_only
PI96978	Y	N	PI096978	zero_pad_candidate	ambiguous
PI96983	Y	N	PI096983	zero_pad_candidate	ambiguous
PI96984	Y	N	PI096984	zero_pad_candidate	ambiguous
PI97038	Y	N	PI097038	zero_pad_candidate	ambiguous
PI97066	Y	N	PI097066	zero_pad_candidate	ambiguous
PI97081	Y	N	PI097081	zero_pad_candidate	ambiguous
PI97094	Y	N	PI097094	zero_pad_candidate	ambiguous
PI97100	Y	N	PI097100	zero_pad_candidate	ambiguous
PI97139	Y	N	PI097139	zero_pad_candidate	ambiguous
PI97150	Y	N	PI097150	zero_pad_candidate	ambiguous
PI97155	Y	N	PI097155	zero_pad_candidate	ambiguous
PI97161	Y	N	PI097161	zero_pad_candidate	ambiguous
PI97220	Y	N	PI097220	zero_pad_candidate	ambiguous
PI97222	Y	N	PI097222	zero_pad_candidate	ambiguous
PI97225	Y	N	PI097225	zero_pad_candidate	ambiguous
PI97235	Y	N	PI097235	zero_pad_candidate	ambiguous
PI97605	Y	N	PI097605	zero_pad_candidate	ambiguous
PI97627	Y	N	PI097627	zero_pad_candidate	ambiguous
PI98243	Y	N	PI098243	zero_pad_candidate	ambiguous
PRO-280	Y	N		none	vcf_only
Peking	Y	N		none	vcf_only
R05N4095	Y	N		none	vcf_only
R05N4640	Y	N		none	vcf_only
R99N1613	Y	N		none	vcf_only
RCH-Bobcat	Y	N		none	vcf_only
S05N12406	Y	N		none	vcf_only
S05N12741	Y	N		none	vcf_only
S06N13484	Y	N		none	vcf_only
SW33-08	Y	N		none	vcf_only
TN-5-92	Y	N		none	vcf_only
Turner	Y	N		none	vcf_only
Westag-97	Y	N		none	vcf_only
Willams	Y	N		none	vcf_only
Wooster	Y	N		none	vcf_only
