raw_chrom	pos	ss_id	ref	alt
glyma.Wm82.gnm2.Gm01	37018	ss715579193	C	T
glyma.Wm82.gnm2.Gm01	38482	ss715579265	C	A
glyma.Wm82.gnm2.Gm01	81844	ss715580822	C	A
glyma.Wm82.gnm2.Gm01	185211	ss715578633	C	T
glyma.Wm82.gnm2.Gm01	335952	ss715579052	A	G
glyma.Wm82.gnm2.Gm01	368054	ss715579185	G	A
glyma.Wm82.gnm2.Gm01	388640	ss715579281	G	T
glyma.Wm82.gnm2.Gm01	401923	ss715579337	A	C
glyma.Wm82.gnm2.Gm01	423213	ss715579418	C	A
glyma.Wm82.gnm2.Gm01	458739	ss715579556	G	A
glyma.Wm82.gnm2.Gm01	571427	ss715580739	G	A
glyma.Wm82.gnm2.Gm01	628950	ss715580760	A	G
glyma.Wm82.gnm2.Gm01	801884	ss715580815	A	G
glyma.Wm82.gnm2.Gm01	832468	ss715580827	T	C
glyma.Wm82.gnm2.Gm01	862022	ss715580837	A	G
glyma.Wm82.gnm2.Gm01	1011973	ss715578406	T	G
glyma.Wm82.gnm2.Gm01	1237296	ss715578456	A	C
glyma.Wm82.gnm2.Gm01	1271143	ss715578462	T	C
glyma.Wm82.gnm2.Gm01	1273914	ss715578463	C	T
glyma.Wm82.gnm2.Gm01	1475349	ss715578520	C	T
glyma.Wm82.gnm2.Gm01	1483918	ss715578525	C	T
glyma.Wm82.gnm2.Gm01	1513766	ss715578538	G	A
glyma.Wm82.gnm2.Gm01	1521991	ss715578543	T	C
glyma.Wm82.gnm2.Gm01	1528791	ss715578545	T	C
glyma.Wm82.gnm2.Gm01	1531899	ss715578547	G	T
glyma.Wm82.gnm2.Gm01	1608091	ss715578571	C	T
glyma.Wm82.gnm2.Gm01	1624141	ss715578578	C	T
glyma.Wm82.gnm2.Gm01	1641539	ss715578581	T	G
glyma.Wm82.gnm2.Gm01	1796956	ss715578621	A	G
glyma.Wm82.gnm2.Gm01	1804463	ss715578622	G	T
glyma.Wm82.gnm2.Gm01	1976480	ss715578662	A	G
glyma.Wm82.gnm2.Gm01	1990687	ss715578665	C	T
glyma.Wm82.gnm2.Gm01	2038467	ss715578673	T	C
glyma.Wm82.gnm2.Gm01	2039986	ss715578674	T	G
glyma.Wm82.gnm2.Gm01	2059401	ss715578682	A	C
glyma.Wm82.gnm2.Gm01	2065014	ss715578683	T	C
glyma.Wm82.gnm2.Gm01	2275959	ss715578729	C	T
glyma.Wm82.gnm2.Gm01	2396176	ss715578763	A	G
glyma.Wm82.gnm2.Gm01	2421404	ss715578768	G	T
glyma.Wm82.gnm2.Gm01	2436476	ss715578772	A	C
glyma.Wm82.gnm2.Gm01	2481744	ss715578784	C	T
glyma.Wm82.gnm2.Gm01	2489455	ss715578787	T	C
glyma.Wm82.gnm2.Gm01	2506568	ss715578790	T	C
glyma.Wm82.gnm2.Gm01	2510357	ss715578792	A	C
glyma.Wm82.gnm2.Gm01	2523130	ss715578794	A	G
glyma.Wm82.gnm2.Gm01	2560021	ss715578801	C	T
glyma.Wm82.gnm2.Gm01	2565976	ss715578803	T	G
glyma.Wm82.gnm2.Gm01	2715338	ss715578845	C	T
glyma.Wm82.gnm2.Gm01	2892575	ss715578902	A	G
glyma.Wm82.gnm2.Gm01	2915019	ss715578907	A	G
glyma.Wm82.gnm2.Gm01	2944680	ss715578913	C	A
glyma.Wm82.gnm2.Gm01	3176824	ss715578986	C	T
glyma.Wm82.gnm2.Gm01	3251994	ss715579006	T	C
glyma.Wm82.gnm2.Gm01	3276003	ss715579012	C	T
glyma.Wm82.gnm2.Gm01	3300420	ss715579023	A	C
glyma.Wm82.gnm2.Gm01	3315586	ss715579029	T	C
glyma.Wm82.gnm2.Gm01	3328987	ss715579035	A	C
glyma.Wm82.gnm2.Gm01	3333585	ss715579037	G	A
glyma.Wm82.gnm2.Gm01	3345138	ss715579042	C	T
glyma.Wm82.gnm2.Gm01	3355052	ss715579044	T	C
glyma.Wm82.gnm2.Gm01	3458900	ss715579081	T	C
glyma.Wm82.gnm2.Gm01	3536177	ss715579107	G	T
glyma.Wm82.gnm2.Gm01	3589812	ss715579135	T	G
glyma.Wm82.gnm2.Gm01	3593529	ss715579138	G	T
glyma.Wm82.gnm2.Gm01	3595146	ss715579139	C	T
glyma.Wm82.gnm2.Gm01	3605511	ss715579145	T	G
glyma.Wm82.gnm2.Gm01	3737074	ss715579201	T	C
glyma.Wm82.gnm2.Gm01	3764966	ss715579213	G	T
glyma.Wm82.gnm2.Gm01	3766042	ss715579214	G	A
glyma.Wm82.gnm2.Gm01	3767728	ss715579216	G	A
glyma.Wm82.gnm2.Gm01	3799569	ss715579230	G	A
glyma.Wm82.gnm2.Gm01	3802899	ss715579232	T	G
glyma.Wm82.gnm2.Gm01	3815743	ss715579239	T	C
glyma.Wm82.gnm2.Gm01	3853942	ss715579255	G	T
glyma.Wm82.gnm2.Gm01	3871133	ss715579268	C	T
glyma.Wm82.gnm2.Gm01	3994984	ss715579316	A	G
glyma.Wm82.gnm2.Gm01	4042298	ss715579338	A	G
glyma.Wm82.gnm2.Gm01	4306329	ss715579436	A	G
glyma.Wm82.gnm2.Gm01	4366543	ss715579464	G	A
glyma.Wm82.gnm2.Gm01	4432428	ss715579489	G	T
glyma.Wm82.gnm2.Gm01	4439120	ss715579491	A	G
glyma.Wm82.gnm2.Gm01	4442795	ss715579493	T	C
glyma.Wm82.gnm2.Gm01	4467252	ss715579503	C	A
glyma.Wm82.gnm2.Gm01	4537674	ss715579527	C	A
glyma.Wm82.gnm2.Gm01	4587081	ss715579548	G	A
glyma.Wm82.gnm2.Gm01	4656361	ss715579573	A	C
glyma.Wm82.gnm2.Gm01	4830227	ss715579784	C	T
glyma.Wm82.gnm2.Gm01	4857737	ss715579835	T	C
glyma.Wm82.gnm2.Gm01	4868612	ss715579855	A	G
glyma.Wm82.gnm2.Gm01	4893026	ss715579892	T	C
glyma.Wm82.gnm2.Gm01	5013686	ss715580049	C	A
glyma.Wm82.gnm2.Gm01	5286729	ss715580393	C	T
glyma.Wm82.gnm2.Gm01	5338663	ss715580437	C	T
glyma.Wm82.gnm2.Gm01	6242248	ss715580758	G	A
glyma.Wm82.gnm2.Gm01	6538586	ss715580767	C	T
glyma.Wm82.gnm2.Gm01	6637139	ss715580770	G	A
glyma.Wm82.gnm2.Gm01	6665846	ss715580771	A	G
glyma.Wm82.gnm2.Gm01	6917089	ss715580779	T	G
glyma.Wm82.gnm2.Gm01	7097380	ss715580785	G	A
glyma.Wm82.gnm2.Gm01	7139371	ss715580787	G	A
glyma.Wm82.gnm2.Gm01	7374320	ss715580792	G	A
glyma.Wm82.gnm2.Gm01	7396867	ss715580793	G	A
glyma.Wm82.gnm2.Gm01	7504231	ss715580797	C	T
glyma.Wm82.gnm2.Gm01	7803900	ss715580807	G	A
glyma.Wm82.gnm2.Gm01	7985538	ss715580813	C	T
glyma.Wm82.gnm2.Gm01	8075001	ss715580816	G	A
glyma.Wm82.gnm2.Gm01	8648807	ss715580836	C	T
glyma.Wm82.gnm2.Gm01	8797083	ss715580842	A	C
glyma.Wm82.gnm2.Gm01	8979855	ss715580848	C	T
glyma.Wm82.gnm2.Gm01	9012496	ss715580849	T	C
glyma.Wm82.gnm2.Gm01	9193606	ss715580856	T	C
glyma.Wm82.gnm2.Gm01	9410680	ss715580865	T	C
glyma.Wm82.gnm2.Gm01	9489743	ss715580867	G	A
glyma.Wm82.gnm2.Gm01	9679501	ss715580874	T	C
glyma.Wm82.gnm2.Gm01	10475713	ss715578413	T	C
glyma.Wm82.gnm2.Gm01	10642573	ss715578419	G	A
glyma.Wm82.gnm2.Gm01	11114270	ss715578434	A	G
glyma.Wm82.gnm2.Gm01	11463541	ss715578441	A	G
glyma.Wm82.gnm2.Gm01	11615072	ss715578443	A	G
glyma.Wm82.gnm2.Gm01	11988400	ss715578449	G	T
glyma.Wm82.gnm2.Gm01	12260888	ss715578452	G	A
glyma.Wm82.gnm2.Gm01	12937837	ss715578467	G	A
glyma.Wm82.gnm2.Gm01	13099009	ss715578471	C	T
glyma.Wm82.gnm2.Gm01	13365532	ss715578479	G	T
glyma.Wm82.gnm2.Gm01	14138718	ss715578608	C	T
glyma.Wm82.gnm2.Gm01	14237127	ss715578604	G	T
glyma.Wm82.gnm2.Gm01	14522196	ss715578594	G	A
glyma.Wm82.gnm2.Gm01	14599403	ss715578592	G	A
glyma.Wm82.gnm2.Gm01	16940732	ss715578630	C	T
glyma.Wm82.gnm2.Gm01	16990519	ss715578631	G	T
glyma.Wm82.gnm2.Gm01	17214250	ss715578637	G	A
glyma.Wm82.gnm2.Gm01	18701052	ss715578670	C	T
glyma.Wm82.gnm2.Gm01	19301492	ss715578686	C	T
glyma.Wm82.gnm2.Gm01	19710863	ss715578693	C	T
glyma.Wm82.gnm2.Gm01	19997024	ss715578699	G	T
glyma.Wm82.gnm2.Gm01	20440348	ss715578708	A	G
glyma.Wm82.gnm2.Gm01	21705175	ss715578739	C	T
glyma.Wm82.gnm2.Gm01	22279847	ss715578756	A	C
glyma.Wm82.gnm2.Gm01	22338107	ss715578758	T	C
glyma.Wm82.gnm2.Gm01	22369413	ss715578759	G	A
glyma.Wm82.gnm2.Gm01	22425345	ss715578762	C	T
glyma.Wm82.gnm2.Gm01	22446750	ss715578764	C	T
glyma.Wm82.gnm2.Gm01	23147121	ss715578782	G	A
glyma.Wm82.gnm2.Gm01	23391913	ss715578789	G	A
glyma.Wm82.gnm2.Gm01	23561948	ss715578793	C	T
glyma.Wm82.gnm2.Gm01	23814920	ss715578797	C	T
glyma.Wm82.gnm2.Gm01	24154959	ss715578804	T	G
glyma.Wm82.gnm2.Gm01	24297264	ss715578809	G	A
glyma.Wm82.gnm2.Gm01	24611011	ss715578824	A	G
glyma.Wm82.gnm2.Gm01	24685926	ss715578828	G	A
glyma.Wm82.gnm2.Gm01	24729115	ss715578829	T	C
glyma.Wm82.gnm2.Gm01	24816261	ss715578831	C	T
glyma.Wm82.gnm2.Gm01	25019562	ss715578835	T	C
glyma.Wm82.gnm2.Gm01	25114399	ss715578837	G	A
glyma.Wm82.gnm2.Gm01	25358507	ss715578843	T	G
glyma.Wm82.gnm2.Gm01	25390596	ss715578844	T	C
glyma.Wm82.gnm2.Gm01	25675205	ss715578852	G	A
glyma.Wm82.gnm2.Gm01	25703053	ss715578853	C	T
glyma.Wm82.gnm2.Gm01	25794724	ss715578855	A	G
glyma.Wm82.gnm2.Gm01	25854967	ss715578857	C	T
glyma.Wm82.gnm2.Gm01	25952266	ss715578861	C	A
glyma.Wm82.gnm2.Gm01	26204557	ss715578871	C	T
glyma.Wm82.gnm2.Gm01	26305441	ss715578875	G	T
glyma.Wm82.gnm2.Gm01	26329021	ss715578877	G	A
glyma.Wm82.gnm2.Gm01	26561841	ss715578883	T	C
glyma.Wm82.gnm2.Gm01	26607449	ss715578886	G	T
glyma.Wm82.gnm2.Gm01	26704049	ss715578890	A	G
glyma.Wm82.gnm2.Gm01	26926537	ss715578896	A	G
glyma.Wm82.gnm2.Gm01	27034164	ss715578898	A	G
glyma.Wm82.gnm2.Gm01	27486344	ss715578908	T	C
glyma.Wm82.gnm2.Gm01	27904127	ss715578918	C	T
glyma.Wm82.gnm2.Gm01	28018669	ss715578920	A	G
glyma.Wm82.gnm2.Gm01	28238375	ss715578927	C	T
glyma.Wm82.gnm2.Gm01	28292204	ss715578929	G	A
glyma.Wm82.gnm2.Gm01	28374475	ss715578932	C	T
glyma.Wm82.gnm2.Gm01	28625066	ss715578940	T	C
glyma.Wm82.gnm2.Gm01	29715237	ss715594297	C	T
glyma.Wm82.gnm2.Gm01	30160150	ss715578515	C	T
glyma.Wm82.gnm2.Gm01	30222680	ss715578516	T	C
glyma.Wm82.gnm2.Gm01	30490467	ss715578524	C	A
glyma.Wm82.gnm2.Gm01	30513781	ss715578526	C	T
glyma.Wm82.gnm2.Gm01	30900581	ss715578553	A	G
glyma.Wm82.gnm2.Gm01	31005638	ss715578557	G	A
glyma.Wm82.gnm2.Gm01	31164305	ss715578560	A	G
glyma.Wm82.gnm2.Gm01	31670462	ss715578576	C	A
glyma.Wm82.gnm2.Gm01	31988179	ss715578959	T	C
glyma.Wm82.gnm2.Gm01	32039264	ss715578962	T	C
glyma.Wm82.gnm2.Gm01	32099532	ss715578963	C	T
glyma.Wm82.gnm2.Gm01	32139114	ss715578965	G	T
glyma.Wm82.gnm2.Gm01	32253597	ss715578967	T	G
glyma.Wm82.gnm2.Gm01	32357994	ss715578971	G	A
glyma.Wm82.gnm2.Gm01	32474967	ss715578973	G	T
glyma.Wm82.gnm2.Gm01	32557459	ss715578976	A	G
glyma.Wm82.gnm2.Gm01	32689784	ss715578979	A	G
glyma.Wm82.gnm2.Gm01	32722974	ss715578980	T	C
glyma.Wm82.gnm2.Gm01	33254055	ss715578993	A	C
glyma.Wm82.gnm2.Gm01	33652273	ss715579005	C	A
glyma.Wm82.gnm2.Gm01	33791555	ss715579008	G	A
glyma.Wm82.gnm2.Gm01	33888966	ss715579011	G	A
glyma.Wm82.gnm2.Gm01	34325402	ss715579030	G	A
glyma.Wm82.gnm2.Gm01	34467391	ss715579036	C	A
glyma.Wm82.gnm2.Gm01	34545797	ss715579039	G	A
glyma.Wm82.gnm2.Gm01	34616571	ss715579043	C	A
glyma.Wm82.gnm2.Gm01	34809346	ss715579047	A	C
glyma.Wm82.gnm2.Gm01	35658721	ss715579072	A	G
glyma.Wm82.gnm2.Gm01	35710797	ss715579075	T	C
glyma.Wm82.gnm2.Gm01	35821409	ss715579077	G	A
glyma.Wm82.gnm2.Gm01	35847759	ss715579078	A	G
glyma.Wm82.gnm2.Gm01	35932877	ss715579080	T	C
glyma.Wm82.gnm2.Gm01	36041544	ss715579084	T	C
glyma.Wm82.gnm2.Gm01	36090860	ss715579085	T	C
glyma.Wm82.gnm2.Gm01	36114072	ss715579086	G	A
glyma.Wm82.gnm2.Gm01	36145075	ss715579087	C	T
glyma.Wm82.gnm2.Gm01	36215024	ss715579090	G	T
glyma.Wm82.gnm2.Gm01	36347594	ss715579098	G	A
glyma.Wm82.gnm2.Gm01	36452277	ss715579101	A	G
glyma.Wm82.gnm2.Gm01	36523544	ss715579103	A	C
glyma.Wm82.gnm2.Gm01	36683395	ss715579109	C	T
glyma.Wm82.gnm2.Gm01	36708547	ss715579110	G	T
glyma.Wm82.gnm2.Gm01	37276870	ss715579143	A	C
glyma.Wm82.gnm2.Gm01	37915052	ss715579171	G	T
glyma.Wm82.gnm2.Gm01	38600822	ss715579203	G	A
glyma.Wm82.gnm2.Gm01	39112133	ss715579227	T	C
glyma.Wm82.gnm2.Gm01	39770819	ss715579257	C	T
glyma.Wm82.gnm2.Gm01	40775244	ss715579304	A	G
glyma.Wm82.gnm2.Gm01	40878607	ss715579307	C	T
glyma.Wm82.gnm2.Gm01	41412525	ss715579326	T	C
glyma.Wm82.gnm2.Gm01	42155458	ss715579382	C	A
glyma.Wm82.gnm2.Gm01	43240525	ss715579421	C	T
glyma.Wm82.gnm2.Gm01	43851078	ss715579445	G	T
glyma.Wm82.gnm2.Gm01	45309459	ss715579502	A	G
glyma.Wm82.gnm2.Gm01	45626060	ss715579516	C	A
glyma.Wm82.gnm2.Gm01	45706109	ss715579518	A	C
glyma.Wm82.gnm2.Gm01	45754481	ss715579520	C	T
glyma.Wm82.gnm2.Gm01	46103306	ss715579532	G	A
glyma.Wm82.gnm2.Gm01	46125766	ss715579533	G	A
glyma.Wm82.gnm2.Gm01	46230017	ss715579538	G	A
glyma.Wm82.gnm2.Gm01	46337600	ss715579541	G	A
glyma.Wm82.gnm2.Gm01	46610204	ss715579550	C	T
glyma.Wm82.gnm2.Gm01	46798900	ss715579558	A	G
glyma.Wm82.gnm2.Gm01	47245656	ss715579577	C	A
glyma.Wm82.gnm2.Gm01	47478669	ss715579593	G	A
glyma.Wm82.gnm2.Gm01	47500350	ss715579598	C	T
glyma.Wm82.gnm2.Gm01	47545922	ss715579603	G	A
glyma.Wm82.gnm2.Gm01	47548257	ss715579604	C	A
glyma.Wm82.gnm2.Gm01	47553127	ss715579606	A	G
glyma.Wm82.gnm2.Gm01	47559286	ss715579607	G	A
glyma.Wm82.gnm2.Gm01	47607800	ss715579610	T	C
glyma.Wm82.gnm2.Gm01	47709406	ss715579620	C	T
glyma.Wm82.gnm2.Gm01	47750313	ss715579626	G	A
glyma.Wm82.gnm2.Gm01	47767757	ss715579629	G	A
glyma.Wm82.gnm2.Gm01	47772417	ss715579630	C	T
glyma.Wm82.gnm2.Gm01	47816660	ss715579634	A	G
glyma.Wm82.gnm2.Gm01	47891693	ss715579639	G	A
glyma.Wm82.gnm2.Gm01	47899030	ss715579640	C	A
glyma.Wm82.gnm2.Gm01	47905859	ss715579642	A	G
glyma.Wm82.gnm2.Gm01	47928978	ss715579646	G	A
glyma.Wm82.gnm2.Gm01	47942128	ss715579651	G	A
glyma.Wm82.gnm2.Gm01	48003666	ss715579664	T	C
glyma.Wm82.gnm2.Gm01	48012742	ss715579668	A	G
glyma.Wm82.gnm2.Gm01	48031858	ss715579669	A	G
glyma.Wm82.gnm2.Gm01	48080399	ss715579675	C	T
glyma.Wm82.gnm2.Gm01	48105796	ss715579677	C	T
glyma.Wm82.gnm2.Gm01	48123227	ss715579684	G	A
glyma.Wm82.gnm2.Gm01	48135067	ss715579688	T	C
glyma.Wm82.gnm2.Gm01	48185204	ss715579695	G	T
glyma.Wm82.gnm2.Gm01	48199045	ss715579697	G	A
glyma.Wm82.gnm2.Gm01	48202617	ss715579698	T	C
glyma.Wm82.gnm2.Gm01	48222480	ss715579703	C	T
glyma.Wm82.gnm2.Gm01	48226340	ss715579705	G	A
glyma.Wm82.gnm2.Gm01	48268947	ss715579710	G	T
glyma.Wm82.gnm2.Gm01	48419228	ss715579720	C	T
glyma.Wm82.gnm2.Gm01	48593077	ss715579731	T	G
glyma.Wm82.gnm2.Gm01	48729931	ss715579745	T	C
glyma.Wm82.gnm2.Gm01	48815840	ss715579754	G	A
glyma.Wm82.gnm2.Gm01	48856422	ss715579765	A	G
glyma.Wm82.gnm2.Gm01	48870524	ss715579768	A	G
glyma.Wm82.gnm2.Gm01	48991214	ss715579792	A	G
glyma.Wm82.gnm2.Gm01	49042675	ss715579799	T	C
glyma.Wm82.gnm2.Gm01	49061531	ss715579808	A	G
glyma.Wm82.gnm2.Gm01	49095861	ss715579815	C	T
glyma.Wm82.gnm2.Gm01	49256107	ss715579840	T	G
glyma.Wm82.gnm2.Gm01	49283088	ss715579843	C	T
glyma.Wm82.gnm2.Gm01	49371559	ss715579858	C	T
glyma.Wm82.gnm2.Gm01	49443113	ss715579871	G	A
glyma.Wm82.gnm2.Gm01	49445573	ss715579872	G	A
glyma.Wm82.gnm2.Gm01	49595814	ss715579893	G	A
glyma.Wm82.gnm2.Gm01	49636145	ss715579902	G	T
glyma.Wm82.gnm2.Gm01	49638826	ss715579903	C	T
glyma.Wm82.gnm2.Gm01	49736212	ss715579908	A	G
glyma.Wm82.gnm2.Gm01	49837935	ss715579914	G	T
glyma.Wm82.gnm2.Gm01	49888773	ss715579917	T	C
glyma.Wm82.gnm2.Gm01	49993016	ss715579931	C	T
glyma.Wm82.gnm2.Gm01	50052182	ss715579936	T	G
glyma.Wm82.gnm2.Gm01	50053431	ss715579937	G	T
glyma.Wm82.gnm2.Gm01	50078206	ss715579938	A	G
glyma.Wm82.gnm2.Gm01	50307437	ss715579980	G	T
glyma.Wm82.gnm2.Gm01	50440356	ss715580000	A	C
glyma.Wm82.gnm2.Gm01	50630943	ss715580032	A	G
glyma.Wm82.gnm2.Gm01	50691395	ss715580037	A	G
glyma.Wm82.gnm2.Gm01	50755552	ss715580046	G	A
glyma.Wm82.gnm2.Gm01	50857221	ss715580055	C	T
glyma.Wm82.gnm2.Gm01	51006906	ss715580080	T	G
glyma.Wm82.gnm2.Gm01	51049621	ss715580082	C	T
glyma.Wm82.gnm2.Gm01	51105701	ss715580094	C	A
glyma.Wm82.gnm2.Gm01	51189118	ss715580104	T	C
glyma.Wm82.gnm2.Gm01	51215554	ss715580107	A	C
glyma.Wm82.gnm2.Gm01	51277810	ss715580112	A	G
glyma.Wm82.gnm2.Gm01	51365393	ss715580116	A	G
glyma.Wm82.gnm2.Gm01	51500976	ss715580126	T	C
glyma.Wm82.gnm2.Gm01	51564203	ss715580136	C	T
glyma.Wm82.gnm2.Gm01	51675082	ss715580149	C	T
glyma.Wm82.gnm2.Gm01	51710507	ss715580154	C	T
glyma.Wm82.gnm2.Gm01	51720842	ss715580159	G	A
glyma.Wm82.gnm2.Gm01	51769619	ss715580165	A	C
glyma.Wm82.gnm2.Gm01	51795714	ss715580169	G	A
glyma.Wm82.gnm2.Gm01	51866528	ss715580177	A	G
glyma.Wm82.gnm2.Gm01	51924391	ss715580184	T	C
glyma.Wm82.gnm2.Gm01	52001286	ss715580192	T	C
glyma.Wm82.gnm2.Gm01	52085421	ss715580198	T	G
glyma.Wm82.gnm2.Gm01	52099074	ss715580200	A	C
glyma.Wm82.gnm2.Gm01	52187543	ss715580208	A	C
glyma.Wm82.gnm2.Gm01	52194013	ss715580209	T	C
glyma.Wm82.gnm2.Gm01	52225405	ss715580214	G	A
glyma.Wm82.gnm2.Gm01	52264113	ss715580220	C	A
glyma.Wm82.gnm2.Gm01	52272035	ss715580221	C	T
glyma.Wm82.gnm2.Gm01	52368727	ss715580235	C	A
glyma.Wm82.gnm2.Gm01	52436627	ss715580241	G	T
glyma.Wm82.gnm2.Gm01	52450797	ss715580243	G	A
glyma.Wm82.gnm2.Gm01	52515226	ss715580251	G	A
glyma.Wm82.gnm2.Gm01	52546368	ss715580258	G	A
glyma.Wm82.gnm2.Gm01	52606268	ss715580268	G	A
glyma.Wm82.gnm2.Gm01	52626202	ss715580272	C	T
glyma.Wm82.gnm2.Gm01	52715912	ss715580288	T	C
glyma.Wm82.gnm2.Gm01	52764883	ss715580304	C	T
glyma.Wm82.gnm2.Gm01	52765808	ss715580305	G	A
glyma.Wm82.gnm2.Gm01	52770050	ss715580306	A	G
glyma.Wm82.gnm2.Gm01	52921062	ss715580320	A	C
glyma.Wm82.gnm2.Gm01	53035094	ss715580330	G	A
glyma.Wm82.gnm2.Gm01	53187971	ss715580345	C	T
glyma.Wm82.gnm2.Gm01	53221788	ss715580347	A	G
glyma.Wm82.gnm2.Gm01	53286687	ss715580352	T	C
glyma.Wm82.gnm2.Gm01	53287815	ss715580353	G	A
glyma.Wm82.gnm2.Gm01	53302725	ss715580355	T	C
glyma.Wm82.gnm2.Gm01	53471377	ss715580370	T	C
glyma.Wm82.gnm2.Gm01	53546385	ss715580380	A	G
glyma.Wm82.gnm2.Gm01	53595299	ss715580389	C	A
glyma.Wm82.gnm2.Gm01	53610730	ss715580391	C	T
glyma.Wm82.gnm2.Gm01	53674391	ss715580397	A	G
glyma.Wm82.gnm2.Gm01	53771650	ss715580413	C	A
glyma.Wm82.gnm2.Gm01	54004529	ss715580426	G	T
glyma.Wm82.gnm2.Gm01	54069424	ss715580430	C	T
glyma.Wm82.gnm2.Gm01	54226797	ss715580442	C	A
glyma.Wm82.gnm2.Gm01	54357538	ss715580444	A	G
glyma.Wm82.gnm2.Gm01	54395782	ss715580445	T	C
glyma.Wm82.gnm2.Gm01	54424432	ss715580447	G	T
glyma.Wm82.gnm2.Gm01	54476175	ss715580449	G	A
glyma.Wm82.gnm2.Gm01	54669868	ss715580463	A	G
glyma.Wm82.gnm2.Gm01	54688800	ss715580466	C	A
glyma.Wm82.gnm2.Gm01	54750659	ss715580474	A	G
glyma.Wm82.gnm2.Gm01	54764564	ss715580478	T	C
glyma.Wm82.gnm2.Gm01	54773158	ss715580480	T	G
glyma.Wm82.gnm2.Gm01	55004097	ss715580515	G	A
glyma.Wm82.gnm2.Gm01	55158751	ss715580536	T	C
glyma.Wm82.gnm2.Gm01	55275197	ss715580556	T	C
glyma.Wm82.gnm2.Gm01	55324843	ss715580560	C	T
glyma.Wm82.gnm2.Gm01	55348314	ss715580563	T	G
glyma.Wm82.gnm2.Gm01	55476467	ss715580581	A	G
glyma.Wm82.gnm2.Gm01	55528401	ss715580592	G	A
glyma.Wm82.gnm2.Gm01	55539040	ss715580594	C	A
glyma.Wm82.gnm2.Gm01	55617823	ss715580604	C	T
glyma.Wm82.gnm2.Gm01	55677810	ss715580608	G	T
glyma.Wm82.gnm2.Gm01	55719943	ss715580609	C	A
glyma.Wm82.gnm2.Gm01	55722214	ss715580610	A	G
glyma.Wm82.gnm2.Gm01	55745078	ss715580613	G	A
glyma.Wm82.gnm2.Gm01	55873722	ss715580630	C	T
glyma.Wm82.gnm2.Gm01	55885368	ss715580633	C	T
glyma.Wm82.gnm2.Gm01	55956537	ss715580640	A	G
glyma.Wm82.gnm2.Gm01	55981704	ss715580643	C	T
glyma.Wm82.gnm2.Gm01	55996199	ss715580646	A	G
glyma.Wm82.gnm2.Gm01	56040192	ss715580655	G	A
glyma.Wm82.gnm2.Gm01	56044962	ss715580656	C	T
glyma.Wm82.gnm2.Gm01	56094260	ss715580665	C	T
glyma.Wm82.gnm2.Gm01	56099934	ss715580667	G	A
glyma.Wm82.gnm2.Gm01	56122679	ss715580674	T	C
glyma.Wm82.gnm2.Gm01	56143364	ss715580677	G	A
glyma.Wm82.gnm2.Gm01	56251576	ss715580681	C	A
glyma.Wm82.gnm2.Gm01	56303443	ss715580684	C	T
glyma.Wm82.gnm2.Gm01	56331913	ss715580686	C	A
glyma.Wm82.gnm2.Gm01	56381634	ss715580691	A	G
glyma.Wm82.gnm2.Gm01	56419080	ss715580696	C	A
glyma.Wm82.gnm2.Gm01	56475793	ss715580703	C	A
glyma.Wm82.gnm2.Gm01	56511374	ss715580708	C	T
glyma.Wm82.gnm2.Gm01	56525903	ss715580711	C	T
glyma.Wm82.gnm2.Gm01	56582329	ss715580712	G	A
glyma.Wm82.gnm2.Gm01	56782291	ss715580725	A	G
glyma.Wm82.gnm2.Gm01	56793551	ss715580727	C	T
glyma.Wm82.gnm2.Gm01	56806527	ss715580729	C	A
glyma.Wm82.gnm2.Gm01	56827801	ss715580733	T	C
glyma.Wm82.gnm2.Gm02	30206	ss715581786	G	A
glyma.Wm82.gnm2.Gm02	41100	ss715582224	A	C
glyma.Wm82.gnm2.Gm02	57911	ss715583664	C	T
glyma.Wm82.gnm2.Gm02	84324	ss715584015	T	C
glyma.Wm82.gnm2.Gm02	97983	ss715584284	T	C
glyma.Wm82.gnm2.Gm02	204065	ss715581466	G	A
glyma.Wm82.gnm2.Gm02	227482	ss715581539	A	G
glyma.Wm82.gnm2.Gm02	231731	ss715581554	G	A
glyma.Wm82.gnm2.Gm02	260980	ss715581634	T	G
glyma.Wm82.gnm2.Gm02	549826	ss715583614	C	T
glyma.Wm82.gnm2.Gm02	587323	ss715583675	A	C
glyma.Wm82.gnm2.Gm02	656144	ss715583754	C	T
glyma.Wm82.gnm2.Gm02	708415	ss715583823	G	T
glyma.Wm82.gnm2.Gm02	776258	ss715583916	A	G
glyma.Wm82.gnm2.Gm02	806047	ss715583959	A	G
glyma.Wm82.gnm2.Gm02	841957	ss715584014	T	G
glyma.Wm82.gnm2.Gm02	871364	ss715584044	G	T
glyma.Wm82.gnm2.Gm02	880701	ss715584054	A	C
glyma.Wm82.gnm2.Gm02	901270	ss715584102	A	G
glyma.Wm82.gnm2.Gm02	918706	ss715584153	C	T
glyma.Wm82.gnm2.Gm02	981300	ss715584293	T	C
glyma.Wm82.gnm2.Gm02	1058364	ss715580933	G	A
glyma.Wm82.gnm2.Gm02	1110829	ss715580983	C	T
glyma.Wm82.gnm2.Gm02	1138913	ss715581008	C	T
glyma.Wm82.gnm2.Gm02	1272176	ss715581133	C	T
glyma.Wm82.gnm2.Gm02	1475801	ss715581316	G	A
glyma.Wm82.gnm2.Gm02	1864987	ss715581422	G	A
glyma.Wm82.gnm2.Gm02	1933354	ss715581440	G	A
glyma.Wm82.gnm2.Gm02	1949426	ss715581446	T	C
glyma.Wm82.gnm2.Gm02	1966100	ss715581451	A	G
glyma.Wm82.gnm2.Gm02	2133620	ss715581483	G	A
glyma.Wm82.gnm2.Gm02	2174418	ss715581492	C	T
glyma.Wm82.gnm2.Gm02	2195742	ss715581505	G	A
glyma.Wm82.gnm2.Gm02	2217575	ss715581514	T	C
glyma.Wm82.gnm2.Gm02	2251364	ss715581522	T	C
glyma.Wm82.gnm2.Gm02	2343263	ss715581552	A	G
glyma.Wm82.gnm2.Gm02	2350780	ss715581556	C	A
glyma.Wm82.gnm2.Gm02	2411666	ss715581572	A	G
glyma.Wm82.gnm2.Gm02	2416360	ss715581573	T	G
glyma.Wm82.gnm2.Gm02	2443113	ss715581580	T	C
glyma.Wm82.gnm2.Gm02	2498700	ss715581595	C	T
glyma.Wm82.gnm2.Gm02	2730865	ss715581657	A	G
glyma.Wm82.gnm2.Gm02	2732959	ss715581658	C	T
glyma.Wm82.gnm2.Gm02	2820433	ss715581692	T	C
glyma.Wm82.gnm2.Gm02	2840228	ss715581696	G	A
glyma.Wm82.gnm2.Gm02	2870546	ss715581708	A	G
glyma.Wm82.gnm2.Gm02	2881929	ss715581715	T	C
glyma.Wm82.gnm2.Gm02	3044974	ss715581776	G	T
glyma.Wm82.gnm2.Gm02	3086600	ss715581791	G	A
glyma.Wm82.gnm2.Gm02	3123711	ss715581806	C	A
glyma.Wm82.gnm2.Gm02	3161842	ss715581821	G	A
glyma.Wm82.gnm2.Gm02	3350923	ss715581885	T	G
glyma.Wm82.gnm2.Gm02	3366836	ss715581892	A	C
glyma.Wm82.gnm2.Gm02	3413770	ss715581906	A	G
glyma.Wm82.gnm2.Gm02	3596030	ss715581959	A	G
glyma.Wm82.gnm2.Gm02	3616962	ss715581976	A	C
glyma.Wm82.gnm2.Gm02	3741504	ss715582030	A	C
glyma.Wm82.gnm2.Gm02	3790978	ss715582048	T	G
glyma.Wm82.gnm2.Gm02	3825813	ss715582062	T	C
glyma.Wm82.gnm2.Gm02	3831471	ss715582065	C	A
glyma.Wm82.gnm2.Gm02	3859733	ss715582080	C	A
glyma.Wm82.gnm2.Gm02	3910718	ss715582101	A	G
glyma.Wm82.gnm2.Gm02	3935983	ss715582111	A	G
glyma.Wm82.gnm2.Gm02	3962698	ss715582121	T	C
glyma.Wm82.gnm2.Gm02	3993985	ss715582131	G	A
glyma.Wm82.gnm2.Gm02	4068069	ss715582160	G	A
glyma.Wm82.gnm2.Gm02	4182355	ss715582238	T	C
glyma.Wm82.gnm2.Gm02	4274528	ss715582367	C	T
glyma.Wm82.gnm2.Gm02	4336206	ss715582475	C	A
glyma.Wm82.gnm2.Gm02	4371521	ss715582547	C	T
glyma.Wm82.gnm2.Gm02	4396771	ss715582586	T	C
glyma.Wm82.gnm2.Gm02	4402757	ss715582590	C	T
glyma.Wm82.gnm2.Gm02	4420727	ss715582616	A	C
glyma.Wm82.gnm2.Gm02	4463893	ss715582704	C	A
glyma.Wm82.gnm2.Gm02	4496189	ss715582749	C	T
glyma.Wm82.gnm2.Gm02	4525297	ss715582792	C	T
glyma.Wm82.gnm2.Gm02	4531565	ss715582803	T	C
glyma.Wm82.gnm2.Gm02	4536861	ss715582812	C	T
glyma.Wm82.gnm2.Gm02	4587477	ss715582864	G	A
glyma.Wm82.gnm2.Gm02	4615034	ss715582901	A	G
glyma.Wm82.gnm2.Gm02	4649656	ss715582931	T	C
glyma.Wm82.gnm2.Gm02	4685302	ss715582981	T	C
glyma.Wm82.gnm2.Gm02	4711230	ss715583008	A	C
glyma.Wm82.gnm2.Gm02	4744522	ss715583035	A	G
glyma.Wm82.gnm2.Gm02	4784121	ss715583071	C	T
glyma.Wm82.gnm2.Gm02	4935402	ss715583223	T	G
glyma.Wm82.gnm2.Gm02	4945098	ss715583235	G	A
glyma.Wm82.gnm2.Gm02	4956221	ss715583255	G	A
glyma.Wm82.gnm2.Gm02	4969441	ss715583267	C	T
glyma.Wm82.gnm2.Gm02	4975855	ss715583277	G	A
glyma.Wm82.gnm2.Gm02	5164814	ss715583483	A	G
glyma.Wm82.gnm2.Gm02	5167931	ss715583486	C	A
glyma.Wm82.gnm2.Gm02	5192361	ss715583518	A	G
glyma.Wm82.gnm2.Gm02	5193024	ss715583520	G	A
glyma.Wm82.gnm2.Gm02	5268116	ss715583582	T	C
glyma.Wm82.gnm2.Gm02	5356127	ss715583588	A	C
glyma.Wm82.gnm2.Gm02	5386944	ss715583590	A	G
glyma.Wm82.gnm2.Gm02	5407307	ss715583593	A	C
glyma.Wm82.gnm2.Gm02	5430492	ss715583595	A	G
glyma.Wm82.gnm2.Gm02	5454699	ss715583601	A	G
glyma.Wm82.gnm2.Gm02	5475047	ss715583602	G	A
glyma.Wm82.gnm2.Gm02	5581696	ss715583617	T	G
glyma.Wm82.gnm2.Gm02	5660467	ss715583628	T	G
glyma.Wm82.gnm2.Gm02	5664945	ss715583629	T	G
glyma.Wm82.gnm2.Gm02	5667355	ss715583631	G	A
glyma.Wm82.gnm2.Gm02	5671814	ss715583633	T	C
glyma.Wm82.gnm2.Gm02	5700577	ss715583638	G	A
glyma.Wm82.gnm2.Gm02	5734235	ss715583645	A	C
glyma.Wm82.gnm2.Gm02	5746083	ss715583649	T	C
glyma.Wm82.gnm2.Gm02	5804453	ss715583656	C	T
glyma.Wm82.gnm2.Gm02	5856755	ss715583666	T	C
glyma.Wm82.gnm2.Gm02	6247150	ss715583709	A	G
glyma.Wm82.gnm2.Gm02	6258414	ss715583711	A	C
glyma.Wm82.gnm2.Gm02	6281788	ss715583713	A	G
glyma.Wm82.gnm2.Gm02	6303101	ss715583716	T	C
glyma.Wm82.gnm2.Gm02	6380008	ss715583725	A	C
glyma.Wm82.gnm2.Gm02	6389842	ss715583726	G	A
glyma.Wm82.gnm2.Gm02	6432170	ss715583732	C	T
glyma.Wm82.gnm2.Gm02	6529811	ss715583741	G	A
glyma.Wm82.gnm2.Gm02	6537893	ss715583742	G	T
glyma.Wm82.gnm2.Gm02	6538369	ss715583743	A	G
glyma.Wm82.gnm2.Gm02	6542588	ss715583744	A	C
glyma.Wm82.gnm2.Gm02	6639449	ss715583755	A	C
glyma.Wm82.gnm2.Gm02	6676859	ss715583759	T	C
glyma.Wm82.gnm2.Gm02	6707648	ss715583762	T	C
glyma.Wm82.gnm2.Gm02	6745396	ss715583769	C	T
glyma.Wm82.gnm2.Gm02	6752507	ss715583770	A	C
glyma.Wm82.gnm2.Gm02	6760177	ss715583771	T	C
glyma.Wm82.gnm2.Gm02	6764834	ss715583772	T	C
glyma.Wm82.gnm2.Gm02	6819863	ss715583778	T	C
glyma.Wm82.gnm2.Gm02	6899003	ss715583788	A	C
glyma.Wm82.gnm2.Gm02	7108276	ss715583812	G	T
glyma.Wm82.gnm2.Gm02	7138451	ss715583818	A	G
glyma.Wm82.gnm2.Gm02	7144841	ss715583819	A	G
glyma.Wm82.gnm2.Gm02	7174465	ss715583826	C	T
glyma.Wm82.gnm2.Gm02	7196346	ss715583831	T	G
glyma.Wm82.gnm2.Gm02	7261946	ss715583844	A	G
glyma.Wm82.gnm2.Gm02	7443117	ss715583867	G	A
glyma.Wm82.gnm2.Gm02	7445181	ss715583868	A	G
glyma.Wm82.gnm2.Gm02	7474581	ss715583869	G	T
glyma.Wm82.gnm2.Gm02	7481334	ss715583870	T	C
glyma.Wm82.gnm2.Gm02	7669124	ss715583885	A	G
glyma.Wm82.gnm2.Gm02	7776086	ss715583904	A	G
glyma.Wm82.gnm2.Gm02	7785737	ss715583905	C	T
glyma.Wm82.gnm2.Gm02	7804390	ss715583907	A	G
glyma.Wm82.gnm2.Gm02	7807490	ss715583908	C	T
glyma.Wm82.gnm2.Gm02	7814726	ss715583910	T	C
glyma.Wm82.gnm2.Gm02	7827150	ss715583911	A	C
glyma.Wm82.gnm2.Gm02	7874785	ss715583919	T	C
glyma.Wm82.gnm2.Gm02	7879670	ss715583920	A	G
glyma.Wm82.gnm2.Gm02	7895331	ss715583921	G	A
glyma.Wm82.gnm2.Gm02	7899862	ss715583922	C	T
glyma.Wm82.gnm2.Gm02	7953259	ss715583927	A	G
glyma.Wm82.gnm2.Gm02	7990737	ss715583931	C	T
glyma.Wm82.gnm2.Gm02	8170539	ss715583966	T	C
glyma.Wm82.gnm2.Gm02	8220222	ss715583971	C	T
glyma.Wm82.gnm2.Gm02	8261691	ss715583977	C	T
glyma.Wm82.gnm2.Gm02	8369052	ss715583995	A	G
glyma.Wm82.gnm2.Gm02	8544380	ss715584019	A	G
glyma.Wm82.gnm2.Gm02	8568752	ss715584021	G	T
glyma.Wm82.gnm2.Gm02	8600195	ss715584023	C	T
glyma.Wm82.gnm2.Gm02	8723929	ss715584035	A	G
glyma.Wm82.gnm2.Gm02	8818735	ss715584047	G	A
glyma.Wm82.gnm2.Gm02	8924241	ss715584059	C	T
glyma.Wm82.gnm2.Gm02	8933259	ss715584061	C	T
glyma.Wm82.gnm2.Gm02	8975451	ss715584066	C	A
glyma.Wm82.gnm2.Gm02	8990845	ss715584068	C	T
glyma.Wm82.gnm2.Gm02	8992047	ss715584069	G	A
glyma.Wm82.gnm2.Gm02	9005006	ss715584076	T	G
glyma.Wm82.gnm2.Gm02	9029909	ss715584084	A	G
glyma.Wm82.gnm2.Gm02	9057671	ss715584091	G	T
glyma.Wm82.gnm2.Gm02	9291301	ss715584157	G	A
glyma.Wm82.gnm2.Gm02	9318571	ss715584164	C	T
glyma.Wm82.gnm2.Gm02	9324197	ss715584165	T	C
glyma.Wm82.gnm2.Gm02	9338995	ss715584168	G	T
glyma.Wm82.gnm2.Gm02	9399667	ss715584176	T	G
glyma.Wm82.gnm2.Gm02	9406955	ss715584178	T	C
glyma.Wm82.gnm2.Gm02	9409729	ss715584180	C	T
glyma.Wm82.gnm2.Gm02	9414255	ss715584181	A	G
glyma.Wm82.gnm2.Gm02	9452744	ss715584191	A	C
glyma.Wm82.gnm2.Gm02	9459295	ss715584194	G	A
glyma.Wm82.gnm2.Gm02	9544733	ss715584211	T	C
glyma.Wm82.gnm2.Gm02	9609970	ss715584225	G	A
glyma.Wm82.gnm2.Gm02	9685086	ss715584237	A	G
glyma.Wm82.gnm2.Gm02	9699247	ss715584242	C	A
glyma.Wm82.gnm2.Gm02	9747629	ss715584251	C	T
glyma.Wm82.gnm2.Gm02	9811779	ss715584261	C	A
glyma.Wm82.gnm2.Gm02	9821649	ss715584264	C	T
glyma.Wm82.gnm2.Gm02	9876629	ss715584274	G	A
glyma.Wm82.gnm2.Gm02	9935351	ss715584298	G	A
glyma.Wm82.gnm2.Gm02	10008242	ss715584316	G	A
glyma.Wm82.gnm2.Gm02	10021365	ss715584319	T	G
glyma.Wm82.gnm2.Gm02	10075081	ss715584334	A	C
glyma.Wm82.gnm2.Gm02	10236089	ss715580901	G	T
glyma.Wm82.gnm2.Gm02	10393630	ss715580911	G	A
glyma.Wm82.gnm2.Gm02	10453478	ss715580918	A	C
glyma.Wm82.gnm2.Gm02	10453962	ss715580919	C	T
glyma.Wm82.gnm2.Gm02	10483368	ss715580924	G	A
glyma.Wm82.gnm2.Gm02	10584478	ss715580928	C	T
glyma.Wm82.gnm2.Gm02	10649706	ss715580932	G	A
glyma.Wm82.gnm2.Gm02	10856813	ss715580952	G	A
glyma.Wm82.gnm2.Gm02	10934125	ss715580959	T	C
glyma.Wm82.gnm2.Gm02	10952040	ss715580961	C	A
glyma.Wm82.gnm2.Gm02	11077323	ss715580970	C	T
glyma.Wm82.gnm2.Gm02	11110362	ss715580974	A	.
glyma.Wm82.gnm2.Gm02	11187251	ss715580981	C	A
glyma.Wm82.gnm2.Gm02	11274294	ss715580992	C	T
glyma.Wm82.gnm2.Gm02	11349126	ss715580997	A	G
glyma.Wm82.gnm2.Gm02	11362892	ss715580998	C	A
glyma.Wm82.gnm2.Gm02	11381748	ss715581000	T	C
glyma.Wm82.gnm2.Gm02	11760323	ss715581009	A	G
glyma.Wm82.gnm2.Gm02	11837435	ss715581017	A	C
glyma.Wm82.gnm2.Gm02	12144831	ss715581046	G	A
glyma.Wm82.gnm2.Gm02	12149264	ss715581047	C	.
glyma.Wm82.gnm2.Gm02	12199257	ss715581050	G	T
glyma.Wm82.gnm2.Gm02	12242977	ss715581055	T	G
glyma.Wm82.gnm2.Gm02	12350193	ss715581065	T	C
glyma.Wm82.gnm2.Gm02	12382436	ss715581075	G	A
glyma.Wm82.gnm2.Gm02	12417460	ss715581082	A	G
glyma.Wm82.gnm2.Gm02	12418171	ss715581083	C	T
glyma.Wm82.gnm2.Gm02	12438134	ss715581086	G	A
glyma.Wm82.gnm2.Gm02	12454321	ss715581089	C	T
glyma.Wm82.gnm2.Gm02	12497473	ss715581094	A	G
glyma.Wm82.gnm2.Gm02	12803621	ss715581117	C	T
glyma.Wm82.gnm2.Gm02	12995752	ss715581123	A	G
glyma.Wm82.gnm2.Gm02	13003868	ss715581124	A	G
glyma.Wm82.gnm2.Gm02	13029910	ss715581125	T	C
glyma.Wm82.gnm2.Gm02	13078267	ss715581130	A	G
glyma.Wm82.gnm2.Gm02	13079688	ss715581131	C	T
glyma.Wm82.gnm2.Gm02	13098947	ss715581136	T	C
glyma.Wm82.gnm2.Gm02	13125033	ss715581138	C	T
glyma.Wm82.gnm2.Gm02	13130661	ss715581139	A	G
glyma.Wm82.gnm2.Gm02	13207978	ss715581145	G	A
glyma.Wm82.gnm2.Gm02	13262315	ss715581150	C	T
glyma.Wm82.gnm2.Gm02	13263194	ss715581151	G	A
glyma.Wm82.gnm2.Gm02	13306525	ss715581152	C	T
glyma.Wm82.gnm2.Gm02	13355516	ss715581156	G	A
glyma.Wm82.gnm2.Gm02	13357046	ss715581157	C	T
glyma.Wm82.gnm2.Gm02	13369733	ss715581159	A	C
glyma.Wm82.gnm2.Gm02	13377636	ss715581161	C	T
glyma.Wm82.gnm2.Gm02	13378573	ss715581162	G	A
glyma.Wm82.gnm2.Gm02	13379510	ss715581163	G	A
glyma.Wm82.gnm2.Gm02	13462619	ss715581173	A	G
glyma.Wm82.gnm2.Gm02	13472284	ss715581176	G	T
glyma.Wm82.gnm2.Gm02	13478261	ss715581177	T	C
glyma.Wm82.gnm2.Gm02	13479724	ss715581178	G	A
glyma.Wm82.gnm2.Gm02	13480426	ss715581179	G	T
glyma.Wm82.gnm2.Gm02	13674975	ss715581190	G	A
glyma.Wm82.gnm2.Gm02	13739700	ss715581201	A	G
glyma.Wm82.gnm2.Gm02	13746195	ss715581202	G	A
glyma.Wm82.gnm2.Gm02	13759369	ss715581205	A	G
glyma.Wm82.gnm2.Gm02	13895976	ss715581216	T	C
glyma.Wm82.gnm2.Gm02	14106971	ss715581230	C	T
glyma.Wm82.gnm2.Gm02	14117859	ss715581231	A	C
glyma.Wm82.gnm2.Gm02	14163346	ss715581235	C	T
glyma.Wm82.gnm2.Gm02	14179620	ss715581236	T	C
glyma.Wm82.gnm2.Gm02	14301556	ss715581247	C	A
glyma.Wm82.gnm2.Gm02	14343087	ss715581251	G	A
glyma.Wm82.gnm2.Gm02	14354421	ss715581253	T	G
glyma.Wm82.gnm2.Gm02	14400260	ss715581258	C	T
glyma.Wm82.gnm2.Gm02	14447965	ss715581269	G	A
glyma.Wm82.gnm2.Gm02	14466455	ss715581277	C	T
glyma.Wm82.gnm2.Gm02	14599643	ss715581290	A	G
glyma.Wm82.gnm2.Gm02	14786590	ss715581311	G	A
glyma.Wm82.gnm2.Gm02	14795836	ss715581314	C	A
glyma.Wm82.gnm2.Gm02	14896317	ss715581318	T	G
glyma.Wm82.gnm2.Gm02	15024117	ss715581324	A	C
glyma.Wm82.gnm2.Gm02	15047017	ss715581325	G	A
glyma.Wm82.gnm2.Gm02	15234945	ss715581334	A	G
glyma.Wm82.gnm2.Gm02	15274389	ss715581337	A	G
glyma.Wm82.gnm2.Gm02	15333834	ss715581339	T	G
glyma.Wm82.gnm2.Gm02	15354572	ss715581340	G	T
glyma.Wm82.gnm2.Gm02	15493700	ss715581346	G	A
glyma.Wm82.gnm2.Gm02	15534565	ss715581348	T	G
glyma.Wm82.gnm2.Gm02	15700518	ss715581354	T	C
glyma.Wm82.gnm2.Gm02	15900174	ss715581362	T	G
glyma.Wm82.gnm2.Gm02	16693919	ss715581375	C	T
glyma.Wm82.gnm2.Gm02	16948073	ss715581380	C	A
glyma.Wm82.gnm2.Gm02	16971217	ss715581381	C	T
glyma.Wm82.gnm2.Gm02	17090568	ss715581386	C	T
glyma.Wm82.gnm2.Gm02	17136443	ss715581387	T	C
glyma.Wm82.gnm2.Gm02	17694214	ss715581397	C	T
glyma.Wm82.gnm2.Gm02	18099171	ss715581403	C	T
glyma.Wm82.gnm2.Gm02	18149575	ss715581406	T	C
glyma.Wm82.gnm2.Gm02	18390041	ss715581411	C	T
glyma.Wm82.gnm2.Gm02	18524039	ss715581415	T	C
glyma.Wm82.gnm2.Gm02	18688599	ss715581421	A	G
glyma.Wm82.gnm2.Gm02	18913725	ss715581428	C	T
glyma.Wm82.gnm2.Gm02	19292643	ss715581436	C	T
glyma.Wm82.gnm2.Gm02	19373016	ss715581439	G	A
glyma.Wm82.gnm2.Gm02	19472307	ss715581443	A	G
glyma.Wm82.gnm2.Gm02	20022600	ss715639157	G	A
glyma.Wm82.gnm2.Gm02	20560264	ss715581516	G	T
glyma.Wm82.gnm2.Gm02	20642090	ss715581512	G	T
glyma.Wm82.gnm2.Gm02	20980709	ss715581495	C	A
glyma.Wm82.gnm2.Gm02	21082241	ss715581490	G	A
glyma.Wm82.gnm2.Gm02	21105705	ss715581489	G	A
glyma.Wm82.gnm2.Gm02	21897775	ss715581470	C	A
glyma.Wm82.gnm2.Gm02	22921115	ss715581452	T	C
glyma.Wm82.gnm2.Gm02	23209029	ss715581602	A	G
glyma.Wm82.gnm2.Gm02	23392136	ss715581603	C	T
glyma.Wm82.gnm2.Gm02	23501168	ss715581608	G	A
glyma.Wm82.gnm2.Gm02	23935276	ss715581620	C	T
glyma.Wm82.gnm2.Gm02	24138690	ss715581624	G	A
glyma.Wm82.gnm2.Gm02	25207400	ss715581722	G	A
glyma.Wm82.gnm2.Gm02	25246602	ss715581721	C	T
glyma.Wm82.gnm2.Gm02	25337231	ss715581719	C	T
glyma.Wm82.gnm2.Gm02	25499800	ss715581712	G	A
glyma.Wm82.gnm2.Gm02	25710912	ss715581704	G	A
glyma.Wm82.gnm2.Gm02	25801506	ss715581699	G	A
glyma.Wm82.gnm2.Gm02	26030824	ss715581693	A	G
glyma.Wm82.gnm2.Gm02	26382426	ss715581678	T	C
glyma.Wm82.gnm2.Gm02	27106280	ss715581789	C	T
glyma.Wm82.gnm2.Gm02	27215056	ss715581792	C	T
glyma.Wm82.gnm2.Gm02	27274732	ss715581794	A	G
glyma.Wm82.gnm2.Gm02	27309523	ss715581795	A	G
glyma.Wm82.gnm2.Gm02	27401700	ss715581798	C	T
glyma.Wm82.gnm2.Gm02	27919446	ss715581820	G	A
glyma.Wm82.gnm2.Gm02	28192962	ss715581832	C	T
glyma.Wm82.gnm2.Gm02	28343197	ss715581835	C	A
glyma.Wm82.gnm2.Gm02	28871127	ss715581851	T	C
glyma.Wm82.gnm2.Gm02	30015938	ss715581889	G	T
glyma.Wm82.gnm2.Gm02	30601016	ss715581909	G	A
glyma.Wm82.gnm2.Gm02	30661000	ss715581912	C	T
glyma.Wm82.gnm2.Gm02	30743444	ss715581914	G	T
glyma.Wm82.gnm2.Gm02	30795877	ss715581916	T	C
glyma.Wm82.gnm2.Gm02	30850687	ss715581917	A	G
glyma.Wm82.gnm2.Gm02	32365652	ss715581960	C	T
glyma.Wm82.gnm2.Gm02	32413177	ss715581966	G	A
glyma.Wm82.gnm2.Gm02	32773830	ss715582024	A	C
glyma.Wm82.gnm2.Gm02	33461118	ss715581994	T	G
glyma.Wm82.gnm2.Gm02	34053935	ss715582040	C	T
glyma.Wm82.gnm2.Gm02	34347394	ss715582050	A	G
glyma.Wm82.gnm2.Gm02	34367314	ss715582052	T	C
glyma.Wm82.gnm2.Gm02	34543090	ss715582057	T	C
glyma.Wm82.gnm2.Gm02	34597567	ss715582059	C	T
glyma.Wm82.gnm2.Gm02	34959975	ss715582077	A	C
glyma.Wm82.gnm2.Gm02	35504541	ss715582100	G	A
glyma.Wm82.gnm2.Gm02	37051327	ss715582159	G	A
glyma.Wm82.gnm2.Gm02	37654034	ss715582185	T	C
glyma.Wm82.gnm2.Gm02	37729306	ss715582194	C	A
glyma.Wm82.gnm2.Gm02	37739633	ss715582197	A	G
glyma.Wm82.gnm2.Gm02	37746147	ss715582198	G	T
glyma.Wm82.gnm2.Gm02	38024196	ss715582223	C	T
glyma.Wm82.gnm2.Gm02	38053664	ss715582227	T	C
glyma.Wm82.gnm2.Gm02	38056022	ss715582228	C	T
glyma.Wm82.gnm2.Gm02	38190287	ss715582233	A	G
glyma.Wm82.gnm2.Gm02	38191573	ss715582234	G	A
glyma.Wm82.gnm2.Gm02	38257884	ss715582239	G	A
glyma.Wm82.gnm2.Gm02	38282268	ss715582241	C	T
glyma.Wm82.gnm2.Gm02	38298277	ss715582242	C	T
glyma.Wm82.gnm2.Gm02	38363172	ss715582252	A	G
glyma.Wm82.gnm2.Gm02	38369913	ss715582253	C	T
glyma.Wm82.gnm2.Gm02	38374359	ss715582255	G	A
glyma.Wm82.gnm2.Gm02	38416335	ss715582263	C	T
glyma.Wm82.gnm2.Gm02	38446371	ss715582266	G	A
glyma.Wm82.gnm2.Gm02	38446913	ss715582267	C	A
glyma.Wm82.gnm2.Gm02	38474869	ss715582271	C	T
glyma.Wm82.gnm2.Gm02	38550720	ss715582282	T	C
glyma.Wm82.gnm2.Gm02	38575647	ss715582285	T	C
glyma.Wm82.gnm2.Gm02	38581118	ss715582288	A	G
glyma.Wm82.gnm2.Gm02	38688238	ss715582311	G	A
glyma.Wm82.gnm2.Gm02	38729419	ss715582316	G	T
glyma.Wm82.gnm2.Gm02	38821175	ss715582327	T	C
glyma.Wm82.gnm2.Gm02	38852316	ss715582335	A	G
glyma.Wm82.gnm2.Gm02	38879085	ss715582338	A	G
glyma.Wm82.gnm2.Gm02	39080951	ss715582352	C	T
glyma.Wm82.gnm2.Gm02	39090899	ss715582357	A	C
glyma.Wm82.gnm2.Gm02	39122328	ss715582360	G	A
glyma.Wm82.gnm2.Gm02	39312942	ss715582390	T	G
glyma.Wm82.gnm2.Gm02	39380369	ss715582403	G	A
glyma.Wm82.gnm2.Gm02	39445703	ss715582409	C	T
glyma.Wm82.gnm2.Gm02	39482698	ss715582414	T	G
glyma.Wm82.gnm2.Gm02	39585683	ss715582433	G	T
glyma.Wm82.gnm2.Gm02	39623950	ss715582440	G	A
glyma.Wm82.gnm2.Gm02	39732033	ss715582469	A	G
glyma.Wm82.gnm2.Gm02	39775923	ss715582478	G	A
glyma.Wm82.gnm2.Gm02	39790743	ss715582482	T	G
glyma.Wm82.gnm2.Gm02	40009962	ss715582525	T	C
glyma.Wm82.gnm2.Gm02	40018672	ss715582527	T	C
glyma.Wm82.gnm2.Gm02	40021897	ss715582528	G	T
glyma.Wm82.gnm2.Gm02	40025141	ss715582530	G	A
glyma.Wm82.gnm2.Gm02	40161988	ss715582557	T	C
glyma.Wm82.gnm2.Gm02	40258712	ss715582567	C	T
glyma.Wm82.gnm2.Gm02	40263666	ss715582568	G	A
glyma.Wm82.gnm2.Gm02	40294621	ss715582571	G	A
glyma.Wm82.gnm2.Gm02	40311793	ss715582573	G	A
glyma.Wm82.gnm2.Gm02	40339928	ss715582578	A	C
glyma.Wm82.gnm2.Gm02	40373489	ss715582585	T	C
glyma.Wm82.gnm2.Gm02	40395344	ss715582588	A	G
glyma.Wm82.gnm2.Gm02	40460270	ss715582597	G	A
glyma.Wm82.gnm2.Gm02	40589605	ss715582610	T	C
glyma.Wm82.gnm2.Gm02	40614242	ss715582617	T	C
glyma.Wm82.gnm2.Gm02	40617738	ss715582619	A	C
glyma.Wm82.gnm2.Gm02	40625499	ss715582621	G	A
glyma.Wm82.gnm2.Gm02	40626326	ss715582622	G	A
glyma.Wm82.gnm2.Gm02	40657421	ss715582630	T	G
glyma.Wm82.gnm2.Gm02	40667937	ss715582634	A	G
glyma.Wm82.gnm2.Gm02	40730110	ss715582644	G	T
glyma.Wm82.gnm2.Gm02	40758231	ss715582649	A	G
glyma.Wm82.gnm2.Gm02	40875934	ss715582664	A	G
glyma.Wm82.gnm2.Gm02	40920123	ss715582669	A	G
glyma.Wm82.gnm2.Gm02	40927417	ss715582671	G	A
glyma.Wm82.gnm2.Gm02	40928793	ss715582673	C	A
glyma.Wm82.gnm2.Gm02	40943317	ss715582679	A	C
glyma.Wm82.gnm2.Gm02	40947546	ss715582680	T	G
glyma.Wm82.gnm2.Gm02	40975550	ss715582690	G	A
glyma.Wm82.gnm2.Gm02	41038609	ss715582701	C	T
glyma.Wm82.gnm2.Gm02	41097686	ss715582715	G	A
glyma.Wm82.gnm2.Gm02	41208641	ss715582732	C	A
glyma.Wm82.gnm2.Gm02	41286162	ss715582741	G	T
glyma.Wm82.gnm2.Gm02	41287166	ss715582742	G	A
glyma.Wm82.gnm2.Gm02	41291801	ss715582743	C	T
glyma.Wm82.gnm2.Gm02	41382652	ss715582750	A	C
glyma.Wm82.gnm2.Gm02	41404328	ss715582756	A	G
glyma.Wm82.gnm2.Gm02	41426571	ss715582765	T	C
glyma.Wm82.gnm2.Gm02	41754533	ss715582810	G	T
glyma.Wm82.gnm2.Gm02	41810756	ss715582819	C	A
glyma.Wm82.gnm2.Gm02	41992800	ss715582832	G	A
glyma.Wm82.gnm2.Gm02	42067886	ss715582841	C	A
glyma.Wm82.gnm2.Gm02	42096962	ss715582845	G	T
glyma.Wm82.gnm2.Gm02	42132253	ss715582853	C	T
glyma.Wm82.gnm2.Gm02	42354586	ss715582871	G	A
glyma.Wm82.gnm2.Gm02	42518895	ss715582891	T	C
glyma.Wm82.gnm2.Gm02	42705942	ss715582915	A	C
glyma.Wm82.gnm2.Gm02	42765051	ss715582919	T	C
glyma.Wm82.gnm2.Gm02	42800885	ss715582922	C	A
glyma.Wm82.gnm2.Gm02	43115614	ss715582964	C	T
glyma.Wm82.gnm2.Gm02	43123561	ss715582966	C	A
glyma.Wm82.gnm2.Gm02	43162671	ss715582973	C	A
glyma.Wm82.gnm2.Gm02	43197684	ss715582976	T	G
glyma.Wm82.gnm2.Gm02	43332390	ss715582990	T	C
glyma.Wm82.gnm2.Gm02	43356955	ss715582991	A	C
glyma.Wm82.gnm2.Gm02	43399718	ss715582998	A	G
glyma.Wm82.gnm2.Gm02	43556059	ss715583011	G	A
glyma.Wm82.gnm2.Gm02	43823091	ss715583034	G	A
glyma.Wm82.gnm2.Gm02	43861406	ss715583037	A	G
glyma.Wm82.gnm2.Gm02	43894055	ss715583042	G	A
glyma.Wm82.gnm2.Gm02	43906589	ss715583045	T	C
glyma.Wm82.gnm2.Gm02	43909613	ss715583046	A	C
glyma.Wm82.gnm2.Gm02	43936904	ss715583049	T	C
glyma.Wm82.gnm2.Gm02	44029582	ss715583065	T	C
glyma.Wm82.gnm2.Gm02	44117604	ss715583069	C	A
glyma.Wm82.gnm2.Gm02	44135324	ss715583070	G	A
glyma.Wm82.gnm2.Gm02	44155600	ss715583072	G	A
glyma.Wm82.gnm2.Gm02	44232410	ss715583085	C	T
glyma.Wm82.gnm2.Gm02	44306758	ss715583097	A	G
glyma.Wm82.gnm2.Gm02	44384928	ss715583109	G	A
glyma.Wm82.gnm2.Gm02	44788791	ss715583151	T	G
glyma.Wm82.gnm2.Gm02	44971189	ss715583160	G	T
glyma.Wm82.gnm2.Gm02	45098324	ss715583169	A	G
glyma.Wm82.gnm2.Gm02	45101723	ss715583170	G	A
glyma.Wm82.gnm2.Gm02	45217324	ss715583178	G	A
glyma.Wm82.gnm2.Gm02	45316774	ss715583190	A	G
glyma.Wm82.gnm2.Gm02	45383572	ss715583196	G	T
glyma.Wm82.gnm2.Gm02	45416713	ss715583199	G	A
glyma.Wm82.gnm2.Gm02	45589231	ss715583213	C	T
glyma.Wm82.gnm2.Gm02	45789843	ss715583238	G	T
glyma.Wm82.gnm2.Gm02	45908972	ss715583257	A	C
glyma.Wm82.gnm2.Gm02	45998590	ss715583261	A	G
glyma.Wm82.gnm2.Gm02	46063272	ss715583275	T	G
glyma.Wm82.gnm2.Gm02	46070797	ss715583276	G	A
glyma.Wm82.gnm2.Gm02	46284615	ss715583286	G	T
glyma.Wm82.gnm2.Gm02	46446975	ss715583292	T	G
glyma.Wm82.gnm2.Gm02	46527888	ss715583302	A	C
glyma.Wm82.gnm2.Gm02	46537888	ss715583304	C	A
glyma.Wm82.gnm2.Gm02	46648827	ss715583320	A	C
glyma.Wm82.gnm2.Gm02	46686249	ss715583327	C	T
glyma.Wm82.gnm2.Gm02	46688840	ss715583328	T	C
glyma.Wm82.gnm2.Gm02	46754298	ss715583334	C	T
glyma.Wm82.gnm2.Gm02	46823818	ss715583338	A	G
glyma.Wm82.gnm2.Gm02	46828139	ss715583340	A	G
glyma.Wm82.gnm2.Gm02	46855087	ss715583342	C	T
glyma.Wm82.gnm2.Gm02	46874905	ss715583344	C	T
glyma.Wm82.gnm2.Gm02	47160991	ss715583362	G	A
glyma.Wm82.gnm2.Gm02	47181041	ss715583366	C	A
glyma.Wm82.gnm2.Gm02	47206023	ss715583371	T	C
glyma.Wm82.gnm2.Gm02	47277851	ss715583391	A	G
glyma.Wm82.gnm2.Gm02	47380421	ss715583412	C	T
glyma.Wm82.gnm2.Gm02	47511951	ss715583427	A	C
glyma.Wm82.gnm2.Gm02	47515308	ss715583430	A	C
glyma.Wm82.gnm2.Gm02	47574771	ss715583438	C	T
glyma.Wm82.gnm2.Gm02	47627402	ss715583443	G	A
glyma.Wm82.gnm2.Gm02	47658379	ss715583447	C	A
glyma.Wm82.gnm2.Gm02	47694296	ss715583451	G	A
glyma.Wm82.gnm2.Gm02	47825902	ss715583462	C	A
glyma.Wm82.gnm2.Gm02	48048997	ss715583497	A	G
glyma.Wm82.gnm2.Gm02	48167954	ss715583509	T	C
glyma.Wm82.gnm2.Gm02	48415818	ss715583543	T	C
glyma.Wm82.gnm2.Gm02	48446262	ss715583550	C	T
glyma.Wm82.gnm2.Gm02	48462130	ss715583553	C	T
glyma.Wm82.gnm2.Gm02	48560653	ss715583574	T	C
glyma.Wm82.gnm2.Gm02	48566582	ss715583576	C	T
glyma.Wm82.gnm2.Gm03	66914	ss715586927	A	G
glyma.Wm82.gnm2.Gm03	288982	ss715585016	G	A
glyma.Wm82.gnm2.Gm03	488443	ss715586701	T	C
glyma.Wm82.gnm2.Gm03	499789	ss715586726	T	C
glyma.Wm82.gnm2.Gm03	509789	ss715586749	A	G
glyma.Wm82.gnm2.Gm03	616602	ss715586907	C	T
glyma.Wm82.gnm2.Gm03	689972	ss715586930	A	G
glyma.Wm82.gnm2.Gm03	714448	ss715586937	G	A
glyma.Wm82.gnm2.Gm03	747135	ss715586943	A	C
glyma.Wm82.gnm2.Gm03	896017	ss715586998	G	A
glyma.Wm82.gnm2.Gm03	907489	ss715587001	G	A
glyma.Wm82.gnm2.Gm03	1086749	ss715584355	A	G
glyma.Wm82.gnm2.Gm03	1096749	ss715584360	T	C
glyma.Wm82.gnm2.Gm03	1142234	ss715584376	A	G
glyma.Wm82.gnm2.Gm03	1226007	ss715584399	G	T
glyma.Wm82.gnm2.Gm03	1506973	ss715584492	T	C
glyma.Wm82.gnm2.Gm03	1547348	ss715584503	C	A
glyma.Wm82.gnm2.Gm03	1634504	ss715584540	A	G
glyma.Wm82.gnm2.Gm03	1644431	ss715584545	C	A
glyma.Wm82.gnm2.Gm03	1740572	ss715584577	A	G
glyma.Wm82.gnm2.Gm03	1751992	ss715584580	C	T
glyma.Wm82.gnm2.Gm03	1763439	ss715584589	C	T
glyma.Wm82.gnm2.Gm03	1845285	ss715584620	T	C
glyma.Wm82.gnm2.Gm03	1860768	ss715584629	T	C
glyma.Wm82.gnm2.Gm03	1998423	ss715584685	G	T
glyma.Wm82.gnm2.Gm03	2062310	ss715584716	G	A
glyma.Wm82.gnm2.Gm03	2091140	ss715584729	G	A
glyma.Wm82.gnm2.Gm03	2134959	ss715584749	A	G
glyma.Wm82.gnm2.Gm03	2249000	ss715584794	A	G
glyma.Wm82.gnm2.Gm03	2399711	ss715584847	G	A
glyma.Wm82.gnm2.Gm03	2434452	ss715584859	T	G
glyma.Wm82.gnm2.Gm03	2494567	ss715584887	T	C
glyma.Wm82.gnm2.Gm03	2585532	ss715584920	A	G
glyma.Wm82.gnm2.Gm03	2792463	ss715584971	A	G
glyma.Wm82.gnm2.Gm03	3022388	ss715585058	G	T
glyma.Wm82.gnm2.Gm03	3024426	ss715585060	C	T
glyma.Wm82.gnm2.Gm03	3045632	ss715585071	A	G
glyma.Wm82.gnm2.Gm03	3053009	ss715585075	C	T
glyma.Wm82.gnm2.Gm03	3054186	ss715585076	G	A
glyma.Wm82.gnm2.Gm03	3057467	ss715585078	C	T
glyma.Wm82.gnm2.Gm03	3152606	ss715585119	C	A
glyma.Wm82.gnm2.Gm03	3168874	ss715585124	G	T
glyma.Wm82.gnm2.Gm03	3169819	ss715585126	T	C
glyma.Wm82.gnm2.Gm03	3225988	ss715585150	T	C
glyma.Wm82.gnm2.Gm03	3227129	ss715585152	A	C
glyma.Wm82.gnm2.Gm03	3237127	ss715585154	T	G
glyma.Wm82.gnm2.Gm03	3269891	ss715585168	T	C
glyma.Wm82.gnm2.Gm03	3359068	ss715585201	C	T
glyma.Wm82.gnm2.Gm03	3393140	ss715585218	T	C
glyma.Wm82.gnm2.Gm03	3483785	ss715585250	T	G
glyma.Wm82.gnm2.Gm03	3492134	ss715585253	T	G
glyma.Wm82.gnm2.Gm03	3691222	ss715585498	C	A
glyma.Wm82.gnm2.Gm03	3765415	ss715585592	A	G
glyma.Wm82.gnm2.Gm03	3797691	ss715585633	G	A
glyma.Wm82.gnm2.Gm03	3810261	ss715585653	G	A
glyma.Wm82.gnm2.Gm03	3867695	ss715585731	T	G
glyma.Wm82.gnm2.Gm03	3870887	ss715585733	A	G
glyma.Wm82.gnm2.Gm03	3957859	ss715585805	T	G
glyma.Wm82.gnm2.Gm03	3972761	ss715585823	C	T
glyma.Wm82.gnm2.Gm03	3992330	ss715585847	A	G
glyma.Wm82.gnm2.Gm03	4265167	ss715586312	T	G
glyma.Wm82.gnm2.Gm03	4275335	ss715586318	T	C
glyma.Wm82.gnm2.Gm03	4293772	ss715586342	T	C
glyma.Wm82.gnm2.Gm03	4332647	ss715586401	G	A
glyma.Wm82.gnm2.Gm03	4338892	ss715586406	A	G
glyma.Wm82.gnm2.Gm03	4354697	ss715586422	G	A
glyma.Wm82.gnm2.Gm03	4364121	ss715586430	G	A
glyma.Wm82.gnm2.Gm03	4372703	ss715586435	G	A
glyma.Wm82.gnm2.Gm03	4400949	ss715586452	C	A
glyma.Wm82.gnm2.Gm03	4447514	ss715586519	A	G
glyma.Wm82.gnm2.Gm03	4462563	ss715586543	G	A
glyma.Wm82.gnm2.Gm03	4551085	ss715586646	T	C
glyma.Wm82.gnm2.Gm03	4579967	ss715586669	C	T
glyma.Wm82.gnm2.Gm03	4610353	ss715586679	G	A
glyma.Wm82.gnm2.Gm03	4709772	ss715586702	G	A
glyma.Wm82.gnm2.Gm03	4739176	ss715586710	C	T
glyma.Wm82.gnm2.Gm03	4766466	ss715586716	T	G
glyma.Wm82.gnm2.Gm03	4930034	ss715586728	A	G
glyma.Wm82.gnm2.Gm03	4967757	ss715586740	C	A
glyma.Wm82.gnm2.Gm03	4994150	ss715586744	A	C
glyma.Wm82.gnm2.Gm03	4998755	ss715586745	G	A
glyma.Wm82.gnm2.Gm03	5030621	ss715586752	T	C
glyma.Wm82.gnm2.Gm03	5044674	ss715586755	C	A
glyma.Wm82.gnm2.Gm03	5079882	ss715586770	T	C
glyma.Wm82.gnm2.Gm03	5081945	ss715586772	G	A
glyma.Wm82.gnm2.Gm03	5094956	ss715586777	G	A
glyma.Wm82.gnm2.Gm03	5098023	ss715586778	T	C
glyma.Wm82.gnm2.Gm03	5107219	ss715586781	C	T
glyma.Wm82.gnm2.Gm03	5199994	ss715586793	C	A
glyma.Wm82.gnm2.Gm03	5211197	ss715586794	A	C
glyma.Wm82.gnm2.Gm03	5212181	ss715586795	G	A
glyma.Wm82.gnm2.Gm03	5237486	ss715586804	T	C
glyma.Wm82.gnm2.Gm03	5264932	ss715586813	G	A
glyma.Wm82.gnm2.Gm03	5268536	ss715586814	T	C
glyma.Wm82.gnm2.Gm03	5316081	ss715586828	A	C
glyma.Wm82.gnm2.Gm03	5330112	ss715586829	G	T
glyma.Wm82.gnm2.Gm03	5332698	ss715586831	C	T
glyma.Wm82.gnm2.Gm03	5337810	ss715586832	C	T
glyma.Wm82.gnm2.Gm03	5354087	ss715586837	A	C
glyma.Wm82.gnm2.Gm03	5357698	ss715586838	C	T
glyma.Wm82.gnm2.Gm03	5370079	ss715586843	C	T
glyma.Wm82.gnm2.Gm03	5387512	ss715586845	C	A
glyma.Wm82.gnm2.Gm03	5389967	ss715586846	C	T
glyma.Wm82.gnm2.Gm03	5411489	ss715586852	T	C
glyma.Wm82.gnm2.Gm03	5463230	ss715586862	G	A
glyma.Wm82.gnm2.Gm03	5482064	ss715586863	A	C
glyma.Wm82.gnm2.Gm03	5501529	ss715586865	G	A
glyma.Wm82.gnm2.Gm03	5586279	ss715586876	T	C
glyma.Wm82.gnm2.Gm03	5602115	ss715586882	A	G
glyma.Wm82.gnm2.Gm03	5619928	ss715586885	G	A
glyma.Wm82.gnm2.Gm03	5621957	ss715586887	A	G
glyma.Wm82.gnm2.Gm03	5652619	ss715586892	G	.
glyma.Wm82.gnm2.Gm03	5664991	ss715586894	C	T
glyma.Wm82.gnm2.Gm03	5696895	ss715586896	T	C
glyma.Wm82.gnm2.Gm03	5762222	ss715586857	C	T
glyma.Wm82.gnm2.Gm03	5764913	ss715586856	C	T
glyma.Wm82.gnm2.Gm03	5830379	ss715586897	T	G
glyma.Wm82.gnm2.Gm03	5883379	ss715586898	C	T
glyma.Wm82.gnm2.Gm03	5906606	ss715586900	C	T
glyma.Wm82.gnm2.Gm03	5999385	ss715586901	A	C
glyma.Wm82.gnm2.Gm03	6278920	ss715586915	A	G
glyma.Wm82.gnm2.Gm03	6378977	ss715586917	C	T
glyma.Wm82.gnm2.Gm03	6405768	ss715586919	G	A
glyma.Wm82.gnm2.Gm03	6439917	ss715586920	G	A
glyma.Wm82.gnm2.Gm03	6566305	ss715586924	A	G
glyma.Wm82.gnm2.Gm03	6692130	ss715586928	A	C
glyma.Wm82.gnm2.Gm03	6749113	ss715586929	C	A
glyma.Wm82.gnm2.Gm03	6867049	ss715586934	T	C
glyma.Wm82.gnm2.Gm03	6920934	ss715586935	T	C
glyma.Wm82.gnm2.Gm03	7473437	ss715586952	G	T
glyma.Wm82.gnm2.Gm03	7539966	ss715586963	G	A
glyma.Wm82.gnm2.Gm03	7616225	ss715586966	G	A
glyma.Wm82.gnm2.Gm03	7650316	ss715586967	T	C
glyma.Wm82.gnm2.Gm03	7761381	ss715586970	T	C
glyma.Wm82.gnm2.Gm03	7818974	ss715586973	T	C
glyma.Wm82.gnm2.Gm03	8079197	ss715586985	A	G
glyma.Wm82.gnm2.Gm03	8252615	ss715586990	A	G
glyma.Wm82.gnm2.Gm03	8277511	ss715586991	G	T
glyma.Wm82.gnm2.Gm03	8573122	ss715584448	T	G
glyma.Wm82.gnm2.Gm03	8596030	ss715587000	G	.
glyma.Wm82.gnm2.Gm03	8684347	ss715587003	C	T
glyma.Wm82.gnm2.Gm03	9049926	ss715587013	G	.
glyma.Wm82.gnm2.Gm03	9084340	ss715587015	A	G
glyma.Wm82.gnm2.Gm03	9259491	ss715587021	G	T
glyma.Wm82.gnm2.Gm03	9286947	ss715587022	A	G
glyma.Wm82.gnm2.Gm03	9378733	ss715587024	G	.
glyma.Wm82.gnm2.Gm03	9499045	ss715584335	C	A
glyma.Wm82.gnm2.Gm03	9673123	ss715584338	T	C
glyma.Wm82.gnm2.Gm03	9702998	ss715584339	T	.
glyma.Wm82.gnm2.Gm03	9825512	ss715584344	A	G
glyma.Wm82.gnm2.Gm03	9929019	ss715584347	C	T
glyma.Wm82.gnm2.Gm03	9959591	ss715584348	T	C
glyma.Wm82.gnm2.Gm03	9992799	ss715584349	A	C
glyma.Wm82.gnm2.Gm03	10185062	ss715584354	C	.
glyma.Wm82.gnm2.Gm03	10233759	ss715584356	G	A
glyma.Wm82.gnm2.Gm03	10409210	ss715584365	G	A
glyma.Wm82.gnm2.Gm03	10458887	ss715584366	G	A
glyma.Wm82.gnm2.Gm03	10546202	ss715584369	T	G
glyma.Wm82.gnm2.Gm03	10760346	ss715584375	G	A
glyma.Wm82.gnm2.Gm03	11662427	ss715584402	A	G
glyma.Wm82.gnm2.Gm03	11922617	ss715584419	C	T
glyma.Wm82.gnm2.Gm03	11997372	ss715584422	T	G
glyma.Wm82.gnm2.Gm03	12292048	ss715584433	T	C
glyma.Wm82.gnm2.Gm03	12411261	ss715584438	C	A
glyma.Wm82.gnm2.Gm03	12820775	ss715618532	C	T
glyma.Wm82.gnm2.Gm03	13076883	ss715584818	A	G
glyma.Wm82.gnm2.Gm03	13131970	ss715584821	C	T
glyma.Wm82.gnm2.Gm03	13387006	ss715584830	C	T
glyma.Wm82.gnm2.Gm03	13571498	ss715584474	A	G
glyma.Wm82.gnm2.Gm03	13616354	ss715584476	C	T
glyma.Wm82.gnm2.Gm03	13899824	ss715584487	T	C
glyma.Wm82.gnm2.Gm03	13957159	ss715584489	G	A
glyma.Wm82.gnm2.Gm03	13981894	ss715584490	T	C
glyma.Wm82.gnm2.Gm03	14064971	ss715584493	T	C
glyma.Wm82.gnm2.Gm03	14099298	ss715584494	G	A
glyma.Wm82.gnm2.Gm03	14259954	ss715584499	G	A
glyma.Wm82.gnm2.Gm03	15202009	ss715584536	A	G
glyma.Wm82.gnm2.Gm03	16105992	ss715584814	C	A
glyma.Wm82.gnm2.Gm03	16235737	ss715584808	T	C
glyma.Wm82.gnm2.Gm03	16322992	ss715584806	G	T
glyma.Wm82.gnm2.Gm03	16354120	ss715584805	C	T
glyma.Wm82.gnm2.Gm03	16464092	ss715584800	C	T
glyma.Wm82.gnm2.Gm03	16516858	ss715584798	C	T
glyma.Wm82.gnm2.Gm03	16595254	ss715584795	A	G
glyma.Wm82.gnm2.Gm03	16621811	ss715584793	C	T
glyma.Wm82.gnm2.Gm03	16930165	ss715584777	A	G
glyma.Wm82.gnm2.Gm03	17006290	ss715584776	A	C
glyma.Wm82.gnm2.Gm03	17033633	ss715584774	C	T
glyma.Wm82.gnm2.Gm03	17085614	ss715584770	C	.
glyma.Wm82.gnm2.Gm03	17139396	ss715584768	A	G
glyma.Wm82.gnm2.Gm03	17253944	ss715584764	C	T
glyma.Wm82.gnm2.Gm03	17345673	ss715584762	C	T
glyma.Wm82.gnm2.Gm03	17443806	ss715584760	T	C
glyma.Wm82.gnm2.Gm03	17479247	ss715584757	C	T
glyma.Wm82.gnm2.Gm03	17739096	ss715584748	C	T
glyma.Wm82.gnm2.Gm03	17796387	ss715584746	A	C
glyma.Wm82.gnm2.Gm03	17824196	ss715584744	A	G
glyma.Wm82.gnm2.Gm03	17905915	ss715584683	T	C
glyma.Wm82.gnm2.Gm03	17983829	ss715584680	A	.
glyma.Wm82.gnm2.Gm03	18031037	ss715584678	A	G
glyma.Wm82.gnm2.Gm03	18089373	ss715584677	T	.
glyma.Wm82.gnm2.Gm03	18119692	ss715584676	A	G
glyma.Wm82.gnm2.Gm03	18268697	ss715584672	G	A
glyma.Wm82.gnm2.Gm03	18377424	ss715584670	T	G
glyma.Wm82.gnm2.Gm03	18621744	ss715584655	G	A
glyma.Wm82.gnm2.Gm03	18740324	ss715584651	G	A
glyma.Wm82.gnm2.Gm03	19447302	ss715584619	G	A
glyma.Wm82.gnm2.Gm03	20031713	ss715584604	A	G
glyma.Wm82.gnm2.Gm03	20082713	ss715584602	G	A
glyma.Wm82.gnm2.Gm03	20160861	ss715584598	C	T
glyma.Wm82.gnm2.Gm03	20411288	ss715584583	C	T
glyma.Wm82.gnm2.Gm03	20587781	ss715584576	G	A
glyma.Wm82.gnm2.Gm03	20612694	ss715584575	G	T
glyma.Wm82.gnm2.Gm03	21022937	ss715584561	A	G
glyma.Wm82.gnm2.Gm03	21210853	ss715584555	G	T
glyma.Wm82.gnm2.Gm03	21290541	ss715584552	T	C
glyma.Wm82.gnm2.Gm03	21397267	ss715584549	C	T
glyma.Wm82.gnm2.Gm03	21612250	ss715584544	G	A
glyma.Wm82.gnm2.Gm03	21782373	ss715584838	G	T
glyma.Wm82.gnm2.Gm03	21904587	ss715584844	G	A
glyma.Wm82.gnm2.Gm03	22246538	ss715584857	C	T
glyma.Wm82.gnm2.Gm03	22320649	ss715584860	C	A
glyma.Wm82.gnm2.Gm03	22509183	ss715584867	A	G
glyma.Wm82.gnm2.Gm03	22723842	ss715584878	T	C
glyma.Wm82.gnm2.Gm03	23055124	ss715584896	G	A
glyma.Wm82.gnm2.Gm03	23395054	ss715584909	G	A
glyma.Wm82.gnm2.Gm03	23499111	ss715584910	T	G
glyma.Wm82.gnm2.Gm03	23959862	ss715584922	C	T
glyma.Wm82.gnm2.Gm03	24346186	ss715584932	C	T
glyma.Wm82.gnm2.Gm03	24657495	ss715584938	G	A
glyma.Wm82.gnm2.Gm03	25322201	ss715584954	C	T
glyma.Wm82.gnm2.Gm03	25392054	ss715584956	G	A
glyma.Wm82.gnm2.Gm03	26196782	ss715584990	C	T
glyma.Wm82.gnm2.Gm03	26454112	ss715585001	A	G
glyma.Wm82.gnm2.Gm03	26789010	ss715585008	A	C
glyma.Wm82.gnm2.Gm03	27057528	ss715585018	G	T
glyma.Wm82.gnm2.Gm03	27095330	ss715585020	T	C
glyma.Wm82.gnm2.Gm03	27291430	ss715585027	G	A
glyma.Wm82.gnm2.Gm03	27623932	ss715585038	A	G
glyma.Wm82.gnm2.Gm03	27847719	ss715585049	G	T
glyma.Wm82.gnm2.Gm03	28347371	ss715585080	C	.
glyma.Wm82.gnm2.Gm03	28548049	ss715585088	C	.
glyma.Wm82.gnm2.Gm03	28783977	ss715585098	T	C
glyma.Wm82.gnm2.Gm03	28841634	ss715585101	A	G
glyma.Wm82.gnm2.Gm03	28942195	ss715585107	A	G
glyma.Wm82.gnm2.Gm03	29122090	ss715585114	A	G
glyma.Wm82.gnm2.Gm03	29194193	ss715585117	C	T
glyma.Wm82.gnm2.Gm03	29260005	ss715585120	C	T
glyma.Wm82.gnm2.Gm03	29410139	ss715585125	C	T
glyma.Wm82.gnm2.Gm03	29441170	ss715585129	C	T
glyma.Wm82.gnm2.Gm03	29471022	ss715585131	C	A
glyma.Wm82.gnm2.Gm03	29501412	ss715585133	G	A
glyma.Wm82.gnm2.Gm03	29525390	ss715585134	A	G
glyma.Wm82.gnm2.Gm03	29653628	ss715585142	A	G
glyma.Wm82.gnm2.Gm03	29682346	ss715585143	C	T
glyma.Wm82.gnm2.Gm03	29818593	ss715585147	A	G
glyma.Wm82.gnm2.Gm03	30057483	ss715585155	T	C
glyma.Wm82.gnm2.Gm03	30146386	ss715585158	G	A
glyma.Wm82.gnm2.Gm03	30382584	ss715585167	C	T
glyma.Wm82.gnm2.Gm03	30460629	ss715585171	A	G
glyma.Wm82.gnm2.Gm03	31486217	ss715585210	A	G
glyma.Wm82.gnm2.Gm03	31566339	ss715585216	C	T
glyma.Wm82.gnm2.Gm03	31928337	ss715585233	T	C
glyma.Wm82.gnm2.Gm03	32175565	ss715585238	A	G
glyma.Wm82.gnm2.Gm03	32297214	ss715585241	A	G
glyma.Wm82.gnm2.Gm03	32698446	ss715585260	A	G
glyma.Wm82.gnm2.Gm03	32737517	ss715585264	C	T
glyma.Wm82.gnm2.Gm03	32750102	ss715585266	A	G
glyma.Wm82.gnm2.Gm03	32887949	ss715585280	T	G
glyma.Wm82.gnm2.Gm03	32970884	ss715585291	A	G
glyma.Wm82.gnm2.Gm03	33032956	ss715585296	A	C
glyma.Wm82.gnm2.Gm03	33082478	ss715585298	C	T
glyma.Wm82.gnm2.Gm03	33243302	ss715585315	T	C
glyma.Wm82.gnm2.Gm03	33280183	ss715585317	G	A
glyma.Wm82.gnm2.Gm03	33284319	ss715585318	C	T
glyma.Wm82.gnm2.Gm03	33292135	ss715585319	G	T
glyma.Wm82.gnm2.Gm03	33307526	ss715585321	T	C
glyma.Wm82.gnm2.Gm03	33310919	ss715585322	G	A
glyma.Wm82.gnm2.Gm03	33324831	ss715585324	G	A
glyma.Wm82.gnm2.Gm03	33327624	ss715585325	A	G
glyma.Wm82.gnm2.Gm03	33335990	ss715585327	A	G
glyma.Wm82.gnm2.Gm03	33348497	ss715585329	C	A
glyma.Wm82.gnm2.Gm03	33378788	ss715585334	G	A
glyma.Wm82.gnm2.Gm03	33421402	ss715585335	A	G
glyma.Wm82.gnm2.Gm03	33427392	ss715585337	G	T
glyma.Wm82.gnm2.Gm03	33671736	ss715585357	T	C
glyma.Wm82.gnm2.Gm03	33675306	ss715585359	C	T
glyma.Wm82.gnm2.Gm03	33765404	ss715585365	T	G
glyma.Wm82.gnm2.Gm03	33905532	ss715585380	G	A
glyma.Wm82.gnm2.Gm03	34007575	ss715585396	A	G
glyma.Wm82.gnm2.Gm03	34220371	ss715585421	C	T
glyma.Wm82.gnm2.Gm03	34294516	ss715585431	G	A
glyma.Wm82.gnm2.Gm03	34362914	ss715585441	C	T
glyma.Wm82.gnm2.Gm03	34387780	ss715585447	C	T
glyma.Wm82.gnm2.Gm03	34403919	ss715585452	C	A
glyma.Wm82.gnm2.Gm03	34499784	ss715585464	T	C
glyma.Wm82.gnm2.Gm03	34573350	ss715585477	G	T
glyma.Wm82.gnm2.Gm03	34746548	ss715585507	G	A
glyma.Wm82.gnm2.Gm03	34758264	ss715585508	T	C
glyma.Wm82.gnm2.Gm03	34794596	ss715585513	A	G
glyma.Wm82.gnm2.Gm03	34945081	ss715585530	A	G
glyma.Wm82.gnm2.Gm03	34994286	ss715585543	T	C
glyma.Wm82.gnm2.Gm03	35086832	ss715585553	C	T
glyma.Wm82.gnm2.Gm03	35273134	ss715585570	G	A
glyma.Wm82.gnm2.Gm03	35330339	ss715585575	C	T
glyma.Wm82.gnm2.Gm03	35405797	ss715585588	C	A
glyma.Wm82.gnm2.Gm03	35456070	ss715585598	T	C
glyma.Wm82.gnm2.Gm03	35646711	ss715585616	A	G
glyma.Wm82.gnm2.Gm03	35707160	ss715585625	T	G
glyma.Wm82.gnm2.Gm03	35765721	ss715585639	T	C
glyma.Wm82.gnm2.Gm03	35781218	ss715585640	A	G
glyma.Wm82.gnm2.Gm03	35832386	ss715585649	G	A
glyma.Wm82.gnm2.Gm03	35938569	ss715585658	T	C
glyma.Wm82.gnm2.Gm03	35951414	ss715585660	C	T
glyma.Wm82.gnm2.Gm03	36147368	ss715585699	A	C
glyma.Wm82.gnm2.Gm03	36199823	ss715585702	T	G
glyma.Wm82.gnm2.Gm03	36449357	ss715585730	C	T
glyma.Wm82.gnm2.Gm03	36579090	ss715585742	G	A
glyma.Wm82.gnm2.Gm03	36629089	ss715585743	G	T
glyma.Wm82.gnm2.Gm03	36974809	ss715585774	A	G
glyma.Wm82.gnm2.Gm03	37009852	ss715585779	A	G
glyma.Wm82.gnm2.Gm03	37045352	ss715585781	T	C
glyma.Wm82.gnm2.Gm03	37171281	ss715585790	A	G
glyma.Wm82.gnm2.Gm03	37185457	ss715585791	G	A
glyma.Wm82.gnm2.Gm03	37224025	ss715585792	T	C
glyma.Wm82.gnm2.Gm03	37248225	ss715585793	G	T
glyma.Wm82.gnm2.Gm03	37320328	ss715585795	C	T
glyma.Wm82.gnm2.Gm03	37321532	ss715585796	A	C
glyma.Wm82.gnm2.Gm03	37332496	ss715585799	A	G
glyma.Wm82.gnm2.Gm03	37426948	ss715585812	A	G
glyma.Wm82.gnm2.Gm03	37447345	ss715585816	G	A
glyma.Wm82.gnm2.Gm03	37485099	ss715585821	A	G
glyma.Wm82.gnm2.Gm03	37499390	ss715585824	T	C
glyma.Wm82.gnm2.Gm03	37527828	ss715585829	C	T
glyma.Wm82.gnm2.Gm03	37534700	ss715585831	T	C
glyma.Wm82.gnm2.Gm03	37581262	ss715585838	G	A
glyma.Wm82.gnm2.Gm03	37686505	ss715585846	T	C
glyma.Wm82.gnm2.Gm03	37774440	ss715585854	G	A
glyma.Wm82.gnm2.Gm03	37878364	ss715585862	G	A
glyma.Wm82.gnm2.Gm03	38126050	ss715585886	G	A
glyma.Wm82.gnm2.Gm03	38326427	ss715585912	G	T
glyma.Wm82.gnm2.Gm03	38349544	ss715585916	T	G
glyma.Wm82.gnm2.Gm03	38505471	ss715585933	T	C
glyma.Wm82.gnm2.Gm03	38541333	ss715585935	C	T
glyma.Wm82.gnm2.Gm03	38591888	ss715585948	T	C
glyma.Wm82.gnm2.Gm03	38872292	ss715585980	T	C
glyma.Wm82.gnm2.Gm03	38877498	ss715585982	A	G
glyma.Wm82.gnm2.Gm03	38943417	ss715586001	C	T
glyma.Wm82.gnm2.Gm03	38951604	ss715586003	C	T
glyma.Wm82.gnm2.Gm03	39154569	ss715586036	C	T
glyma.Wm82.gnm2.Gm03	39357229	ss715586063	C	T
glyma.Wm82.gnm2.Gm03	39390128	ss715586067	A	C
glyma.Wm82.gnm2.Gm03	39403852	ss715586070	G	T
glyma.Wm82.gnm2.Gm03	39748381	ss715586101	T	C
glyma.Wm82.gnm2.Gm03	39762057	ss715586103	A	C
glyma.Wm82.gnm2.Gm03	39783881	ss715586104	A	G
glyma.Wm82.gnm2.Gm03	39825684	ss715586107	T	G
glyma.Wm82.gnm2.Gm03	39895042	ss715586110	G	A
glyma.Wm82.gnm2.Gm03	40027815	ss715586122	A	G
glyma.Wm82.gnm2.Gm03	40115573	ss715586127	T	C
glyma.Wm82.gnm2.Gm03	40138585	ss715586130	T	C
glyma.Wm82.gnm2.Gm03	40219803	ss715586140	C	T
glyma.Wm82.gnm2.Gm03	40388324	ss715586150	C	T
glyma.Wm82.gnm2.Gm03	40391808	ss715586151	C	T
glyma.Wm82.gnm2.Gm03	40440832	ss715586154	G	A
glyma.Wm82.gnm2.Gm03	40475423	ss715586157	C	A
glyma.Wm82.gnm2.Gm03	40489542	ss715586158	A	C
glyma.Wm82.gnm2.Gm03	40535144	ss715586159	G	A
glyma.Wm82.gnm2.Gm03	40629683	ss715586168	A	G
glyma.Wm82.gnm2.Gm03	40661786	ss715586169	C	A
glyma.Wm82.gnm2.Gm03	40738158	ss715586170	T	C
glyma.Wm82.gnm2.Gm03	40754258	ss715586172	C	T
glyma.Wm82.gnm2.Gm03	40842703	ss715586173	G	T
glyma.Wm82.gnm2.Gm03	40847194	ss715586174	C	T
glyma.Wm82.gnm2.Gm03	40896400	ss715586177	C	A
glyma.Wm82.gnm2.Gm03	40928220	ss715586179	C	T
glyma.Wm82.gnm2.Gm03	40935952	ss715586181	G	T
glyma.Wm82.gnm2.Gm03	40961280	ss715586186	G	A
glyma.Wm82.gnm2.Gm03	40998900	ss715586191	A	G
glyma.Wm82.gnm2.Gm03	41034925	ss715586195	T	C
glyma.Wm82.gnm2.Gm03	41241911	ss715586205	T	C
glyma.Wm82.gnm2.Gm03	41258415	ss715586206	A	G
glyma.Wm82.gnm2.Gm03	41403016	ss715586220	C	T
glyma.Wm82.gnm2.Gm03	41438309	ss715586229	T	C
glyma.Wm82.gnm2.Gm03	41615556	ss715586250	C	T
glyma.Wm82.gnm2.Gm03	41715306	ss715586254	A	G
glyma.Wm82.gnm2.Gm03	41806866	ss715586258	G	T
glyma.Wm82.gnm2.Gm03	41862392	ss715586265	C	T
glyma.Wm82.gnm2.Gm03	41890417	ss715586266	T	C
glyma.Wm82.gnm2.Gm03	41989301	ss715586270	A	C
glyma.Wm82.gnm2.Gm03	42190341	ss715586286	C	T
glyma.Wm82.gnm2.Gm03	42377595	ss715586293	G	T
glyma.Wm82.gnm2.Gm03	42480862	ss715586303	A	C
glyma.Wm82.gnm2.Gm03	42550769	ss715586310	C	A
glyma.Wm82.gnm2.Gm03	42772811	ss715586330	T	C
glyma.Wm82.gnm2.Gm03	42990491	ss715586365	G	T
glyma.Wm82.gnm2.Gm03	43045517	ss715586374	G	A
glyma.Wm82.gnm2.Gm03	43103902	ss715586382	G	A
glyma.Wm82.gnm2.Gm03	43150478	ss715586388	G	A
glyma.Wm82.gnm2.Gm03	43520069	ss715586429	G	A
glyma.Wm82.gnm2.Gm03	43620142	ss715586434	A	G
glyma.Wm82.gnm2.Gm03	44053373	ss715586463	T	G
glyma.Wm82.gnm2.Gm03	44060292	ss715586466	C	T
glyma.Wm82.gnm2.Gm03	44212748	ss715586486	A	G
glyma.Wm82.gnm2.Gm03	44404625	ss715586524	C	T
glyma.Wm82.gnm2.Gm03	44463609	ss715586537	A	G
glyma.Wm82.gnm2.Gm03	44614800	ss715586555	A	G
glyma.Wm82.gnm2.Gm03	44616902	ss715586556	A	C
glyma.Wm82.gnm2.Gm03	44735879	ss715586566	C	T
glyma.Wm82.gnm2.Gm03	44841742	ss715586572	C	T
glyma.Wm82.gnm2.Gm03	44865271	ss715586575	T	C
glyma.Wm82.gnm2.Gm03	44876216	ss715586576	C	A
glyma.Wm82.gnm2.Gm03	45023950	ss715586587	T	G
glyma.Wm82.gnm2.Gm03	45085847	ss715586596	G	.
glyma.Wm82.gnm2.Gm03	45125824	ss715586604	C	A
glyma.Wm82.gnm2.Gm03	45220925	ss715586620	A	G
glyma.Wm82.gnm2.Gm03	45234169	ss715586622	C	T
glyma.Wm82.gnm2.Gm03	45248843	ss715586625	G	A
glyma.Wm82.gnm2.Gm03	45298054	ss715586634	A	C
glyma.Wm82.gnm2.Gm03	45392445	ss715586642	A	G
glyma.Wm82.gnm2.Gm03	45404915	ss715586644	C	A
glyma.Wm82.gnm2.Gm03	45405768	ss715586645	G	A
glyma.Wm82.gnm2.Gm03	45453167	ss715586651	G	A
glyma.Wm82.gnm2.Gm03	45518946	ss715586658	G	A
glyma.Wm82.gnm2.Gm03	45626344	ss715586664	C	T
glyma.Wm82.gnm2.Gm03	45643162	ss715586665	A	C
glyma.Wm82.gnm2.Gm04	39162	ss715616896	G	T
glyma.Wm82.gnm2.Gm04	69857	ss715587496	C	T
glyma.Wm82.gnm2.Gm04	102120	ss715589149	T	C
glyma.Wm82.gnm2.Gm04	188146	ss715587173	A	C
glyma.Wm82.gnm2.Gm04	263036	ss715587412	T	C
glyma.Wm82.gnm2.Gm04	289318	ss715587482	T	G
glyma.Wm82.gnm2.Gm04	384474	ss715587768	T	C
glyma.Wm82.gnm2.Gm04	386170	ss715587773	G	A
glyma.Wm82.gnm2.Gm04	424413	ss715587906	G	A
glyma.Wm82.gnm2.Gm04	428128	ss715587918	G	T
glyma.Wm82.gnm2.Gm04	450433	ss715588064	G	A
glyma.Wm82.gnm2.Gm04	682324	ss715589153	C	T
glyma.Wm82.gnm2.Gm04	753273	ss715589239	T	G
glyma.Wm82.gnm2.Gm04	883705	ss715589431	A	C
glyma.Wm82.gnm2.Gm04	950947	ss715589605	C	T
glyma.Wm82.gnm2.Gm04	1047067	ss715587029	G	A
glyma.Wm82.gnm2.Gm04	1068932	ss715587036	C	T
glyma.Wm82.gnm2.Gm04	1156058	ss715587064	C	T
glyma.Wm82.gnm2.Gm04	1232055	ss715587085	G	A
glyma.Wm82.gnm2.Gm04	1283476	ss715587102	T	C
glyma.Wm82.gnm2.Gm04	1372327	ss715587120	G	A
glyma.Wm82.gnm2.Gm04	1453164	ss715587144	C	T
glyma.Wm82.gnm2.Gm04	1470144	ss715587149	C	T
glyma.Wm82.gnm2.Gm04	1669148	ss715587207	C	A
glyma.Wm82.gnm2.Gm04	1726353	ss715587223	A	G
glyma.Wm82.gnm2.Gm04	1758612	ss715587234	A	G
glyma.Wm82.gnm2.Gm04	1762316	ss715587236	A	G
glyma.Wm82.gnm2.Gm04	1860549	ss715587270	A	G
glyma.Wm82.gnm2.Gm04	1876613	ss715587277	G	A
glyma.Wm82.gnm2.Gm04	2022093	ss715587321	C	T
glyma.Wm82.gnm2.Gm04	2209505	ss715587378	T	C
glyma.Wm82.gnm2.Gm04	2244848	ss715587391	C	A
glyma.Wm82.gnm2.Gm04	2259091	ss715587396	C	A
glyma.Wm82.gnm2.Gm04	2285044	ss715587407	A	G
glyma.Wm82.gnm2.Gm04	2376644	ss715587429	A	G
glyma.Wm82.gnm2.Gm04	2519625	ss715587469	A	G
glyma.Wm82.gnm2.Gm04	2587788	ss715587490	T	G
glyma.Wm82.gnm2.Gm04	2636093	ss715587505	C	T
glyma.Wm82.gnm2.Gm04	2933513	ss715587586	T	C
glyma.Wm82.gnm2.Gm04	3086281	ss715587628	A	C
glyma.Wm82.gnm2.Gm04	3301104	ss715587692	G	A
glyma.Wm82.gnm2.Gm04	3411963	ss715587733	T	C
glyma.Wm82.gnm2.Gm04	3517021	ss715587769	T	C
glyma.Wm82.gnm2.Gm04	3580839	ss715587786	C	T
glyma.Wm82.gnm2.Gm04	3687790	ss715587820	G	A
glyma.Wm82.gnm2.Gm04	3848233	ss715587890	T	C
glyma.Wm82.gnm2.Gm04	3887758	ss715587903	A	G
glyma.Wm82.gnm2.Gm04	3912620	ss715587911	A	C
glyma.Wm82.gnm2.Gm04	4123984	ss715588031	A	G
glyma.Wm82.gnm2.Gm04	4325232	ss715588246	T	C
glyma.Wm82.gnm2.Gm04	4355980	ss715588310	T	G
glyma.Wm82.gnm2.Gm04	4423224	ss715588387	T	C
glyma.Wm82.gnm2.Gm04	4496425	ss715588511	C	T
glyma.Wm82.gnm2.Gm04	4943902	ss715589020	A	G
glyma.Wm82.gnm2.Gm04	5017411	ss715589045	T	C
glyma.Wm82.gnm2.Gm04	5200557	ss715589056	C	T
glyma.Wm82.gnm2.Gm04	5369241	ss715589066	T	C
glyma.Wm82.gnm2.Gm04	5535170	ss715589070	C	T
glyma.Wm82.gnm2.Gm04	5641987	ss715589082	G	A
glyma.Wm82.gnm2.Gm04	5668201	ss715589086	T	C
glyma.Wm82.gnm2.Gm04	5692773	ss715589089	G	A
glyma.Wm82.gnm2.Gm04	5826066	ss715589096	C	T
glyma.Wm82.gnm2.Gm04	5843984	ss715589098	C	T
glyma.Wm82.gnm2.Gm04	6000520	ss715589100	G	A
glyma.Wm82.gnm2.Gm04	6109332	ss715589113	T	G
glyma.Wm82.gnm2.Gm04	6297943	ss715589135	T	C
glyma.Wm82.gnm2.Gm04	6314609	ss715589137	T	G
glyma.Wm82.gnm2.Gm04	6322589	ss715589138	G	A
glyma.Wm82.gnm2.Gm04	6337993	ss715589140	C	A
glyma.Wm82.gnm2.Gm04	6341214	ss715589141	T	G
glyma.Wm82.gnm2.Gm04	6514173	ss715589154	T	G
glyma.Wm82.gnm2.Gm04	6682383	ss715589160	A	G
glyma.Wm82.gnm2.Gm04	6966698	ss715589189	G	T
glyma.Wm82.gnm2.Gm04	6978584	ss715589192	G	A
glyma.Wm82.gnm2.Gm04	7061152	ss715589214	A	G
glyma.Wm82.gnm2.Gm04	7201167	ss715589233	T	C
glyma.Wm82.gnm2.Gm04	7240072	ss715589241	A	G
glyma.Wm82.gnm2.Gm04	7407135	ss715589265	A	G
glyma.Wm82.gnm2.Gm04	7486916	ss715589267	T	C
glyma.Wm82.gnm2.Gm04	7556514	ss715589275	T	C
glyma.Wm82.gnm2.Gm04	7563696	ss715589276	C	A
glyma.Wm82.gnm2.Gm04	7586428	ss715589280	T	C
glyma.Wm82.gnm2.Gm04	7588145	ss715589281	T	C
glyma.Wm82.gnm2.Gm04	7589290	ss715589282	G	T
glyma.Wm82.gnm2.Gm04	7634167	ss715589287	C	A
glyma.Wm82.gnm2.Gm04	7662964	ss715589291	C	T
glyma.Wm82.gnm2.Gm04	7665867	ss715589292	C	T
glyma.Wm82.gnm2.Gm04	7667305	ss715589293	G	A
glyma.Wm82.gnm2.Gm04	7686529	ss715589294	A	G
glyma.Wm82.gnm2.Gm04	7726718	ss715589300	A	.
glyma.Wm82.gnm2.Gm04	7744741	ss715589302	A	G
glyma.Wm82.gnm2.Gm04	7779632	ss715589306	G	A
glyma.Wm82.gnm2.Gm04	7780465	ss715589307	C	T
glyma.Wm82.gnm2.Gm04	7829774	ss715589312	A	G
glyma.Wm82.gnm2.Gm04	7856269	ss715589317	A	G
glyma.Wm82.gnm2.Gm04	7869201	ss715589320	G	A
glyma.Wm82.gnm2.Gm04	7871760	ss715589322	G	A
glyma.Wm82.gnm2.Gm04	7942531	ss715589325	G	A
glyma.Wm82.gnm2.Gm04	7944261	ss715589326	G	A
glyma.Wm82.gnm2.Gm04	8044313	ss715589340	C	A
glyma.Wm82.gnm2.Gm04	8211187	ss715589366	G	A
glyma.Wm82.gnm2.Gm04	8278329	ss715589380	A	G
glyma.Wm82.gnm2.Gm04	8289046	ss715589383	T	C
glyma.Wm82.gnm2.Gm04	8339167	ss715589394	G	A
glyma.Wm82.gnm2.Gm04	8348643	ss715589396	T	G
glyma.Wm82.gnm2.Gm04	8371263	ss715589404	G	T
glyma.Wm82.gnm2.Gm04	8382559	ss715589407	A	G
glyma.Wm82.gnm2.Gm04	8403303	ss715589413	C	T
glyma.Wm82.gnm2.Gm04	8438708	ss715589419	A	G
glyma.Wm82.gnm2.Gm04	8489663	ss715589427	T	C
glyma.Wm82.gnm2.Gm04	8509344	ss715589429	A	G
glyma.Wm82.gnm2.Gm04	8525701	ss715589433	T	C
glyma.Wm82.gnm2.Gm04	8553916	ss715589438	G	A
glyma.Wm82.gnm2.Gm04	8561130	ss715589443	C	T
glyma.Wm82.gnm2.Gm04	8588285	ss715589451	C	T
glyma.Wm82.gnm2.Gm04	8593315	ss715589454	G	A
glyma.Wm82.gnm2.Gm04	8618416	ss715589462	G	A
glyma.Wm82.gnm2.Gm04	8621950	ss715589463	A	C
glyma.Wm82.gnm2.Gm04	8622928	ss715589464	T	C
glyma.Wm82.gnm2.Gm04	8627986	ss715589465	T	C
glyma.Wm82.gnm2.Gm04	8636076	ss715589467	C	T
glyma.Wm82.gnm2.Gm04	8640457	ss715589469	C	T
glyma.Wm82.gnm2.Gm04	8668718	ss715589472	A	G
glyma.Wm82.gnm2.Gm04	8737943	ss715589490	G	A
glyma.Wm82.gnm2.Gm04	8787751	ss715589504	A	G
glyma.Wm82.gnm2.Gm04	8818891	ss715589512	C	T
glyma.Wm82.gnm2.Gm04	8856377	ss715589521	A	G
glyma.Wm82.gnm2.Gm04	8888450	ss715589531	C	T
glyma.Wm82.gnm2.Gm04	8903546	ss715589534	C	A
glyma.Wm82.gnm2.Gm04	8972768	ss715589547	A	G
glyma.Wm82.gnm2.Gm04	9000451	ss715589557	T	C
glyma.Wm82.gnm2.Gm04	9007516	ss715589558	A	G
glyma.Wm82.gnm2.Gm04	9017718	ss715589561	A	G
glyma.Wm82.gnm2.Gm04	9037590	ss715589567	C	T
glyma.Wm82.gnm2.Gm04	9061489	ss715589574	T	C
glyma.Wm82.gnm2.Gm04	9107472	ss715589585	C	T
glyma.Wm82.gnm2.Gm04	9148539	ss715589592	G	A
glyma.Wm82.gnm2.Gm04	9159974	ss715589595	T	C
glyma.Wm82.gnm2.Gm04	9193727	ss715589603	C	T
glyma.Wm82.gnm2.Gm04	9220826	ss715589610	G	T
glyma.Wm82.gnm2.Gm04	9250066	ss715589615	G	A
glyma.Wm82.gnm2.Gm04	9261862	ss715589617	A	G
glyma.Wm82.gnm2.Gm04	9281432	ss715589622	G	A
glyma.Wm82.gnm2.Gm04	9293787	ss715589624	T	G
glyma.Wm82.gnm2.Gm04	9309139	ss715589626	C	A
glyma.Wm82.gnm2.Gm04	9317123	ss715589628	C	T
glyma.Wm82.gnm2.Gm04	9344190	ss715589631	G	A
glyma.Wm82.gnm2.Gm04	9345647	ss715589632	C	T
glyma.Wm82.gnm2.Gm04	9356577	ss715589637	G	T
glyma.Wm82.gnm2.Gm04	9363651	ss715589641	A	G
glyma.Wm82.gnm2.Gm04	9381672	ss715589644	T	G
glyma.Wm82.gnm2.Gm04	9412759	ss715589652	A	C
glyma.Wm82.gnm2.Gm04	9431522	ss715589654	G	A
glyma.Wm82.gnm2.Gm04	9439665	ss715589656	T	C
glyma.Wm82.gnm2.Gm04	9467810	ss715589664	C	T
glyma.Wm82.gnm2.Gm04	9479398	ss715589666	G	A
glyma.Wm82.gnm2.Gm04	9501767	ss715589669	T	G
glyma.Wm82.gnm2.Gm04	9513378	ss715589671	C	T
glyma.Wm82.gnm2.Gm04	9528059	ss715589673	C	T
glyma.Wm82.gnm2.Gm04	9576318	ss715589685	G	T
glyma.Wm82.gnm2.Gm04	9616656	ss715589692	T	C
glyma.Wm82.gnm2.Gm04	9634528	ss715589696	C	T
glyma.Wm82.gnm2.Gm04	10472404	ss715587035	C	T
glyma.Wm82.gnm2.Gm04	10558763	ss715587041	C	T
glyma.Wm82.gnm2.Gm04	10812514	ss715587045	T	C
glyma.Wm82.gnm2.Gm04	11161384	ss715587056	C	T
glyma.Wm82.gnm2.Gm04	11398053	ss715584737	T	C
glyma.Wm82.gnm2.Gm04	11448308	ss715584735	G	A
glyma.Wm82.gnm2.Gm04	11507205	ss715584733	A	G
glyma.Wm82.gnm2.Gm04	11543038	ss715584731	G	T
glyma.Wm82.gnm2.Gm04	11629257	ss715584726	G	A
glyma.Wm82.gnm2.Gm04	11694938	ss715584725	G	.
glyma.Wm82.gnm2.Gm04	11727108	ss715584723	T	G
glyma.Wm82.gnm2.Gm04	11831226	ss715584720	C	T
glyma.Wm82.gnm2.Gm04	11897946	ss715584715	A	G
glyma.Wm82.gnm2.Gm04	12070849	ss715584704	T	G
glyma.Wm82.gnm2.Gm04	12124386	ss715584702	C	T
glyma.Wm82.gnm2.Gm04	12162899	ss715587065	T	C
glyma.Wm82.gnm2.Gm04	12344189	ss715587068	G	A
glyma.Wm82.gnm2.Gm04	12422768	ss715587072	C	A
glyma.Wm82.gnm2.Gm04	12749695	ss715587079	A	G
glyma.Wm82.gnm2.Gm04	13032070	ss715587088	T	C
glyma.Wm82.gnm2.Gm04	13451669	ss715587100	C	T
glyma.Wm82.gnm2.Gm04	13544247	ss715587103	C	T
glyma.Wm82.gnm2.Gm04	13612952	ss715587106	A	C
glyma.Wm82.gnm2.Gm04	13751944	ss715587109	C	T
glyma.Wm82.gnm2.Gm04	14338800	ss715587122	C	T
glyma.Wm82.gnm2.Gm04	14700002	ss715587133	C	T
glyma.Wm82.gnm2.Gm04	15988826	ss715587175	T	C
glyma.Wm82.gnm2.Gm04	16265430	ss715587182	C	T
glyma.Wm82.gnm2.Gm04	17182657	ss715587205	T	G
glyma.Wm82.gnm2.Gm04	17681514	ss715587220	C	T
glyma.Wm82.gnm2.Gm04	18110769	ss715587233	G	A
glyma.Wm82.gnm2.Gm04	18159543	ss715587235	G	A
glyma.Wm82.gnm2.Gm04	18200573	ss715587237	T	G
glyma.Wm82.gnm2.Gm04	18416212	ss715587244	T	C
glyma.Wm82.gnm2.Gm04	18476477	ss715597060	G	A
glyma.Wm82.gnm2.Gm04	18523028	ss715597059	G	A
glyma.Wm82.gnm2.Gm04	18730673	ss715587250	T	C
glyma.Wm82.gnm2.Gm04	18976463	ss715587259	A	G
glyma.Wm82.gnm2.Gm04	19006563	ss715587260	A	C
glyma.Wm82.gnm2.Gm04	19327648	ss715587272	T	C
glyma.Wm82.gnm2.Gm04	19684863	ss715587285	C	T
glyma.Wm82.gnm2.Gm04	19775821	ss715587288	G	A
glyma.Wm82.gnm2.Gm04	20211378	ss715587304	G	A
glyma.Wm82.gnm2.Gm04	20926475	ss715587734	G	A
glyma.Wm82.gnm2.Gm04	21142695	ss715587726	G	A
glyma.Wm82.gnm2.Gm04	21329181	ss715587720	A	C
glyma.Wm82.gnm2.Gm04	22221219	ss715587687	G	A
glyma.Wm82.gnm2.Gm04	22524587	ss715587680	T	G
glyma.Wm82.gnm2.Gm04	22701984	ss715587674	G	A
glyma.Wm82.gnm2.Gm04	23247415	ss715587657	G	A
glyma.Wm82.gnm2.Gm04	25207422	ss715630020	G	T
glyma.Wm82.gnm2.Gm04	25366932	ss715630024	A	G
glyma.Wm82.gnm2.Gm04	26174222	ss715630045	T	C
glyma.Wm82.gnm2.Gm04	26239431	ss715630047	G	A
glyma.Wm82.gnm2.Gm04	27401396	ss715630084	A	G
glyma.Wm82.gnm2.Gm04	27452088	ss715630085	G	A
glyma.Wm82.gnm2.Gm04	27475628	ss715630087	A	C
glyma.Wm82.gnm2.Gm04	28208509	ss715587422	C	T
glyma.Wm82.gnm2.Gm04	28621711	ss715587413	G	A
glyma.Wm82.gnm2.Gm04	28688795	ss715587410	T	C
glyma.Wm82.gnm2.Gm04	28743685	ss715587408	C	T
glyma.Wm82.gnm2.Gm04	28875167	ss715587402	C	A
glyma.Wm82.gnm2.Gm04	28999845	ss715587397	C	A
glyma.Wm82.gnm2.Gm04	29331272	ss715587385	T	C
glyma.Wm82.gnm2.Gm04	29536629	ss715587377	C	T
glyma.Wm82.gnm2.Gm04	29628650	ss715587374	A	G
glyma.Wm82.gnm2.Gm04	29875059	ss715587368	C	T
glyma.Wm82.gnm2.Gm04	30187490	ss715587360	A	G
glyma.Wm82.gnm2.Gm04	30764494	ss715587335	C	T
glyma.Wm82.gnm2.Gm04	30958409	ss715587331	G	A
glyma.Wm82.gnm2.Gm04	31406051	ss715587322	G	A
glyma.Wm82.gnm2.Gm04	31715861	ss715587431	T	C
glyma.Wm82.gnm2.Gm04	32721691	ss715587460	G	A
glyma.Wm82.gnm2.Gm04	32782075	ss715587463	G	T
glyma.Wm82.gnm2.Gm04	33331144	ss715587474	A	G
glyma.Wm82.gnm2.Gm04	33448204	ss715587478	C	T
glyma.Wm82.gnm2.Gm04	34431168	ss715587508	G	T
glyma.Wm82.gnm2.Gm04	35529334	ss715587537	C	T
glyma.Wm82.gnm2.Gm04	36201544	ss715587555	G	T
glyma.Wm82.gnm2.Gm04	36524173	ss715587565	G	A
glyma.Wm82.gnm2.Gm04	36549159	ss715587566	G	A
glyma.Wm82.gnm2.Gm04	36771132	ss715587573	C	T
glyma.Wm82.gnm2.Gm04	36992403	ss715587581	G	T
glyma.Wm82.gnm2.Gm04	37187883	ss715587585	A	G
glyma.Wm82.gnm2.Gm04	37366196	ss715587592	G	A
glyma.Wm82.gnm2.Gm04	37547721	ss715587597	A	G
glyma.Wm82.gnm2.Gm04	37650714	ss715587599	C	T
glyma.Wm82.gnm2.Gm04	37750626	ss715587601	C	T
glyma.Wm82.gnm2.Gm04	37779179	ss715587602	T	C
glyma.Wm82.gnm2.Gm04	37965982	ss715587775	G	A
glyma.Wm82.gnm2.Gm04	37990873	ss715587776	T	G
glyma.Wm82.gnm2.Gm04	38238861	ss715587782	A	C
glyma.Wm82.gnm2.Gm04	38334609	ss715587784	A	G
glyma.Wm82.gnm2.Gm04	38413314	ss715587787	C	T
glyma.Wm82.gnm2.Gm04	38690809	ss715587797	A	G
glyma.Wm82.gnm2.Gm04	38838816	ss715587800	T	G
glyma.Wm82.gnm2.Gm04	39189744	ss715587811	G	A
glyma.Wm82.gnm2.Gm04	39304741	ss715587816	A	G
glyma.Wm82.gnm2.Gm04	39425474	ss715587819	C	T
glyma.Wm82.gnm2.Gm04	39537520	ss715587826	A	G
glyma.Wm82.gnm2.Gm04	39885590	ss715587840	A	C
glyma.Wm82.gnm2.Gm04	40276263	ss715587857	A	G
glyma.Wm82.gnm2.Gm04	40465991	ss715587863	C	T
glyma.Wm82.gnm2.Gm04	40944495	ss715587878	T	C
glyma.Wm82.gnm2.Gm04	42026986	ss715587915	T	G
glyma.Wm82.gnm2.Gm04	42302541	ss715587924	C	T
glyma.Wm82.gnm2.Gm04	43396120	ss715587960	G	A
glyma.Wm82.gnm2.Gm04	43495097	ss715587966	G	A
glyma.Wm82.gnm2.Gm04	43495919	ss715587967	G	A
glyma.Wm82.gnm2.Gm04	43534653	ss715587971	T	C
glyma.Wm82.gnm2.Gm04	43567303	ss715587980	C	A
glyma.Wm82.gnm2.Gm04	43679584	ss715587989	G	A
glyma.Wm82.gnm2.Gm04	43815452	ss715588012	T	G
glyma.Wm82.gnm2.Gm04	43822888	ss715588017	G	A
glyma.Wm82.gnm2.Gm04	43834684	ss715588022	G	A
glyma.Wm82.gnm2.Gm04	43843272	ss715588024	G	A
glyma.Wm82.gnm2.Gm04	43922714	ss715588034	A	G
glyma.Wm82.gnm2.Gm04	44063802	ss715588044	T	C
glyma.Wm82.gnm2.Gm04	44158455	ss715588058	A	G
glyma.Wm82.gnm2.Gm04	44218913	ss715588062	A	G
glyma.Wm82.gnm2.Gm04	44336349	ss715588066	G	A
glyma.Wm82.gnm2.Gm04	44488365	ss715588084	A	G
glyma.Wm82.gnm2.Gm04	44593740	ss715588090	T	C
glyma.Wm82.gnm2.Gm04	44712407	ss715588102	A	G
glyma.Wm82.gnm2.Gm04	44734784	ss715588110	T	C
glyma.Wm82.gnm2.Gm04	44765275	ss715588119	A	G
glyma.Wm82.gnm2.Gm04	44848223	ss715588125	A	C
glyma.Wm82.gnm2.Gm04	44937096	ss715588133	C	T
glyma.Wm82.gnm2.Gm04	44940071	ss715588134	G	A
glyma.Wm82.gnm2.Gm04	44946157	ss715588136	T	C
glyma.Wm82.gnm2.Gm04	44949457	ss715588137	A	C
glyma.Wm82.gnm2.Gm04	44972762	ss715588139	C	A
glyma.Wm82.gnm2.Gm04	45010060	ss715588142	A	G
glyma.Wm82.gnm2.Gm04	45019738	ss715588144	G	A
glyma.Wm82.gnm2.Gm04	45119281	ss715588161	G	A
glyma.Wm82.gnm2.Gm04	45139541	ss715588164	G	A
glyma.Wm82.gnm2.Gm04	45176628	ss715588167	C	A
glyma.Wm82.gnm2.Gm04	45185501	ss715588170	G	A
glyma.Wm82.gnm2.Gm04	45215422	ss715588173	A	G
glyma.Wm82.gnm2.Gm04	45221840	ss715588174	T	C
glyma.Wm82.gnm2.Gm04	45302170	ss715588187	G	A
glyma.Wm82.gnm2.Gm04	45313266	ss715588192	T	C
glyma.Wm82.gnm2.Gm04	45316247	ss715588193	C	T
glyma.Wm82.gnm2.Gm04	45357435	ss715588200	A	G
glyma.Wm82.gnm2.Gm04	45359800	ss715588201	T	C
glyma.Wm82.gnm2.Gm04	45382152	ss715588209	C	T
glyma.Wm82.gnm2.Gm04	45465175	ss715588216	C	T
glyma.Wm82.gnm2.Gm04	45667722	ss715588225	T	C
glyma.Wm82.gnm2.Gm04	45700671	ss715588227	G	A
glyma.Wm82.gnm2.Gm04	45842325	ss715588236	T	C
glyma.Wm82.gnm2.Gm04	45861958	ss715588239	A	G
glyma.Wm82.gnm2.Gm04	45989303	ss715588258	T	C
glyma.Wm82.gnm2.Gm04	46159970	ss715588293	T	C
glyma.Wm82.gnm2.Gm04	46167120	ss715588298	C	T
glyma.Wm82.gnm2.Gm04	46176301	ss715588300	T	C
glyma.Wm82.gnm2.Gm04	46295839	ss715588322	T	C
glyma.Wm82.gnm2.Gm04	46355538	ss715588327	G	T
glyma.Wm82.gnm2.Gm04	46502004	ss715588345	C	T
glyma.Wm82.gnm2.Gm04	46546273	ss715588348	G	T
glyma.Wm82.gnm2.Gm04	46671194	ss715588358	C	T
glyma.Wm82.gnm2.Gm04	46736594	ss715588364	G	A
glyma.Wm82.gnm2.Gm04	46845448	ss715588381	T	G
glyma.Wm82.gnm2.Gm04	46933579	ss715588397	A	G
glyma.Wm82.gnm2.Gm04	46962349	ss715588399	T	C
glyma.Wm82.gnm2.Gm04	47029043	ss715588408	A	G
glyma.Wm82.gnm2.Gm04	47035228	ss715588412	A	C
glyma.Wm82.gnm2.Gm04	47079336	ss715588419	C	T
glyma.Wm82.gnm2.Gm04	47115874	ss715588426	T	C
glyma.Wm82.gnm2.Gm04	47129926	ss715588428	T	G
glyma.Wm82.gnm2.Gm04	47145699	ss715588432	C	T
glyma.Wm82.gnm2.Gm04	47177660	ss715588436	G	T
glyma.Wm82.gnm2.Gm04	47323021	ss715588469	A	C
glyma.Wm82.gnm2.Gm04	47432433	ss715588493	A	G
glyma.Wm82.gnm2.Gm04	47504176	ss715588501	T	G
glyma.Wm82.gnm2.Gm04	47516824	ss715588504	C	A
glyma.Wm82.gnm2.Gm04	47521234	ss715588505	A	G
glyma.Wm82.gnm2.Gm04	47800044	ss715588526	T	C
glyma.Wm82.gnm2.Gm04	47828870	ss715588529	A	G
glyma.Wm82.gnm2.Gm04	47888502	ss715588535	T	C
glyma.Wm82.gnm2.Gm04	47998964	ss715588541	C	T
glyma.Wm82.gnm2.Gm04	48049677	ss715588546	C	T
glyma.Wm82.gnm2.Gm04	48050472	ss715588547	A	G
glyma.Wm82.gnm2.Gm04	48106595	ss715588551	T	C
glyma.Wm82.gnm2.Gm04	48151930	ss715588557	C	T
glyma.Wm82.gnm2.Gm04	48185986	ss715588562	A	C
glyma.Wm82.gnm2.Gm04	48208640	ss715588567	C	T
glyma.Wm82.gnm2.Gm04	48216376	ss715588570	T	C
glyma.Wm82.gnm2.Gm04	48255748	ss715588577	T	C
glyma.Wm82.gnm2.Gm04	48256905	ss715588578	T	C
glyma.Wm82.gnm2.Gm04	48398087	ss715588606	A	C
glyma.Wm82.gnm2.Gm04	48424645	ss715588608	A	G
glyma.Wm82.gnm2.Gm04	48440152	ss715588612	C	A
glyma.Wm82.gnm2.Gm04	48442502	ss715588613	C	T
glyma.Wm82.gnm2.Gm04	48467020	ss715588617	C	T
glyma.Wm82.gnm2.Gm04	48471122	ss715588618	A	G
glyma.Wm82.gnm2.Gm04	48596734	ss715588635	A	C
glyma.Wm82.gnm2.Gm04	48643257	ss715588639	A	G
glyma.Wm82.gnm2.Gm04	48692762	ss715588645	T	C
glyma.Wm82.gnm2.Gm04	48825971	ss715588653	G	A
glyma.Wm82.gnm2.Gm04	49032308	ss715588663	T	C
glyma.Wm82.gnm2.Gm04	49036166	ss715588664	C	T
glyma.Wm82.gnm2.Gm04	49245458	ss715588684	A	C
glyma.Wm82.gnm2.Gm04	49328871	ss715588690	T	C
glyma.Wm82.gnm2.Gm04	49445947	ss715588703	G	T
glyma.Wm82.gnm2.Gm04	49565011	ss715588723	C	T
glyma.Wm82.gnm2.Gm04	49619118	ss715588732	A	C
glyma.Wm82.gnm2.Gm04	49624109	ss715588734	G	T
glyma.Wm82.gnm2.Gm04	49625196	ss715588735	G	A
glyma.Wm82.gnm2.Gm04	49694601	ss715588742	A	G
glyma.Wm82.gnm2.Gm04	49700235	ss715588744	G	T
glyma.Wm82.gnm2.Gm04	49729759	ss715588747	T	G
glyma.Wm82.gnm2.Gm04	49747513	ss715588752	C	T
glyma.Wm82.gnm2.Gm04	49767925	ss715588755	T	C
glyma.Wm82.gnm2.Gm04	49770585	ss715588756	A	G
glyma.Wm82.gnm2.Gm04	49776863	ss715588759	C	T
glyma.Wm82.gnm2.Gm04	49819015	ss715588768	T	C
glyma.Wm82.gnm2.Gm04	49845456	ss715588772	T	C
glyma.Wm82.gnm2.Gm04	49851133	ss715588776	C	T
glyma.Wm82.gnm2.Gm04	49940702	ss715588790	C	T
glyma.Wm82.gnm2.Gm04	49985128	ss715588802	C	A
glyma.Wm82.gnm2.Gm04	50010857	ss715588807	T	G
glyma.Wm82.gnm2.Gm04	50067736	ss715588812	G	T
glyma.Wm82.gnm2.Gm04	50166300	ss715588825	C	T
glyma.Wm82.gnm2.Gm04	50247935	ss715588832	T	C
glyma.Wm82.gnm2.Gm04	50255985	ss715588833	T	C
glyma.Wm82.gnm2.Gm04	50317821	ss715588842	T	G
glyma.Wm82.gnm2.Gm04	50325400	ss715588843	A	G
glyma.Wm82.gnm2.Gm04	50333174	ss715588844	G	A
glyma.Wm82.gnm2.Gm04	50383599	ss715588846	A	C
glyma.Wm82.gnm2.Gm04	50431838	ss715588853	A	C
glyma.Wm82.gnm2.Gm04	50531883	ss715588871	T	C
glyma.Wm82.gnm2.Gm04	50653076	ss715588882	T	G
glyma.Wm82.gnm2.Gm04	50663898	ss715588884	A	C
glyma.Wm82.gnm2.Gm04	50720438	ss715588887	T	G
glyma.Wm82.gnm2.Gm04	50773537	ss715588888	A	G
glyma.Wm82.gnm2.Gm04	50778149	ss715588889	G	T
glyma.Wm82.gnm2.Gm04	50798340	ss715588892	G	A
glyma.Wm82.gnm2.Gm04	50806859	ss715588894	C	A
glyma.Wm82.gnm2.Gm04	50809974	ss715588895	C	A
glyma.Wm82.gnm2.Gm04	50851769	ss715588904	G	T
glyma.Wm82.gnm2.Gm04	50951354	ss715588909	A	C
glyma.Wm82.gnm2.Gm04	51118113	ss715588920	A	G
glyma.Wm82.gnm2.Gm04	51176711	ss715588925	G	A
glyma.Wm82.gnm2.Gm04	51188381	ss715588928	T	C
glyma.Wm82.gnm2.Gm04	51198194	ss715588929	T	C
glyma.Wm82.gnm2.Gm04	51264503	ss715588939	T	C
glyma.Wm82.gnm2.Gm04	51312981	ss715588945	A	C
glyma.Wm82.gnm2.Gm04	51347201	ss715588952	C	T
glyma.Wm82.gnm2.Gm04	51420157	ss715588961	C	A
glyma.Wm82.gnm2.Gm04	51468393	ss715588964	C	T
glyma.Wm82.gnm2.Gm04	51502309	ss715588967	A	G
glyma.Wm82.gnm2.Gm04	51505191	ss715588968	G	A
glyma.Wm82.gnm2.Gm04	51820047	ss715588993	G	T
glyma.Wm82.gnm2.Gm04	51839326	ss715588995	C	A
glyma.Wm82.gnm2.Gm04	51857351	ss715588998	T	C
glyma.Wm82.gnm2.Gm04	51965841	ss715589009	T	C
glyma.Wm82.gnm2.Gm04	52059726	ss715589021	G	T
glyma.Wm82.gnm2.Gm04	52088301	ss715589024	T	C
glyma.Wm82.gnm2.Gm04	52093150	ss715589025	C	T
glyma.Wm82.gnm2.Gm04	52214184	ss715589031	G	A
glyma.Wm82.gnm2.Gm04	52279737	ss715589034	A	C
glyma.Wm82.gnm2.Gm04	52287228	ss715589035	G	A
glyma.Wm82.gnm2.Gm04	52311774	ss715589036	A	G
glyma.Wm82.gnm2.Gm04	52360037	ss715589041	A	G
glyma.Wm82.gnm2.Gm04	52367723	ss715589042	C	T
glyma.Wm82.gnm2.Gm05	49757	ss715592628	A	C
glyma.Wm82.gnm2.Gm05	96240	ss715592624	A	G
glyma.Wm82.gnm2.Gm05	307904	ss715592593	A	C
glyma.Wm82.gnm2.Gm05	334330	ss715592586	A	G
glyma.Wm82.gnm2.Gm05	406096	ss715592577	CTTTTTTTTTTTGAAA	.
glyma.Wm82.gnm2.Gm05	452421	ss715592567	C	T
glyma.Wm82.gnm2.Gm05	454444	ss715592566	A	G
glyma.Wm82.gnm2.Gm05	455690	ss715592564	C	T
glyma.Wm82.gnm2.Gm05	472701	ss715592557	T	C
glyma.Wm82.gnm2.Gm05	593685	ss715592540	T	C
glyma.Wm82.gnm2.Gm05	626900	ss715592535	G	A
glyma.Wm82.gnm2.Gm05	627121	ss715592534	G	A
glyma.Wm82.gnm2.Gm05	750045	ss715592523	G	T
glyma.Wm82.gnm2.Gm05	825785	ss715592519	A	G
glyma.Wm82.gnm2.Gm05	828174	ss715592518	T	G
glyma.Wm82.gnm2.Gm05	1127602	ss715592498	C	A
glyma.Wm82.gnm2.Gm05	1142437	ss715592497	G	A
glyma.Wm82.gnm2.Gm05	1196444	ss715592494	T	C
glyma.Wm82.gnm2.Gm05	1323486	ss715592489	A	G
glyma.Wm82.gnm2.Gm05	1375337	ss715592485	C	T
glyma.Wm82.gnm2.Gm05	1378611	ss715592484	T	C
glyma.Wm82.gnm2.Gm05	1444334	ss715592479	C	T
glyma.Wm82.gnm2.Gm05	1501278	ss715592474	T	C
glyma.Wm82.gnm2.Gm05	1543288	ss715592470	C	T
glyma.Wm82.gnm2.Gm05	1708576	ss715590890	A	G
glyma.Wm82.gnm2.Gm05	1735007	ss715592393	T	C
glyma.Wm82.gnm2.Gm05	1897171	ss715590181	T	C
glyma.Wm82.gnm2.Gm05	1942998	ss715590300	T	G
glyma.Wm82.gnm2.Gm05	2009644	ss715590893	G	T
glyma.Wm82.gnm2.Gm05	2069948	ss715591802	T	C
glyma.Wm82.gnm2.Gm05	2086010	ss715592083	C	T
glyma.Wm82.gnm2.Gm05	2100728	ss715592265	G	A
glyma.Wm82.gnm2.Gm05	2194219	ss715592332	T	C
glyma.Wm82.gnm2.Gm05	2238811	ss715592359	T	G
glyma.Wm82.gnm2.Gm05	2309346	ss715592407	C	A
glyma.Wm82.gnm2.Gm05	2514705	ss715592524	A	G
glyma.Wm82.gnm2.Gm05	2540890	ss715592560	T	C
glyma.Wm82.gnm2.Gm05	2541592	ss715592563	G	T
glyma.Wm82.gnm2.Gm05	2562336	ss715592603	T	C
glyma.Wm82.gnm2.Gm05	2670653	ss715592663	C	A
glyma.Wm82.gnm2.Gm05	2680857	ss715589747	G	A
glyma.Wm82.gnm2.Gm05	2749364	ss715589780	C	T
glyma.Wm82.gnm2.Gm05	2790571	ss715589808	T	C
glyma.Wm82.gnm2.Gm05	2934701	ss715589857	A	C
glyma.Wm82.gnm2.Gm05	2986606	ss715589862	C	A
glyma.Wm82.gnm2.Gm05	2989398	ss715589863	A	C
glyma.Wm82.gnm2.Gm05	2992867	ss715589865	C	T
glyma.Wm82.gnm2.Gm05	2994453	ss715589868	G	A
glyma.Wm82.gnm2.Gm05	3017443	ss715589880	T	C
glyma.Wm82.gnm2.Gm05	3018740	ss715589881	G	T
glyma.Wm82.gnm2.Gm05	3035420	ss715589887	G	T
glyma.Wm82.gnm2.Gm05	3041109	ss715589889	C	T
glyma.Wm82.gnm2.Gm05	3042945	ss715589890	A	C
glyma.Wm82.gnm2.Gm05	3167369	ss715589943	G	A
glyma.Wm82.gnm2.Gm05	3287542	ss715590006	C	T
glyma.Wm82.gnm2.Gm05	3335522	ss715590022	G	T
glyma.Wm82.gnm2.Gm05	3337202	ss715590023	A	G
glyma.Wm82.gnm2.Gm05	3533248	ss715590076	A	C
glyma.Wm82.gnm2.Gm05	3645988	ss715590100	G	A
glyma.Wm82.gnm2.Gm05	3659691	ss715590101	A	G
glyma.Wm82.gnm2.Gm05	3725677	ss715590121	T	C
glyma.Wm82.gnm2.Gm05	3864192	ss715590160	T	C
glyma.Wm82.gnm2.Gm05	3872203	ss715590162	G	A
glyma.Wm82.gnm2.Gm05	3904618	ss715590170	G	A
glyma.Wm82.gnm2.Gm05	3995175	ss715590187	A	G
glyma.Wm82.gnm2.Gm05	4078501	ss715590199	T	C
glyma.Wm82.gnm2.Gm05	4150735	ss715590221	T	C
glyma.Wm82.gnm2.Gm05	4188872	ss715590231	C	T
glyma.Wm82.gnm2.Gm05	4192740	ss715590233	G	A
glyma.Wm82.gnm2.Gm05	4269814	ss715590248	C	T
glyma.Wm82.gnm2.Gm05	4279362	ss715590253	C	T
glyma.Wm82.gnm2.Gm05	4338286	ss715590272	C	T
glyma.Wm82.gnm2.Gm05	4401505	ss715590303	A	G
glyma.Wm82.gnm2.Gm05	4438041	ss715590318	T	C
glyma.Wm82.gnm2.Gm05	4482720	ss715590343	C	T
glyma.Wm82.gnm2.Gm05	4490574	ss715590347	T	G
glyma.Wm82.gnm2.Gm05	4496000	ss715590351	C	T
glyma.Wm82.gnm2.Gm05	4576780	ss715590401	A	C
glyma.Wm82.gnm2.Gm05	4597560	ss715590413	G	T
glyma.Wm82.gnm2.Gm05	4794079	ss715590559	T	C
glyma.Wm82.gnm2.Gm05	4801543	ss715590564	T	C
glyma.Wm82.gnm2.Gm05	4904466	ss715590741	T	C
glyma.Wm82.gnm2.Gm05	4933969	ss715590762	G	A
glyma.Wm82.gnm2.Gm05	5001282	ss715590818	A	G
glyma.Wm82.gnm2.Gm05	5126348	ss715591004	A	G
glyma.Wm82.gnm2.Gm05	5139309	ss715591022	T	C
glyma.Wm82.gnm2.Gm05	5162077	ss715591053	A	G
glyma.Wm82.gnm2.Gm05	5246395	ss715591172	T	C
glyma.Wm82.gnm2.Gm05	5251714	ss715591179	G	T
glyma.Wm82.gnm2.Gm05	5297643	ss715591266	T	G
glyma.Wm82.gnm2.Gm05	5321629	ss715591291	G	A
glyma.Wm82.gnm2.Gm05	5350145	ss715591320	A	C
glyma.Wm82.gnm2.Gm05	5398115	ss715591397	G	A
glyma.Wm82.gnm2.Gm05	5398331	ss715591398	C	T
glyma.Wm82.gnm2.Gm05	5569570	ss715591645	A	G
glyma.Wm82.gnm2.Gm05	5632150	ss715591738	A	G
glyma.Wm82.gnm2.Gm05	5801488	ss715592041	G	A
glyma.Wm82.gnm2.Gm05	5812132	ss715592060	T	C
glyma.Wm82.gnm2.Gm05	5846116	ss715592148	G	A
glyma.Wm82.gnm2.Gm05	5875117	ss715592220	C	T
glyma.Wm82.gnm2.Gm05	5875471	ss715592223	T	C
glyma.Wm82.gnm2.Gm05	5886096	ss715592234	G	A
glyma.Wm82.gnm2.Gm05	5968020	ss715592264	A	G
glyma.Wm82.gnm2.Gm05	6089472	ss715592272	T	C
glyma.Wm82.gnm2.Gm05	6094430	ss715592273	A	C
glyma.Wm82.gnm2.Gm05	6098242	ss715592279	C	T
glyma.Wm82.gnm2.Gm05	6133550	ss715592281	A	G
glyma.Wm82.gnm2.Gm05	6149022	ss715592282	G	A
glyma.Wm82.gnm2.Gm05	6158147	ss715592283	C	T
glyma.Wm82.gnm2.Gm05	6172696	ss715592284	G	T
glyma.Wm82.gnm2.Gm05	6264333	ss715592294	G	A
glyma.Wm82.gnm2.Gm05	6286591	ss715592295	A	G
glyma.Wm82.gnm2.Gm05	6427479	ss715592306	C	A
glyma.Wm82.gnm2.Gm05	6427793	ss715592307	G	A
glyma.Wm82.gnm2.Gm05	6504089	ss715592310	C	T
glyma.Wm82.gnm2.Gm05	6534851	ss715592311	C	T
glyma.Wm82.gnm2.Gm05	6561437	ss715592312	C	T
glyma.Wm82.gnm2.Gm05	6567154	ss715592314	A	G
glyma.Wm82.gnm2.Gm05	6607128	ss715592316	T	C
glyma.Wm82.gnm2.Gm05	6662671	ss715592319	A	G
glyma.Wm82.gnm2.Gm05	6772213	ss715592322	T	C
glyma.Wm82.gnm2.Gm05	6781298	ss715592323	G	T
glyma.Wm82.gnm2.Gm05	6785965	ss715592324	G	T
glyma.Wm82.gnm2.Gm05	6827582	ss715592326	G	A
glyma.Wm82.gnm2.Gm05	6828069	ss715592327	G	A
glyma.Wm82.gnm2.Gm05	6855429	ss715592328	G	T
glyma.Wm82.gnm2.Gm05	6858511	ss715592329	T	C
glyma.Wm82.gnm2.Gm05	6929501	ss715592333	C	T
glyma.Wm82.gnm2.Gm05	6943050	ss715592335	A	C
glyma.Wm82.gnm2.Gm05	6948279	ss715592336	C	T
glyma.Wm82.gnm2.Gm05	7047394	ss715592342	A	G
glyma.Wm82.gnm2.Gm05	7119895	ss715592347	A	G
glyma.Wm82.gnm2.Gm05	7221980	ss715592352	C	A
glyma.Wm82.gnm2.Gm05	7418401	ss715592366	G	A
glyma.Wm82.gnm2.Gm05	7530949	ss715592369	T	C
glyma.Wm82.gnm2.Gm05	7532117	ss715592370	G	A
glyma.Wm82.gnm2.Gm05	7532862	ss715592371	A	G
glyma.Wm82.gnm2.Gm05	7554763	ss715592379	G	A
glyma.Wm82.gnm2.Gm05	7647416	ss715592391	T	C
glyma.Wm82.gnm2.Gm05	7666517	ss715592392	T	G
glyma.Wm82.gnm2.Gm05	7963945	ss715592403	C	T
glyma.Wm82.gnm2.Gm05	8107072	ss715592409	G	A
glyma.Wm82.gnm2.Gm05	8320926	ss715592421	T	C
glyma.Wm82.gnm2.Gm05	8376121	ss715592424	A	G
glyma.Wm82.gnm2.Gm05	8411366	ss715592425	G	A
glyma.Wm82.gnm2.Gm05	8565688	ss715592435	G	A
glyma.Wm82.gnm2.Gm05	8855778	ss715592452	C	T
glyma.Wm82.gnm2.Gm05	8933345	ss715592454	T	C
glyma.Wm82.gnm2.Gm05	9384035	ss715590033	G	A
glyma.Wm82.gnm2.Gm05	9656596	ss715590026	G	A
glyma.Wm82.gnm2.Gm05	9777152	ss715590020	G	A
glyma.Wm82.gnm2.Gm05	10435501	ss715589994	C	T
glyma.Wm82.gnm2.Gm05	10446868	ss715589993	C	T
glyma.Wm82.gnm2.Gm05	10515839	ss715589990	C	T
glyma.Wm82.gnm2.Gm05	10560387	ss715589988	C	T
glyma.Wm82.gnm2.Gm05	10825313	ss715589974	G	A
glyma.Wm82.gnm2.Gm05	11189238	ss715589956	T	C
glyma.Wm82.gnm2.Gm05	11498476	ss715589937	T	C
glyma.Wm82.gnm2.Gm05	11521127	ss715589934	C	T
glyma.Wm82.gnm2.Gm05	11550195	ss715589932	G	A
glyma.Wm82.gnm2.Gm05	11592445	ss715589928	C	T
glyma.Wm82.gnm2.Gm05	11694158	ss715589922	G	T
glyma.Wm82.gnm2.Gm05	11717203	ss715589921	A	G
glyma.Wm82.gnm2.Gm05	11754846	ss715589754	A	G
glyma.Wm82.gnm2.Gm05	11927104	ss715589751	C	T
glyma.Wm82.gnm2.Gm05	11943690	ss715589750	A	G
glyma.Wm82.gnm2.Gm05	12032110	ss715592670	G	T
glyma.Wm82.gnm2.Gm05	12037684	ss715592669	G	A
glyma.Wm82.gnm2.Gm05	12102790	ss715592661	C	T
glyma.Wm82.gnm2.Gm05	12236242	ss715592658	A	C
glyma.Wm82.gnm2.Gm05	12254419	ss715592657	G	A
glyma.Wm82.gnm2.Gm05	12258746	ss715592656	C	T
glyma.Wm82.gnm2.Gm05	12270822	ss715592654	G	A
glyma.Wm82.gnm2.Gm05	12622639	ss715592646	T	C
glyma.Wm82.gnm2.Gm05	12713231	ss715592641	C	T
glyma.Wm82.gnm2.Gm05	12724195	ss715592640	C	T
glyma.Wm82.gnm2.Gm05	13358225	ss715590119	T	C
glyma.Wm82.gnm2.Gm05	13791729	ss715590104	C	T
glyma.Wm82.gnm2.Gm05	14161152	ss715590098	C	A
glyma.Wm82.gnm2.Gm05	14534804	ss715590095	C	T
glyma.Wm82.gnm2.Gm05	14963927	ss715590084	A	G
glyma.Wm82.gnm2.Gm05	15038963	ss715590081	A	G
glyma.Wm82.gnm2.Gm05	15069871	ss715590078	C	T
glyma.Wm82.gnm2.Gm05	15098783	ss715590077	G	A
glyma.Wm82.gnm2.Gm05	15227747	ss715590075	G	A
glyma.Wm82.gnm2.Gm05	15518601	ss715590064	C	T
glyma.Wm82.gnm2.Gm05	15893803	ss715590053	G	A
glyma.Wm82.gnm2.Gm05	15928514	ss715590050	G	A
glyma.Wm82.gnm2.Gm05	16035714	ss715590048	G	A
glyma.Wm82.gnm2.Gm05	17262005	ss715589909	G	A
glyma.Wm82.gnm2.Gm05	17366551	ss715589908	A	G
glyma.Wm82.gnm2.Gm05	17946135	ss715589886	A	G
glyma.Wm82.gnm2.Gm05	17959339	ss715589884	C	T
glyma.Wm82.gnm2.Gm05	18136906	ss715589879	C	T
glyma.Wm82.gnm2.Gm05	18385324	ss715589864	T	C
glyma.Wm82.gnm2.Gm05	18841810	ss715589845	C	T
glyma.Wm82.gnm2.Gm05	19336160	ss715589836	A	G
glyma.Wm82.gnm2.Gm05	19357968	ss715589835	C	A
glyma.Wm82.gnm2.Gm05	19718787	ss715589821	A	G
glyma.Wm82.gnm2.Gm05	19767716	ss715589817	G	A
glyma.Wm82.gnm2.Gm05	19811691	ss715589816	G	A
glyma.Wm82.gnm2.Gm05	19891015	ss715589811	T	C
glyma.Wm82.gnm2.Gm05	20136329	ss715589801	C	A
glyma.Wm82.gnm2.Gm05	20264293	ss715589796	C	T
glyma.Wm82.gnm2.Gm05	20449068	ss715589776	T	C
glyma.Wm82.gnm2.Gm05	20961875	ss715590153	G	T
glyma.Wm82.gnm2.Gm05	21731809	ss715590134	T	C
glyma.Wm82.gnm2.Gm05	21934409	ss715590163	G	A
glyma.Wm82.gnm2.Gm05	21956470	ss715590164	T	C
glyma.Wm82.gnm2.Gm05	22024638	ss715590166	T	C
glyma.Wm82.gnm2.Gm05	22052136	ss715590167	G	A
glyma.Wm82.gnm2.Gm05	22449983	ss715590177	C	T
glyma.Wm82.gnm2.Gm05	22470714	ss715590178	C	T
glyma.Wm82.gnm2.Gm05	22487970	ss715590179	C	T
glyma.Wm82.gnm2.Gm05	22749931	ss715590182	G	T
glyma.Wm82.gnm2.Gm05	23319412	ss715590188	T	G
glyma.Wm82.gnm2.Gm05	23566941	ss715590191	T	C
glyma.Wm82.gnm2.Gm05	24004598	ss715590202	G	T
glyma.Wm82.gnm2.Gm05	24146504	ss715590207	C	A
glyma.Wm82.gnm2.Gm05	24209035	ss715590210	G	A
glyma.Wm82.gnm2.Gm05	24289393	ss715590211	T	C
glyma.Wm82.gnm2.Gm05	24314289	ss715590212	A	G
glyma.Wm82.gnm2.Gm05	24372154	ss715590213	G	A
glyma.Wm82.gnm2.Gm05	24665482	ss715590219	T	C
glyma.Wm82.gnm2.Gm05	24688800	ss715590220	C	T
glyma.Wm82.gnm2.Gm05	24754098	ss715590223	C	T
glyma.Wm82.gnm2.Gm05	24898841	ss715590227	C	T
glyma.Wm82.gnm2.Gm05	24943520	ss715590229	C	A
glyma.Wm82.gnm2.Gm05	25836600	ss715590247	G	A
glyma.Wm82.gnm2.Gm05	25922726	ss715590250	T	C
glyma.Wm82.gnm2.Gm05	26054358	ss715590256	C	A
glyma.Wm82.gnm2.Gm05	26104805	ss715590257	G	A
glyma.Wm82.gnm2.Gm05	26149868	ss715590258	A	G
glyma.Wm82.gnm2.Gm05	26241139	ss715590260	C	T
glyma.Wm82.gnm2.Gm05	26263448	ss715590261	G	A
glyma.Wm82.gnm2.Gm05	26288171	ss715590262	C	T
glyma.Wm82.gnm2.Gm05	26340019	ss715590265	C	T
glyma.Wm82.gnm2.Gm05	26413417	ss715590268	C	T
glyma.Wm82.gnm2.Gm05	26557370	ss715590271	G	A
glyma.Wm82.gnm2.Gm05	26706779	ss715590279	C	T
glyma.Wm82.gnm2.Gm05	26829240	ss715590283	T	C
glyma.Wm82.gnm2.Gm05	27007046	ss715590289	T	C
glyma.Wm82.gnm2.Gm05	27082044	ss715590291	G	A
glyma.Wm82.gnm2.Gm05	27225448	ss715590304	G	A
glyma.Wm82.gnm2.Gm05	27390517	ss715590308	C	T
glyma.Wm82.gnm2.Gm05	27463297	ss715590312	G	A
glyma.Wm82.gnm2.Gm05	27515029	ss715590314	C	T
glyma.Wm82.gnm2.Gm05	27543932	ss715590315	T	C
glyma.Wm82.gnm2.Gm05	27611613	ss715590317	G	A
glyma.Wm82.gnm2.Gm05	27705834	ss715590323	C	T
glyma.Wm82.gnm2.Gm05	27781780	ss715590329	C	T
glyma.Wm82.gnm2.Gm05	27798295	ss715590331	G	A
glyma.Wm82.gnm2.Gm05	27910507	ss715590335	C	A
glyma.Wm82.gnm2.Gm05	28081265	ss715590344	C	A
glyma.Wm82.gnm2.Gm05	28101943	ss715590345	A	G
glyma.Wm82.gnm2.Gm05	28271908	ss715590357	C	T
glyma.Wm82.gnm2.Gm05	28372435	ss715590364	C	T
glyma.Wm82.gnm2.Gm05	29291379	ss715590422	A	C
glyma.Wm82.gnm2.Gm05	29352382	ss715590425	G	A
glyma.Wm82.gnm2.Gm05	29435438	ss715590429	G	T
glyma.Wm82.gnm2.Gm05	29745619	ss715590440	C	A
glyma.Wm82.gnm2.Gm05	29869059	ss715590445	C	T
glyma.Wm82.gnm2.Gm05	29892251	ss715590447	C	T
glyma.Wm82.gnm2.Gm05	29909296	ss715590448	G	A
glyma.Wm82.gnm2.Gm05	29946611	ss715590450	G	A
glyma.Wm82.gnm2.Gm05	30005876	ss715590455	A	C
glyma.Wm82.gnm2.Gm05	30164936	ss715590464	C	T
glyma.Wm82.gnm2.Gm05	30504250	ss715590478	C	T
glyma.Wm82.gnm2.Gm05	30529724	ss715590479	C	T
glyma.Wm82.gnm2.Gm05	30537465	ss715590481	C	T
glyma.Wm82.gnm2.Gm05	30558242	ss715590483	G	A
glyma.Wm82.gnm2.Gm05	30571663	ss715590485	G	A
glyma.Wm82.gnm2.Gm05	30573164	ss715590487	G	A
glyma.Wm82.gnm2.Gm05	30586475	ss715590488	G	A
glyma.Wm82.gnm2.Gm05	30598488	ss715590491	G	A
glyma.Wm82.gnm2.Gm05	30599126	ss715590492	A	G
glyma.Wm82.gnm2.Gm05	30710000	ss715590505	T	C
glyma.Wm82.gnm2.Gm05	30715391	ss715590506	T	C
glyma.Wm82.gnm2.Gm05	30725858	ss715590511	G	A
glyma.Wm82.gnm2.Gm05	30734349	ss715590513	G	A
glyma.Wm82.gnm2.Gm05	30743455	ss715590514	G	A
glyma.Wm82.gnm2.Gm05	30789143	ss715590523	G	A
glyma.Wm82.gnm2.Gm05	30806383	ss715590525	G	A
glyma.Wm82.gnm2.Gm05	30934206	ss715590534	T	C
glyma.Wm82.gnm2.Gm05	31005996	ss715590540	A	G
glyma.Wm82.gnm2.Gm05	31012267	ss715590541	G	A
glyma.Wm82.gnm2.Gm05	31029637	ss715590543	C	T
glyma.Wm82.gnm2.Gm05	31030260	ss715590546	A	G
glyma.Wm82.gnm2.Gm05	31035817	ss715590548	G	A
glyma.Wm82.gnm2.Gm05	31068959	ss715590552	T	C
glyma.Wm82.gnm2.Gm05	31094404	ss715590554	A	G
glyma.Wm82.gnm2.Gm05	31230256	ss715590581	A	G
glyma.Wm82.gnm2.Gm05	31323121	ss715590602	C	T
glyma.Wm82.gnm2.Gm05	31325092	ss715590603	C	T
glyma.Wm82.gnm2.Gm05	31387839	ss715590614	A	G
glyma.Wm82.gnm2.Gm05	31404835	ss715590619	T	C
glyma.Wm82.gnm2.Gm05	31602889	ss715590655	C	T
glyma.Wm82.gnm2.Gm05	31652630	ss715590666	C	A
glyma.Wm82.gnm2.Gm05	31682263	ss715590674	G	A
glyma.Wm82.gnm2.Gm05	31703441	ss715590678	C	A
glyma.Wm82.gnm2.Gm05	31730330	ss715590683	G	A
glyma.Wm82.gnm2.Gm05	31732888	ss715590687	C	T
glyma.Wm82.gnm2.Gm05	31763358	ss715590693	T	G
glyma.Wm82.gnm2.Gm05	31799155	ss715590700	C	T
glyma.Wm82.gnm2.Gm05	31854206	ss715590708	G	A
glyma.Wm82.gnm2.Gm05	31932170	ss715590713	A	C
glyma.Wm82.gnm2.Gm05	31961902	ss715590723	T	C
glyma.Wm82.gnm2.Gm05	31963188	ss715590724	A	G
glyma.Wm82.gnm2.Gm05	32036241	ss715590733	T	C
glyma.Wm82.gnm2.Gm05	32036641	ss715590734	A	G
glyma.Wm82.gnm2.Gm05	32150188	ss715590742	A	G
glyma.Wm82.gnm2.Gm05	32152461	ss715590743	A	G
glyma.Wm82.gnm2.Gm05	32203496	ss715590745	T	C
glyma.Wm82.gnm2.Gm05	32209583	ss715590746	T	C
glyma.Wm82.gnm2.Gm05	32213399	ss715590747	C	T
glyma.Wm82.gnm2.Gm05	32388216	ss715590756	C	A
glyma.Wm82.gnm2.Gm05	32398054	ss715590760	G	A
glyma.Wm82.gnm2.Gm05	32564578	ss715590766	G	A
glyma.Wm82.gnm2.Gm05	32664239	ss715590777	T	C
glyma.Wm82.gnm2.Gm05	32798930	ss715590783	A	C
glyma.Wm82.gnm2.Gm05	32824324	ss715590785	T	C
glyma.Wm82.gnm2.Gm05	32888672	ss715590790	G	A
glyma.Wm82.gnm2.Gm05	32889072	ss715590791	T	C
glyma.Wm82.gnm2.Gm05	32889431	ss715590792	C	T
glyma.Wm82.gnm2.Gm05	32890096	ss715590793	A	C
glyma.Wm82.gnm2.Gm05	32890312	ss715590794	C	T
glyma.Wm82.gnm2.Gm05	32890993	ss715590795	T	C
glyma.Wm82.gnm2.Gm05	32911408	ss715590798	G	T
glyma.Wm82.gnm2.Gm05	33015944	ss715590811	C	A
glyma.Wm82.gnm2.Gm05	33018531	ss715590813	A	G
glyma.Wm82.gnm2.Gm05	33049088	ss715590815	G	A
glyma.Wm82.gnm2.Gm05	33229042	ss715590839	G	T
glyma.Wm82.gnm2.Gm05	33251283	ss715590842	G	A
glyma.Wm82.gnm2.Gm05	33290571	ss715590845	A	G
glyma.Wm82.gnm2.Gm05	33298504	ss715590847	T	G
glyma.Wm82.gnm2.Gm05	33317583	ss715590849	C	A
glyma.Wm82.gnm2.Gm05	33334835	ss715590853	A	G
glyma.Wm82.gnm2.Gm05	33383968	ss715590859	G	A
glyma.Wm82.gnm2.Gm05	33392008	ss715590861	G	T
glyma.Wm82.gnm2.Gm05	33438894	ss715590863	G	T
glyma.Wm82.gnm2.Gm05	33476030	ss715590867	G	A
glyma.Wm82.gnm2.Gm05	33484773	ss715590870	C	T
glyma.Wm82.gnm2.Gm05	33544014	ss715590875	T	C
glyma.Wm82.gnm2.Gm05	33561571	ss715590878	C	T
glyma.Wm82.gnm2.Gm05	33723649	ss715590894	T	C
glyma.Wm82.gnm2.Gm05	33725847	ss715590895	G	A
glyma.Wm82.gnm2.Gm05	33757562	ss715590897	C	A
glyma.Wm82.gnm2.Gm05	33836740	ss715590908	C	T
glyma.Wm82.gnm2.Gm05	33869069	ss715590913	G	A
glyma.Wm82.gnm2.Gm05	33942186	ss715590930	G	A
glyma.Wm82.gnm2.Gm05	33942641	ss715590931	G	A
glyma.Wm82.gnm2.Gm05	33943408	ss715590932	C	A
glyma.Wm82.gnm2.Gm05	34049858	ss715590951	G	T
glyma.Wm82.gnm2.Gm05	34067531	ss715590961	A	C
glyma.Wm82.gnm2.Gm05	34109659	ss715590970	G	A
glyma.Wm82.gnm2.Gm05	34133545	ss715590974	G	A
glyma.Wm82.gnm2.Gm05	34190939	ss715590981	G	T
glyma.Wm82.gnm2.Gm05	34225758	ss715590984	T	C
glyma.Wm82.gnm2.Gm05	34304623	ss715590989	T	C
glyma.Wm82.gnm2.Gm05	34305148	ss715590990	T	C
glyma.Wm82.gnm2.Gm05	34326993	ss715590993	A	C
glyma.Wm82.gnm2.Gm05	34333499	ss715590995	T	G
glyma.Wm82.gnm2.Gm05	34525983	ss715591025	C	T
glyma.Wm82.gnm2.Gm05	34695858	ss715591044	A	C
glyma.Wm82.gnm2.Gm05	34820421	ss715591062	C	T
glyma.Wm82.gnm2.Gm05	34888423	ss715591070	A	C
glyma.Wm82.gnm2.Gm05	34913777	ss715591074	G	A
glyma.Wm82.gnm2.Gm05	35158609	ss715591118	A	G
glyma.Wm82.gnm2.Gm05	35223612	ss715591129	A	G
glyma.Wm82.gnm2.Gm05	35317323	ss715591142	T	G
glyma.Wm82.gnm2.Gm05	35478418	ss715591161	A	C
glyma.Wm82.gnm2.Gm05	35644549	ss715591189	A	G
glyma.Wm82.gnm2.Gm05	35684272	ss715591192	T	G
glyma.Wm82.gnm2.Gm05	35779894	ss715591199	G	A
glyma.Wm82.gnm2.Gm05	35811621	ss715591206	T	C
glyma.Wm82.gnm2.Gm05	35884378	ss715591216	C	T
glyma.Wm82.gnm2.Gm05	35994339	ss715591237	G	T
glyma.Wm82.gnm2.Gm05	36014458	ss715591241	A	C
glyma.Wm82.gnm2.Gm05	36027041	ss715591245	C	A
glyma.Wm82.gnm2.Gm05	36119204	ss715591269	T	C
glyma.Wm82.gnm2.Gm05	36119852	ss715591270	C	T
glyma.Wm82.gnm2.Gm05	36150115	ss715591273	C	T
glyma.Wm82.gnm2.Gm05	36150537	ss715591274	C	T
glyma.Wm82.gnm2.Gm05	36175324	ss715599133	T	C
glyma.Wm82.gnm2.Gm05	36190094	ss715599135	C	T
glyma.Wm82.gnm2.Gm05	36254280	ss715591282	G	A
glyma.Wm82.gnm2.Gm05	36635468	ss715591322	C	T
glyma.Wm82.gnm2.Gm05	36643998	ss715591323	T	C
glyma.Wm82.gnm2.Gm05	36695797	ss715591332	T	C
glyma.Wm82.gnm2.Gm05	36712170	ss715591335	C	T
glyma.Wm82.gnm2.Gm05	36917839	ss715591364	A	G
glyma.Wm82.gnm2.Gm05	36936239	ss715591366	A	G
glyma.Wm82.gnm2.Gm05	36961428	ss715591369	T	C
glyma.Wm82.gnm2.Gm05	36962030	ss715591370	C	T
glyma.Wm82.gnm2.Gm05	37006333	ss715591378	C	T
glyma.Wm82.gnm2.Gm05	37139944	ss715591399	T	C
glyma.Wm82.gnm2.Gm05	37197440	ss715591402	G	A
glyma.Wm82.gnm2.Gm05	37273469	ss715591407	G	T
glyma.Wm82.gnm2.Gm05	37370588	ss715591422	G	A
glyma.Wm82.gnm2.Gm05	37414768	ss715591438	G	A
glyma.Wm82.gnm2.Gm05	37430231	ss715591440	C	T
glyma.Wm82.gnm2.Gm05	37457900	ss715591444	G	A
glyma.Wm82.gnm2.Gm05	37483313	ss715591448	A	G
glyma.Wm82.gnm2.Gm05	37600273	ss715591469	C	T
glyma.Wm82.gnm2.Gm05	37603722	ss715591470	A	G
glyma.Wm82.gnm2.Gm05	37603919	ss715591471	G	A
glyma.Wm82.gnm2.Gm05	37652488	ss715591476	C	A
glyma.Wm82.gnm2.Gm05	37666831	ss715591478	G	A
glyma.Wm82.gnm2.Gm05	37676894	ss715591481	A	G
glyma.Wm82.gnm2.Gm05	37696048	ss715591485	C	T
glyma.Wm82.gnm2.Gm05	37699648	ss715591487	C	T
glyma.Wm82.gnm2.Gm05	37716147	ss715591489	T	C
glyma.Wm82.gnm2.Gm05	37919942	ss715591529	T	C
glyma.Wm82.gnm2.Gm05	37993127	ss715591543	A	G
glyma.Wm82.gnm2.Gm05	38180969	ss715591567	C	T
glyma.Wm82.gnm2.Gm05	38200138	ss715591573	T	C
glyma.Wm82.gnm2.Gm05	38225760	ss715591583	G	A
glyma.Wm82.gnm2.Gm05	38250489	ss715591588	T	C
glyma.Wm82.gnm2.Gm05	38251770	ss715591589	G	A
glyma.Wm82.gnm2.Gm05	38280209	ss715591593	C	A
glyma.Wm82.gnm2.Gm05	38313996	ss715591600	G	A
glyma.Wm82.gnm2.Gm05	38316206	ss715591602	C	T
glyma.Wm82.gnm2.Gm05	38472843	ss715592252	T	C
glyma.Wm82.gnm2.Gm05	38483062	ss715592251	A	G
glyma.Wm82.gnm2.Gm05	38502924	ss715592250	T	C
glyma.Wm82.gnm2.Gm05	38545959	ss715592248	A	G
glyma.Wm82.gnm2.Gm05	38700130	ss715592226	A	G
glyma.Wm82.gnm2.Gm05	38932159	ss715592179	A	C
glyma.Wm82.gnm2.Gm05	38936494	ss715592177	A	G
glyma.Wm82.gnm2.Gm05	38940662	ss715592176	C	T
glyma.Wm82.gnm2.Gm05	38949303	ss715592172	G	A
glyma.Wm82.gnm2.Gm05	38954118	ss715592170	A	G
glyma.Wm82.gnm2.Gm05	39039611	ss715592143	G	A
glyma.Wm82.gnm2.Gm05	39051518	ss715592135	G	T
glyma.Wm82.gnm2.Gm05	39056898	ss715592134	A	G
glyma.Wm82.gnm2.Gm05	39059789	ss715592133	T	C
glyma.Wm82.gnm2.Gm05	39061232	ss715592132	C	T
glyma.Wm82.gnm2.Gm05	39064034	ss715592129	G	A
glyma.Wm82.gnm2.Gm05	39065273	ss715592128	C	T
glyma.Wm82.gnm2.Gm05	39067209	ss715592127	T	C
glyma.Wm82.gnm2.Gm05	39072290	ss715592126	T	C
glyma.Wm82.gnm2.Gm05	39074539	ss715592125	G	A
glyma.Wm82.gnm2.Gm05	39076749	ss715592124	A	G
glyma.Wm82.gnm2.Gm05	39082116	ss715592123	T	C
glyma.Wm82.gnm2.Gm05	39082579	ss715592122	T	C
glyma.Wm82.gnm2.Gm05	39083827	ss715592121	G	A
glyma.Wm82.gnm2.Gm05	39084491	ss715592120	T	C
glyma.Wm82.gnm2.Gm05	39087702	ss715592118	T	G
glyma.Wm82.gnm2.Gm05	39097797	ss715592116	G	A
glyma.Wm82.gnm2.Gm05	39099444	ss715592114	G	A
glyma.Wm82.gnm2.Gm05	39393484	ss715592055	T	C
glyma.Wm82.gnm2.Gm05	39396012	ss715592054	C	T
glyma.Wm82.gnm2.Gm05	39445360	ss715592046	A	C
glyma.Wm82.gnm2.Gm05	39495869	ss715592035	T	G
glyma.Wm82.gnm2.Gm05	39509897	ss715592029	G	A
glyma.Wm82.gnm2.Gm05	39521729	ss715592024	C	T
glyma.Wm82.gnm2.Gm05	39627539	ss715592007	A	G
glyma.Wm82.gnm2.Gm05	39781373	ss715591980	C	T
glyma.Wm82.gnm2.Gm05	39792474	ss715591977	G	A
glyma.Wm82.gnm2.Gm05	39821141	ss715591970	C	T
glyma.Wm82.gnm2.Gm05	39907435	ss715591951	G	A
glyma.Wm82.gnm2.Gm05	39972650	ss715591935	A	G
glyma.Wm82.gnm2.Gm05	40003134	ss715591929	A	G
glyma.Wm82.gnm2.Gm05	40093324	ss715591915	G	A
glyma.Wm82.gnm2.Gm05	40137322	ss715591910	G	A
glyma.Wm82.gnm2.Gm05	40169837	ss715591905	T	C
glyma.Wm82.gnm2.Gm05	40193010	ss715591901	A	G
glyma.Wm82.gnm2.Gm05	40290412	ss715591896	C	T
glyma.Wm82.gnm2.Gm05	40528038	ss715591859	T	C
glyma.Wm82.gnm2.Gm05	40623107	ss715591849	C	T
glyma.Wm82.gnm2.Gm05	40651275	ss715591838	C	T
glyma.Wm82.gnm2.Gm05	40747480	ss715591825	G	A
glyma.Wm82.gnm2.Gm05	40750218	ss715591824	T	C
glyma.Wm82.gnm2.Gm05	40836542	ss715591810	G	T
glyma.Wm82.gnm2.Gm05	40839944	ss715591807	T	G
glyma.Wm82.gnm2.Gm05	40983930	ss715591788	T	C
glyma.Wm82.gnm2.Gm05	40986847	ss715591787	T	G
glyma.Wm82.gnm2.Gm05	41042323	ss715591772	A	G
glyma.Wm82.gnm2.Gm05	41064509	ss715591769	C	T
glyma.Wm82.gnm2.Gm05	41170755	ss715591743	C	A
glyma.Wm82.gnm2.Gm05	41176280	ss715591740	G	T
glyma.Wm82.gnm2.Gm05	41369527	ss715591703	T	C
glyma.Wm82.gnm2.Gm05	41376185	ss715591701	T	C
glyma.Wm82.gnm2.Gm05	41404483	ss715591698	T	C
glyma.Wm82.gnm2.Gm05	41493868	ss715591689	G	A
glyma.Wm82.gnm2.Gm05	41662740	ss715591660	G	A
glyma.Wm82.gnm2.Gm05	41854786	ss715591642	G	A
glyma.Wm82.gnm2.Gm05	41925052	ss715591630	T	G
glyma.Wm82.gnm2.Gm05	41968565	ss715591628	A	G
glyma.Wm82.gnm2.Gm05	42175214	ss715591620	G	T
glyma.Wm82.gnm2.Gm05	42194057	ss715591618	C	T
glyma.Wm82.gnm2.Gm06	151307	ss715593332	A	C
glyma.Wm82.gnm2.Gm06	273787	ss715594030	A	G
glyma.Wm82.gnm2.Gm06	493964	ss715595056	C	A
glyma.Wm82.gnm2.Gm06	609460	ss715595381	G	A
glyma.Wm82.gnm2.Gm06	747913	ss715595504	T	G
glyma.Wm82.gnm2.Gm06	845651	ss715595599	G	T
glyma.Wm82.gnm2.Gm06	998107	ss715595706	A	G
glyma.Wm82.gnm2.Gm06	1157432	ss715592789	C	A
glyma.Wm82.gnm2.Gm06	1457787	ss715593235	C	T
glyma.Wm82.gnm2.Gm06	1548845	ss715593347	T	C
glyma.Wm82.gnm2.Gm06	1731292	ss715593686	C	T
glyma.Wm82.gnm2.Gm06	1750134	ss715593730	T	C
glyma.Wm82.gnm2.Gm06	1756042	ss715593746	C	T
glyma.Wm82.gnm2.Gm06	1798306	ss715593776	C	T
glyma.Wm82.gnm2.Gm06	1837913	ss715593790	A	C
glyma.Wm82.gnm2.Gm06	2058685	ss715593855	T	C
glyma.Wm82.gnm2.Gm06	2073592	ss715593860	G	A
glyma.Wm82.gnm2.Gm06	2084327	ss715593863	C	T
glyma.Wm82.gnm2.Gm06	2141636	ss715593884	G	T
glyma.Wm82.gnm2.Gm06	2233905	ss715593910	A	G
glyma.Wm82.gnm2.Gm06	2389603	ss715593951	T	C
glyma.Wm82.gnm2.Gm06	2551063	ss715593992	C	A
glyma.Wm82.gnm2.Gm06	2576245	ss715593994	C	T
glyma.Wm82.gnm2.Gm06	3052400	ss715594115	G	A
glyma.Wm82.gnm2.Gm06	3085623	ss715594121	A	G
glyma.Wm82.gnm2.Gm06	3279594	ss715594164	T	C
glyma.Wm82.gnm2.Gm06	3431065	ss715594207	C	T
glyma.Wm82.gnm2.Gm06	3439084	ss715594209	G	A
glyma.Wm82.gnm2.Gm06	3447445	ss715594211	C	T
glyma.Wm82.gnm2.Gm06	3459326	ss715594216	T	C
glyma.Wm82.gnm2.Gm06	3463246	ss715594219	T	G
glyma.Wm82.gnm2.Gm06	3644771	ss715594268	T	C
glyma.Wm82.gnm2.Gm06	3659169	ss715594272	C	T
glyma.Wm82.gnm2.Gm06	3669706	ss715594279	C	A
glyma.Wm82.gnm2.Gm06	3766148	ss715594300	T	C
glyma.Wm82.gnm2.Gm06	3768356	ss715594301	T	C
glyma.Wm82.gnm2.Gm06	3947478	ss715594348	C	T
glyma.Wm82.gnm2.Gm06	3975042	ss715594353	A	G
glyma.Wm82.gnm2.Gm06	3983835	ss715594356	T	C
glyma.Wm82.gnm2.Gm06	4103625	ss715594387	A	G
glyma.Wm82.gnm2.Gm06	4157597	ss715594402	G	A
glyma.Wm82.gnm2.Gm06	4245837	ss715594424	A	G
glyma.Wm82.gnm2.Gm06	4345912	ss715594454	T	C
glyma.Wm82.gnm2.Gm06	4395621	ss715594472	A	G
glyma.Wm82.gnm2.Gm06	4656847	ss715594628	A	G
glyma.Wm82.gnm2.Gm06	4781816	ss715594879	C	T
glyma.Wm82.gnm2.Gm06	4835628	ss715594968	A	G
glyma.Wm82.gnm2.Gm06	4941014	ss715595133	G	A
glyma.Wm82.gnm2.Gm06	5184562	ss715595316	G	A
glyma.Wm82.gnm2.Gm06	5355629	ss715595326	A	C
glyma.Wm82.gnm2.Gm06	5413760	ss715595333	C	T
glyma.Wm82.gnm2.Gm06	5433911	ss715595336	T	G
glyma.Wm82.gnm2.Gm06	5490912	ss715595340	G	A
glyma.Wm82.gnm2.Gm06	5531905	ss715595346	T	C
glyma.Wm82.gnm2.Gm06	5543013	ss715595347	A	G
glyma.Wm82.gnm2.Gm06	5578939	ss715595351	G	T
glyma.Wm82.gnm2.Gm06	5635710	ss715595355	C	T
glyma.Wm82.gnm2.Gm06	5698957	ss715595359	G	A
glyma.Wm82.gnm2.Gm06	5842114	ss715595368	T	C
glyma.Wm82.gnm2.Gm06	5908941	ss715595372	A	C
glyma.Wm82.gnm2.Gm06	5949034	ss715595376	C	A
glyma.Wm82.gnm2.Gm06	6310656	ss715595404	T	C
glyma.Wm82.gnm2.Gm06	6404245	ss715595413	C	T
glyma.Wm82.gnm2.Gm06	6422602	ss715595414	C	T
glyma.Wm82.gnm2.Gm06	6568340	ss715595431	T	C
glyma.Wm82.gnm2.Gm06	6581862	ss715595435	G	A
glyma.Wm82.gnm2.Gm06	6662973	ss715595445	C	T
glyma.Wm82.gnm2.Gm06	6778981	ss715595454	C	T
glyma.Wm82.gnm2.Gm06	6914883	ss715595468	G	A
glyma.Wm82.gnm2.Gm06	7081808	ss715595479	G	A
glyma.Wm82.gnm2.Gm06	7195298	ss715595483	A	C
glyma.Wm82.gnm2.Gm06	7241705	ss715595484	G	T
glyma.Wm82.gnm2.Gm06	7263205	ss715595486	A	C
glyma.Wm82.gnm2.Gm06	7266435	ss715595488	T	C
glyma.Wm82.gnm2.Gm06	7292140	ss715595489	A	G
glyma.Wm82.gnm2.Gm06	7294993	ss715595491	A	G
glyma.Wm82.gnm2.Gm06	7295283	ss715595492	T	C
glyma.Wm82.gnm2.Gm06	7306719	ss715595494	G	T
glyma.Wm82.gnm2.Gm06	7313297	ss715595495	A	G
glyma.Wm82.gnm2.Gm06	7318768	ss715595496	T	C
glyma.Wm82.gnm2.Gm06	7327225	ss715595499	C	T
glyma.Wm82.gnm2.Gm06	7329187	ss715595500	T	G
glyma.Wm82.gnm2.Gm06	7350016	ss715595501	G	A
glyma.Wm82.gnm2.Gm06	7421034	ss715595509	G	A
glyma.Wm82.gnm2.Gm06	7470503	ss715595511	C	T
glyma.Wm82.gnm2.Gm06	7485638	ss715595513	A	G
glyma.Wm82.gnm2.Gm06	7526362	ss715595518	C	T
glyma.Wm82.gnm2.Gm06	7537508	ss715595520	A	C
glyma.Wm82.gnm2.Gm06	7659293	ss715595528	G	T
glyma.Wm82.gnm2.Gm06	7788945	ss715595549	T	C
glyma.Wm82.gnm2.Gm06	7794830	ss715595550	A	G
glyma.Wm82.gnm2.Gm06	7855112	ss715595555	A	C
glyma.Wm82.gnm2.Gm06	8100583	ss715595584	G	T
glyma.Wm82.gnm2.Gm06	8171340	ss715595585	C	T
glyma.Wm82.gnm2.Gm06	8189302	ss715595587	C	T
glyma.Wm82.gnm2.Gm06	8343876	ss715595598	G	A
glyma.Wm82.gnm2.Gm06	8587687	ss715595615	C	A
glyma.Wm82.gnm2.Gm06	8679248	ss715595621	C	T
glyma.Wm82.gnm2.Gm06	8708381	ss715595623	A	G
glyma.Wm82.gnm2.Gm06	8709297	ss715595625	G	A
glyma.Wm82.gnm2.Gm06	8710647	ss715595626	C	T
glyma.Wm82.gnm2.Gm06	8723545	ss715595628	C	T
glyma.Wm82.gnm2.Gm06	8786544	ss715595631	A	G
glyma.Wm82.gnm2.Gm06	9035819	ss715595646	G	A
glyma.Wm82.gnm2.Gm06	9039868	ss715595647	C	T
glyma.Wm82.gnm2.Gm06	9046520	ss715595649	C	A
glyma.Wm82.gnm2.Gm06	9087027	ss715595654	C	A
glyma.Wm82.gnm2.Gm06	9093024	ss715595656	T	G
glyma.Wm82.gnm2.Gm06	9363478	ss715595667	C	A
glyma.Wm82.gnm2.Gm06	9431490	ss715595673	A	G
glyma.Wm82.gnm2.Gm06	9488095	ss715595680	T	C
glyma.Wm82.gnm2.Gm06	9489404	ss715595683	A	C
glyma.Wm82.gnm2.Gm06	9647302	ss715595685	G	T
glyma.Wm82.gnm2.Gm06	9679385	ss715595687	T	C
glyma.Wm82.gnm2.Gm06	9767612	ss715595697	T	C
glyma.Wm82.gnm2.Gm06	9772068	ss715595700	C	T
glyma.Wm82.gnm2.Gm06	9798879	ss715595701	A	G
glyma.Wm82.gnm2.Gm06	9829183	ss715595704	A	G
glyma.Wm82.gnm2.Gm06	9971772	ss715595709	T	C
glyma.Wm82.gnm2.Gm06	10093339	ss715592673	C	T
glyma.Wm82.gnm2.Gm06	10120609	ss715592676	G	T
glyma.Wm82.gnm2.Gm06	10207384	ss715592679	C	T
glyma.Wm82.gnm2.Gm06	10402418	ss715592694	G	A
glyma.Wm82.gnm2.Gm06	10535874	ss715592699	C	T
glyma.Wm82.gnm2.Gm06	10596040	ss715592702	A	C
glyma.Wm82.gnm2.Gm06	10642273	ss715592704	C	T
glyma.Wm82.gnm2.Gm06	10646037	ss715592706	C	T
glyma.Wm82.gnm2.Gm06	10743312	ss715592713	C	T
glyma.Wm82.gnm2.Gm06	10745640	ss715592714	G	A
glyma.Wm82.gnm2.Gm06	10842446	ss715592718	A	G
glyma.Wm82.gnm2.Gm06	11119273	ss715592751	C	T
glyma.Wm82.gnm2.Gm06	11132875	ss715592755	G	A
glyma.Wm82.gnm2.Gm06	11134034	ss715592756	A	G
glyma.Wm82.gnm2.Gm06	11134316	ss715592757	A	C
glyma.Wm82.gnm2.Gm06	11170296	ss715592758	G	A
glyma.Wm82.gnm2.Gm06	11253285	ss715592763	G	T
glyma.Wm82.gnm2.Gm06	11351805	ss715592772	A	G
glyma.Wm82.gnm2.Gm06	11363772	ss715592777	C	T
glyma.Wm82.gnm2.Gm06	11483858	ss715592793	G	T
glyma.Wm82.gnm2.Gm06	11512075	ss715592799	G	T
glyma.Wm82.gnm2.Gm06	11536917	ss715592802	A	G
glyma.Wm82.gnm2.Gm06	11592325	ss715592805	G	A
glyma.Wm82.gnm2.Gm06	11610984	ss715592806	G	T
glyma.Wm82.gnm2.Gm06	11639364	ss715592808	A	G
glyma.Wm82.gnm2.Gm06	11641668	ss715592809	A	C
glyma.Wm82.gnm2.Gm06	11657325	ss715592810	A	G
glyma.Wm82.gnm2.Gm06	11681662	ss715592813	A	G
glyma.Wm82.gnm2.Gm06	11733097	ss715592817	T	C
glyma.Wm82.gnm2.Gm06	11733336	ss715592818	G	A
glyma.Wm82.gnm2.Gm06	11756574	ss715592819	A	G
glyma.Wm82.gnm2.Gm06	11812926	ss715592820	G	T
glyma.Wm82.gnm2.Gm06	11813160	ss715592821	T	G
glyma.Wm82.gnm2.Gm06	11841221	ss715592823	C	T
glyma.Wm82.gnm2.Gm06	11881663	ss715592831	G	.
glyma.Wm82.gnm2.Gm06	11888805	ss715592832	T	C
glyma.Wm82.gnm2.Gm06	12047572	ss715592859	G	T
glyma.Wm82.gnm2.Gm06	12170620	ss715592871	C	T
glyma.Wm82.gnm2.Gm06	12258209	ss715592874	A	G
glyma.Wm82.gnm2.Gm06	12299561	ss715592882	G	A
glyma.Wm82.gnm2.Gm06	12329255	ss715592889	A	G
glyma.Wm82.gnm2.Gm06	12342697	ss715592891	T	C
glyma.Wm82.gnm2.Gm06	12349709	ss715592892	A	G
glyma.Wm82.gnm2.Gm06	12365795	ss715592896	A	G
glyma.Wm82.gnm2.Gm06	12386812	ss715592901	A	G
glyma.Wm82.gnm2.Gm06	12447233	ss715592905	A	G
glyma.Wm82.gnm2.Gm06	12490193	ss715592921	C	T
glyma.Wm82.gnm2.Gm06	12493465	ss715592923	A	C
glyma.Wm82.gnm2.Gm06	12565917	ss715592932	C	T
glyma.Wm82.gnm2.Gm06	12635456	ss715592936	G	A
glyma.Wm82.gnm2.Gm06	12636120	ss715592937	T	C
glyma.Wm82.gnm2.Gm06	12636942	ss715592939	C	T
glyma.Wm82.gnm2.Gm06	12640466	ss715592942	G	A
glyma.Wm82.gnm2.Gm06	12764227	ss715592952	G	T
glyma.Wm82.gnm2.Gm06	12779560	ss715592955	C	T
glyma.Wm82.gnm2.Gm06	13001223	ss715592978	A	C
glyma.Wm82.gnm2.Gm06	13013386	ss715592979	C	T
glyma.Wm82.gnm2.Gm06	13054297	ss715592988	A	C
glyma.Wm82.gnm2.Gm06	13120722	ss715592993	A	G
glyma.Wm82.gnm2.Gm06	13125116	ss715592995	T	C
glyma.Wm82.gnm2.Gm06	13234736	ss715593006	T	C
glyma.Wm82.gnm2.Gm06	13249048	ss715593010	G	A
glyma.Wm82.gnm2.Gm06	13368203	ss715593030	T	C
glyma.Wm82.gnm2.Gm06	13383043	ss715593035	T	C
glyma.Wm82.gnm2.Gm06	13439756	ss715593044	G	T
glyma.Wm82.gnm2.Gm06	13555487	ss715593070	T	C
glyma.Wm82.gnm2.Gm06	13643928	ss715593082	G	A
glyma.Wm82.gnm2.Gm06	13759357	ss715593108	T	C
glyma.Wm82.gnm2.Gm06	13842680	ss715593116	T	G
glyma.Wm82.gnm2.Gm06	13844807	ss715593117	C	T
glyma.Wm82.gnm2.Gm06	13921157	ss715593136	TATAC	.
glyma.Wm82.gnm2.Gm06	13933072	ss715593138	T	G
glyma.Wm82.gnm2.Gm06	14146181	ss715593169	G	A
glyma.Wm82.gnm2.Gm06	14160265	ss715593177	C	A
glyma.Wm82.gnm2.Gm06	14277623	ss715593191	G	T
glyma.Wm82.gnm2.Gm06	14289725	ss715593198	A	G
glyma.Wm82.gnm2.Gm06	14331894	ss715593215	T	G
glyma.Wm82.gnm2.Gm06	14392763	ss715593226	C	T
glyma.Wm82.gnm2.Gm06	14445835	ss715593237	G	A
glyma.Wm82.gnm2.Gm06	14580871	ss715593259	T	C
glyma.Wm82.gnm2.Gm06	14751154	ss715593280	A	G
glyma.Wm82.gnm2.Gm06	14771088	ss715593282	C	T
glyma.Wm82.gnm2.Gm06	14786797	ss715593289	C	A
glyma.Wm82.gnm2.Gm06	14856779	ss715593297	C	T
glyma.Wm82.gnm2.Gm06	14857940	ss715593298	G	A
glyma.Wm82.gnm2.Gm06	14918492	ss715593307	A	G
glyma.Wm82.gnm2.Gm06	14932240	ss715593309	C	T
glyma.Wm82.gnm2.Gm06	14967527	ss715593313	T	C
glyma.Wm82.gnm2.Gm06	15021826	ss715593316	G	A
glyma.Wm82.gnm2.Gm06	15065867	ss715593319	G	T
glyma.Wm82.gnm2.Gm06	15157976	ss715593330	C	T
glyma.Wm82.gnm2.Gm06	15350241	ss715593346	G	A
glyma.Wm82.gnm2.Gm06	15374116	ss715593351	A	G
glyma.Wm82.gnm2.Gm06	15378629	ss715593352	G	A
glyma.Wm82.gnm2.Gm06	15379050	ss715593353	G	A
glyma.Wm82.gnm2.Gm06	15401032	ss715593354	C	T
glyma.Wm82.gnm2.Gm06	15420027	ss715593357	A	G
glyma.Wm82.gnm2.Gm06	15496031	ss715593360	A	G
glyma.Wm82.gnm2.Gm06	15498399	ss715593361	G	A
glyma.Wm82.gnm2.Gm06	15504305	ss715593366	G	A
glyma.Wm82.gnm2.Gm06	15506575	ss715593367	G	T
glyma.Wm82.gnm2.Gm06	15522282	ss715593372	T	G
glyma.Wm82.gnm2.Gm06	15612552	ss715593383	C	T
glyma.Wm82.gnm2.Gm06	15643197	ss715593391	G	A
glyma.Wm82.gnm2.Gm06	15669170	ss715593392	T	C
glyma.Wm82.gnm2.Gm06	15746307	ss715593402	C	T
glyma.Wm82.gnm2.Gm06	15841352	ss715593417	G	A
glyma.Wm82.gnm2.Gm06	15847398	ss715593423	A	G
glyma.Wm82.gnm2.Gm06	15885649	ss715593434	C	T
glyma.Wm82.gnm2.Gm06	15985465	ss715593452	G	A
glyma.Wm82.gnm2.Gm06	16160984	ss715593482	A	C
glyma.Wm82.gnm2.Gm06	16216524	ss715593498	G	A
glyma.Wm82.gnm2.Gm06	16344837	ss715593505	A	G
glyma.Wm82.gnm2.Gm06	16437500	ss715593521	C	T
glyma.Wm82.gnm2.Gm06	16469292	ss715593527	T	C
glyma.Wm82.gnm2.Gm06	16547757	ss715593561	G	A
glyma.Wm82.gnm2.Gm06	16583758	ss715593586	T	G
glyma.Wm82.gnm2.Gm06	16584233	ss715593588	A	G
glyma.Wm82.gnm2.Gm06	16627475	ss715593599	G	A
glyma.Wm82.gnm2.Gm06	16637373	ss715593602	A	G
glyma.Wm82.gnm2.Gm06	16752445	ss715593619	T	C
glyma.Wm82.gnm2.Gm06	16756234	ss715593622	C	T
glyma.Wm82.gnm2.Gm06	16789752	ss715593637	T	C
glyma.Wm82.gnm2.Gm06	16837163	ss715593645	G	A
glyma.Wm82.gnm2.Gm06	16958495	ss715593664	C	T
glyma.Wm82.gnm2.Gm06	17003550	ss715593671	G	A
glyma.Wm82.gnm2.Gm06	17214720	ss715593697	G	A
glyma.Wm82.gnm2.Gm06	17230655	ss715593702	A	G
glyma.Wm82.gnm2.Gm06	17239585	ss715593706	G	T
glyma.Wm82.gnm2.Gm06	17312406	ss715593719	C	T
glyma.Wm82.gnm2.Gm06	17433869	ss715593744	G	A
glyma.Wm82.gnm2.Gm06	17470006	ss715593757	G	A
glyma.Wm82.gnm2.Gm06	17729087	ss715593769	G	A
glyma.Wm82.gnm2.Gm06	18068204	ss715593783	T	C
glyma.Wm82.gnm2.Gm06	18230296	ss715593784	A	G
glyma.Wm82.gnm2.Gm06	18339937	ss715593788	G	A
glyma.Wm82.gnm2.Gm06	18614629	ss715593796	C	T
glyma.Wm82.gnm2.Gm06	18700460	ss715593799	C	T
glyma.Wm82.gnm2.Gm06	18733614	ss715593800	A	G
glyma.Wm82.gnm2.Gm06	19014194	ss715593808	A	G
glyma.Wm82.gnm2.Gm06	19354163	ss715593816	T	C
glyma.Wm82.gnm2.Gm06	19858251	ss715593832	A	G
glyma.Wm82.gnm2.Gm06	19913355	ss715593833	A	C
glyma.Wm82.gnm2.Gm06	20048520	ss715593837	A	G
glyma.Wm82.gnm2.Gm06	20419977	ss715593846	C	T
glyma.Wm82.gnm2.Gm06	20596465	ss715593854	A	G
glyma.Wm82.gnm2.Gm06	20633420	ss715593856	A	G
glyma.Wm82.gnm2.Gm06	20916554	ss715593865	A	G
glyma.Wm82.gnm2.Gm06	20966229	ss715593867	T	C
glyma.Wm82.gnm2.Gm06	21633292	ss715593885	C	T
glyma.Wm82.gnm2.Gm06	21956761	ss715593899	C	T
glyma.Wm82.gnm2.Gm06	21986774	ss715593900	A	G
glyma.Wm82.gnm2.Gm06	22117594	ss715593903	G	A
glyma.Wm82.gnm2.Gm06	22187936	ss715593905	G	A
glyma.Wm82.gnm2.Gm06	22238159	ss715593907	G	A
glyma.Wm82.gnm2.Gm06	22303153	ss715593908	C	T
glyma.Wm82.gnm2.Gm06	22384642	ss715593911	T	C
glyma.Wm82.gnm2.Gm06	22412300	ss715593912	T	C
glyma.Wm82.gnm2.Gm06	22449073	ss715593913	T	C
glyma.Wm82.gnm2.Gm06	22783857	ss715593925	T	C
glyma.Wm82.gnm2.Gm06	22932698	ss715593929	C	A
glyma.Wm82.gnm2.Gm06	23577250	ss715593950	A	G
glyma.Wm82.gnm2.Gm06	23602456	ss715593952	T	G
glyma.Wm82.gnm2.Gm06	23769222	ss715593955	T	C
glyma.Wm82.gnm2.Gm06	23883939	ss715593957	G	A
glyma.Wm82.gnm2.Gm06	24347015	ss715594012	A	C
glyma.Wm82.gnm2.Gm06	24628613	ss715594002	A	G
glyma.Wm82.gnm2.Gm06	24842160	ss715593997	A	G
glyma.Wm82.gnm2.Gm06	25099887	ss715594024	C	T
glyma.Wm82.gnm2.Gm06	25383944	ss715590158	C	T
glyma.Wm82.gnm2.Gm06	25403500	ss715590157	C	T
glyma.Wm82.gnm2.Gm06	25616531	ss715593934	T	C
glyma.Wm82.gnm2.Gm06	25640707	ss715593933	G	A
glyma.Wm82.gnm2.Gm06	25736023	ss715594021	G	A
glyma.Wm82.gnm2.Gm06	26048656	ss715594027	G	T
glyma.Wm82.gnm2.Gm06	27047960	ss715581577	C	T
glyma.Wm82.gnm2.Gm06	27748649	ss715593981	A	G
glyma.Wm82.gnm2.Gm06	27937415	ss715593975	T	C
glyma.Wm82.gnm2.Gm06	28008476	ss715593972	C	A
glyma.Wm82.gnm2.Gm06	28325023	ss715594046	A	G
glyma.Wm82.gnm2.Gm06	28506625	ss715594049	T	C
glyma.Wm82.gnm2.Gm06	28846647	ss715594060	G	A
glyma.Wm82.gnm2.Gm06	28978753	ss715594062	T	C
glyma.Wm82.gnm2.Gm06	29133643	ss715594068	C	T
glyma.Wm82.gnm2.Gm06	29276277	ss715594070	A	C
glyma.Wm82.gnm2.Gm06	29305508	ss715594071	A	G
glyma.Wm82.gnm2.Gm06	29374659	ss715594072	T	G
glyma.Wm82.gnm2.Gm06	29419856	ss715594073	T	C
glyma.Wm82.gnm2.Gm06	29523741	ss715594076	T	G
glyma.Wm82.gnm2.Gm06	29615510	ss715594077	G	T
glyma.Wm82.gnm2.Gm06	29734583	ss715594080	C	T
glyma.Wm82.gnm2.Gm06	29771269	ss715594081	G	A
glyma.Wm82.gnm2.Gm06	30248943	ss715594090	G	T
glyma.Wm82.gnm2.Gm06	30303895	ss715594091	T	C
glyma.Wm82.gnm2.Gm06	30698699	ss715594100	C	T
glyma.Wm82.gnm2.Gm06	30766516	ss715594104	T	C
glyma.Wm82.gnm2.Gm06	30897095	ss715594111	A	G
glyma.Wm82.gnm2.Gm06	30933574	ss715594112	G	T
glyma.Wm82.gnm2.Gm06	30988333	ss715594113	C	A
glyma.Wm82.gnm2.Gm06	31085380	ss715594116	A	G
glyma.Wm82.gnm2.Gm06	31352488	ss715594119	A	G
glyma.Wm82.gnm2.Gm06	31550383	ss715594124	G	A
glyma.Wm82.gnm2.Gm06	33306940	ss715594159	C	T
glyma.Wm82.gnm2.Gm06	33355523	ss715594160	C	T
glyma.Wm82.gnm2.Gm06	33390719	ss715594161	A	G
glyma.Wm82.gnm2.Gm06	33801116	ss715594173	A	G
glyma.Wm82.gnm2.Gm06	34267076	ss715594180	C	T
glyma.Wm82.gnm2.Gm06	34354260	ss715594183	G	T
glyma.Wm82.gnm2.Gm06	34404490	ss715594184	C	T
glyma.Wm82.gnm2.Gm06	34455386	ss715594185	T	C
glyma.Wm82.gnm2.Gm06	34771447	ss715594201	A	G
glyma.Wm82.gnm2.Gm06	35329227	ss715594220	C	A
glyma.Wm82.gnm2.Gm06	35605317	ss715594228	A	C
glyma.Wm82.gnm2.Gm06	36122240	ss715594241	C	T
glyma.Wm82.gnm2.Gm06	36314228	ss715594245	C	A
glyma.Wm82.gnm2.Gm06	36593777	ss715594251	T	G
glyma.Wm82.gnm2.Gm06	36808946	ss715594258	G	A
glyma.Wm82.gnm2.Gm06	36938474	ss715594263	G	A
glyma.Wm82.gnm2.Gm06	36978146	ss715594264	C	T
glyma.Wm82.gnm2.Gm06	37243885	ss715594277	C	T
glyma.Wm82.gnm2.Gm06	37498287	ss715594284	T	C
glyma.Wm82.gnm2.Gm06	37782376	ss715594291	C	T
glyma.Wm82.gnm2.Gm06	38330255	ss715594308	C	T
glyma.Wm82.gnm2.Gm06	38621272	ss715594316	G	T
glyma.Wm82.gnm2.Gm06	38660086	ss715594317	A	G
glyma.Wm82.gnm2.Gm06	38876453	ss715594322	A	G
glyma.Wm82.gnm2.Gm06	39213173	ss715594330	T	G
glyma.Wm82.gnm2.Gm06	39537336	ss715594340	A	G
glyma.Wm82.gnm2.Gm06	39642826	ss715594344	T	C
glyma.Wm82.gnm2.Gm06	39796968	ss715594347	C	T
glyma.Wm82.gnm2.Gm06	39868536	ss715594349	C	T
glyma.Wm82.gnm2.Gm06	39904732	ss715594350	G	A
glyma.Wm82.gnm2.Gm06	40478574	ss715594366	C	T
glyma.Wm82.gnm2.Gm06	40514102	ss715594367	A	G
glyma.Wm82.gnm2.Gm06	40612439	ss715594369	A	C
glyma.Wm82.gnm2.Gm06	40899561	ss715594374	C	T
glyma.Wm82.gnm2.Gm06	41123717	ss715594380	G	A
glyma.Wm82.gnm2.Gm06	41186990	ss715594382	A	G
glyma.Wm82.gnm2.Gm06	41276433	ss715594384	C	T
glyma.Wm82.gnm2.Gm06	41306819	ss715594385	C	A
glyma.Wm82.gnm2.Gm06	41556395	ss715594390	G	T
glyma.Wm82.gnm2.Gm06	42394532	ss715594417	C	T
glyma.Wm82.gnm2.Gm06	42452054	ss715594418	C	T
glyma.Wm82.gnm2.Gm06	43113419	ss715594429	T	C
glyma.Wm82.gnm2.Gm06	43198228	ss715594431	C	T
glyma.Wm82.gnm2.Gm06	43559545	ss715594442	G	A
glyma.Wm82.gnm2.Gm06	43761107	ss715594449	T	C
glyma.Wm82.gnm2.Gm06	44533520	ss715594483	G	A
glyma.Wm82.gnm2.Gm06	44867962	ss715594493	A	G
glyma.Wm82.gnm2.Gm06	45198354	ss715594500	C	T
glyma.Wm82.gnm2.Gm06	45235710	ss715594501	A	G
glyma.Wm82.gnm2.Gm06	46001831	ss715594522	G	A
glyma.Wm82.gnm2.Gm06	46629596	ss715594551	A	C
glyma.Wm82.gnm2.Gm06	46665587	ss715594560	C	A
glyma.Wm82.gnm2.Gm06	46800304	ss715594574	C	T
glyma.Wm82.gnm2.Gm06	46802305	ss715594575	A	G
glyma.Wm82.gnm2.Gm06	46854506	ss715594592	A	C
glyma.Wm82.gnm2.Gm06	46942865	ss715594618	T	G
glyma.Wm82.gnm2.Gm06	46963586	ss715594624	G	A
glyma.Wm82.gnm2.Gm06	46981918	ss715639187	C	T
glyma.Wm82.gnm2.Gm06	46989891	ss715639186	C	T
glyma.Wm82.gnm2.Gm06	47268606	ss715594661	C	T
glyma.Wm82.gnm2.Gm06	47315291	ss715594671	G	T
glyma.Wm82.gnm2.Gm06	47380588	ss715594688	T	G
glyma.Wm82.gnm2.Gm06	47453450	ss715594705	A	G
glyma.Wm82.gnm2.Gm06	47468295	ss715594712	G	A
glyma.Wm82.gnm2.Gm06	47518032	ss715594718	C	T
glyma.Wm82.gnm2.Gm06	47526846	ss715594719	G	A
glyma.Wm82.gnm2.Gm06	47572973	ss715594729	T	C
glyma.Wm82.gnm2.Gm06	47592490	ss715594731	C	T
glyma.Wm82.gnm2.Gm06	47757588	ss715594767	C	A
glyma.Wm82.gnm2.Gm06	47763905	ss715594769	T	C
glyma.Wm82.gnm2.Gm06	47875052	ss715594795	T	C
glyma.Wm82.gnm2.Gm06	47936961	ss715594813	G	A
glyma.Wm82.gnm2.Gm06	47947523	ss715594817	C	A
glyma.Wm82.gnm2.Gm06	47952381	ss715594818	T	C
glyma.Wm82.gnm2.Gm06	48115302	ss715594842	G	A
glyma.Wm82.gnm2.Gm06	48176657	ss715594993	C	T
glyma.Wm82.gnm2.Gm06	48368151	ss715594877	C	T
glyma.Wm82.gnm2.Gm06	48379671	ss715594878	C	T
glyma.Wm82.gnm2.Gm06	48549090	ss715594902	G	A
glyma.Wm82.gnm2.Gm06	48558163	ss715594904	T	G
glyma.Wm82.gnm2.Gm06	48559825	ss715594906	A	G
glyma.Wm82.gnm2.Gm06	48564962	ss715594908	G	A
glyma.Wm82.gnm2.Gm06	48567721	ss715594909	A	G
glyma.Wm82.gnm2.Gm06	48573031	ss715594910	C	T
glyma.Wm82.gnm2.Gm06	48576588	ss715594911	A	G
glyma.Wm82.gnm2.Gm06	48614384	ss715594913	G	T
glyma.Wm82.gnm2.Gm06	48623934	ss715594914	C	T
glyma.Wm82.gnm2.Gm06	48664500	ss715594916	G	A
glyma.Wm82.gnm2.Gm06	48696347	ss715594920	A	G
glyma.Wm82.gnm2.Gm06	48722209	ss715594922	C	T
glyma.Wm82.gnm2.Gm06	48755906	ss715594932	G	A
glyma.Wm82.gnm2.Gm06	48764726	ss715594934	T	C
glyma.Wm82.gnm2.Gm06	48795217	ss715594941	C	A
glyma.Wm82.gnm2.Gm06	48802352	ss715594944	A	G
glyma.Wm82.gnm2.Gm06	48870408	ss715594958	A	G
glyma.Wm82.gnm2.Gm06	49092183	ss715594980	G	T
glyma.Wm82.gnm2.Gm06	49095873	ss715594983	A	C
glyma.Wm82.gnm2.Gm06	49152330	ss715595005	T	C
glyma.Wm82.gnm2.Gm06	49162241	ss715595006	C	T
glyma.Wm82.gnm2.Gm06	49162996	ss715595007	A	G
glyma.Wm82.gnm2.Gm06	49170837	ss715595008	C	T
glyma.Wm82.gnm2.Gm06	49176034	ss715595010	T	C
glyma.Wm82.gnm2.Gm06	49177878	ss715595011	T	C
glyma.Wm82.gnm2.Gm06	49189084	ss715595012	A	C
glyma.Wm82.gnm2.Gm06	49189356	ss715595013	T	C
glyma.Wm82.gnm2.Gm06	49235940	ss715594933	C	T
glyma.Wm82.gnm2.Gm06	49268136	ss715595017	C	T
glyma.Wm82.gnm2.Gm06	49385731	ss715595035	T	C
glyma.Wm82.gnm2.Gm06	49456562	ss715595045	G	A
glyma.Wm82.gnm2.Gm06	49514719	ss715595059	G	A
glyma.Wm82.gnm2.Gm06	49537464	ss715595063	T	C
glyma.Wm82.gnm2.Gm06	49539947	ss715595065	G	A
glyma.Wm82.gnm2.Gm06	49592778	ss715595073	T	C
glyma.Wm82.gnm2.Gm06	49704065	ss715595092	G	T
glyma.Wm82.gnm2.Gm06	49712499	ss715595101	G	A
glyma.Wm82.gnm2.Gm06	49716223	ss715595102	C	A
glyma.Wm82.gnm2.Gm06	49774284	ss715595108	T	G
glyma.Wm82.gnm2.Gm06	49870244	ss715595118	A	C
glyma.Wm82.gnm2.Gm06	50098025	ss715595142	A	G
glyma.Wm82.gnm2.Gm06	50171507	ss715595154	A	G
glyma.Wm82.gnm2.Gm06	50172279	ss715595157	C	T
glyma.Wm82.gnm2.Gm06	50218606	ss715595163	T	C
glyma.Wm82.gnm2.Gm06	50219418	ss715595164	A	C
glyma.Wm82.gnm2.Gm06	50225266	ss715595166	C	T
glyma.Wm82.gnm2.Gm06	50377967	ss715595178	G	A
glyma.Wm82.gnm2.Gm06	50411212	ss715595182	A	C
glyma.Wm82.gnm2.Gm06	50500109	ss715595184	G	A
glyma.Wm82.gnm2.Gm06	50520974	ss715595188	A	G
glyma.Wm82.gnm2.Gm06	50541331	ss715595190	G	A
glyma.Wm82.gnm2.Gm06	50597330	ss715595213	C	A
glyma.Wm82.gnm2.Gm06	50603738	ss715595218	C	.
glyma.Wm82.gnm2.Gm06	50651352	ss715595224	G	A
glyma.Wm82.gnm2.Gm06	50701810	ss715595236	T	G
glyma.Wm82.gnm2.Gm06	50817281	ss715595245	G	A
glyma.Wm82.gnm2.Gm06	50911194	ss715595255	G	A
glyma.Wm82.gnm2.Gm06	50947207	ss715595260	C	A
glyma.Wm82.gnm2.Gm06	50974598	ss715595266	G	T
glyma.Wm82.gnm2.Gm06	51013624	ss715595271	G	A
glyma.Wm82.gnm2.Gm06	51105213	ss715595286	A	G
glyma.Wm82.gnm2.Gm06	51300506	ss715595308	G	T
glyma.Wm82.gnm2.Gm07	111370	ss715595791	G	A
glyma.Wm82.gnm2.Gm07	130157	ss715595959	T	C
glyma.Wm82.gnm2.Gm07	133189	ss715595979	T	C
glyma.Wm82.gnm2.Gm07	202290	ss715596743	C	T
glyma.Wm82.gnm2.Gm07	279004	ss715596979	C	T
glyma.Wm82.gnm2.Gm07	380924	ss715597608	C	A
glyma.Wm82.gnm2.Gm07	381900	ss715597625	T	C
glyma.Wm82.gnm2.Gm07	479470	ss715598264	A	G
glyma.Wm82.gnm2.Gm07	729704	ss715598592	A	G
glyma.Wm82.gnm2.Gm07	812387	ss715598758	G	A
glyma.Wm82.gnm2.Gm07	815606	ss715598767	G	A
glyma.Wm82.gnm2.Gm07	1191399	ss715595911	A	G
glyma.Wm82.gnm2.Gm07	1225345	ss715595932	A	G
glyma.Wm82.gnm2.Gm07	1284585	ss715595978	C	T
glyma.Wm82.gnm2.Gm07	1348971	ss715596048	T	C
glyma.Wm82.gnm2.Gm07	1382501	ss715596089	T	C
glyma.Wm82.gnm2.Gm07	1628847	ss715596538	A	C
glyma.Wm82.gnm2.Gm07	1651886	ss715596558	T	G
glyma.Wm82.gnm2.Gm07	1808943	ss715596691	A	G
glyma.Wm82.gnm2.Gm07	1956573	ss715596730	G	A
glyma.Wm82.gnm2.Gm07	2020603	ss715596753	C	T
glyma.Wm82.gnm2.Gm07	2345640	ss715596841	C	A
glyma.Wm82.gnm2.Gm07	2361566	ss715596844	A	G
glyma.Wm82.gnm2.Gm07	2435030	ss715596859	A	G
glyma.Wm82.gnm2.Gm07	2443680	ss715596864	T	C
glyma.Wm82.gnm2.Gm07	2530979	ss715596894	G	A
glyma.Wm82.gnm2.Gm07	2547415	ss715596900	G	A
glyma.Wm82.gnm2.Gm07	2690170	ss715596945	G	A
glyma.Wm82.gnm2.Gm07	2697972	ss715596948	A	G
glyma.Wm82.gnm2.Gm07	2700072	ss715596949	C	T
glyma.Wm82.gnm2.Gm07	2730460	ss715596961	G	T
glyma.Wm82.gnm2.Gm07	2886496	ss715597030	A	G
glyma.Wm82.gnm2.Gm07	2943857	ss715597048	C	T
glyma.Wm82.gnm2.Gm07	3122278	ss715597115	C	T
glyma.Wm82.gnm2.Gm07	3138708	ss715597121	G	T
glyma.Wm82.gnm2.Gm07	3194674	ss715597145	A	G
glyma.Wm82.gnm2.Gm07	3210155	ss715597151	C	A
glyma.Wm82.gnm2.Gm07	3385271	ss715597224	C	A
glyma.Wm82.gnm2.Gm07	3487353	ss715597262	C	A
glyma.Wm82.gnm2.Gm07	3758969	ss715597567	C	T
glyma.Wm82.gnm2.Gm07	3766212	ss715597579	G	A
glyma.Wm82.gnm2.Gm07	3838150	ss715597703	CT	.
glyma.Wm82.gnm2.Gm07	3959667	ss715597872	A	G
glyma.Wm82.gnm2.Gm07	4003866	ss715597912	A	C
glyma.Wm82.gnm2.Gm07	4089007	ss715597973	G	A
glyma.Wm82.gnm2.Gm07	4099882	ss715597979	G	A
glyma.Wm82.gnm2.Gm07	4429189	ss715598195	C	T
glyma.Wm82.gnm2.Gm07	4450020	ss715598206	G	A
glyma.Wm82.gnm2.Gm07	4478233	ss715598219	C	T
glyma.Wm82.gnm2.Gm07	4730593	ss715598262	A	G
glyma.Wm82.gnm2.Gm07	4940081	ss715598273	T	C
glyma.Wm82.gnm2.Gm07	4988277	ss715598278	C	A
glyma.Wm82.gnm2.Gm07	5063857	ss715598286	G	A
glyma.Wm82.gnm2.Gm07	5248670	ss715598310	A	G
glyma.Wm82.gnm2.Gm07	5251993	ss715598311	G	A
glyma.Wm82.gnm2.Gm07	5543631	ss715598357	G	T
glyma.Wm82.gnm2.Gm07	5730863	ss715598400	T	C
glyma.Wm82.gnm2.Gm07	5764249	ss715598374	A	G
glyma.Wm82.gnm2.Gm07	5788878	ss715598383	T	C
glyma.Wm82.gnm2.Gm07	5923602	ss715598410	T	C
glyma.Wm82.gnm2.Gm07	5960839	ss715598416	T	C
glyma.Wm82.gnm2.Gm07	5962043	ss715598417	C	A
glyma.Wm82.gnm2.Gm07	5984082	ss715598420	G	A
glyma.Wm82.gnm2.Gm07	5989638	ss715598421	G	A
glyma.Wm82.gnm2.Gm07	6053956	ss715598434	C	A
glyma.Wm82.gnm2.Gm07	6074929	ss715598436	T	C
glyma.Wm82.gnm2.Gm07	6089461	ss715598439	A	G
glyma.Wm82.gnm2.Gm07	6205723	ss715598451	G	T
glyma.Wm82.gnm2.Gm07	6249489	ss715598460	G	T
glyma.Wm82.gnm2.Gm07	6303620	ss715598466	C	T
glyma.Wm82.gnm2.Gm07	6341287	ss715598470	C	T
glyma.Wm82.gnm2.Gm07	6346961	ss715598471	C	T
glyma.Wm82.gnm2.Gm07	6390761	ss715598478	T	G
glyma.Wm82.gnm2.Gm07	6481233	ss715598485	G	A
glyma.Wm82.gnm2.Gm07	6485938	ss715598486	T	C
glyma.Wm82.gnm2.Gm07	6641366	ss715598513	C	A
glyma.Wm82.gnm2.Gm07	6757509	ss715598527	T	C
glyma.Wm82.gnm2.Gm07	6865323	ss715598537	T	G
glyma.Wm82.gnm2.Gm07	6875359	ss715598540	T	G
glyma.Wm82.gnm2.Gm07	6963955	ss715598557	C	A
glyma.Wm82.gnm2.Gm07	7018107	ss715598563	C	A
glyma.Wm82.gnm2.Gm07	7259943	ss715598590	G	T
glyma.Wm82.gnm2.Gm07	7325938	ss715598598	G	A
glyma.Wm82.gnm2.Gm07	7540731	ss715598626	T	C
glyma.Wm82.gnm2.Gm07	7542383	ss715598627	A	G
glyma.Wm82.gnm2.Gm07	7553470	ss715598630	G	T
glyma.Wm82.gnm2.Gm07	7615905	ss715598639	T	C
glyma.Wm82.gnm2.Gm07	7616984	ss715598640	G	T
glyma.Wm82.gnm2.Gm07	7663667	ss715598651	G	A
glyma.Wm82.gnm2.Gm07	7666069	ss715598652	G	A
glyma.Wm82.gnm2.Gm07	7681914	ss715598657	G	A
glyma.Wm82.gnm2.Gm07	7704882	ss715598664	A	G
glyma.Wm82.gnm2.Gm07	7712279	ss715598667	G	A
glyma.Wm82.gnm2.Gm07	7748347	ss715598674	C	A
glyma.Wm82.gnm2.Gm07	7766798	ss715598680	C	T
glyma.Wm82.gnm2.Gm07	7809225	ss715598689	A	G
glyma.Wm82.gnm2.Gm07	7809942	ss715598690	A	G
glyma.Wm82.gnm2.Gm07	7825630	ss715598694	C	A
glyma.Wm82.gnm2.Gm07	7881251	ss715598713	G	A
glyma.Wm82.gnm2.Gm07	8048051	ss715598738	C	T
glyma.Wm82.gnm2.Gm07	8126683	ss715598755	C	T
glyma.Wm82.gnm2.Gm07	8217328	ss715598776	T	G
glyma.Wm82.gnm2.Gm07	8276957	ss715598785	T	C
glyma.Wm82.gnm2.Gm07	8456978	ss715598825	T	C
glyma.Wm82.gnm2.Gm07	8469232	ss715598830	T	C
glyma.Wm82.gnm2.Gm07	8527554	ss715598838	C	A
glyma.Wm82.gnm2.Gm07	8558930	ss715598845	G	T
glyma.Wm82.gnm2.Gm07	8583733	ss715598853	A	G
glyma.Wm82.gnm2.Gm07	8650265	ss715598861	A	G
glyma.Wm82.gnm2.Gm07	8739263	ss715598880	G	A
glyma.Wm82.gnm2.Gm07	8789695	ss715598896	C	T
glyma.Wm82.gnm2.Gm07	8859035	ss715598903	C	T
glyma.Wm82.gnm2.Gm07	8863343	ss715598904	G	T
glyma.Wm82.gnm2.Gm07	8867073	ss715598905	G	A
glyma.Wm82.gnm2.Gm07	8876445	ss715598909	C	T
glyma.Wm82.gnm2.Gm07	8879843	ss715598912	C	T
glyma.Wm82.gnm2.Gm07	8882351	ss715598915	G	A
glyma.Wm82.gnm2.Gm07	8883501	ss715598917	A	G
glyma.Wm82.gnm2.Gm07	8889776	ss715598919	G	A
glyma.Wm82.gnm2.Gm07	8905243	ss715598922	C	T
glyma.Wm82.gnm2.Gm07	8937416	ss715598928	T	C
glyma.Wm82.gnm2.Gm07	8942423	ss715598929	T	C
glyma.Wm82.gnm2.Gm07	8955667	ss715598935	C	T
glyma.Wm82.gnm2.Gm07	8962125	ss715598937	A	C
glyma.Wm82.gnm2.Gm07	8964128	ss715598938	G	T
glyma.Wm82.gnm2.Gm07	8991381	ss715598946	G	A
glyma.Wm82.gnm2.Gm07	9124069	ss715598973	C	T
glyma.Wm82.gnm2.Gm07	9146749	ss715598982	C	T
glyma.Wm82.gnm2.Gm07	9176010	ss715598988	T	C
glyma.Wm82.gnm2.Gm07	9223782	ss715599001	G	A
glyma.Wm82.gnm2.Gm07	9439870	ss715599031	A	G
glyma.Wm82.gnm2.Gm07	9442855	ss715599033	G	A
glyma.Wm82.gnm2.Gm07	9457329	ss715599037	A	G
glyma.Wm82.gnm2.Gm07	9502688	ss715599047	C	A
glyma.Wm82.gnm2.Gm07	9572695	ss715599065	A	G
glyma.Wm82.gnm2.Gm07	9602165	ss715599069	C	T
glyma.Wm82.gnm2.Gm07	9607572	ss715599071	C	T
glyma.Wm82.gnm2.Gm07	9689162	ss715599081	T	C
glyma.Wm82.gnm2.Gm07	9704727	ss715599085	G	A
glyma.Wm82.gnm2.Gm07	9746402	ss715599094	C	A
glyma.Wm82.gnm2.Gm07	9813866	ss715599103	A	G
glyma.Wm82.gnm2.Gm07	9815679	ss715599104	A	C
glyma.Wm82.gnm2.Gm07	9836960	ss715599112	A	G
glyma.Wm82.gnm2.Gm07	10007244	ss715599131	A	G
glyma.Wm82.gnm2.Gm07	10039104	ss715599132	A	G
glyma.Wm82.gnm2.Gm07	10116568	ss715595730	G	A
glyma.Wm82.gnm2.Gm07	10168014	ss715595734	C	A
glyma.Wm82.gnm2.Gm07	10185314	ss715595737	A	G
glyma.Wm82.gnm2.Gm07	10327758	ss715595754	T	C
glyma.Wm82.gnm2.Gm07	10501318	ss715595769	C	T
glyma.Wm82.gnm2.Gm07	10541863	ss715596279	G	T
glyma.Wm82.gnm2.Gm07	10807380	ss715596248	C	A
glyma.Wm82.gnm2.Gm07	10959554	ss715596200	C	T
glyma.Wm82.gnm2.Gm07	10984579	ss715596196	G	T
glyma.Wm82.gnm2.Gm07	11019948	ss715596189	G	A
glyma.Wm82.gnm2.Gm07	11200993	ss715596166	C	T
glyma.Wm82.gnm2.Gm07	11231384	ss715596153	G	A
glyma.Wm82.gnm2.Gm07	11306166	ss715596131	G	T
glyma.Wm82.gnm2.Gm07	11423928	ss715596108	C	T
glyma.Wm82.gnm2.Gm07	11429503	ss715596106	C	T
glyma.Wm82.gnm2.Gm07	11431180	ss715596105	T	C
glyma.Wm82.gnm2.Gm07	11548222	ss715596080	G	A
glyma.Wm82.gnm2.Gm07	11585878	ss715596074	G	A
glyma.Wm82.gnm2.Gm07	11845046	ss715596043	G	A
glyma.Wm82.gnm2.Gm07	11912909	ss715596038	G	A
glyma.Wm82.gnm2.Gm07	11921407	ss715596037	A	G
glyma.Wm82.gnm2.Gm07	11948815	ss715596033	T	C
glyma.Wm82.gnm2.Gm07	12296024	ss715595993	T	G
glyma.Wm82.gnm2.Gm07	12628197	ss715595970	A	G
glyma.Wm82.gnm2.Gm07	12669898	ss715595968	A	G
glyma.Wm82.gnm2.Gm07	13037496	ss715595937	G	A
glyma.Wm82.gnm2.Gm07	13347544	ss715595918	A	G
glyma.Wm82.gnm2.Gm07	13426233	ss715595910	C	T
glyma.Wm82.gnm2.Gm07	13478946	ss715595904	G	A
glyma.Wm82.gnm2.Gm07	13483049	ss715595903	C	T
glyma.Wm82.gnm2.Gm07	13530340	ss715595899	C	T
glyma.Wm82.gnm2.Gm07	13602821	ss715595888	G	A
glyma.Wm82.gnm2.Gm07	13638365	ss715595884	A	G
glyma.Wm82.gnm2.Gm07	13655894	ss715595883	G	A
glyma.Wm82.gnm2.Gm07	13702017	ss715595879	T	C
glyma.Wm82.gnm2.Gm07	14199900	ss715595848	A	C
glyma.Wm82.gnm2.Gm07	14237645	ss715595842	C	T
glyma.Wm82.gnm2.Gm07	14303107	ss715595830	T	C
glyma.Wm82.gnm2.Gm07	14304968	ss715595828	A	G
glyma.Wm82.gnm2.Gm07	14475808	ss715595806	G	A
glyma.Wm82.gnm2.Gm07	14481277	ss715595805	T	G
glyma.Wm82.gnm2.Gm07	14522777	ss715595802	G	T
glyma.Wm82.gnm2.Gm07	14596513	ss715595796	C	T
glyma.Wm82.gnm2.Gm07	14597342	ss715595795	G	A
glyma.Wm82.gnm2.Gm07	14656327	ss715595792	C	T
glyma.Wm82.gnm2.Gm07	14690970	ss715595787	G	A
glyma.Wm82.gnm2.Gm07	14749285	ss715595781	A	G
glyma.Wm82.gnm2.Gm07	14771284	ss715595778	A	G
glyma.Wm82.gnm2.Gm07	14773659	ss715595777	T	C
glyma.Wm82.gnm2.Gm07	14786232	ss715595774	A	G
glyma.Wm82.gnm2.Gm07	14965737	ss715596310	G	A
glyma.Wm82.gnm2.Gm07	15007771	ss715596319	C	T
glyma.Wm82.gnm2.Gm07	15106696	ss715596335	T	C
glyma.Wm82.gnm2.Gm07	15189883	ss715596357	G	A
glyma.Wm82.gnm2.Gm07	15205354	ss715596363	G	T
glyma.Wm82.gnm2.Gm07	15238884	ss715596368	T	G
glyma.Wm82.gnm2.Gm07	15369745	ss715596386	T	C
glyma.Wm82.gnm2.Gm07	15378435	ss715596388	A	G
glyma.Wm82.gnm2.Gm07	15459269	ss715596405	G	T
glyma.Wm82.gnm2.Gm07	15490853	ss715596410	G	T
glyma.Wm82.gnm2.Gm07	15492938	ss715596412	G	T
glyma.Wm82.gnm2.Gm07	15547676	ss715596418	A	G
glyma.Wm82.gnm2.Gm07	15603042	ss715596429	T	G
glyma.Wm82.gnm2.Gm07	15686587	ss715596446	C	T
glyma.Wm82.gnm2.Gm07	15729459	ss715596450	T	C
glyma.Wm82.gnm2.Gm07	15790763	ss715596461	C	T
glyma.Wm82.gnm2.Gm07	15879715	ss715596472	A	C
glyma.Wm82.gnm2.Gm07	16024832	ss715596494	G	T
glyma.Wm82.gnm2.Gm07	16041814	ss715596496	G	A
glyma.Wm82.gnm2.Gm07	16127348	ss715596509	A	C
glyma.Wm82.gnm2.Gm07	16174769	ss715596522	A	G
glyma.Wm82.gnm2.Gm07	16281465	ss715596536	A	C
glyma.Wm82.gnm2.Gm07	16294398	ss715596537	G	A
glyma.Wm82.gnm2.Gm07	16388565	ss715596540	T	C
glyma.Wm82.gnm2.Gm07	16527056	ss715596549	A	G
glyma.Wm82.gnm2.Gm07	16528086	ss715596550	C	T
glyma.Wm82.gnm2.Gm07	16529749	ss715596551	G	A
glyma.Wm82.gnm2.Gm07	16562604	ss715596555	T	C
glyma.Wm82.gnm2.Gm07	16568114	ss715596556	A	.
glyma.Wm82.gnm2.Gm07	16582884	ss715596557	T	C
glyma.Wm82.gnm2.Gm07	16609599	ss715596560	C	T
glyma.Wm82.gnm2.Gm07	16610234	ss715596561	A	G
glyma.Wm82.gnm2.Gm07	16611404	ss715596562	T	C
glyma.Wm82.gnm2.Gm07	16619430	ss715596565	C	T
glyma.Wm82.gnm2.Gm07	16625092	ss715596568	A	G
glyma.Wm82.gnm2.Gm07	16628818	ss715596569	T	C
glyma.Wm82.gnm2.Gm07	16648160	ss715596572	C	T
glyma.Wm82.gnm2.Gm07	16667150	ss715596574	A	G
glyma.Wm82.gnm2.Gm07	16683993	ss715596575	A	C
glyma.Wm82.gnm2.Gm07	16788563	ss715596586	C	T
glyma.Wm82.gnm2.Gm07	16889183	ss715596594	A	G
glyma.Wm82.gnm2.Gm07	16894812	ss715596595	G	.
glyma.Wm82.gnm2.Gm07	16909108	ss715596600	G	A
glyma.Wm82.gnm2.Gm07	16967580	ss715596605	G	A
glyma.Wm82.gnm2.Gm07	16995390	ss715596610	G	A
glyma.Wm82.gnm2.Gm07	17049517	ss715596619	T	G
glyma.Wm82.gnm2.Gm07	17060350	ss715596621	G	.
glyma.Wm82.gnm2.Gm07	17107099	ss715596629	C	T
glyma.Wm82.gnm2.Gm07	17111994	ss715596630	G	T
glyma.Wm82.gnm2.Gm07	17124759	ss715596636	T	C
glyma.Wm82.gnm2.Gm07	17125479	ss715596637	G	A
glyma.Wm82.gnm2.Gm07	17174169	ss715596643	A	C
glyma.Wm82.gnm2.Gm07	17181419	ss715596644	C	T
glyma.Wm82.gnm2.Gm07	17182159	ss715596645	T	C
glyma.Wm82.gnm2.Gm07	17203176	ss715596650	A	G
glyma.Wm82.gnm2.Gm07	17239030	ss715596654	G	T
glyma.Wm82.gnm2.Gm07	17246293	ss715596655	A	G
glyma.Wm82.gnm2.Gm07	17385751	ss715596662	G	A
glyma.Wm82.gnm2.Gm07	17475128	ss715596665	A	G
glyma.Wm82.gnm2.Gm07	17492747	ss715596666	A	G
glyma.Wm82.gnm2.Gm07	17546390	ss715596668	C	A
glyma.Wm82.gnm2.Gm07	17721312	ss715596674	A	G
glyma.Wm82.gnm2.Gm07	17756267	ss715596676	A	G
glyma.Wm82.gnm2.Gm07	17876441	ss715596680	A	C
glyma.Wm82.gnm2.Gm07	17941720	ss715596682	T	C
glyma.Wm82.gnm2.Gm07	18018416	ss715596687	C	T
glyma.Wm82.gnm2.Gm07	18564630	ss715596702	T	C
glyma.Wm82.gnm2.Gm07	18629561	ss715596703	T	G
glyma.Wm82.gnm2.Gm07	18835471	ss715596710	C	T
glyma.Wm82.gnm2.Gm07	19099595	ss715596717	G	A
glyma.Wm82.gnm2.Gm07	19244581	ss715596721	C	T
glyma.Wm82.gnm2.Gm07	19626876	ss715596736	A	G
glyma.Wm82.gnm2.Gm07	19656086	ss715596737	T	C
glyma.Wm82.gnm2.Gm07	20125466	ss715596754	T	C
glyma.Wm82.gnm2.Gm07	20215564	ss715596759	T	C
glyma.Wm82.gnm2.Gm07	20302340	ss715596764	C	T
glyma.Wm82.gnm2.Gm07	21058238	ss715596784	G	T
glyma.Wm82.gnm2.Gm07	21139481	ss715596788	C	T
glyma.Wm82.gnm2.Gm07	21232914	ss715596791	C	T
glyma.Wm82.gnm2.Gm07	21324008	ss715596796	T	G
glyma.Wm82.gnm2.Gm07	21355239	ss715596797	G	A
glyma.Wm82.gnm2.Gm07	21441721	ss715596800	T	C
glyma.Wm82.gnm2.Gm07	21463933	ss715596801	G	A
glyma.Wm82.gnm2.Gm07	22247857	ss715596818	A	C
glyma.Wm82.gnm2.Gm07	22525818	ss715596875	T	C
glyma.Wm82.gnm2.Gm07	22812662	ss715596868	C	T
glyma.Wm82.gnm2.Gm07	22834308	ss715596867	G	A
glyma.Wm82.gnm2.Gm07	23137451	ss715596857	A	G
glyma.Wm82.gnm2.Gm07	23630140	ss715596848	G	T
glyma.Wm82.gnm2.Gm07	23707881	ss715596846	G	A
glyma.Wm82.gnm2.Gm07	24120465	ss715596838	G	A
glyma.Wm82.gnm2.Gm07	24389977	ss715596830	T	G
glyma.Wm82.gnm2.Gm07	24508189	ss715596826	T	C
glyma.Wm82.gnm2.Gm07	24688574	ss715596819	G	T
glyma.Wm82.gnm2.Gm07	24839873	ss715596878	G	A
glyma.Wm82.gnm2.Gm07	24904717	ss715596879	C	T
glyma.Wm82.gnm2.Gm07	25165187	ss715596893	G	A
glyma.Wm82.gnm2.Gm07	25377352	ss715596899	G	A
glyma.Wm82.gnm2.Gm07	25513380	ss715596903	G	A
glyma.Wm82.gnm2.Gm07	25618984	ss715596906	C	T
glyma.Wm82.gnm2.Gm07	25706364	ss715596910	C	T
glyma.Wm82.gnm2.Gm07	25852285	ss715596913	G	A
glyma.Wm82.gnm2.Gm07	25907196	ss715596915	G	A
glyma.Wm82.gnm2.Gm07	26600174	ss715596940	C	T
glyma.Wm82.gnm2.Gm07	27269015	ss715596965	C	T
glyma.Wm82.gnm2.Gm07	27451283	ss715596977	G	A
glyma.Wm82.gnm2.Gm07	27753704	ss715596996	G	T
glyma.Wm82.gnm2.Gm07	28059713	ss715597008	G	A
glyma.Wm82.gnm2.Gm07	28245500	ss715597017	C	T
glyma.Wm82.gnm2.Gm07	28705262	ss715597029	G	A
glyma.Wm82.gnm2.Gm07	28982904	ss715597038	A	G
glyma.Wm82.gnm2.Gm07	29123440	ss715597044	A	G
glyma.Wm82.gnm2.Gm07	29360140	ss715597049	G	A
glyma.Wm82.gnm2.Gm07	29577443	ss715597063	C	T
glyma.Wm82.gnm2.Gm07	29784155	ss715597072	C	T
glyma.Wm82.gnm2.Gm07	30114737	ss715597085	G	A
glyma.Wm82.gnm2.Gm07	30136917	ss715597086	G	A
glyma.Wm82.gnm2.Gm07	30267847	ss715597089	G	A
glyma.Wm82.gnm2.Gm07	30326106	ss715597091	A	G
glyma.Wm82.gnm2.Gm07	30641583	ss715597100	C	T
glyma.Wm82.gnm2.Gm07	30976103	ss715597116	G	A
glyma.Wm82.gnm2.Gm07	31224113	ss715597125	A	G
glyma.Wm82.gnm2.Gm07	31283583	ss715597127	G	A
glyma.Wm82.gnm2.Gm07	31706802	ss715597148	G	A
glyma.Wm82.gnm2.Gm07	31842440	ss715597153	G	A
glyma.Wm82.gnm2.Gm07	32061316	ss715597162	T	G
glyma.Wm82.gnm2.Gm07	32212376	ss715597168	G	A
glyma.Wm82.gnm2.Gm07	32461683	ss715597176	G	A
glyma.Wm82.gnm2.Gm07	32773827	ss715597188	G	A
glyma.Wm82.gnm2.Gm07	33052086	ss715597200	G	A
glyma.Wm82.gnm2.Gm07	33250816	ss715597209	G	A
glyma.Wm82.gnm2.Gm07	33499757	ss715597222	C	T
glyma.Wm82.gnm2.Gm07	33641483	ss715597228	T	C
glyma.Wm82.gnm2.Gm07	33877025	ss715597235	G	T
glyma.Wm82.gnm2.Gm07	34041220	ss715597238	C	T
glyma.Wm82.gnm2.Gm07	34082386	ss715597239	T	C
glyma.Wm82.gnm2.Gm07	34334735	ss715597254	C	T
glyma.Wm82.gnm2.Gm07	34349190	ss715597255	T	C
glyma.Wm82.gnm2.Gm07	34363163	ss715597256	A	G
glyma.Wm82.gnm2.Gm07	34479999	ss715597266	C	T
glyma.Wm82.gnm2.Gm07	34682293	ss715597282	C	T
glyma.Wm82.gnm2.Gm07	34955678	ss715597291	G	T
glyma.Wm82.gnm2.Gm07	34965293	ss715597293	G	A
glyma.Wm82.gnm2.Gm07	35058752	ss715597298	A	G
glyma.Wm82.gnm2.Gm07	35061818	ss715597299	G	A
glyma.Wm82.gnm2.Gm07	35089610	ss715597301	G	A
glyma.Wm82.gnm2.Gm07	35196598	ss715597310	A	C
glyma.Wm82.gnm2.Gm07	35289897	ss715597318	C	T
glyma.Wm82.gnm2.Gm07	35372872	ss715597323	G	A
glyma.Wm82.gnm2.Gm07	35401193	ss715597326	T	C
glyma.Wm82.gnm2.Gm07	35436934	ss715597329	T	C
glyma.Wm82.gnm2.Gm07	35437767	ss715597330	C	T
glyma.Wm82.gnm2.Gm07	35679400	ss715597344	T	G
glyma.Wm82.gnm2.Gm07	35752843	ss715597351	A	C
glyma.Wm82.gnm2.Gm07	35777062	ss715597354	G	A
glyma.Wm82.gnm2.Gm07	35825273	ss715597360	A	G
glyma.Wm82.gnm2.Gm07	35868100	ss715597365	T	G
glyma.Wm82.gnm2.Gm07	35938858	ss715597368	T	C
glyma.Wm82.gnm2.Gm07	36048636	ss715597376	C	T
glyma.Wm82.gnm2.Gm07	36049509	ss715597377	G	A
glyma.Wm82.gnm2.Gm07	36051712	ss715597378	T	C
glyma.Wm82.gnm2.Gm07	36078620	ss715597382	G	A
glyma.Wm82.gnm2.Gm07	36127447	ss715597385	C	T
glyma.Wm82.gnm2.Gm07	36155433	ss715597387	C	T
glyma.Wm82.gnm2.Gm07	36178479	ss715597389	T	C
glyma.Wm82.gnm2.Gm07	36193086	ss715597392	C	T
glyma.Wm82.gnm2.Gm07	36221097	ss715597395	A	G
glyma.Wm82.gnm2.Gm07	36245160	ss715597398	T	C
glyma.Wm82.gnm2.Gm07	36376909	ss715597410	C	A
glyma.Wm82.gnm2.Gm07	36397863	ss715597412	T	C
glyma.Wm82.gnm2.Gm07	36407553	ss715597415	C	T
glyma.Wm82.gnm2.Gm07	36412094	ss715597416	T	C
glyma.Wm82.gnm2.Gm07	36426001	ss715597420	C	T
glyma.Wm82.gnm2.Gm07	36445634	ss715597429	A	G
glyma.Wm82.gnm2.Gm07	36521566	ss715597439	C	T
glyma.Wm82.gnm2.Gm07	36523592	ss715597441	C	T
glyma.Wm82.gnm2.Gm07	36599603	ss715597451	T	C
glyma.Wm82.gnm2.Gm07	36637968	ss715597457	G	T
glyma.Wm82.gnm2.Gm07	36735917	ss715597471	C	T
glyma.Wm82.gnm2.Gm07	36772289	ss715597477	T	C
glyma.Wm82.gnm2.Gm07	36835846	ss715597484	T	C
glyma.Wm82.gnm2.Gm07	36872177	ss715597488	A	G
glyma.Wm82.gnm2.Gm07	36887769	ss715597491	G	A
glyma.Wm82.gnm2.Gm07	36894956	ss715597495	T	C
glyma.Wm82.gnm2.Gm07	36901170	ss715597496	G	.
glyma.Wm82.gnm2.Gm07	36925128	ss715597499	C	T
glyma.Wm82.gnm2.Gm07	36971006	ss715597509	G	A
glyma.Wm82.gnm2.Gm07	37000389	ss715597513	G	T
glyma.Wm82.gnm2.Gm07	37003491	ss715597516	A	G
glyma.Wm82.gnm2.Gm07	37013810	ss715597519	T	C
glyma.Wm82.gnm2.Gm07	37043466	ss715597525	G	A
glyma.Wm82.gnm2.Gm07	37049207	ss715597527	T	C
glyma.Wm82.gnm2.Gm07	37081457	ss715597532	G	A
glyma.Wm82.gnm2.Gm07	37090678	ss715597535	G	A
glyma.Wm82.gnm2.Gm07	37095033	ss715597537	A	C
glyma.Wm82.gnm2.Gm07	37120508	ss715597541	A	G
glyma.Wm82.gnm2.Gm07	37130677	ss715597542	C	T
glyma.Wm82.gnm2.Gm07	37152013	ss715597547	G	T
glyma.Wm82.gnm2.Gm07	37172283	ss715597555	A	G
glyma.Wm82.gnm2.Gm07	37173030	ss715597556	T	C
glyma.Wm82.gnm2.Gm07	37177741	ss715597558	G	T
glyma.Wm82.gnm2.Gm07	37178762	ss715597559	T	C
glyma.Wm82.gnm2.Gm07	37181845	ss715597561	C	T
glyma.Wm82.gnm2.Gm07	37288519	ss715597578	C	T
glyma.Wm82.gnm2.Gm07	37300299	ss715597580	C	T
glyma.Wm82.gnm2.Gm07	37303239	ss715597581	TATTGACAAATATT	.
glyma.Wm82.gnm2.Gm07	37305962	ss715597583	C	T
glyma.Wm82.gnm2.Gm07	37308810	ss715597584	T	C
glyma.Wm82.gnm2.Gm07	37320756	ss715597585	C	T
glyma.Wm82.gnm2.Gm07	37321895	ss715597586	A	.
glyma.Wm82.gnm2.Gm07	37391499	ss715597590	C	T
glyma.Wm82.gnm2.Gm07	37401577	ss715597591	C	T
glyma.Wm82.gnm2.Gm07	37448652	ss715597599	A	G
glyma.Wm82.gnm2.Gm07	37454491	ss715597601	T	C
glyma.Wm82.gnm2.Gm07	37459077	ss715597602	C	T
glyma.Wm82.gnm2.Gm07	37470579	ss715597604	C	T
glyma.Wm82.gnm2.Gm07	37473773	ss715597605	T	C
glyma.Wm82.gnm2.Gm07	37477451	ss715597606	C	T
glyma.Wm82.gnm2.Gm07	37482295	ss715597607	T	G
glyma.Wm82.gnm2.Gm07	37503899	ss715597610	C	T
glyma.Wm82.gnm2.Gm07	37516179	ss715597612	C	T
glyma.Wm82.gnm2.Gm07	37522045	ss715597614	A	G
glyma.Wm82.gnm2.Gm07	37548295	ss715597616	A	G
glyma.Wm82.gnm2.Gm07	37566929	ss715597617	G	T
glyma.Wm82.gnm2.Gm07	37568744	ss715597618	C	T
glyma.Wm82.gnm2.Gm07	37571524	ss715597619	T	C
glyma.Wm82.gnm2.Gm07	37572365	ss715597620	A	.
glyma.Wm82.gnm2.Gm07	37579786	ss715597622	T	C
glyma.Wm82.gnm2.Gm07	37585386	ss715597624	C	A
glyma.Wm82.gnm2.Gm07	37597942	ss715597626	C	T
glyma.Wm82.gnm2.Gm07	37616073	ss715597629	C	T
glyma.Wm82.gnm2.Gm07	37628811	ss715597630	G	A
glyma.Wm82.gnm2.Gm07	37629781	ss715597631	C	T
glyma.Wm82.gnm2.Gm07	37631217	ss715597632	A	G
glyma.Wm82.gnm2.Gm07	37656946	ss715597637	G	T
glyma.Wm82.gnm2.Gm07	37662671	ss715597638	T	C
glyma.Wm82.gnm2.Gm07	37666575	ss715597639	T	C
glyma.Wm82.gnm2.Gm07	37671359	ss715597641	A	G
glyma.Wm82.gnm2.Gm07	37686193	ss715597644	G	A
glyma.Wm82.gnm2.Gm07	37704929	ss715597646	A	C
glyma.Wm82.gnm2.Gm07	37717533	ss715597649	A	G
glyma.Wm82.gnm2.Gm07	37778563	ss715597657	T	C
glyma.Wm82.gnm2.Gm07	37779639	ss715597658	G	T
glyma.Wm82.gnm2.Gm07	37780531	ss715597659	G	A
glyma.Wm82.gnm2.Gm07	37781401	ss715597660	T	C
glyma.Wm82.gnm2.Gm07	37788797	ss715597661	C	T
glyma.Wm82.gnm2.Gm07	37804136	ss715597663	C	T
glyma.Wm82.gnm2.Gm07	37820579	ss715597666	T	C
glyma.Wm82.gnm2.Gm07	37824369	ss715597667	A	G
glyma.Wm82.gnm2.Gm07	37831843	ss715597668	A	G
glyma.Wm82.gnm2.Gm07	37834882	ss715597669	C	T
glyma.Wm82.gnm2.Gm07	37843514	ss715597671	T	C
glyma.Wm82.gnm2.Gm07	37853854	ss715597672	T	C
glyma.Wm82.gnm2.Gm07	37856801	ss715597673	A	G
glyma.Wm82.gnm2.Gm07	37875463	ss715597676	G	A
glyma.Wm82.gnm2.Gm07	37882749	ss715597677	G	A
glyma.Wm82.gnm2.Gm07	37888361	ss715597678	C	A
glyma.Wm82.gnm2.Gm07	37899789	ss715597680	G	A
glyma.Wm82.gnm2.Gm07	37906462	ss715597681	T	C
glyma.Wm82.gnm2.Gm07	37908300	ss715597682	G	T
glyma.Wm82.gnm2.Gm07	37908860	ss715597683	C	T
glyma.Wm82.gnm2.Gm07	37911072	ss715597684	G	A
glyma.Wm82.gnm2.Gm07	37914012	ss715597685	T	C
glyma.Wm82.gnm2.Gm07	37918677	ss715597687	T	C
glyma.Wm82.gnm2.Gm07	37919974	ss715597688	T	G
glyma.Wm82.gnm2.Gm07	37925517	ss715597689	T	C
glyma.Wm82.gnm2.Gm07	37928793	ss715597690	A	G
glyma.Wm82.gnm2.Gm07	37936791	ss715597691	C	A
glyma.Wm82.gnm2.Gm07	37941463	ss715597693	T	C
glyma.Wm82.gnm2.Gm07	38021435	ss715597694	G	T
glyma.Wm82.gnm2.Gm07	38045873	ss715597697	C	T
glyma.Wm82.gnm2.Gm07	38052034	ss715597699	C	T
glyma.Wm82.gnm2.Gm07	38054853	ss715597700	G	A
glyma.Wm82.gnm2.Gm07	38060128	ss715597702	A	G
glyma.Wm82.gnm2.Gm07	38066078	ss715597704	A	C
glyma.Wm82.gnm2.Gm07	38070762	ss715597705	C	T
glyma.Wm82.gnm2.Gm07	38074304	ss715597706	T	C
glyma.Wm82.gnm2.Gm07	38077053	ss715597708	G	A
glyma.Wm82.gnm2.Gm07	38085809	ss715597709	A	G
glyma.Wm82.gnm2.Gm07	38097720	ss715597711	C	T
glyma.Wm82.gnm2.Gm07	38106679	ss715597713	A	C
glyma.Wm82.gnm2.Gm07	38108863	ss715597714	C	T
glyma.Wm82.gnm2.Gm07	38122598	ss715597715	G	A
glyma.Wm82.gnm2.Gm07	38125512	ss715597716	C	T
glyma.Wm82.gnm2.Gm07	38129385	ss715597718	C	A
glyma.Wm82.gnm2.Gm07	38132939	ss715597719	G	A
glyma.Wm82.gnm2.Gm07	38142772	ss715597720	A	C
glyma.Wm82.gnm2.Gm07	38177850	ss715597729	A	.
glyma.Wm82.gnm2.Gm07	38181668	ss715597730	T	C
glyma.Wm82.gnm2.Gm07	38185438	ss715597732	T	C
glyma.Wm82.gnm2.Gm07	38195475	ss715597733	A	G
glyma.Wm82.gnm2.Gm07	38197409	ss715597734	G	T
glyma.Wm82.gnm2.Gm07	38201349	ss715597735	T	C
glyma.Wm82.gnm2.Gm07	38205779	ss715597737	T	C
glyma.Wm82.gnm2.Gm07	38215446	ss715597739	C	T
glyma.Wm82.gnm2.Gm07	38216325	ss715597740	T	C
glyma.Wm82.gnm2.Gm07	38236867	ss715597742	T	G
glyma.Wm82.gnm2.Gm07	38238001	ss715597743	T	C
glyma.Wm82.gnm2.Gm07	38240782	ss715597744	T	G
glyma.Wm82.gnm2.Gm07	38249041	ss715597747	G	A
glyma.Wm82.gnm2.Gm07	38250033	ss715597748	A	C
glyma.Wm82.gnm2.Gm07	38295714	ss715597752	G	A
glyma.Wm82.gnm2.Gm07	38313749	ss715597753	G	A
glyma.Wm82.gnm2.Gm07	38326873	ss715597755	G	A
glyma.Wm82.gnm2.Gm07	38374314	ss715597756	C	T
glyma.Wm82.gnm2.Gm07	38390079	ss715597758	C	T
glyma.Wm82.gnm2.Gm07	38390714	ss715597759	G	A
glyma.Wm82.gnm2.Gm07	38393077	ss715597760	G	A
glyma.Wm82.gnm2.Gm07	38399188	ss715597762	T	C
glyma.Wm82.gnm2.Gm07	38399995	ss715597763	G	A
glyma.Wm82.gnm2.Gm07	38401983	ss715597764	G	A
glyma.Wm82.gnm2.Gm07	38424001	ss715597768	C	T
glyma.Wm82.gnm2.Gm07	38496323	ss715597774	A	C
glyma.Wm82.gnm2.Gm07	38501178	ss715597776	C	T
glyma.Wm82.gnm2.Gm07	38504182	ss715597777	G	A
glyma.Wm82.gnm2.Gm07	38505237	ss715597778	A	G
glyma.Wm82.gnm2.Gm07	38513425	ss715597780	A	G
glyma.Wm82.gnm2.Gm07	38555656	ss715597783	T	C
glyma.Wm82.gnm2.Gm07	38559196	ss715597784	T	C
glyma.Wm82.gnm2.Gm07	38575920	ss715597785	A	G
glyma.Wm82.gnm2.Gm07	38592439	ss715597789	T	C
glyma.Wm82.gnm2.Gm07	38606673	ss715597790	A	G
glyma.Wm82.gnm2.Gm07	38616703	ss715597791	T	G
glyma.Wm82.gnm2.Gm07	38619365	ss715597792	A	C
glyma.Wm82.gnm2.Gm07	38623703	ss715597794	T	C
glyma.Wm82.gnm2.Gm07	38649533	ss715597796	T	C
glyma.Wm82.gnm2.Gm07	38651860	ss715597798	G	A
glyma.Wm82.gnm2.Gm07	38673115	ss715597801	T	C
glyma.Wm82.gnm2.Gm07	38679212	ss715597802	T	C
glyma.Wm82.gnm2.Gm07	38688909	ss715597805	A	G
glyma.Wm82.gnm2.Gm07	38690694	ss715597806	G	A
glyma.Wm82.gnm2.Gm07	38699830	ss715597810	C	A
glyma.Wm82.gnm2.Gm07	38761929	ss715597815	G	A
glyma.Wm82.gnm2.Gm07	38773888	ss715597817	A	C
glyma.Wm82.gnm2.Gm07	38787226	ss715597818	C	T
glyma.Wm82.gnm2.Gm07	38800014	ss715597820	T	G
glyma.Wm82.gnm2.Gm07	38800856	ss715597821	T	C
glyma.Wm82.gnm2.Gm07	38820121	ss715597822	C	T
glyma.Wm82.gnm2.Gm07	38829872	ss715597823	C	A
glyma.Wm82.gnm2.Gm07	38900298	ss715597829	A	C
glyma.Wm82.gnm2.Gm07	38974757	ss715597835	A	C
glyma.Wm82.gnm2.Gm07	39036356	ss715597844	C	T
glyma.Wm82.gnm2.Gm07	39079985	ss715597848	G	A
glyma.Wm82.gnm2.Gm07	39169990	ss715597856	G	A
glyma.Wm82.gnm2.Gm07	39202167	ss715597861	A	G
glyma.Wm82.gnm2.Gm07	39252627	ss715597866	G	A
glyma.Wm82.gnm2.Gm07	39253855	ss715597867	A	C
glyma.Wm82.gnm2.Gm07	39271341	ss715597870	C	T
glyma.Wm82.gnm2.Gm07	39375893	ss715597875	G	A
glyma.Wm82.gnm2.Gm07	39423656	ss715597879	C	T
glyma.Wm82.gnm2.Gm07	39425112	ss715597880	C	T
glyma.Wm82.gnm2.Gm07	39621479	ss715597896	C	T
glyma.Wm82.gnm2.Gm07	39631062	ss715597897	C	T
glyma.Wm82.gnm2.Gm07	39648913	ss715597900	C	T
glyma.Wm82.gnm2.Gm07	39651718	ss715597901	C	T
glyma.Wm82.gnm2.Gm07	39653470	ss715597902	G	A
glyma.Wm82.gnm2.Gm07	39690978	ss715597906	T	C
glyma.Wm82.gnm2.Gm07	39716375	ss715597911	T	C
glyma.Wm82.gnm2.Gm07	39759955	ss715597915	A	C
glyma.Wm82.gnm2.Gm07	39777823	ss715597918	A	G
glyma.Wm82.gnm2.Gm07	39782271	ss715597920	T	C
glyma.Wm82.gnm2.Gm07	39783790	ss715597922	C	T
glyma.Wm82.gnm2.Gm07	39808537	ss715597924	C	T
glyma.Wm82.gnm2.Gm07	39829393	ss715597927	G	A
glyma.Wm82.gnm2.Gm07	39923057	ss715597938	C	T
glyma.Wm82.gnm2.Gm07	40058250	ss715597946	G	T
glyma.Wm82.gnm2.Gm07	40059671	ss715597947	C	A
glyma.Wm82.gnm2.Gm07	40147472	ss715597951	A	C
glyma.Wm82.gnm2.Gm07	40163006	ss715597953	C	A
glyma.Wm82.gnm2.Gm07	40472715	ss715597967	G	A
glyma.Wm82.gnm2.Gm07	40504565	ss715597970	G	A
glyma.Wm82.gnm2.Gm07	40569995	ss715597975	C	T
glyma.Wm82.gnm2.Gm07	40801871	ss715597987	A	G
glyma.Wm82.gnm2.Gm07	40802458	ss715597988	A	G
glyma.Wm82.gnm2.Gm07	40804473	ss715597990	C	A
glyma.Wm82.gnm2.Gm07	40885491	ss715597997	A	G
glyma.Wm82.gnm2.Gm07	41013742	ss715598004	T	C
glyma.Wm82.gnm2.Gm07	41062439	ss715598007	C	T
glyma.Wm82.gnm2.Gm07	41094817	ss715598011	C	T
glyma.Wm82.gnm2.Gm07	41125053	ss715598013	G	A
glyma.Wm82.gnm2.Gm07	41139200	ss715598014	G	A
glyma.Wm82.gnm2.Gm07	41164275	ss715598015	A	G
glyma.Wm82.gnm2.Gm07	41172025	ss715598017	C	T
glyma.Wm82.gnm2.Gm07	41183238	ss715598019	A	C
glyma.Wm82.gnm2.Gm07	41309618	ss715598025	A	G
glyma.Wm82.gnm2.Gm07	41312015	ss715598027	C	T
glyma.Wm82.gnm2.Gm07	41362163	ss715598030	G	A
glyma.Wm82.gnm2.Gm07	41396470	ss715598031	A	C
glyma.Wm82.gnm2.Gm07	41417060	ss715598032	A	G
glyma.Wm82.gnm2.Gm07	41419895	ss715598033	T	C
glyma.Wm82.gnm2.Gm07	41447525	ss715598035	T	C
glyma.Wm82.gnm2.Gm07	41611767	ss715598041	T	C
glyma.Wm82.gnm2.Gm07	41612460	ss715598043	G	A
glyma.Wm82.gnm2.Gm07	41665163	ss715598047	C	T
glyma.Wm82.gnm2.Gm07	41666289	ss715598048	G	A
glyma.Wm82.gnm2.Gm07	41682747	ss715598051	G	T
glyma.Wm82.gnm2.Gm07	41688104	ss715598052	G	A
glyma.Wm82.gnm2.Gm07	41711423	ss715598054	T	C
glyma.Wm82.gnm2.Gm07	41752977	ss715598056	C	A
glyma.Wm82.gnm2.Gm07	41965805	ss715598071	T	G
glyma.Wm82.gnm2.Gm07	41981587	ss715598073	T	C
glyma.Wm82.gnm2.Gm07	42047915	ss715598077	A	G
glyma.Wm82.gnm2.Gm07	42058020	ss715598080	C	T
glyma.Wm82.gnm2.Gm07	42132920	ss715598083	T	C
glyma.Wm82.gnm2.Gm07	42206629	ss715598086	A	G
glyma.Wm82.gnm2.Gm07	42219851	ss715598088	C	T
glyma.Wm82.gnm2.Gm07	42261005	ss715598094	C	A
glyma.Wm82.gnm2.Gm07	42316601	ss715598098	G	A
glyma.Wm82.gnm2.Gm07	42340916	ss715598104	T	C
glyma.Wm82.gnm2.Gm07	42400379	ss715598111	C	T
glyma.Wm82.gnm2.Gm07	42411896	ss715598113	T	C
glyma.Wm82.gnm2.Gm07	42547164	ss715598119	C	T
glyma.Wm82.gnm2.Gm07	42634691	ss715598123	T	C
glyma.Wm82.gnm2.Gm07	42807687	ss715598134	C	T
glyma.Wm82.gnm2.Gm07	42824917	ss715598136	A	G
glyma.Wm82.gnm2.Gm07	43019128	ss715598150	C	A
glyma.Wm82.gnm2.Gm07	43038681	ss715598151	A	G
glyma.Wm82.gnm2.Gm07	43039473	ss715598152	A	G
glyma.Wm82.gnm2.Gm07	43040139	ss715598153	G	A
glyma.Wm82.gnm2.Gm07	43041158	ss715598154	G	A
glyma.Wm82.gnm2.Gm07	43135173	ss715598160	A	G
glyma.Wm82.gnm2.Gm07	43163154	ss715598163	T	G
glyma.Wm82.gnm2.Gm07	43286733	ss715598169	A	G
glyma.Wm82.gnm2.Gm07	43335064	ss715598173	C	T
glyma.Wm82.gnm2.Gm07	43341170	ss715598174	C	T
glyma.Wm82.gnm2.Gm07	43511202	ss715598180	G	A
glyma.Wm82.gnm2.Gm07	43520803	ss715598181	T	G
glyma.Wm82.gnm2.Gm07	43541477	ss715598184	C	T
glyma.Wm82.gnm2.Gm07	43570196	ss715598187	T	C
glyma.Wm82.gnm2.Gm07	43585347	ss715598189	T	C
glyma.Wm82.gnm2.Gm07	43970442	ss715598208	G	T
glyma.Wm82.gnm2.Gm07	43972387	ss715598209	T	G
glyma.Wm82.gnm2.Gm07	43999825	ss715598212	A	C
glyma.Wm82.gnm2.Gm07	44001790	ss715598213	A	C
glyma.Wm82.gnm2.Gm07	44022163	ss715598214	C	A
glyma.Wm82.gnm2.Gm07	44091383	ss715598215	G	A
glyma.Wm82.gnm2.Gm07	44122517	ss715598216	G	T
glyma.Wm82.gnm2.Gm07	44143330	ss715598217	C	T
glyma.Wm82.gnm2.Gm07	44278969	ss715598220	T	C
glyma.Wm82.gnm2.Gm07	44307035	ss715598223	A	C
glyma.Wm82.gnm2.Gm07	44375193	ss715598226	T	C
glyma.Wm82.gnm2.Gm07	44527207	ss715598236	A	G
glyma.Wm82.gnm2.Gm07	44531957	ss715598237	T	C
glyma.Wm82.gnm2.Gm07	44609419	ss715598245	C	T
glyma.Wm82.gnm2.Gm08	159579	ss715599744	G	A
glyma.Wm82.gnm2.Gm08	227190	ss715600924	G	A
glyma.Wm82.gnm2.Gm08	357542	ss715601531	T	G
glyma.Wm82.gnm2.Gm08	369068	ss715601571	A	G
glyma.Wm82.gnm2.Gm08	387601	ss715601614	C	T
glyma.Wm82.gnm2.Gm08	450871	ss715602316	C	A
glyma.Wm82.gnm2.Gm08	524295	ss715602568	C	.
glyma.Wm82.gnm2.Gm08	593543	ss715602617	G	A
glyma.Wm82.gnm2.Gm08	664813	ss715602642	T	G
glyma.Wm82.gnm2.Gm08	797007	ss715602728	G	T
glyma.Wm82.gnm2.Gm08	1017668	ss715599147	C	T
glyma.Wm82.gnm2.Gm08	1074780	ss715599222	G	A
glyma.Wm82.gnm2.Gm08	1096398	ss715599238	T	G
glyma.Wm82.gnm2.Gm08	1125358	ss715599254	A	G
glyma.Wm82.gnm2.Gm08	1147128	ss715599283	G	T
glyma.Wm82.gnm2.Gm08	1190302	ss715599326	C	A
glyma.Wm82.gnm2.Gm08	1348627	ss715599457	C	A
glyma.Wm82.gnm2.Gm08	1374491	ss715599475	T	C
glyma.Wm82.gnm2.Gm08	1403525	ss715599499	A	G
glyma.Wm82.gnm2.Gm08	1466928	ss715599586	G	A
glyma.Wm82.gnm2.Gm08	1764397	ss715599955	T	C
glyma.Wm82.gnm2.Gm08	1799025	ss715599996	A	G
glyma.Wm82.gnm2.Gm08	1829531	ss715600035	T	C
glyma.Wm82.gnm2.Gm08	1977509	ss715600344	G	A
glyma.Wm82.gnm2.Gm08	2024577	ss715600466	C	T
glyma.Wm82.gnm2.Gm08	2132175	ss715600642	C	T
glyma.Wm82.gnm2.Gm08	2180273	ss715600735	A	C
glyma.Wm82.gnm2.Gm08	2206962	ss715600822	A	G
glyma.Wm82.gnm2.Gm08	2212092	ss715600827	T	C
glyma.Wm82.gnm2.Gm08	2283922	ss715600962	T	C
glyma.Wm82.gnm2.Gm08	2284150	ss715600963	T	C
glyma.Wm82.gnm2.Gm08	2300487	ss715600984	A	G
glyma.Wm82.gnm2.Gm08	2324488	ss715601099	A	G
glyma.Wm82.gnm2.Gm08	2342017	ss715601112	T	G
glyma.Wm82.gnm2.Gm08	2433248	ss715601150	G	A
glyma.Wm82.gnm2.Gm08	2452457	ss715601159	T	C
glyma.Wm82.gnm2.Gm08	2639584	ss715601228	G	T
glyma.Wm82.gnm2.Gm08	2650170	ss715601232	A	G
glyma.Wm82.gnm2.Gm08	2813463	ss715601288	C	A
glyma.Wm82.gnm2.Gm08	2839391	ss715601294	A	G
glyma.Wm82.gnm2.Gm08	2856555	ss715601303	A	C
glyma.Wm82.gnm2.Gm08	2889290	ss715601310	T	C
glyma.Wm82.gnm2.Gm08	2947554	ss715601329	G	T
glyma.Wm82.gnm2.Gm08	3139257	ss715601403	T	C
glyma.Wm82.gnm2.Gm08	3343108	ss715601470	G	A
glyma.Wm82.gnm2.Gm08	3346428	ss715601472	C	T
glyma.Wm82.gnm2.Gm08	3756587	ss715601587	C	T
glyma.Wm82.gnm2.Gm08	3844362	ss715601610	G	A
glyma.Wm82.gnm2.Gm08	3866379	ss715601617	C	A
glyma.Wm82.gnm2.Gm08	3879313	ss715601623	T	C
glyma.Wm82.gnm2.Gm08	3991132	ss715601723	T	C
glyma.Wm82.gnm2.Gm08	4120191	ss715601893	A	G
glyma.Wm82.gnm2.Gm08	4149008	ss715601926	A	G
glyma.Wm82.gnm2.Gm08	4243557	ss715602047	G	A
glyma.Wm82.gnm2.Gm08	4246951	ss715602050	A	G
glyma.Wm82.gnm2.Gm08	4272701	ss715602078	A	C
glyma.Wm82.gnm2.Gm08	4350637	ss715602205	T	C
glyma.Wm82.gnm2.Gm08	4419268	ss715602255	A	G
glyma.Wm82.gnm2.Gm08	4810106	ss715602537	T	C
glyma.Wm82.gnm2.Gm08	4988513	ss715602550	A	G
glyma.Wm82.gnm2.Gm08	5030209	ss715602553	G	A
glyma.Wm82.gnm2.Gm08	5046370	ss715602554	A	G
glyma.Wm82.gnm2.Gm08	5209335	ss715602567	T	G
glyma.Wm82.gnm2.Gm08	5287858	ss715602576	G	T
glyma.Wm82.gnm2.Gm08	5454435	ss715602584	G	A
glyma.Wm82.gnm2.Gm08	5472166	ss715602585	C	A
glyma.Wm82.gnm2.Gm08	5579771	ss715602592	T	C
glyma.Wm82.gnm2.Gm08	5583139	ss715602593	A	G
glyma.Wm82.gnm2.Gm08	5700228	ss715602601	G	A
glyma.Wm82.gnm2.Gm08	5772438	ss715602609	T	C
glyma.Wm82.gnm2.Gm08	5922438	ss715602618	C	T
glyma.Wm82.gnm2.Gm08	5965358	ss715602619	C	A
glyma.Wm82.gnm2.Gm08	6005388	ss715602621	C	T
glyma.Wm82.gnm2.Gm08	6069696	ss715602623	T	C
glyma.Wm82.gnm2.Gm08	6071700	ss715602624	T	C
glyma.Wm82.gnm2.Gm08	6267813	ss715602632	C	T
glyma.Wm82.gnm2.Gm08	6342757	ss715602633	A	C
glyma.Wm82.gnm2.Gm08	6424332	ss715602637	C	T
glyma.Wm82.gnm2.Gm08	6475811	ss715602638	C	.
glyma.Wm82.gnm2.Gm08	6563911	ss715602639	G	A
glyma.Wm82.gnm2.Gm08	6753315	ss715602646	T	C
glyma.Wm82.gnm2.Gm08	6999040	ss715602657	G	A
glyma.Wm82.gnm2.Gm08	7236313	ss715602669	G	A
glyma.Wm82.gnm2.Gm08	7322659	ss715602671	A	G
glyma.Wm82.gnm2.Gm08	7518597	ss715602683	A	G
glyma.Wm82.gnm2.Gm08	7523028	ss715602686	A	C
glyma.Wm82.gnm2.Gm08	7595852	ss715602694	G	A
glyma.Wm82.gnm2.Gm08	7723316	ss715602703	G	A
glyma.Wm82.gnm2.Gm08	7831278	ss715602711	C	A
glyma.Wm82.gnm2.Gm08	7864681	ss715602718	T	C
glyma.Wm82.gnm2.Gm08	8052471	ss715602737	G	A
glyma.Wm82.gnm2.Gm08	8052585	ss715602738	C	T
glyma.Wm82.gnm2.Gm08	8054891	ss715602739	A	G
glyma.Wm82.gnm2.Gm08	8271447	ss715602748	T	C
glyma.Wm82.gnm2.Gm08	8285888	ss715602752	A	G
glyma.Wm82.gnm2.Gm08	8382704	ss715602758	A	G
glyma.Wm82.gnm2.Gm08	8390974	ss715602764	T	G
glyma.Wm82.gnm2.Gm08	8552136	ss715602769	GG	.
glyma.Wm82.gnm2.Gm08	8571552	ss715602773	G	T
glyma.Wm82.gnm2.Gm08	8601602	ss715602776	A	C
glyma.Wm82.gnm2.Gm08	8607322	ss715602778	A	G
glyma.Wm82.gnm2.Gm08	8622933	ss715602782	C	A
glyma.Wm82.gnm2.Gm08	8637814	ss715602785	T	C
glyma.Wm82.gnm2.Gm08	8688898	ss715602789	T	C
glyma.Wm82.gnm2.Gm08	8725436	ss715602795	G	A
glyma.Wm82.gnm2.Gm08	8829190	ss715602803	T	C
glyma.Wm82.gnm2.Gm08	8869615	ss715602808	T	C
glyma.Wm82.gnm2.Gm08	8880249	ss715602810	G	A
glyma.Wm82.gnm2.Gm08	8916867	ss715602813	A	G
glyma.Wm82.gnm2.Gm08	8951862	ss715602817	G	A
glyma.Wm82.gnm2.Gm08	8961408	ss715602819	T	C
glyma.Wm82.gnm2.Gm08	9012501	ss715602821	G	A
glyma.Wm82.gnm2.Gm08	9095301	ss715602825	G	.
glyma.Wm82.gnm2.Gm08	9330871	ss715602852	A	C
glyma.Wm82.gnm2.Gm08	9385090	ss715602857	T	G
glyma.Wm82.gnm2.Gm08	9462777	ss715602867	C	A
glyma.Wm82.gnm2.Gm08	9478858	ss715602870	A	G
glyma.Wm82.gnm2.Gm08	9488505	ss715602872	A	G
glyma.Wm82.gnm2.Gm08	9494497	ss715602873	C	T
glyma.Wm82.gnm2.Gm08	9498084	ss715602874	C	T
glyma.Wm82.gnm2.Gm08	9506745	ss715602876	A	G
glyma.Wm82.gnm2.Gm08	9570907	ss715602882	G	A
glyma.Wm82.gnm2.Gm08	9615475	ss715602886	G	T
glyma.Wm82.gnm2.Gm08	9675058	ss715602891	C	T
glyma.Wm82.gnm2.Gm08	9692119	ss715602895	T	G
glyma.Wm82.gnm2.Gm08	9807798	ss715602900	C	T
glyma.Wm82.gnm2.Gm08	9893792	ss715602910	A	G
glyma.Wm82.gnm2.Gm08	9909193	ss715602913	G	A
glyma.Wm82.gnm2.Gm08	9912302	ss715602915	A	G
glyma.Wm82.gnm2.Gm08	9928184	ss715602918	A	G
glyma.Wm82.gnm2.Gm08	9941031	ss715602920	T	C
glyma.Wm82.gnm2.Gm08	10012138	ss715599144	A	G
glyma.Wm82.gnm2.Gm08	10228083	ss715599169	A	G
glyma.Wm82.gnm2.Gm08	10384452	ss715599186	C	A
glyma.Wm82.gnm2.Gm08	10392081	ss715599189	T	C
glyma.Wm82.gnm2.Gm08	10474541	ss715599200	G	A
glyma.Wm82.gnm2.Gm08	10482820	ss715599202	C	T
glyma.Wm82.gnm2.Gm08	10513199	ss715599204	C	T
glyma.Wm82.gnm2.Gm08	10575689	ss715599213	A	C
glyma.Wm82.gnm2.Gm08	10594712	ss715599216	T	C
glyma.Wm82.gnm2.Gm08	10615684	ss715599219	A	C
glyma.Wm82.gnm2.Gm08	10632357	ss715599221	A	C
glyma.Wm82.gnm2.Gm08	10689483	ss715599229	G	A
glyma.Wm82.gnm2.Gm08	10761671	ss715599233	C	A
glyma.Wm82.gnm2.Gm08	10829963	ss715599236	G	A
glyma.Wm82.gnm2.Gm08	10984300	ss715599243	T	G
glyma.Wm82.gnm2.Gm08	11035270	ss715599248	A	C
glyma.Wm82.gnm2.Gm08	11063024	ss715599251	T	G
glyma.Wm82.gnm2.Gm08	11126044	ss715599253	C	T
glyma.Wm82.gnm2.Gm08	11342180	ss715599281	A	C
glyma.Wm82.gnm2.Gm08	11477277	ss715599296	T	C
glyma.Wm82.gnm2.Gm08	11616055	ss715599304	T	C
glyma.Wm82.gnm2.Gm08	11689124	ss715599314	G	A
glyma.Wm82.gnm2.Gm08	11762085	ss715599324	T	G
glyma.Wm82.gnm2.Gm08	11782557	ss715599325	G	A
glyma.Wm82.gnm2.Gm08	11808193	ss715599327	A	G
glyma.Wm82.gnm2.Gm08	11809120	ss715599328	C	T
glyma.Wm82.gnm2.Gm08	11838579	ss715599336	C	T
glyma.Wm82.gnm2.Gm08	11876703	ss715599346	T	C
glyma.Wm82.gnm2.Gm08	11888613	ss715599349	C	T
glyma.Wm82.gnm2.Gm08	11914584	ss715599351	T	G
glyma.Wm82.gnm2.Gm08	11973244	ss715599357	C	T
glyma.Wm82.gnm2.Gm08	11979214	ss715599361	G	A
glyma.Wm82.gnm2.Gm08	11984376	ss715599362	T	G
glyma.Wm82.gnm2.Gm08	12276678	ss715599391	T	G
glyma.Wm82.gnm2.Gm08	12310322	ss715599394	G	A
glyma.Wm82.gnm2.Gm08	12373267	ss715599400	A	G
glyma.Wm82.gnm2.Gm08	12614041	ss715599415	T	C
glyma.Wm82.gnm2.Gm08	12643923	ss715599417	A	G
glyma.Wm82.gnm2.Gm08	12698876	ss715599419	A	G
glyma.Wm82.gnm2.Gm08	12860674	ss715599424	T	C
glyma.Wm82.gnm2.Gm08	12948213	ss715599430	T	C
glyma.Wm82.gnm2.Gm08	13113574	ss715599435	G	A
glyma.Wm82.gnm2.Gm08	13856585	ss715599488	C	A
glyma.Wm82.gnm2.Gm08	13857733	ss715599489	A	G
glyma.Wm82.gnm2.Gm08	14046671	ss715599513	T	C
glyma.Wm82.gnm2.Gm08	14079961	ss715599518	A	G
glyma.Wm82.gnm2.Gm08	14099980	ss715599522	T	G
glyma.Wm82.gnm2.Gm08	14128111	ss715599528	T	C
glyma.Wm82.gnm2.Gm08	14183413	ss715599538	G	A
glyma.Wm82.gnm2.Gm08	14196088	ss715599540	A	G
glyma.Wm82.gnm2.Gm08	14287042	ss715599556	G	A
glyma.Wm82.gnm2.Gm08	14428170	ss715599569	C	T
glyma.Wm82.gnm2.Gm08	14455993	ss715599571	T	C
glyma.Wm82.gnm2.Gm08	14552630	ss715599582	T	G
glyma.Wm82.gnm2.Gm08	14617831	ss715599591	A	G
glyma.Wm82.gnm2.Gm08	14618453	ss715599594	G	A
glyma.Wm82.gnm2.Gm08	14647461	ss715599600	T	C
glyma.Wm82.gnm2.Gm08	14748019	ss715599611	A	G
glyma.Wm82.gnm2.Gm08	14751628	ss715599612	A	G
glyma.Wm82.gnm2.Gm08	14758038	ss715599614	A	G
glyma.Wm82.gnm2.Gm08	14781592	ss715599620	A	C
glyma.Wm82.gnm2.Gm08	14829899	ss715599631	C	A
glyma.Wm82.gnm2.Gm08	14832657	ss715599632	G	A
glyma.Wm82.gnm2.Gm08	15086291	ss715599659	G	A
glyma.Wm82.gnm2.Gm08	15315671	ss715599693	A	G
glyma.Wm82.gnm2.Gm08	15315961	ss715599694	G	A
glyma.Wm82.gnm2.Gm08	15381230	ss715599698	A	G
glyma.Wm82.gnm2.Gm08	15409521	ss715599699	A	C
glyma.Wm82.gnm2.Gm08	15548772	ss715599708	A	G
glyma.Wm82.gnm2.Gm08	15559466	ss715599712	A	G
glyma.Wm82.gnm2.Gm08	15845309	ss715599753	A	G
glyma.Wm82.gnm2.Gm08	15850296	ss715599754	A	G
glyma.Wm82.gnm2.Gm08	15972152	ss715599759	T	C
glyma.Wm82.gnm2.Gm08	16311940	ss715599810	G	A
glyma.Wm82.gnm2.Gm08	16403838	ss715599814	C	T
glyma.Wm82.gnm2.Gm08	16506217	ss715599824	C	T
glyma.Wm82.gnm2.Gm08	16526132	ss715599829	C	T
glyma.Wm82.gnm2.Gm08	16526393	ss715599830	C	T
glyma.Wm82.gnm2.Gm08	16529370	ss715599837	C	T
glyma.Wm82.gnm2.Gm08	16557319	ss715599840	G	A
glyma.Wm82.gnm2.Gm08	16566372	ss715599843	T	C
glyma.Wm82.gnm2.Gm08	16873964	ss715599873	T	C
glyma.Wm82.gnm2.Gm08	16880922	ss715599874	T	C
glyma.Wm82.gnm2.Gm08	16955713	ss715599886	T	C
glyma.Wm82.gnm2.Gm08	16955852	ss715599887	C	T
glyma.Wm82.gnm2.Gm08	17035789	ss715599892	G	A
glyma.Wm82.gnm2.Gm08	17189534	ss715599904	C	T
glyma.Wm82.gnm2.Gm08	17207837	ss715599905	T	C
glyma.Wm82.gnm2.Gm08	17218487	ss715599906	A	G
glyma.Wm82.gnm2.Gm08	17303870	ss715599916	A	C
glyma.Wm82.gnm2.Gm08	17304126	ss715599918	C	T
glyma.Wm82.gnm2.Gm08	17323424	ss715599929	T	C
glyma.Wm82.gnm2.Gm08	17418330	ss715599940	G	A
glyma.Wm82.gnm2.Gm08	17640667	ss715599964	A	G
glyma.Wm82.gnm2.Gm08	17648412	ss715599965	G	A
glyma.Wm82.gnm2.Gm08	17725203	ss715599968	C	T
glyma.Wm82.gnm2.Gm08	17828516	ss715599981	T	C
glyma.Wm82.gnm2.Gm08	17828890	ss715599983	C	T
glyma.Wm82.gnm2.Gm08	17829032	ss715599984	A	C
glyma.Wm82.gnm2.Gm08	17981020	ss715600000	T	C
glyma.Wm82.gnm2.Gm08	18027855	ss715600003	C	A
glyma.Wm82.gnm2.Gm08	18107496	ss715600022	A	C
glyma.Wm82.gnm2.Gm08	18116875	ss715600026	C	T
glyma.Wm82.gnm2.Gm08	18130368	ss715600029	G	A
glyma.Wm82.gnm2.Gm08	18208680	ss715600037	A	C
glyma.Wm82.gnm2.Gm08	18225965	ss715600040	T	C
glyma.Wm82.gnm2.Gm08	18254279	ss715600043	G	A
glyma.Wm82.gnm2.Gm08	18270844	ss715600045	C	T
glyma.Wm82.gnm2.Gm08	18271875	ss715600047	G	A
glyma.Wm82.gnm2.Gm08	18432262	ss715600077	G	A
glyma.Wm82.gnm2.Gm08	18453233	ss715600079	A	G
glyma.Wm82.gnm2.Gm08	18554554	ss715600086	A	C
glyma.Wm82.gnm2.Gm08	18566925	ss715600087	C	T
glyma.Wm82.gnm2.Gm08	18591724	ss715600090	T	C
glyma.Wm82.gnm2.Gm08	18673407	ss715600101	T	C
glyma.Wm82.gnm2.Gm08	18716055	ss715600110	C	T
glyma.Wm82.gnm2.Gm08	18731162	ss715600117	G	A
glyma.Wm82.gnm2.Gm08	18957097	ss715600133	G	A
glyma.Wm82.gnm2.Gm08	19004699	ss715600135	G	A
glyma.Wm82.gnm2.Gm08	19074508	ss715600146	A	G
glyma.Wm82.gnm2.Gm08	19128531	ss715600157	C	T
glyma.Wm82.gnm2.Gm08	19206130	ss715600173	T	C
glyma.Wm82.gnm2.Gm08	19240693	ss715600182	A	G
glyma.Wm82.gnm2.Gm08	19241199	ss715600183	T	C
glyma.Wm82.gnm2.Gm08	19245842	ss715600187	G	T
glyma.Wm82.gnm2.Gm08	19367721	ss715600216	T	C
glyma.Wm82.gnm2.Gm08	19418262	ss715600236	A	G
glyma.Wm82.gnm2.Gm08	19488731	ss715600258	G	A
glyma.Wm82.gnm2.Gm08	19500162	ss715600266	C	T
glyma.Wm82.gnm2.Gm08	19500267	ss715600267	G	A
glyma.Wm82.gnm2.Gm08	19504427	ss715600270	C	T
glyma.Wm82.gnm2.Gm08	19515372	ss715600273	G	A
glyma.Wm82.gnm2.Gm08	19540341	ss715600293	A	G
glyma.Wm82.gnm2.Gm08	19674227	ss715600333	C	T
glyma.Wm82.gnm2.Gm08	19693759	ss715600341	C	A
glyma.Wm82.gnm2.Gm08	19700408	ss715600345	C	T
glyma.Wm82.gnm2.Gm08	19709585	ss715600347	T	C
glyma.Wm82.gnm2.Gm08	19750749	ss715600364	C	T
glyma.Wm82.gnm2.Gm08	19853041	ss715600391	G	A
glyma.Wm82.gnm2.Gm08	19930113	ss715600400	A	G
glyma.Wm82.gnm2.Gm08	19967138	ss715600409	G	A
glyma.Wm82.gnm2.Gm08	19974684	ss715600412	T	C
glyma.Wm82.gnm2.Gm08	19978157	ss715600414	T	C
glyma.Wm82.gnm2.Gm08	19996752	ss715600422	G	A
glyma.Wm82.gnm2.Gm08	20046564	ss715600441	A	G
glyma.Wm82.gnm2.Gm08	20047545	ss715600443	G	A
glyma.Wm82.gnm2.Gm08	20060997	ss715600452	G	T
glyma.Wm82.gnm2.Gm08	20089096	ss715600460	A	G
glyma.Wm82.gnm2.Gm08	20189201	ss715600472	C	T
glyma.Wm82.gnm2.Gm08	20203205	ss715600477	G	T
glyma.Wm82.gnm2.Gm08	20210510	ss715600478	G	A
glyma.Wm82.gnm2.Gm08	20224011	ss715600481	G	A
glyma.Wm82.gnm2.Gm08	20234895	ss715600483	G	A
glyma.Wm82.gnm2.Gm08	20281344	ss715600501	A	C
glyma.Wm82.gnm2.Gm08	20298443	ss715600506	C	T
glyma.Wm82.gnm2.Gm08	20347901	ss715600513	G	A
glyma.Wm82.gnm2.Gm08	20348185	ss715600514	C	T
glyma.Wm82.gnm2.Gm08	20380624	ss715600522	C	T
glyma.Wm82.gnm2.Gm08	20398556	ss715600523	T	C
glyma.Wm82.gnm2.Gm08	20401649	ss715600524	C	T
glyma.Wm82.gnm2.Gm08	20408290	ss715600526	A	G
glyma.Wm82.gnm2.Gm08	20408608	ss715600527	G	T
glyma.Wm82.gnm2.Gm08	20582221	ss715600541	C	T
glyma.Wm82.gnm2.Gm08	20602875	ss715600544	A	G
glyma.Wm82.gnm2.Gm08	20607621	ss715600546	C	T
glyma.Wm82.gnm2.Gm08	20640492	ss715600548	A	G
glyma.Wm82.gnm2.Gm08	20704914	ss715600556	C	T
glyma.Wm82.gnm2.Gm08	21041383	ss715600599	G	A
glyma.Wm82.gnm2.Gm08	21104575	ss715600605	C	A
glyma.Wm82.gnm2.Gm08	21114414	ss715600607	G	A
glyma.Wm82.gnm2.Gm08	21128290	ss715600611	A	C
glyma.Wm82.gnm2.Gm08	21129455	ss715600615	A	G
glyma.Wm82.gnm2.Gm08	21132299	ss715600621	A	G
glyma.Wm82.gnm2.Gm08	21178053	ss715600633	C	T
glyma.Wm82.gnm2.Gm08	21300897	ss715600645	G	A
glyma.Wm82.gnm2.Gm08	21317535	ss715600647	T	C
glyma.Wm82.gnm2.Gm08	21341149	ss715600656	G	A
glyma.Wm82.gnm2.Gm08	21378052	ss715600669	T	C
glyma.Wm82.gnm2.Gm08	21388425	ss715600680	C	T
glyma.Wm82.gnm2.Gm08	21400988	ss715600684	T	C
glyma.Wm82.gnm2.Gm08	21513806	ss715600699	G	T
glyma.Wm82.gnm2.Gm08	21516171	ss715600701	A	G
glyma.Wm82.gnm2.Gm08	21523054	ss715600703	G	A
glyma.Wm82.gnm2.Gm08	21545200	ss715600716	A	C
glyma.Wm82.gnm2.Gm08	21559631	ss715600717	A	C
glyma.Wm82.gnm2.Gm08	21585285	ss715600721	C	T
glyma.Wm82.gnm2.Gm08	21671895	ss715600727	A	G
glyma.Wm82.gnm2.Gm08	21713083	ss715600732	G	A
glyma.Wm82.gnm2.Gm08	21713806	ss715600733	C	T
glyma.Wm82.gnm2.Gm08	21733178	ss715600740	G	A
glyma.Wm82.gnm2.Gm08	21762406	ss715600747	A	G
glyma.Wm82.gnm2.Gm08	21763314	ss715600748	A	G
glyma.Wm82.gnm2.Gm08	21841129	ss715600767	T	C
glyma.Wm82.gnm2.Gm08	21888120	ss715600773	G	A
glyma.Wm82.gnm2.Gm08	21900093	ss715600777	G	A
glyma.Wm82.gnm2.Gm08	21902282	ss715600778	G	A
glyma.Wm82.gnm2.Gm08	21925843	ss715600798	T	G
glyma.Wm82.gnm2.Gm08	21927049	ss715600803	C	T
glyma.Wm82.gnm2.Gm08	21966785	ss715600811	T	C
glyma.Wm82.gnm2.Gm08	21970304	ss715600816	A	G
glyma.Wm82.gnm2.Gm08	21974870	ss715600817	C	T
glyma.Wm82.gnm2.Gm08	22003357	ss715600826	T	G
glyma.Wm82.gnm2.Gm08	22078109	ss715600832	A	G
glyma.Wm82.gnm2.Gm08	22105022	ss715600836	T	C
glyma.Wm82.gnm2.Gm08	22107395	ss715600837	T	C
glyma.Wm82.gnm2.Gm08	22148986	ss715600841	G	A
glyma.Wm82.gnm2.Gm08	22243298	ss715600846	G	A
glyma.Wm82.gnm2.Gm08	22270529	ss715600852	T	G
glyma.Wm82.gnm2.Gm08	22299247	ss715600853	G	A
glyma.Wm82.gnm2.Gm08	22324872	ss715600857	G	A
glyma.Wm82.gnm2.Gm08	22350141	ss715600861	T	C
glyma.Wm82.gnm2.Gm08	22351035	ss715600863	T	C
glyma.Wm82.gnm2.Gm08	22384046	ss715600864	T	C
glyma.Wm82.gnm2.Gm08	22492430	ss715600887	G	A
glyma.Wm82.gnm2.Gm08	22493456	ss715600888	T	C
glyma.Wm82.gnm2.Gm08	22534747	ss715600901	G	A
glyma.Wm82.gnm2.Gm08	22601721	ss715600930	T	C
glyma.Wm82.gnm2.Gm08	22616004	ss715600932	T	C
glyma.Wm82.gnm2.Gm08	22628034	ss715600933	C	T
glyma.Wm82.gnm2.Gm08	22636972	ss715600934	G	T
glyma.Wm82.gnm2.Gm08	22655933	ss715600939	C	T
glyma.Wm82.gnm2.Gm08	22656479	ss715600940	T	C
glyma.Wm82.gnm2.Gm08	22657997	ss715600942	C	T
glyma.Wm82.gnm2.Gm08	22701721	ss715600946	G	A
glyma.Wm82.gnm2.Gm08	22716827	ss715600948	G	A
glyma.Wm82.gnm2.Gm08	22717534	ss715600949	C	T
glyma.Wm82.gnm2.Gm08	22719373	ss715600952	A	G
glyma.Wm82.gnm2.Gm08	22721341	ss715600955	G	A
glyma.Wm82.gnm2.Gm08	22723488	ss715600956	T	C
glyma.Wm82.gnm2.Gm08	22749170	ss715600959	G	A
glyma.Wm82.gnm2.Gm08	22751408	ss715600961	G	A
glyma.Wm82.gnm2.Gm08	22810610	ss715639103	C	A
glyma.Wm82.gnm2.Gm08	22813926	ss715639104	T	C
glyma.Wm82.gnm2.Gm08	22848584	ss715600971	C	A
glyma.Wm82.gnm2.Gm08	22849041	ss715600972	A	G
glyma.Wm82.gnm2.Gm08	22874555	ss715600976	C	T
glyma.Wm82.gnm2.Gm08	22875362	ss715600977	G	A
glyma.Wm82.gnm2.Gm08	22888449	ss715600988	C	A
glyma.Wm82.gnm2.Gm08	22892110	ss715601004	C	T
glyma.Wm82.gnm2.Gm08	22894934	ss715601012	C	A
glyma.Wm82.gnm2.Gm08	22940942	ss715601026	C	T
glyma.Wm82.gnm2.Gm08	23007965	ss715601050	G	A
glyma.Wm82.gnm2.Gm08	23010255	ss715601051	T	C
glyma.Wm82.gnm2.Gm08	23011286	ss715601052	G	A
glyma.Wm82.gnm2.Gm08	23018940	ss715601059	G	A
glyma.Wm82.gnm2.Gm08	23022440	ss715601060	G	A
glyma.Wm82.gnm2.Gm08	23049038	ss715601073	C	T
glyma.Wm82.gnm2.Gm08	23049952	ss715601075	A	G
glyma.Wm82.gnm2.Gm08	23077328	ss715601092	T	C
glyma.Wm82.gnm2.Gm08	23208411	ss715601107	A	G
glyma.Wm82.gnm2.Gm08	23390374	ss715601118	A	G
glyma.Wm82.gnm2.Gm08	24129982	ss715601146	T	C
glyma.Wm82.gnm2.Gm08	24535817	ss715601163	G	A
glyma.Wm82.gnm2.Gm08	26059151	ss715601220	A	G
glyma.Wm82.gnm2.Gm08	27215120	ss715601269	C	T
glyma.Wm82.gnm2.Gm08	27480770	ss715601278	G	T
glyma.Wm82.gnm2.Gm08	27620272	ss715601281	G	A
glyma.Wm82.gnm2.Gm08	28937154	ss715639138	C	T
glyma.Wm82.gnm2.Gm08	30213421	ss715601333	G	A
glyma.Wm82.gnm2.Gm08	31320582	ss715601382	G	A
glyma.Wm82.gnm2.Gm08	32002797	ss715601402	C	T
glyma.Wm82.gnm2.Gm08	33659745	ss715601459	C	T
glyma.Wm82.gnm2.Gm08	34383318	ss715601482	C	T
glyma.Wm82.gnm2.Gm08	35022714	ss715601498	C	A
glyma.Wm82.gnm2.Gm08	35831440	ss715601524	G	A
glyma.Wm82.gnm2.Gm08	36075677	ss715601530	T	C
glyma.Wm82.gnm2.Gm08	36147271	ss715601533	T	C
glyma.Wm82.gnm2.Gm08	36729489	ss715601554	G	A
glyma.Wm82.gnm2.Gm08	37497004	ss715601573	A	C
glyma.Wm82.gnm2.Gm08	37671706	ss715601576	G	A
glyma.Wm82.gnm2.Gm08	37694847	ss715601577	G	T
glyma.Wm82.gnm2.Gm08	37809206	ss715601580	C	T
glyma.Wm82.gnm2.Gm08	37961152	ss715601585	C	T
glyma.Wm82.gnm2.Gm08	38180450	ss715601589	T	C
glyma.Wm82.gnm2.Gm08	38360753	ss715601592	A	G
glyma.Wm82.gnm2.Gm08	38967182	ss715601608	G	A
glyma.Wm82.gnm2.Gm08	39131058	ss715601613	C	A
glyma.Wm82.gnm2.Gm08	39497115	ss715601627	T	C
glyma.Wm82.gnm2.Gm08	39714639	ss715601637	A	C
glyma.Wm82.gnm2.Gm08	39776648	ss715601640	T	G
glyma.Wm82.gnm2.Gm08	39895283	ss715601655	T	C
glyma.Wm82.gnm2.Gm08	40087882	ss715601683	G	A
glyma.Wm82.gnm2.Gm08	40152462	ss715601689	T	C
glyma.Wm82.gnm2.Gm08	40174127	ss715601692	A	G
glyma.Wm82.gnm2.Gm08	40183477	ss715601695	C	T
glyma.Wm82.gnm2.Gm08	40209662	ss715601698	T	C
glyma.Wm82.gnm2.Gm08	40217289	ss715601699	T	C
glyma.Wm82.gnm2.Gm08	40287410	ss715601711	G	A
glyma.Wm82.gnm2.Gm08	40516663	ss715601728	G	A
glyma.Wm82.gnm2.Gm08	40588862	ss715601730	C	T
glyma.Wm82.gnm2.Gm08	40611047	ss715601734	C	A
glyma.Wm82.gnm2.Gm08	40611235	ss715601735	G	A
glyma.Wm82.gnm2.Gm08	40646563	ss715601740	C	A
glyma.Wm82.gnm2.Gm08	40808457	ss715601758	A	G
glyma.Wm82.gnm2.Gm08	40920379	ss715601782	C	T
glyma.Wm82.gnm2.Gm08	40939740	ss715601787	C	T
glyma.Wm82.gnm2.Gm08	41028060	ss715601794	A	G
glyma.Wm82.gnm2.Gm08	41029157	ss715601796	G	A
glyma.Wm82.gnm2.Gm08	41030226	ss715601798	G	A
glyma.Wm82.gnm2.Gm08	41031762	ss715601800	C	T
glyma.Wm82.gnm2.Gm08	41050944	ss715601803	A	G
glyma.Wm82.gnm2.Gm08	41131524	ss715601812	A	C
glyma.Wm82.gnm2.Gm08	41228402	ss715601821	C	A
glyma.Wm82.gnm2.Gm08	41294663	ss715601825	A	G
glyma.Wm82.gnm2.Gm08	41328845	ss715601829	A	C
glyma.Wm82.gnm2.Gm08	41371068	ss715601843	C	A
glyma.Wm82.gnm2.Gm08	41422810	ss715601856	C	T
glyma.Wm82.gnm2.Gm08	41465833	ss715601860	G	T
glyma.Wm82.gnm2.Gm08	41517292	ss715601865	T	G
glyma.Wm82.gnm2.Gm08	41524328	ss715601872	T	C
glyma.Wm82.gnm2.Gm08	41594376	ss715601876	G	A
glyma.Wm82.gnm2.Gm08	41594824	ss715601877	C	T
glyma.Wm82.gnm2.Gm08	41594931	ss715601878	A	G
glyma.Wm82.gnm2.Gm08	41595563	ss715601879	A	G
glyma.Wm82.gnm2.Gm08	41640233	ss715601881	T	C
glyma.Wm82.gnm2.Gm08	41725217	ss715601887	G	A
glyma.Wm82.gnm2.Gm08	41935212	ss715601910	T	C
glyma.Wm82.gnm2.Gm08	41935363	ss715601911	C	T
glyma.Wm82.gnm2.Gm08	42070881	ss715601925	G	A
glyma.Wm82.gnm2.Gm08	42145795	ss715601929	T	C
glyma.Wm82.gnm2.Gm08	42182579	ss715601933	C	T
glyma.Wm82.gnm2.Gm08	42184041	ss715601934	C	T
glyma.Wm82.gnm2.Gm08	42293287	ss715601953	T	C
glyma.Wm82.gnm2.Gm08	42334301	ss715601964	G	A
glyma.Wm82.gnm2.Gm08	42334548	ss715601965	G	A
glyma.Wm82.gnm2.Gm08	42452814	ss715601984	G	A
glyma.Wm82.gnm2.Gm08	42490418	ss715601990	G	A
glyma.Wm82.gnm2.Gm08	42531670	ss715601996	T	C
glyma.Wm82.gnm2.Gm08	42532395	ss715601997	C	T
glyma.Wm82.gnm2.Gm08	42532915	ss715601998	A	G
glyma.Wm82.gnm2.Gm08	42534728	ss715602002	G	A
glyma.Wm82.gnm2.Gm08	42623902	ss715602010	G	A
glyma.Wm82.gnm2.Gm08	42707972	ss715602015	T	C
glyma.Wm82.gnm2.Gm08	42735347	ss715602018	T	C
glyma.Wm82.gnm2.Gm08	42815788	ss715602022	A	G
glyma.Wm82.gnm2.Gm08	42830743	ss715602024	T	C
glyma.Wm82.gnm2.Gm08	43062862	ss715602049	G	A
glyma.Wm82.gnm2.Gm08	43090778	ss715602052	C	T
glyma.Wm82.gnm2.Gm08	43093635	ss715602053	C	T
glyma.Wm82.gnm2.Gm08	43099902	ss715602055	C	T
glyma.Wm82.gnm2.Gm08	43101371	ss715602056	C	T
glyma.Wm82.gnm2.Gm08	43113510	ss715602058	G	A
glyma.Wm82.gnm2.Gm08	43197181	ss715581632	T	C
glyma.Wm82.gnm2.Gm08	43393275	ss715602070	T	C
glyma.Wm82.gnm2.Gm08	43465696	ss715602077	A	G
glyma.Wm82.gnm2.Gm08	43504827	ss715602079	A	G
glyma.Wm82.gnm2.Gm08	43581094	ss715602082	A	G
glyma.Wm82.gnm2.Gm08	43659636	ss715602094	C	A
glyma.Wm82.gnm2.Gm08	43714629	ss715602100	A	G
glyma.Wm82.gnm2.Gm08	43732247	ss715602102	G	A
glyma.Wm82.gnm2.Gm08	43763761	ss715602108	T	C
glyma.Wm82.gnm2.Gm08	43874957	ss715602124	A	G
glyma.Wm82.gnm2.Gm08	43955878	ss715602140	C	A
glyma.Wm82.gnm2.Gm08	43973646	ss715602142	C	A
glyma.Wm82.gnm2.Gm08	44046615	ss715602155	A	G
glyma.Wm82.gnm2.Gm08	44050947	ss715602158	G	T
glyma.Wm82.gnm2.Gm08	44052235	ss715602159	G	T
glyma.Wm82.gnm2.Gm08	44070700	ss715602164	A	G
glyma.Wm82.gnm2.Gm08	44133893	ss715602178	A	C
glyma.Wm82.gnm2.Gm08	44153694	ss715602181	G	A
glyma.Wm82.gnm2.Gm08	44211606	ss715602192	A	G
glyma.Wm82.gnm2.Gm08	44233113	ss715602195	G	T
glyma.Wm82.gnm2.Gm08	44251574	ss715602199	G	A
glyma.Wm82.gnm2.Gm08	44318807	ss715602209	A	C
glyma.Wm82.gnm2.Gm08	44538973	ss715602225	C	T
glyma.Wm82.gnm2.Gm08	44562935	ss715602228	C	T
glyma.Wm82.gnm2.Gm08	44620233	ss715602233	A	C
glyma.Wm82.gnm2.Gm08	44620329	ss715602234	G	A
glyma.Wm82.gnm2.Gm08	44680847	ss715602237	C	A
glyma.Wm82.gnm2.Gm08	44689972	ss715602238	A	C
glyma.Wm82.gnm2.Gm08	44745905	ss715602243	G	A
glyma.Wm82.gnm2.Gm08	44761623	ss715602244	C	T
glyma.Wm82.gnm2.Gm08	44820492	ss715602247	T	C
glyma.Wm82.gnm2.Gm08	44924890	ss715602252	G	A
glyma.Wm82.gnm2.Gm08	45156593	ss715602301	T	C
glyma.Wm82.gnm2.Gm08	45164685	ss715602299	A	C
glyma.Wm82.gnm2.Gm08	45262423	ss715602283	G	A
glyma.Wm82.gnm2.Gm08	45315745	ss715602281	G	A
glyma.Wm82.gnm2.Gm08	45363919	ss715602273	T	G
glyma.Wm82.gnm2.Gm08	45650047	ss715602312	A	G
glyma.Wm82.gnm2.Gm08	45711206	ss715602317	G	A
glyma.Wm82.gnm2.Gm08	45735822	ss715602319	T	C
glyma.Wm82.gnm2.Gm08	45779792	ss715602322	G	T
glyma.Wm82.gnm2.Gm08	45848603	ss715602325	T	C
glyma.Wm82.gnm2.Gm08	45943547	ss715602336	C	T
glyma.Wm82.gnm2.Gm08	46037031	ss715602340	A	G
glyma.Wm82.gnm2.Gm08	46138625	ss715602347	A	G
glyma.Wm82.gnm2.Gm08	46144428	ss715602348	A	G
glyma.Wm82.gnm2.Gm08	46199621	ss715602353	G	A
glyma.Wm82.gnm2.Gm08	46463662	ss715602377	G	A
glyma.Wm82.gnm2.Gm08	46555140	ss715602391	G	A
glyma.Wm82.gnm2.Gm08	46614372	ss715602394	C	T
glyma.Wm82.gnm2.Gm08	46684757	ss715602407	C	T
glyma.Wm82.gnm2.Gm08	46697219	ss715602417	A	G
glyma.Wm82.gnm2.Gm08	46712011	ss715602421	C	T
glyma.Wm82.gnm2.Gm08	46727043	ss715602425	G	A
glyma.Wm82.gnm2.Gm08	46739907	ss715602426	C	A
glyma.Wm82.gnm2.Gm08	46766363	ss715602433	G	A
glyma.Wm82.gnm2.Gm08	46954948	ss715602462	G	A
glyma.Wm82.gnm2.Gm08	46992353	ss715602467	A	G
glyma.Wm82.gnm2.Gm08	47017119	ss715602471	A	C
glyma.Wm82.gnm2.Gm08	47094416	ss715602483	T	C
glyma.Wm82.gnm2.Gm08	47099163	ss715602485	C	T
glyma.Wm82.gnm2.Gm08	47117318	ss715602486	T	C
glyma.Wm82.gnm2.Gm08	47120523	ss715602487	A	C
glyma.Wm82.gnm2.Gm08	47124181	ss715602488	T	C
glyma.Wm82.gnm2.Gm08	47169925	ss715602495	C	T
glyma.Wm82.gnm2.Gm08	47205316	ss715602496	C	T
glyma.Wm82.gnm2.Gm08	47268929	ss715602499	G	A
glyma.Wm82.gnm2.Gm08	47332629	ss715602505	C	T
glyma.Wm82.gnm2.Gm09	134561	ss715603037	A	G
glyma.Wm82.gnm2.Gm09	135542	ss715603040	G	A
glyma.Wm82.gnm2.Gm09	145236	ss715603062	T	G
glyma.Wm82.gnm2.Gm09	325250	ss715603619	G	A
glyma.Wm82.gnm2.Gm09	351596	ss715603705	C	T
glyma.Wm82.gnm2.Gm09	353331	ss715603711	C	A
glyma.Wm82.gnm2.Gm09	415069	ss715604477	G	A
glyma.Wm82.gnm2.Gm09	487912	ss715605084	A	C
glyma.Wm82.gnm2.Gm09	500895	ss715605103	T	C
glyma.Wm82.gnm2.Gm09	588676	ss715605204	A	G
glyma.Wm82.gnm2.Gm09	635551	ss715605270	G	A
glyma.Wm82.gnm2.Gm09	723777	ss715605375	A	G
glyma.Wm82.gnm2.Gm09	819444	ss715605413	A	G
glyma.Wm82.gnm2.Gm09	852461	ss715605426	G	A
glyma.Wm82.gnm2.Gm09	923503	ss715605455	T	C
glyma.Wm82.gnm2.Gm09	1054596	ss715602943	T	C
glyma.Wm82.gnm2.Gm09	1103803	ss715602957	G	A
glyma.Wm82.gnm2.Gm09	1326411	ss715603030	T	C
glyma.Wm82.gnm2.Gm09	1342540	ss715603036	G	A
glyma.Wm82.gnm2.Gm09	1431512	ss715603059	G	T
glyma.Wm82.gnm2.Gm09	1455067	ss715603064	A	G
glyma.Wm82.gnm2.Gm09	1471372	ss715603070	C	T
glyma.Wm82.gnm2.Gm09	1485722	ss715603077	A	G
glyma.Wm82.gnm2.Gm09	1542720	ss715603096	C	T
glyma.Wm82.gnm2.Gm09	1685561	ss715603135	A	G
glyma.Wm82.gnm2.Gm09	1748228	ss715603160	A	C
glyma.Wm82.gnm2.Gm09	1852617	ss715603202	G	A
glyma.Wm82.gnm2.Gm09	1881436	ss715603212	C	A
glyma.Wm82.gnm2.Gm09	1944730	ss715603234	C	A
glyma.Wm82.gnm2.Gm09	2054452	ss715603275	G	T
glyma.Wm82.gnm2.Gm09	2074938	ss715603281	A	G
glyma.Wm82.gnm2.Gm09	2096402	ss715603292	T	C
glyma.Wm82.gnm2.Gm09	2141090	ss715603304	T	C
glyma.Wm82.gnm2.Gm09	2262411	ss715603331	C	A
glyma.Wm82.gnm2.Gm09	2315719	ss715603338	G	A
glyma.Wm82.gnm2.Gm09	2478273	ss715603365	A	G
glyma.Wm82.gnm2.Gm09	2525743	ss715603376	T	C
glyma.Wm82.gnm2.Gm09	2562278	ss715603383	T	G
glyma.Wm82.gnm2.Gm09	2607254	ss715603398	T	C
glyma.Wm82.gnm2.Gm09	2727793	ss715603433	A	G
glyma.Wm82.gnm2.Gm09	2740124	ss715603438	A	G
glyma.Wm82.gnm2.Gm09	2841018	ss715603469	C	T
glyma.Wm82.gnm2.Gm09	2962522	ss715603504	G	A
glyma.Wm82.gnm2.Gm09	3164257	ss715603574	A	G
glyma.Wm82.gnm2.Gm09	3209966	ss715603590	A	C
glyma.Wm82.gnm2.Gm09	3234383	ss715603602	G	A
glyma.Wm82.gnm2.Gm09	3282319	ss715603624	C	T
glyma.Wm82.gnm2.Gm09	3503531	ss715603693	G	A
glyma.Wm82.gnm2.Gm09	3504538	ss715603694	G	A
glyma.Wm82.gnm2.Gm09	3608713	ss715603729	A	G
glyma.Wm82.gnm2.Gm09	3712714	ss715603804	T	C
glyma.Wm82.gnm2.Gm09	3926231	ss715604080	G	A
glyma.Wm82.gnm2.Gm09	4008493	ss715604243	G	A
glyma.Wm82.gnm2.Gm09	4042690	ss715604291	C	T
glyma.Wm82.gnm2.Gm09	4070521	ss715604323	A	G
glyma.Wm82.gnm2.Gm09	4159580	ss715604463	T	C
glyma.Wm82.gnm2.Gm09	4234417	ss715604543	G	A
glyma.Wm82.gnm2.Gm09	4358221	ss715604665	A	G
glyma.Wm82.gnm2.Gm09	4374603	ss715604688	G	T
glyma.Wm82.gnm2.Gm09	4429830	ss715604766	C	T
glyma.Wm82.gnm2.Gm09	4459225	ss715604796	A	G
glyma.Wm82.gnm2.Gm09	4578604	ss715604900	T	G
glyma.Wm82.gnm2.Gm09	4608072	ss715604926	T	G
glyma.Wm82.gnm2.Gm09	4631590	ss715604954	C	A
glyma.Wm82.gnm2.Gm09	4691751	ss715605021	C	T
glyma.Wm82.gnm2.Gm09	4806625	ss715605064	C	T
glyma.Wm82.gnm2.Gm09	4816438	ss715605066	G	T
glyma.Wm82.gnm2.Gm09	5081866	ss715605108	G	A
glyma.Wm82.gnm2.Gm09	5146199	ss715605121	C	T
glyma.Wm82.gnm2.Gm09	5465112	ss715605145	T	C
glyma.Wm82.gnm2.Gm09	5523254	ss715605156	C	A
glyma.Wm82.gnm2.Gm09	5557122	ss715605167	C	T
glyma.Wm82.gnm2.Gm09	5609274	ss715605170	C	T
glyma.Wm82.gnm2.Gm09	5697931	ss715605179	G	A
glyma.Wm82.gnm2.Gm09	5705988	ss715605181	G	T
glyma.Wm82.gnm2.Gm09	5812459	ss715605188	A	G
glyma.Wm82.gnm2.Gm09	6003679	ss715605220	C	T
glyma.Wm82.gnm2.Gm09	6192741	ss715605257	C	T
glyma.Wm82.gnm2.Gm09	6277962	ss715605267	T	C
glyma.Wm82.gnm2.Gm09	6292604	ss715605269	G	A
glyma.Wm82.gnm2.Gm09	6307948	ss715605272	C	T
glyma.Wm82.gnm2.Gm09	6368885	ss715605279	C	T
glyma.Wm82.gnm2.Gm09	6379779	ss715605280	T	C
glyma.Wm82.gnm2.Gm09	6453822	ss715605300	G	A
glyma.Wm82.gnm2.Gm09	6695607	ss715605336	T	G
glyma.Wm82.gnm2.Gm09	6767413	ss715605350	G	T
glyma.Wm82.gnm2.Gm09	6849511	ss715605358	C	T
glyma.Wm82.gnm2.Gm09	6930942	ss715605364	G	T
glyma.Wm82.gnm2.Gm09	6936878	ss715605368	G	A
glyma.Wm82.gnm2.Gm09	7677890	ss715605395	A	C
glyma.Wm82.gnm2.Gm09	8172547	ss715605416	T	G
glyma.Wm82.gnm2.Gm09	8203275	ss715605418	A	G
glyma.Wm82.gnm2.Gm09	8862029	ss715605443	T	G
glyma.Wm82.gnm2.Gm09	8899758	ss715605444	A	G
glyma.Wm82.gnm2.Gm09	9419410	ss715605462	A	G
glyma.Wm82.gnm2.Gm09	11374055	ss715602976	G	T
glyma.Wm82.gnm2.Gm09	11932940	ss715602999	CTAATCCAAAAAAGG	.
glyma.Wm82.gnm2.Gm09	13529545	ss715581583	C	T
glyma.Wm82.gnm2.Gm09	13730120	ss715581586	A	G
glyma.Wm82.gnm2.Gm09	13752580	ss715581587	G	T
glyma.Wm82.gnm2.Gm09	13783366	ss715581588	T	C
glyma.Wm82.gnm2.Gm09	13926694	ss715581592	C	T
glyma.Wm82.gnm2.Gm09	13989285	ss715581578	C	T
glyma.Wm82.gnm2.Gm09	14049846	ss715581579	G	A
glyma.Wm82.gnm2.Gm09	14275765	ss715603046	A	G
glyma.Wm82.gnm2.Gm09	15053303	ss715603066	A	G
glyma.Wm82.gnm2.Gm09	15318830	ss715603080	C	T
glyma.Wm82.gnm2.Gm09	15487393	ss715603084	C	A
glyma.Wm82.gnm2.Gm09	16564178	ss715603114	A	G
glyma.Wm82.gnm2.Gm09	17158290	ss715603129	A	G
glyma.Wm82.gnm2.Gm09	17447550	ss715603145	C	T
glyma.Wm82.gnm2.Gm09	17585821	ss715603149	C	T
glyma.Wm82.gnm2.Gm09	18356258	ss715603177	A	G
glyma.Wm82.gnm2.Gm09	18402898	ss715603179	G	A
glyma.Wm82.gnm2.Gm09	18604645	ss715603185	C	T
glyma.Wm82.gnm2.Gm09	18957692	ss715603201	C	T
glyma.Wm82.gnm2.Gm09	19533603	ss715603223	C	T
glyma.Wm82.gnm2.Gm09	19699193	ss715603228	A	G
glyma.Wm82.gnm2.Gm09	20080995	ss715579352	A	G
glyma.Wm82.gnm2.Gm09	20653158	ss715639199	C	T
glyma.Wm82.gnm2.Gm09	20752196	ss715603242	C	T
glyma.Wm82.gnm2.Gm09	20825615	ss715639194	C	T
glyma.Wm82.gnm2.Gm09	21080454	ss715603253	G	A
glyma.Wm82.gnm2.Gm09	21552656	ss715603269	G	A
glyma.Wm82.gnm2.Gm09	21825749	ss715603279	G	A
glyma.Wm82.gnm2.Gm09	21938508	ss715603284	G	T
glyma.Wm82.gnm2.Gm09	22054158	ss715603290	C	T
glyma.Wm82.gnm2.Gm09	22444871	ss715603301	A	G
glyma.Wm82.gnm2.Gm09	22554136	ss715603305	T	C
glyma.Wm82.gnm2.Gm09	23313056	ss715603321	C	T
glyma.Wm82.gnm2.Gm09	23466400	ss715630588	G	A
glyma.Wm82.gnm2.Gm09	23511760	ss715630591	T	C
glyma.Wm82.gnm2.Gm09	23542016	ss715630592	G	A
glyma.Wm82.gnm2.Gm09	23681582	ss715630595	G	T
glyma.Wm82.gnm2.Gm09	24152002	ss715630606	A	C
glyma.Wm82.gnm2.Gm09	24425253	ss715630613	C	T
glyma.Wm82.gnm2.Gm09	24688481	ss715603349	T	C
glyma.Wm82.gnm2.Gm09	24733502	ss715603348	G	A
glyma.Wm82.gnm2.Gm09	24847995	ss715603343	G	A
glyma.Wm82.gnm2.Gm09	25400122	ss715603334	T	C
glyma.Wm82.gnm2.Gm09	25634839	ss715603330	A	G
glyma.Wm82.gnm2.Gm09	25766065	ss715603328	C	A
glyma.Wm82.gnm2.Gm09	26688080	ss715603362	T	C
glyma.Wm82.gnm2.Gm09	27846142	ss715603380	C	A
glyma.Wm82.gnm2.Gm09	28021581	ss715603386	T	C
glyma.Wm82.gnm2.Gm09	28105548	ss715603387	G	A
glyma.Wm82.gnm2.Gm09	28244037	ss715603391	C	A
glyma.Wm82.gnm2.Gm09	28270852	ss715603393	C	T
glyma.Wm82.gnm2.Gm09	28380575	ss715603397	G	A
glyma.Wm82.gnm2.Gm09	28488335	ss715603400	G	A
glyma.Wm82.gnm2.Gm09	28833790	ss715603413	G	A
glyma.Wm82.gnm2.Gm09	28873552	ss715603414	C	T
glyma.Wm82.gnm2.Gm09	28997338	ss715603418	G	T
glyma.Wm82.gnm2.Gm09	31025354	ss715603480	C	T
glyma.Wm82.gnm2.Gm09	31428361	ss715603490	A	C
glyma.Wm82.gnm2.Gm09	31566426	ss715603494	A	G
glyma.Wm82.gnm2.Gm09	31609964	ss715603495	T	C
glyma.Wm82.gnm2.Gm09	31735778	ss715603502	C	T
glyma.Wm82.gnm2.Gm09	31917688	ss715603509	C	T
glyma.Wm82.gnm2.Gm09	31964823	ss715603511	C	T
glyma.Wm82.gnm2.Gm09	32080338	ss715603514	T	C
glyma.Wm82.gnm2.Gm09	32178128	ss715603516	G	T
glyma.Wm82.gnm2.Gm09	32275116	ss715603518	A	C
glyma.Wm82.gnm2.Gm09	32340895	ss715603522	A	G
glyma.Wm82.gnm2.Gm09	32737996	ss715603536	C	T
glyma.Wm82.gnm2.Gm09	32920177	ss715603541	G	A
glyma.Wm82.gnm2.Gm09	33092853	ss715603547	G	A
glyma.Wm82.gnm2.Gm09	33171181	ss715603549	T	C
glyma.Wm82.gnm2.Gm09	33308292	ss715603553	C	T
glyma.Wm82.gnm2.Gm09	33427686	ss715603555	C	T
glyma.Wm82.gnm2.Gm09	33462895	ss715603556	A	G
glyma.Wm82.gnm2.Gm09	33613031	ss715603560	T	G
glyma.Wm82.gnm2.Gm09	33705279	ss715603566	C	T
glyma.Wm82.gnm2.Gm09	33746448	ss715603568	G	A
glyma.Wm82.gnm2.Gm09	33780352	ss715603570	T	C
glyma.Wm82.gnm2.Gm09	34047247	ss715603582	G	A
glyma.Wm82.gnm2.Gm09	34189648	ss715603587	A	G
glyma.Wm82.gnm2.Gm09	34241940	ss715603588	G	A
glyma.Wm82.gnm2.Gm09	34315020	ss715603591	C	T
glyma.Wm82.gnm2.Gm09	34405716	ss715603596	G	A
glyma.Wm82.gnm2.Gm09	34503015	ss715603600	A	G
glyma.Wm82.gnm2.Gm09	34536186	ss715603601	C	T
glyma.Wm82.gnm2.Gm09	34644806	ss715603608	G	.
glyma.Wm82.gnm2.Gm09	34755490	ss715603611	C	T
glyma.Wm82.gnm2.Gm09	34947296	ss715603621	C	T
glyma.Wm82.gnm2.Gm09	34972748	ss715603623	G	T
glyma.Wm82.gnm2.Gm09	35024629	ss715603625	G	A
glyma.Wm82.gnm2.Gm09	35330882	ss715603628	C	T
glyma.Wm82.gnm2.Gm09	35399604	ss715603630	C	T
glyma.Wm82.gnm2.Gm09	35689980	ss715603641	G	T
glyma.Wm82.gnm2.Gm09	35730935	ss715603642	A	G
glyma.Wm82.gnm2.Gm09	35781874	ss715603643	G	T
glyma.Wm82.gnm2.Gm09	35815864	ss715603644	C	T
glyma.Wm82.gnm2.Gm09	36280179	ss715603655	G	A
glyma.Wm82.gnm2.Gm09	36501068	ss715603665	G	A
glyma.Wm82.gnm2.Gm09	36528316	ss715603667	T	C
glyma.Wm82.gnm2.Gm09	36613513	ss715603670	A	G
glyma.Wm82.gnm2.Gm09	36916485	ss715603679	C	T
glyma.Wm82.gnm2.Gm09	38206029	ss715603727	A	G
glyma.Wm82.gnm2.Gm09	38574369	ss715603741	A	G
glyma.Wm82.gnm2.Gm09	38621293	ss715603742	T	G
glyma.Wm82.gnm2.Gm09	38747560	ss715603745	G	A
glyma.Wm82.gnm2.Gm09	38994997	ss715603770	T	G
glyma.Wm82.gnm2.Gm09	39050254	ss715603777	G	A
glyma.Wm82.gnm2.Gm09	39124839	ss715603779	C	T
glyma.Wm82.gnm2.Gm09	39135215	ss715603781	C	T
glyma.Wm82.gnm2.Gm09	39175990	ss715603792	A	G
glyma.Wm82.gnm2.Gm09	39184726	ss715603795	G	A
glyma.Wm82.gnm2.Gm09	39296297	ss715603809	C	T
glyma.Wm82.gnm2.Gm09	39356105	ss715603815	A	G
glyma.Wm82.gnm2.Gm09	39362945	ss715603817	T	G
glyma.Wm82.gnm2.Gm09	39372899	ss715603818	T	G
glyma.Wm82.gnm2.Gm09	39400050	ss715603823	G	A
glyma.Wm82.gnm2.Gm09	39696646	ss715603855	T	C
glyma.Wm82.gnm2.Gm09	39729767	ss715603862	A	G
glyma.Wm82.gnm2.Gm09	39839232	ss715603876	A	G
glyma.Wm82.gnm2.Gm09	39850454	ss715603877	C	T
glyma.Wm82.gnm2.Gm09	39965956	ss715603899	G	A
glyma.Wm82.gnm2.Gm09	40023138	ss715603910	T	C
glyma.Wm82.gnm2.Gm09	40043840	ss715603908	A	G
glyma.Wm82.gnm2.Gm09	40047896	ss715603907	G	A
glyma.Wm82.gnm2.Gm09	40065517	ss715603905	T	G
glyma.Wm82.gnm2.Gm09	40206880	ss715603924	C	T
glyma.Wm82.gnm2.Gm09	40317551	ss715603950	G	A
glyma.Wm82.gnm2.Gm09	40322319	ss715603951	A	G
glyma.Wm82.gnm2.Gm09	40349116	ss715603956	G	A
glyma.Wm82.gnm2.Gm09	40483267	ss715603970	C	T
glyma.Wm82.gnm2.Gm09	40717986	ss715603986	C	T
glyma.Wm82.gnm2.Gm09	40720894	ss715603988	G	A
glyma.Wm82.gnm2.Gm09	40758071	ss715603990	G	A
glyma.Wm82.gnm2.Gm09	40959047	ss715615766	G	A
glyma.Wm82.gnm2.Gm09	41044268	ss715604005	G	A
glyma.Wm82.gnm2.Gm09	41045763	ss715604006	C	T
glyma.Wm82.gnm2.Gm09	41050502	ss715604008	T	C
glyma.Wm82.gnm2.Gm09	41060152	ss715604009	T	C
glyma.Wm82.gnm2.Gm09	41087844	ss715604011	G	A
glyma.Wm82.gnm2.Gm09	41097604	ss715604013	T	C
glyma.Wm82.gnm2.Gm09	41136191	ss715604018	A	C
glyma.Wm82.gnm2.Gm09	41173138	ss715604024	G	A
glyma.Wm82.gnm2.Gm09	41339368	ss715604041	T	C
glyma.Wm82.gnm2.Gm09	41354254	ss715604045	A	C
glyma.Wm82.gnm2.Gm09	41417462	ss715604058	C	A
glyma.Wm82.gnm2.Gm09	41468783	ss715604067	T	G
glyma.Wm82.gnm2.Gm09	41475422	ss715604069	C	A
glyma.Wm82.gnm2.Gm09	41477881	ss715604070	C	T
glyma.Wm82.gnm2.Gm09	41554045	ss715604087	A	G
glyma.Wm82.gnm2.Gm09	41632231	ss715604102	T	C
glyma.Wm82.gnm2.Gm09	41856337	ss715604132	C	A
glyma.Wm82.gnm2.Gm09	41857124	ss715604133	T	C
glyma.Wm82.gnm2.Gm09	42114564	ss715604181	T	C
glyma.Wm82.gnm2.Gm09	42119691	ss715604184	T	C
glyma.Wm82.gnm2.Gm09	42130753	ss715604188	G	A
glyma.Wm82.gnm2.Gm09	42142632	ss715604192	A	G
glyma.Wm82.gnm2.Gm09	42227831	ss715604222	T	C
glyma.Wm82.gnm2.Gm09	42264913	ss715604232	A	C
glyma.Wm82.gnm2.Gm09	42303727	ss715604239	A	C
glyma.Wm82.gnm2.Gm09	42365399	ss715604246	C	A
glyma.Wm82.gnm2.Gm09	42429121	ss715604253	A	G
glyma.Wm82.gnm2.Gm09	42471705	ss715604266	A	C
glyma.Wm82.gnm2.Gm09	42533242	ss715604275	G	A
glyma.Wm82.gnm2.Gm09	42563922	ss715604277	T	C
glyma.Wm82.gnm2.Gm09	42577636	ss715604280	T	G
glyma.Wm82.gnm2.Gm09	42652033	ss715604289	A	G
glyma.Wm82.gnm2.Gm09	42657966	ss715604290	G	A
glyma.Wm82.gnm2.Gm09	42738904	ss715604297	C	T
glyma.Wm82.gnm2.Gm09	42754533	ss715604300	T	C
glyma.Wm82.gnm2.Gm09	42770419	ss715604301	C	T
glyma.Wm82.gnm2.Gm09	42951837	ss715604322	C	T
glyma.Wm82.gnm2.Gm09	42959273	ss715604324	C	T
glyma.Wm82.gnm2.Gm09	43031363	ss715604332	C	T
glyma.Wm82.gnm2.Gm09	43057001	ss715604336	C	T
glyma.Wm82.gnm2.Gm09	43062525	ss715604337	G	A
glyma.Wm82.gnm2.Gm09	43134152	ss715604347	G	A
glyma.Wm82.gnm2.Gm09	43191265	ss715604350	C	A
glyma.Wm82.gnm2.Gm09	43215535	ss715604356	T	C
glyma.Wm82.gnm2.Gm09	43262529	ss715604363	G	A
glyma.Wm82.gnm2.Gm09	43311667	ss715604372	A	G
glyma.Wm82.gnm2.Gm09	43397729	ss715604394	A	G
glyma.Wm82.gnm2.Gm09	43458336	ss715604405	A	C
glyma.Wm82.gnm2.Gm09	43562798	ss715639154	T	C
glyma.Wm82.gnm2.Gm09	43598156	ss715604416	T	C
glyma.Wm82.gnm2.Gm09	43638724	ss715604424	A	G
glyma.Wm82.gnm2.Gm09	43712147	ss715604440	C	T
glyma.Wm82.gnm2.Gm09	43713862	ss715604441	A	G
glyma.Wm82.gnm2.Gm09	43761779	ss715604447	C	T
glyma.Wm82.gnm2.Gm09	43764749	ss715604448	A	G
glyma.Wm82.gnm2.Gm09	43793445	ss715604452	T	G
glyma.Wm82.gnm2.Gm09	43835876	ss715604455	A	C
glyma.Wm82.gnm2.Gm09	43868725	ss715604460	G	T
glyma.Wm82.gnm2.Gm09	43876423	ss715604462	A	C
glyma.Wm82.gnm2.Gm09	44038353	ss715604476	T	C
glyma.Wm82.gnm2.Gm09	44061979	ss715604478	T	G
glyma.Wm82.gnm2.Gm09	44161895	ss715604484	T	G
glyma.Wm82.gnm2.Gm09	44257830	ss715604495	T	G
glyma.Wm82.gnm2.Gm09	44276158	ss715604500	G	A
glyma.Wm82.gnm2.Gm09	44375806	ss715604505	T	C
glyma.Wm82.gnm2.Gm09	44376753	ss715604506	T	C
glyma.Wm82.gnm2.Gm09	44978631	ss715604523	A	G
glyma.Wm82.gnm2.Gm09	45049317	ss715604533	T	C
glyma.Wm82.gnm2.Gm09	45050918	ss715604534	C	T
glyma.Wm82.gnm2.Gm09	45059031	ss715604536	G	A
glyma.Wm82.gnm2.Gm09	45151806	ss715604546	G	A
glyma.Wm82.gnm2.Gm09	45235036	ss715604554	T	C
glyma.Wm82.gnm2.Gm09	45238399	ss715604555	T	C
glyma.Wm82.gnm2.Gm09	45343122	ss715604572	C	T
glyma.Wm82.gnm2.Gm09	45413785	ss715604580	A	G
glyma.Wm82.gnm2.Gm09	45419209	ss715604582	A	G
glyma.Wm82.gnm2.Gm09	45755177	ss715604614	G	T
glyma.Wm82.gnm2.Gm09	45956038	ss715604634	C	T
glyma.Wm82.gnm2.Gm09	46288540	ss715604657	G	A
glyma.Wm82.gnm2.Gm09	46356071	ss715604664	C	T
glyma.Wm82.gnm2.Gm09	46464389	ss715604682	T	G
glyma.Wm82.gnm2.Gm09	46490685	ss715604684	T	G
glyma.Wm82.gnm2.Gm09	46515602	ss715604687	T	C
glyma.Wm82.gnm2.Gm09	46611222	ss715604694	C	A
glyma.Wm82.gnm2.Gm09	46681840	ss715604701	A	G
glyma.Wm82.gnm2.Gm09	46805750	ss715604715	C	A
glyma.Wm82.gnm2.Gm09	46837632	ss715604720	A	C
glyma.Wm82.gnm2.Gm09	46896551	ss715604735	C	T
glyma.Wm82.gnm2.Gm09	46907500	ss715604739	G	A
glyma.Wm82.gnm2.Gm09	46935236	ss715604744	A	G
glyma.Wm82.gnm2.Gm09	47079696	ss715604767	A	G
glyma.Wm82.gnm2.Gm09	47116193	ss715604775	A	G
glyma.Wm82.gnm2.Gm09	47249592	ss715604785	T	C
glyma.Wm82.gnm2.Gm09	47377974	ss715604798	G	A
glyma.Wm82.gnm2.Gm09	47456288	ss715604804	T	C
glyma.Wm82.gnm2.Gm09	47467995	ss715604806	C	T
glyma.Wm82.gnm2.Gm09	47548832	ss715604810	T	C
glyma.Wm82.gnm2.Gm09	47894811	ss715604832	T	C
glyma.Wm82.gnm2.Gm09	47903152	ss715604833	A	G
glyma.Wm82.gnm2.Gm09	48200877	ss715604863	G	A
glyma.Wm82.gnm2.Gm09	48237513	ss715604864	C	T
glyma.Wm82.gnm2.Gm09	48259896	ss715604867	A	C
glyma.Wm82.gnm2.Gm09	48326481	ss715604874	A	C
glyma.Wm82.gnm2.Gm09	48391651	ss715604884	T	G
glyma.Wm82.gnm2.Gm09	48488237	ss715604894	T	C
glyma.Wm82.gnm2.Gm09	48489853	ss715604895	G	A
glyma.Wm82.gnm2.Gm09	48543094	ss715604897	A	G
glyma.Wm82.gnm2.Gm09	48555746	ss715604899	T	C
glyma.Wm82.gnm2.Gm09	48608281	ss715604902	C	T
glyma.Wm82.gnm2.Gm09	48714806	ss715604912	A	G
glyma.Wm82.gnm2.Gm09	48753767	ss715604916	G	A
glyma.Wm82.gnm2.Gm09	49031629	ss715604945	G	A
glyma.Wm82.gnm2.Gm09	49117689	ss715604957	A	G
glyma.Wm82.gnm2.Gm09	49143412	ss715604961	G	T
glyma.Wm82.gnm2.Gm09	49306909	ss715604982	G	A
glyma.Wm82.gnm2.Gm09	49635975	ss715605017	T	C
glyma.Wm82.gnm2.Gm09	49859822	ss715605036	T	G
glyma.Wm82.gnm2.Gm09	49936075	ss715605041	A	G
glyma.Wm82.gnm2.Gm09	49967700	ss715605044	C	A
glyma.Wm82.gnm2.Gm09	49986220	ss715605047	C	T
glyma.Wm82.gnm2.Gm09	50149215	ss715639173	A	G
glyma.Wm82.gnm2.Gm10	21882	ss715605995	T	C
glyma.Wm82.gnm2.Gm10	189815	ss715605798	A	G
glyma.Wm82.gnm2.Gm10	201458	ss715605829	C	A
glyma.Wm82.gnm2.Gm10	556322	ss715608315	G	A
glyma.Wm82.gnm2.Gm10	566493	ss715608326	A	G
glyma.Wm82.gnm2.Gm10	781175	ss715608567	T	C
glyma.Wm82.gnm2.Gm10	828695	ss715608596	A	G
glyma.Wm82.gnm2.Gm10	845354	ss715608603	C	T
glyma.Wm82.gnm2.Gm10	923685	ss715608687	C	T
glyma.Wm82.gnm2.Gm10	1038635	ss715605500	G	A
glyma.Wm82.gnm2.Gm10	1072928	ss715605513	A	C
glyma.Wm82.gnm2.Gm10	1175587	ss715605544	T	C
glyma.Wm82.gnm2.Gm10	1187089	ss715605550	C	T
glyma.Wm82.gnm2.Gm10	1421982	ss715605620	A	C
glyma.Wm82.gnm2.Gm10	1432529	ss715605623	G	T
glyma.Wm82.gnm2.Gm10	1491607	ss715605646	T	C
glyma.Wm82.gnm2.Gm10	1512414	ss715605654	C	A
glyma.Wm82.gnm2.Gm10	1627680	ss715605701	C	T
glyma.Wm82.gnm2.Gm10	1666457	ss715605712	G	A
glyma.Wm82.gnm2.Gm10	2041036	ss715605823	C	T
glyma.Wm82.gnm2.Gm10	2048057	ss715605825	T	C
glyma.Wm82.gnm2.Gm10	2079133	ss715605834	G	A
glyma.Wm82.gnm2.Gm10	2178438	ss715605861	G	A
glyma.Wm82.gnm2.Gm10	2181479	ss715605862	C	T
glyma.Wm82.gnm2.Gm10	2214309	ss715605871	G	T
glyma.Wm82.gnm2.Gm10	2268087	ss715605890	C	T
glyma.Wm82.gnm2.Gm10	2340517	ss715605915	A	G
glyma.Wm82.gnm2.Gm10	2399209	ss715605934	C	T
glyma.Wm82.gnm2.Gm10	2407657	ss715605938	T	C
glyma.Wm82.gnm2.Gm10	2415401	ss715605941	G	A
glyma.Wm82.gnm2.Gm10	2436158	ss715605950	C	T
glyma.Wm82.gnm2.Gm10	2453125	ss715605958	G	A
glyma.Wm82.gnm2.Gm10	2502513	ss715605978	T	G
glyma.Wm82.gnm2.Gm10	2575662	ss715605992	A	G
glyma.Wm82.gnm2.Gm10	2638248	ss715606008	C	T
glyma.Wm82.gnm2.Gm10	2691984	ss715606025	A	G
glyma.Wm82.gnm2.Gm10	2699499	ss715606029	T	C
glyma.Wm82.gnm2.Gm10	2743063	ss715606046	G	A
glyma.Wm82.gnm2.Gm10	2773953	ss715606059	T	G
glyma.Wm82.gnm2.Gm10	2837445	ss715606092	G	A
glyma.Wm82.gnm2.Gm10	2844134	ss715606096	C	T
glyma.Wm82.gnm2.Gm10	2847274	ss715606097	G	T
glyma.Wm82.gnm2.Gm10	2878339	ss715606106	T	C
glyma.Wm82.gnm2.Gm10	2922864	ss715606125	A	C
glyma.Wm82.gnm2.Gm10	3168387	ss715606206	G	A
glyma.Wm82.gnm2.Gm10	3195339	ss715606220	A	G
glyma.Wm82.gnm2.Gm10	3390469	ss715606283	G	T
glyma.Wm82.gnm2.Gm10	3417471	ss715606289	A	C
glyma.Wm82.gnm2.Gm10	3526785	ss715606323	A	G
glyma.Wm82.gnm2.Gm10	3583412	ss715606344	C	T
glyma.Wm82.gnm2.Gm10	3626902	ss715606353	T	C
glyma.Wm82.gnm2.Gm10	3674629	ss715606393	C	A
glyma.Wm82.gnm2.Gm10	3797808	ss715606599	C	T
glyma.Wm82.gnm2.Gm10	3814848	ss715606629	G	A
glyma.Wm82.gnm2.Gm10	3819683	ss715606635	C	T
glyma.Wm82.gnm2.Gm10	3826827	ss715606639	A	C
glyma.Wm82.gnm2.Gm10	3886434	ss715606709	G	A
glyma.Wm82.gnm2.Gm10	3924815	ss715606808	G	T
glyma.Wm82.gnm2.Gm10	3925916	ss715606811	T	G
glyma.Wm82.gnm2.Gm10	3952554	ss715606851	C	T
glyma.Wm82.gnm2.Gm10	3974396	ss715606891	G	A
glyma.Wm82.gnm2.Gm10	3980100	ss715606900	C	T
glyma.Wm82.gnm2.Gm10	4035963	ss715606997	A	G
glyma.Wm82.gnm2.Gm10	4045312	ss715607015	G	A
glyma.Wm82.gnm2.Gm10	4048564	ss715607020	G	T
glyma.Wm82.gnm2.Gm10	4183381	ss715607167	A	G
glyma.Wm82.gnm2.Gm10	4195498	ss715607180	T	C
glyma.Wm82.gnm2.Gm10	4251564	ss715607219	T	C
glyma.Wm82.gnm2.Gm10	4265551	ss715607240	C	T
glyma.Wm82.gnm2.Gm10	4317635	ss715607291	C	T
glyma.Wm82.gnm2.Gm10	4334781	ss715607310	A	G
glyma.Wm82.gnm2.Gm10	4376046	ss715607343	G	A
glyma.Wm82.gnm2.Gm10	4376815	ss715607344	A	G
glyma.Wm82.gnm2.Gm10	4392438	ss715607362	G	A
glyma.Wm82.gnm2.Gm10	4395087	ss715607366	T	C
glyma.Wm82.gnm2.Gm10	4440038	ss715607428	T	C
glyma.Wm82.gnm2.Gm10	4492742	ss715607490	C	T
glyma.Wm82.gnm2.Gm10	4570100	ss715607545	C	A
glyma.Wm82.gnm2.Gm10	4634633	ss715607628	A	G
glyma.Wm82.gnm2.Gm10	4684451	ss715607671	G	A
glyma.Wm82.gnm2.Gm10	4685288	ss715607674	G	A
glyma.Wm82.gnm2.Gm10	4687011	ss715607677	G	A
glyma.Wm82.gnm2.Gm10	4696677	ss715607687	A	G
glyma.Wm82.gnm2.Gm10	4741118	ss715607715	T	G
glyma.Wm82.gnm2.Gm10	4911207	ss715608003	T	G
glyma.Wm82.gnm2.Gm10	5070255	ss715608189	A	G
glyma.Wm82.gnm2.Gm10	5151108	ss715608226	C	A
glyma.Wm82.gnm2.Gm10	5154422	ss715608227	T	C
glyma.Wm82.gnm2.Gm10	5201902	ss715608235	C	T
glyma.Wm82.gnm2.Gm10	5342077	ss715608250	A	C
glyma.Wm82.gnm2.Gm10	5439034	ss715608269	A	C
glyma.Wm82.gnm2.Gm10	5439985	ss715608272	C	T
glyma.Wm82.gnm2.Gm10	5493816	ss715608279	T	G
glyma.Wm82.gnm2.Gm10	5568570	ss715608296	G	T
glyma.Wm82.gnm2.Gm10	5569267	ss715608297	A	G
glyma.Wm82.gnm2.Gm10	5570689	ss715608299	A	G
glyma.Wm82.gnm2.Gm10	5582798	ss715608305	C	.
glyma.Wm82.gnm2.Gm10	5592554	ss715608308	C	T
glyma.Wm82.gnm2.Gm10	5782776	ss715608331	C	T
glyma.Wm82.gnm2.Gm10	5987783	ss715608350	T	G
glyma.Wm82.gnm2.Gm10	6083794	ss715608358	C	T
glyma.Wm82.gnm2.Gm10	6087687	ss715608359	T	C
glyma.Wm82.gnm2.Gm10	6128036	ss715608368	C	T
glyma.Wm82.gnm2.Gm10	6131358	ss715608373	G	A
glyma.Wm82.gnm2.Gm10	6388184	ss715608415	G	A
glyma.Wm82.gnm2.Gm10	6400992	ss715608417	C	A
glyma.Wm82.gnm2.Gm10	6550908	ss715608441	A	G
glyma.Wm82.gnm2.Gm10	6551692	ss715608442	C	T
glyma.Wm82.gnm2.Gm10	6619656	ss715608452	G	A
glyma.Wm82.gnm2.Gm10	6700374	ss715608456	T	C
glyma.Wm82.gnm2.Gm10	6799605	ss715608468	G	A
glyma.Wm82.gnm2.Gm10	6802483	ss715608469	A	G
glyma.Wm82.gnm2.Gm10	6815543	ss715608471	G	A
glyma.Wm82.gnm2.Gm10	6881634	ss715608475	C	T
glyma.Wm82.gnm2.Gm10	6883512	ss715608479	G	A
glyma.Wm82.gnm2.Gm10	6916361	ss715608484	G	A
glyma.Wm82.gnm2.Gm10	7092781	ss715608492	G	A
glyma.Wm82.gnm2.Gm10	7112642	ss715608494	G	A
glyma.Wm82.gnm2.Gm10	7318943	ss715608511	G	A
glyma.Wm82.gnm2.Gm10	7335475	ss715608513	T	C
glyma.Wm82.gnm2.Gm10	7407751	ss715605530	C	A
glyma.Wm82.gnm2.Gm10	7546069	ss715608518	C	T
glyma.Wm82.gnm2.Gm10	7686987	ss715608526	C	T
glyma.Wm82.gnm2.Gm10	7723227	ss715608528	G	A
glyma.Wm82.gnm2.Gm10	7778984	ss715608534	G	T
glyma.Wm82.gnm2.Gm10	7842598	ss715608541	G	A
glyma.Wm82.gnm2.Gm10	7880863	ss715608549	G	A
glyma.Wm82.gnm2.Gm10	8395448	ss715608593	A	G
glyma.Wm82.gnm2.Gm10	8407217	ss715608594	G	A
glyma.Wm82.gnm2.Gm10	8637071	ss715608601	T	G
glyma.Wm82.gnm2.Gm10	8751236	ss715608607	C	T
glyma.Wm82.gnm2.Gm10	8904436	ss715608618	T	C
glyma.Wm82.gnm2.Gm10	8906440	ss715608620	G	T
glyma.Wm82.gnm2.Gm10	8916967	ss715608622	G	A
glyma.Wm82.gnm2.Gm10	8941017	ss715608625	T	C
glyma.Wm82.gnm2.Gm10	8960767	ss715608627	C	T
glyma.Wm82.gnm2.Gm10	9016200	ss715608633	G	A
glyma.Wm82.gnm2.Gm10	9097452	ss715608639	C	A
glyma.Wm82.gnm2.Gm10	9098602	ss715608640	C	T
glyma.Wm82.gnm2.Gm10	9174949	ss715608652	A	C
glyma.Wm82.gnm2.Gm10	9585408	ss715608702	G	A
glyma.Wm82.gnm2.Gm10	10300169	ss715605488	G	A
glyma.Wm82.gnm2.Gm10	10556760	ss715605496	C	T
glyma.Wm82.gnm2.Gm10	10753508	ss715605504	C	A
glyma.Wm82.gnm2.Gm10	10780903	ss715605506	G	A
glyma.Wm82.gnm2.Gm10	11002696	ss715605512	C	T
glyma.Wm82.gnm2.Gm10	11067990	ss715605514	G	A
glyma.Wm82.gnm2.Gm10	11454681	ss715605524	C	A
glyma.Wm82.gnm2.Gm10	12605440	ss715605564	T	C
glyma.Wm82.gnm2.Gm10	13489700	ss715605594	A	G
glyma.Wm82.gnm2.Gm10	13532314	ss715605595	T	G
glyma.Wm82.gnm2.Gm10	14457726	ss715605986	G	T
glyma.Wm82.gnm2.Gm10	15353695	ss715605874	C	T
glyma.Wm82.gnm2.Gm10	17009551	ss715606014	G	T
glyma.Wm82.gnm2.Gm10	17476912	ss715606032	C	T
glyma.Wm82.gnm2.Gm10	20534250	ss715605927	G	T
glyma.Wm82.gnm2.Gm10	20583453	ss715605923	A	G
glyma.Wm82.gnm2.Gm10	20683436	ss715605920	G	A
glyma.Wm82.gnm2.Gm10	20766458	ss715605919	C	T
glyma.Wm82.gnm2.Gm10	20822155	ss715605917	G	T
glyma.Wm82.gnm2.Gm10	22582742	ss715605824	G	A
glyma.Wm82.gnm2.Gm10	23376136	ss715605804	G	T
glyma.Wm82.gnm2.Gm10	23448353	ss715605800	T	G
glyma.Wm82.gnm2.Gm10	23812011	ss715605788	C	T
glyma.Wm82.gnm2.Gm10	23938914	ss715605786	A	G
glyma.Wm82.gnm2.Gm10	24092276	ss715605779	G	A
glyma.Wm82.gnm2.Gm10	24134539	ss715605777	A	G
glyma.Wm82.gnm2.Gm10	24280420	ss715605772	T	C
glyma.Wm82.gnm2.Gm10	25704370	ss715605737	C	T
glyma.Wm82.gnm2.Gm10	25805858	ss715605733	G	T
glyma.Wm82.gnm2.Gm10	25844929	ss715605732	C	T
glyma.Wm82.gnm2.Gm10	26656981	ss715605704	T	C
glyma.Wm82.gnm2.Gm10	27405267	ss715605644	C	T
glyma.Wm82.gnm2.Gm10	27771555	ss715605658	C	A
glyma.Wm82.gnm2.Gm10	27873192	ss715605662	A	G
glyma.Wm82.gnm2.Gm10	28057689	ss715605667	A	C
glyma.Wm82.gnm2.Gm10	28190307	ss715605643	A	C
glyma.Wm82.gnm2.Gm10	28516089	ss715605628	A	G
glyma.Wm82.gnm2.Gm10	28562637	ss715605627	A	G
glyma.Wm82.gnm2.Gm10	28849193	ss715605622	C	A
glyma.Wm82.gnm2.Gm10	28902985	ss715606080	G	A
glyma.Wm82.gnm2.Gm10	29196719	ss715606098	A	G
glyma.Wm82.gnm2.Gm10	29466273	ss715606107	T	C
glyma.Wm82.gnm2.Gm10	29534855	ss715606109	C	T
glyma.Wm82.gnm2.Gm10	29619014	ss715606113	G	A
glyma.Wm82.gnm2.Gm10	29821848	ss715606119	G	A
glyma.Wm82.gnm2.Gm10	29919679	ss715606126	A	G
glyma.Wm82.gnm2.Gm10	30212514	ss715606140	G	A
glyma.Wm82.gnm2.Gm10	30792232	ss715606156	T	G
glyma.Wm82.gnm2.Gm10	30831897	ss715606157	T	C
glyma.Wm82.gnm2.Gm10	30868607	ss715606158	A	C
glyma.Wm82.gnm2.Gm10	31063053	ss715606176	T	C
glyma.Wm82.gnm2.Gm10	31094058	ss715606178	T	C
glyma.Wm82.gnm2.Gm10	31308389	ss715606185	G	A
glyma.Wm82.gnm2.Gm10	31661985	ss715606195	T	C
glyma.Wm82.gnm2.Gm10	32216342	ss715606210	A	G
glyma.Wm82.gnm2.Gm10	32251844	ss715606214	C	T
glyma.Wm82.gnm2.Gm10	32292266	ss715606221	G	A
glyma.Wm82.gnm2.Gm10	32392124	ss715606223	A	G
glyma.Wm82.gnm2.Gm10	32448662	ss715606224	G	A
glyma.Wm82.gnm2.Gm10	32477663	ss715606226	C	T
glyma.Wm82.gnm2.Gm10	33134629	ss715606250	C	T
glyma.Wm82.gnm2.Gm10	34193301	ss715606281	G	A
glyma.Wm82.gnm2.Gm10	34526883	ss715606290	A	G
glyma.Wm82.gnm2.Gm10	34698586	ss715606294	C	T
glyma.Wm82.gnm2.Gm10	34735539	ss715606295	G	A
glyma.Wm82.gnm2.Gm10	34885443	ss715606299	C	A
glyma.Wm82.gnm2.Gm10	35521790	ss715606317	T	C
glyma.Wm82.gnm2.Gm10	35861596	ss715606331	C	A
glyma.Wm82.gnm2.Gm10	36529952	ss715606349	T	C
glyma.Wm82.gnm2.Gm10	36681036	ss715606352	T	C
glyma.Wm82.gnm2.Gm10	36805019	ss715606362	C	T
glyma.Wm82.gnm2.Gm10	36805612	ss715606363	A	C
glyma.Wm82.gnm2.Gm10	36806840	ss715606364	A	G
glyma.Wm82.gnm2.Gm10	36823314	ss715606368	C	T
glyma.Wm82.gnm2.Gm10	36825078	ss715606369	T	C
glyma.Wm82.gnm2.Gm10	36827593	ss715606371	A	G
glyma.Wm82.gnm2.Gm10	36836121	ss715606373	G	A
glyma.Wm82.gnm2.Gm10	36946395	ss715606380	T	C
glyma.Wm82.gnm2.Gm10	36974968	ss715606383	T	G
glyma.Wm82.gnm2.Gm10	36975542	ss715606384	T	C
glyma.Wm82.gnm2.Gm10	36975906	ss715606385	T	C
glyma.Wm82.gnm2.Gm10	37020976	ss715606391	G	A
glyma.Wm82.gnm2.Gm10	37040181	ss715606392	A	G
glyma.Wm82.gnm2.Gm10	37225067	ss715606409	A	G
glyma.Wm82.gnm2.Gm10	37229632	ss715606418	A	G
glyma.Wm82.gnm2.Gm10	37231883	ss715606421	T	C
glyma.Wm82.gnm2.Gm10	37300259	ss715606440	C	T
glyma.Wm82.gnm2.Gm10	37302342	ss715606441	T	C
glyma.Wm82.gnm2.Gm10	37429095	ss715606468	C	A
glyma.Wm82.gnm2.Gm10	37474831	ss715606482	C	A
glyma.Wm82.gnm2.Gm10	37596706	ss715606507	T	G
glyma.Wm82.gnm2.Gm10	37599386	ss715606509	A	G
glyma.Wm82.gnm2.Gm10	37625366	ss715606519	C	T
glyma.Wm82.gnm2.Gm10	37629859	ss715606522	C	T
glyma.Wm82.gnm2.Gm10	37640695	ss715606528	T	C
glyma.Wm82.gnm2.Gm10	37674894	ss715606532	C	T
glyma.Wm82.gnm2.Gm10	37681910	ss715606535	G	A
glyma.Wm82.gnm2.Gm10	37683187	ss715606536	G	A
glyma.Wm82.gnm2.Gm10	37685690	ss715606538	C	A
glyma.Wm82.gnm2.Gm10	37689291	ss715606540	G	T
glyma.Wm82.gnm2.Gm10	37727263	ss715606544	C	T
glyma.Wm82.gnm2.Gm10	37812908	ss715606548	G	A
glyma.Wm82.gnm2.Gm10	37904093	ss715606556	T	C
glyma.Wm82.gnm2.Gm10	37919270	ss715606558	G	A
glyma.Wm82.gnm2.Gm10	37924472	ss715606559	A	G
glyma.Wm82.gnm2.Gm10	37930504	ss715606561	C	T
glyma.Wm82.gnm2.Gm10	38042939	ss715606568	G	T
glyma.Wm82.gnm2.Gm10	38043956	ss715606569	T	C
glyma.Wm82.gnm2.Gm10	38058503	ss715606570	A	G
glyma.Wm82.gnm2.Gm10	38113253	ss715606575	T	G
glyma.Wm82.gnm2.Gm10	38142567	ss715606576	A	G
glyma.Wm82.gnm2.Gm10	38154538	ss715606577	T	C
glyma.Wm82.gnm2.Gm10	38284410	ss715606587	C	T
glyma.Wm82.gnm2.Gm10	38287179	ss715606591	T	C
glyma.Wm82.gnm2.Gm10	38296291	ss715606593	T	C
glyma.Wm82.gnm2.Gm10	38297419	ss715606594	T	G
glyma.Wm82.gnm2.Gm10	38332224	ss715606601	G	T
glyma.Wm82.gnm2.Gm10	38378072	ss715606608	G	A
glyma.Wm82.gnm2.Gm10	38389785	ss715606609	A	G
glyma.Wm82.gnm2.Gm10	38410179	ss715606612	G	A
glyma.Wm82.gnm2.Gm10	38438970	ss715606616	T	C
glyma.Wm82.gnm2.Gm10	38444205	ss715606620	C	A
glyma.Wm82.gnm2.Gm10	38498056	ss715606630	C	T
glyma.Wm82.gnm2.Gm10	38639954	ss715606640	T	C
glyma.Wm82.gnm2.Gm10	38647561	ss715606641	A	C
glyma.Wm82.gnm2.Gm10	38654250	ss715606643	C	A
glyma.Wm82.gnm2.Gm10	38676101	ss715606645	C	T
glyma.Wm82.gnm2.Gm10	39021889	ss715606669	G	T
glyma.Wm82.gnm2.Gm10	39086247	ss715606680	T	C
glyma.Wm82.gnm2.Gm10	39166055	ss715606685	A	G
glyma.Wm82.gnm2.Gm10	39196562	ss715606687	T	C
glyma.Wm82.gnm2.Gm10	39299840	ss715606716	C	A
glyma.Wm82.gnm2.Gm10	39328836	ss715606721	C	T
glyma.Wm82.gnm2.Gm10	39337171	ss715606723	G	A
glyma.Wm82.gnm2.Gm10	39340394	ss715606726	T	C
glyma.Wm82.gnm2.Gm10	39482671	ss715606788	G	T
glyma.Wm82.gnm2.Gm10	39654992	ss715606815	A	C
glyma.Wm82.gnm2.Gm10	39669245	ss715606819	G	T
glyma.Wm82.gnm2.Gm10	39747348	ss715606836	A	G
glyma.Wm82.gnm2.Gm10	39748728	ss715606837	T	C
glyma.Wm82.gnm2.Gm10	39752838	ss715606838	C	T
glyma.Wm82.gnm2.Gm10	39936094	ss715606861	C	T
glyma.Wm82.gnm2.Gm10	40008549	ss715606876	G	A
glyma.Wm82.gnm2.Gm10	40183448	ss715606901	G	T
glyma.Wm82.gnm2.Gm10	40207651	ss715606905	A	C
glyma.Wm82.gnm2.Gm10	40226579	ss715606907	G	A
glyma.Wm82.gnm2.Gm10	40281743	ss715606912	A	G
glyma.Wm82.gnm2.Gm10	40302735	ss715606918	G	A
glyma.Wm82.gnm2.Gm10	40343360	ss715606931	T	C
glyma.Wm82.gnm2.Gm10	40345530	ss715606932	C	A
glyma.Wm82.gnm2.Gm10	40482285	ss715606945	G	A
glyma.Wm82.gnm2.Gm10	40513424	ss715606958	G	A
glyma.Wm82.gnm2.Gm10	40598285	ss715606971	G	T
glyma.Wm82.gnm2.Gm10	40672699	ss715606985	G	A
glyma.Wm82.gnm2.Gm10	40710127	ss715606989	C	T
glyma.Wm82.gnm2.Gm10	40713395	ss715606991	T	C
glyma.Wm82.gnm2.Gm10	40723181	ss715606995	G	A
glyma.Wm82.gnm2.Gm10	40746956	ss715606998	C	T
glyma.Wm82.gnm2.Gm10	40759254	ss715607000	G	A
glyma.Wm82.gnm2.Gm10	40761012	ss715607003	G	A
glyma.Wm82.gnm2.Gm10	40762064	ss715607005	G	A
glyma.Wm82.gnm2.Gm10	40782402	ss715607009	A	C
glyma.Wm82.gnm2.Gm10	40859703	ss715607018	T	C
glyma.Wm82.gnm2.Gm10	40881270	ss715607021	C	T
glyma.Wm82.gnm2.Gm10	41015475	ss715607030	G	A
glyma.Wm82.gnm2.Gm10	41076445	ss715607035	G	T
glyma.Wm82.gnm2.Gm10	41159139	ss715607040	T	C
glyma.Wm82.gnm2.Gm10	41204411	ss715607047	T	C
glyma.Wm82.gnm2.Gm10	41211434	ss715607048	G	A
glyma.Wm82.gnm2.Gm10	41423143	ss715607070	A	C
glyma.Wm82.gnm2.Gm10	41516030	ss715607089	A	G
glyma.Wm82.gnm2.Gm10	41599543	ss715607097	T	G
glyma.Wm82.gnm2.Gm10	41951222	ss715607127	A	G
glyma.Wm82.gnm2.Gm10	41963998	ss715607130	A	C
glyma.Wm82.gnm2.Gm10	41974315	ss715607132	T	G
glyma.Wm82.gnm2.Gm10	42033798	ss715607139	G	A
glyma.Wm82.gnm2.Gm10	42034070	ss715607140	G	A
glyma.Wm82.gnm2.Gm10	42123502	ss715607150	C	T
glyma.Wm82.gnm2.Gm10	42179663	ss715607158	C	T
glyma.Wm82.gnm2.Gm10	42190188	ss715607160	T	C
glyma.Wm82.gnm2.Gm10	42190630	ss715607161	T	C
glyma.Wm82.gnm2.Gm10	42199034	ss715607165	T	C
glyma.Wm82.gnm2.Gm10	42358224	ss715607181	C	T
glyma.Wm82.gnm2.Gm10	42408170	ss715607183	A	G
glyma.Wm82.gnm2.Gm10	42429208	ss715607184	T	C
glyma.Wm82.gnm2.Gm10	42710170	ss715607193	G	A
glyma.Wm82.gnm2.Gm10	42810406	ss715607199	T	G
glyma.Wm82.gnm2.Gm10	42934963	ss715607221	C	A
glyma.Wm82.gnm2.Gm10	42981020	ss715607231	T	G
glyma.Wm82.gnm2.Gm10	43022839	ss715607237	A	C
glyma.Wm82.gnm2.Gm10	43023636	ss715607238	C	T
glyma.Wm82.gnm2.Gm10	43087316	ss715607246	C	T
glyma.Wm82.gnm2.Gm10	43182967	ss715607255	G	A
glyma.Wm82.gnm2.Gm10	43266456	ss715607260	T	C
glyma.Wm82.gnm2.Gm10	43275495	ss715607262	G	T
glyma.Wm82.gnm2.Gm10	43287630	ss715607264	C	T
glyma.Wm82.gnm2.Gm10	43465671	ss715607293	G	A
glyma.Wm82.gnm2.Gm10	43688359	ss715607301	C	T
glyma.Wm82.gnm2.Gm10	43780076	ss715607311	A	C
glyma.Wm82.gnm2.Gm10	43780710	ss715607312	G	T
glyma.Wm82.gnm2.Gm10	43782236	ss715607314	G	T
glyma.Wm82.gnm2.Gm10	43782723	ss715607315	C	T
glyma.Wm82.gnm2.Gm10	43783285	ss715607317	A	G
glyma.Wm82.gnm2.Gm10	43871887	ss715607327	C	A
glyma.Wm82.gnm2.Gm10	43915345	ss715607329	G	T
glyma.Wm82.gnm2.Gm10	44217253	ss715607347	G	A
glyma.Wm82.gnm2.Gm10	44219379	ss715607349	A	G
glyma.Wm82.gnm2.Gm10	44363334	ss715607365	G	A
glyma.Wm82.gnm2.Gm10	44385857	ss715607369	T	C
glyma.Wm82.gnm2.Gm10	44392281	ss715607371	C	T
glyma.Wm82.gnm2.Gm10	44496224	ss715607386	G	A
glyma.Wm82.gnm2.Gm10	44616967	ss715607399	C	T
glyma.Wm82.gnm2.Gm10	44648970	ss715607404	C	A
glyma.Wm82.gnm2.Gm10	44667217	ss715607408	C	A
glyma.Wm82.gnm2.Gm10	44686284	ss715607411	A	G
glyma.Wm82.gnm2.Gm10	44805178	ss715607426	C	T
glyma.Wm82.gnm2.Gm10	44884845	ss715607434	A	G
glyma.Wm82.gnm2.Gm10	44920131	ss715607435	G	A
glyma.Wm82.gnm2.Gm10	44947899	ss715607437	G	A
glyma.Wm82.gnm2.Gm10	44962172	ss715607439	G	A
glyma.Wm82.gnm2.Gm10	45136352	ss715607460	T	C
glyma.Wm82.gnm2.Gm10	45147264	ss715607463	T	C
glyma.Wm82.gnm2.Gm10	45165651	ss715607468	A	C
glyma.Wm82.gnm2.Gm10	45302246	ss715607478	A	G
glyma.Wm82.gnm2.Gm10	45387193	ss715607493	G	A
glyma.Wm82.gnm2.Gm10	45549611	ss715607501	T	G
glyma.Wm82.gnm2.Gm10	45615797	ss715607503	A	G
glyma.Wm82.gnm2.Gm10	45722273	ss715607509	A	G
glyma.Wm82.gnm2.Gm10	45723069	ss715607510	G	T
glyma.Wm82.gnm2.Gm10	45795125	ss715607514	C	T
glyma.Wm82.gnm2.Gm10	45911054	ss715607528	C	T
glyma.Wm82.gnm2.Gm10	45911489	ss715607529	T	C
glyma.Wm82.gnm2.Gm10	45921601	ss715607530	C	A
glyma.Wm82.gnm2.Gm10	46055269	ss715607537	G	T
glyma.Wm82.gnm2.Gm10	46093478	ss715607541	A	G
glyma.Wm82.gnm2.Gm10	46164863	ss715607550	G	A
glyma.Wm82.gnm2.Gm10	46179721	ss715607551	A	G
glyma.Wm82.gnm2.Gm10	46200639	ss715607552	A	C
glyma.Wm82.gnm2.Gm10	46404227	ss715607568	A	G
glyma.Wm82.gnm2.Gm10	46628106	ss715607593	G	A
glyma.Wm82.gnm2.Gm10	46665590	ss715607599	T	C
glyma.Wm82.gnm2.Gm10	46687199	ss715607604	G	A
glyma.Wm82.gnm2.Gm10	46746196	ss715607622	A	G
glyma.Wm82.gnm2.Gm10	46747178	ss715607624	C	T
glyma.Wm82.gnm2.Gm10	46748220	ss715607625	C	T
glyma.Wm82.gnm2.Gm10	46748612	ss715607626	A	C
glyma.Wm82.gnm2.Gm10	46984714	ss715607644	C	T
glyma.Wm82.gnm2.Gm10	47028863	ss715607647	C	A
glyma.Wm82.gnm2.Gm10	47415491	ss715607689	G	A
glyma.Wm82.gnm2.Gm10	47466431	ss715607691	A	G
glyma.Wm82.gnm2.Gm10	47873231	ss715607720	T	C
glyma.Wm82.gnm2.Gm10	47887742	ss715607725	A	G
glyma.Wm82.gnm2.Gm10	48019169	ss715607753	C	T
glyma.Wm82.gnm2.Gm10	48110508	ss715607767	A	C
glyma.Wm82.gnm2.Gm10	48121761	ss715607769	C	T
glyma.Wm82.gnm2.Gm10	48304156	ss715607795	G	T
glyma.Wm82.gnm2.Gm10	48454528	ss715607819	C	T
glyma.Wm82.gnm2.Gm10	48664102	ss715607852	G	A
glyma.Wm82.gnm2.Gm10	48691179	ss715607859	A	C
glyma.Wm82.gnm2.Gm10	48713995	ss715607863	A	G
glyma.Wm82.gnm2.Gm10	48736583	ss715607865	C	A
glyma.Wm82.gnm2.Gm10	48741133	ss715607867	T	C
glyma.Wm82.gnm2.Gm10	48842888	ss715607878	G	A
glyma.Wm82.gnm2.Gm10	48912971	ss715607884	A	G
glyma.Wm82.gnm2.Gm10	48951714	ss715607897	T	G
glyma.Wm82.gnm2.Gm10	48962855	ss715607898	A	C
glyma.Wm82.gnm2.Gm10	49022659	ss715607917	A	G
glyma.Wm82.gnm2.Gm10	49026292	ss715607920	C	A
glyma.Wm82.gnm2.Gm10	49051383	ss715607927	C	A
glyma.Wm82.gnm2.Gm10	49181823	ss715607935	A	C
glyma.Wm82.gnm2.Gm10	49225517	ss715607941	T	G
glyma.Wm82.gnm2.Gm10	49267592	ss715607949	C	T
glyma.Wm82.gnm2.Gm10	49291592	ss715607954	T	C
glyma.Wm82.gnm2.Gm10	49303847	ss715607959	G	A
glyma.Wm82.gnm2.Gm10	49321099	ss715607962	C	A
glyma.Wm82.gnm2.Gm10	49334419	ss715607966	G	A
glyma.Wm82.gnm2.Gm10	49406246	ss715607983	A	G
glyma.Wm82.gnm2.Gm10	49414160	ss715607986	C	T
glyma.Wm82.gnm2.Gm10	49417404	ss715607987	C	A
glyma.Wm82.gnm2.Gm10	49519608	ss715608001	C	T
glyma.Wm82.gnm2.Gm10	49568136	ss715608012	G	A
glyma.Wm82.gnm2.Gm10	49569501	ss715608014	G	T
glyma.Wm82.gnm2.Gm10	49577005	ss715608016	T	G
glyma.Wm82.gnm2.Gm10	49596262	ss715608019	C	T
glyma.Wm82.gnm2.Gm10	49618645	ss715608028	G	A
glyma.Wm82.gnm2.Gm10	49620905	ss715608032	C	A
glyma.Wm82.gnm2.Gm10	49811501	ss715608057	A	C
glyma.Wm82.gnm2.Gm10	50019284	ss715608076	C	T
glyma.Wm82.gnm2.Gm10	50181424	ss715608094	T	C
glyma.Wm82.gnm2.Gm10	50300250	ss715608115	T	C
glyma.Wm82.gnm2.Gm10	50381582	ss715608126	A	G
glyma.Wm82.gnm2.Gm10	50580724	ss715608148	C	T
glyma.Wm82.gnm2.Gm10	50798760	ss715608168	T	C
glyma.Wm82.gnm2.Gm10	50829268	ss715608169	G	A
glyma.Wm82.gnm2.Gm10	51406391	ss715608200	T	C
glyma.Wm82.gnm2.Gm10	51426325	ss715608204	C	T
glyma.Wm82.gnm2.Gm10	51462329	ss715608208	G	T
glyma.Wm82.gnm2.Gm10	51546040	ss715608212	C	A
glyma.Wm82.gnm2.Gm11	104425	ss715608758	G	T
glyma.Wm82.gnm2.Gm11	124069	ss715608953	C	A
glyma.Wm82.gnm2.Gm11	132224	ss715608988	C	T
glyma.Wm82.gnm2.Gm11	171230	ss715609436	T	C
glyma.Wm82.gnm2.Gm11	186276	ss715609576	G	A
glyma.Wm82.gnm2.Gm11	613147	ss715610952	A	C
glyma.Wm82.gnm2.Gm11	623288	ss715610967	A	G
glyma.Wm82.gnm2.Gm11	699425	ss715611049	T	G
glyma.Wm82.gnm2.Gm11	703183	ss715611057	T	C
glyma.Wm82.gnm2.Gm11	716112	ss715611065	T	C
glyma.Wm82.gnm2.Gm11	776003	ss715611134	T	C
glyma.Wm82.gnm2.Gm11	937703	ss715611291	G	A
glyma.Wm82.gnm2.Gm11	996469	ss715611325	C	T
glyma.Wm82.gnm2.Gm11	1102059	ss715608805	T	G
glyma.Wm82.gnm2.Gm11	1111545	ss715608815	T	C
glyma.Wm82.gnm2.Gm11	1134373	ss715608828	C	A
glyma.Wm82.gnm2.Gm11	1172964	ss715608858	C	T
glyma.Wm82.gnm2.Gm11	1190034	ss715608897	G	A
glyma.Wm82.gnm2.Gm11	1190209	ss715608898	G	A
glyma.Wm82.gnm2.Gm11	1354190	ss715609003	T	G
glyma.Wm82.gnm2.Gm11	1409759	ss715609026	C	T
glyma.Wm82.gnm2.Gm11	1433008	ss715609035	C	T
glyma.Wm82.gnm2.Gm11	1592481	ss715609270	A	G
glyma.Wm82.gnm2.Gm11	1599657	ss715609280	T	C
glyma.Wm82.gnm2.Gm11	1600449	ss715609284	A	C
glyma.Wm82.gnm2.Gm11	1601655	ss715609290	G	A
glyma.Wm82.gnm2.Gm11	1601710	ss715609291	T	C
glyma.Wm82.gnm2.Gm11	1626832	ss715609311	C	T
glyma.Wm82.gnm2.Gm11	1665527	ss715609368	C	T
glyma.Wm82.gnm2.Gm11	1666776	ss715609369	C	A
glyma.Wm82.gnm2.Gm11	1696051	ss715609386	G	A
glyma.Wm82.gnm2.Gm11	1743322	ss715609450	T	C
glyma.Wm82.gnm2.Gm11	1744112	ss715609452	T	C
glyma.Wm82.gnm2.Gm11	1828355	ss715609554	C	T
glyma.Wm82.gnm2.Gm11	1828419	ss715609555	G	A
glyma.Wm82.gnm2.Gm11	1839549	ss715609562	G	A
glyma.Wm82.gnm2.Gm11	1908639	ss715609589	T	C
glyma.Wm82.gnm2.Gm11	1963261	ss715609597	C	T
glyma.Wm82.gnm2.Gm11	1998448	ss715609600	G	A
glyma.Wm82.gnm2.Gm11	2068973	ss715609617	A	G
glyma.Wm82.gnm2.Gm11	2100402	ss715609625	C	T
glyma.Wm82.gnm2.Gm11	2150650	ss715609646	G	T
glyma.Wm82.gnm2.Gm11	2154001	ss715609647	A	G
glyma.Wm82.gnm2.Gm11	2179167	ss715609655	G	A
glyma.Wm82.gnm2.Gm11	2204490	ss715609658	C	T
glyma.Wm82.gnm2.Gm11	2219784	ss715609663	C	T
glyma.Wm82.gnm2.Gm11	2219905	ss715609664	G	T
glyma.Wm82.gnm2.Gm11	2253877	ss715609675	A	C
glyma.Wm82.gnm2.Gm11	2270319	ss715609680	T	C
glyma.Wm82.gnm2.Gm11	2291838	ss715609687	A	G
glyma.Wm82.gnm2.Gm11	2389083	ss715609712	T	C
glyma.Wm82.gnm2.Gm11	2563869	ss715609759	C	T
glyma.Wm82.gnm2.Gm11	2672806	ss715609796	T	C
glyma.Wm82.gnm2.Gm11	2685889	ss715609801	A	G
glyma.Wm82.gnm2.Gm11	2690936	ss715609808	A	C
glyma.Wm82.gnm2.Gm11	2700161	ss715609812	G	A
glyma.Wm82.gnm2.Gm11	2711294	ss715609815	G	T
glyma.Wm82.gnm2.Gm11	3022115	ss715609884	T	G
glyma.Wm82.gnm2.Gm11	3027314	ss715609886	G	A
glyma.Wm82.gnm2.Gm11	3071393	ss715609901	T	C
glyma.Wm82.gnm2.Gm11	3279609	ss715609957	A	G
glyma.Wm82.gnm2.Gm11	3341264	ss715610007	A	G
glyma.Wm82.gnm2.Gm11	3398740	ss715610057	G	A
glyma.Wm82.gnm2.Gm11	3653609	ss715610258	C	A
glyma.Wm82.gnm2.Gm11	3682411	ss715610299	A	G
glyma.Wm82.gnm2.Gm11	3743948	ss715610410	C	T
glyma.Wm82.gnm2.Gm11	3786460	ss715610445	G	A
glyma.Wm82.gnm2.Gm11	3866567	ss715610573	G	T
glyma.Wm82.gnm2.Gm11	3997743	ss715610662	G	A
glyma.Wm82.gnm2.Gm11	4077559	ss715610664	C	A
glyma.Wm82.gnm2.Gm11	4145025	ss715610676	A	G
glyma.Wm82.gnm2.Gm11	4187007	ss715610683	A	G
glyma.Wm82.gnm2.Gm11	4193606	ss715610684	T	C
glyma.Wm82.gnm2.Gm11	4363964	ss715610721	T	C
glyma.Wm82.gnm2.Gm11	4526470	ss715610736	G	A
glyma.Wm82.gnm2.Gm11	4527563	ss715610737	A	G
glyma.Wm82.gnm2.Gm11	4568605	ss715610744	T	C
glyma.Wm82.gnm2.Gm11	4602873	ss715610749	T	G
glyma.Wm82.gnm2.Gm11	4680951	ss715610758	A	G
glyma.Wm82.gnm2.Gm11	4806173	ss715610773	A	C
glyma.Wm82.gnm2.Gm11	4916897	ss715610798	C	A
glyma.Wm82.gnm2.Gm11	4932497	ss715610800	T	C
glyma.Wm82.gnm2.Gm11	4953034	ss715610803	C	T
glyma.Wm82.gnm2.Gm11	5011270	ss715610809	T	C
glyma.Wm82.gnm2.Gm11	5060371	ss715610813	C	T
glyma.Wm82.gnm2.Gm11	5070260	ss715610816	A	C
glyma.Wm82.gnm2.Gm11	5086494	ss715610818	G	T
glyma.Wm82.gnm2.Gm11	5124165	ss715610828	T	C
glyma.Wm82.gnm2.Gm11	5199343	ss715610836	G	A
glyma.Wm82.gnm2.Gm11	5315899	ss715610857	A	G
glyma.Wm82.gnm2.Gm11	5450593	ss715610866	G	T
glyma.Wm82.gnm2.Gm11	5456616	ss715610867	T	C
glyma.Wm82.gnm2.Gm11	5552573	ss715610871	C	T
glyma.Wm82.gnm2.Gm11	5578492	ss715610875	A	G
glyma.Wm82.gnm2.Gm11	5610825	ss715610877	G	A
glyma.Wm82.gnm2.Gm11	5683306	ss715610883	A	G
glyma.Wm82.gnm2.Gm11	5729589	ss715610891	A	G
glyma.Wm82.gnm2.Gm11	5782132	ss715610899	G	A
glyma.Wm82.gnm2.Gm11	5800217	ss715610901	C	T
glyma.Wm82.gnm2.Gm11	5831461	ss715610907	A	G
glyma.Wm82.gnm2.Gm11	5843918	ss715610913	T	C
glyma.Wm82.gnm2.Gm11	5908270	ss715610924	C	T
glyma.Wm82.gnm2.Gm11	5911071	ss715610925	A	C
glyma.Wm82.gnm2.Gm11	5931536	ss715610928	G	A
glyma.Wm82.gnm2.Gm11	5955207	ss715610934	T	G
glyma.Wm82.gnm2.Gm11	6037758	ss715610950	G	A
glyma.Wm82.gnm2.Gm11	6121908	ss715610964	C	T
glyma.Wm82.gnm2.Gm11	6172804	ss715610970	A	G
glyma.Wm82.gnm2.Gm11	6182880	ss715610972	A	C
glyma.Wm82.gnm2.Gm11	6235094	ss715610978	T	C
glyma.Wm82.gnm2.Gm11	6398948	ss715610995	A	G
glyma.Wm82.gnm2.Gm11	6485300	ss715610998	G	T
glyma.Wm82.gnm2.Gm11	6662674	ss715611010	C	A
glyma.Wm82.gnm2.Gm11	6708623	ss715611018	A	C
glyma.Wm82.gnm2.Gm11	6775170	ss715611025	C	T
glyma.Wm82.gnm2.Gm11	6801538	ss715611032	C	T
glyma.Wm82.gnm2.Gm11	6912391	ss715611048	G	A
glyma.Wm82.gnm2.Gm11	6916605	ss715611051	A	G
glyma.Wm82.gnm2.Gm11	6941930	ss715611055	T	C
glyma.Wm82.gnm2.Gm11	6943499	ss715611056	A	C
glyma.Wm82.gnm2.Gm11	6991959	ss715611058	G	T
glyma.Wm82.gnm2.Gm11	7084541	ss715611066	A	C
glyma.Wm82.gnm2.Gm11	7341476	ss715611091	G	A
glyma.Wm82.gnm2.Gm11	7352070	ss715611093	C	T
glyma.Wm82.gnm2.Gm11	7364550	ss715611095	C	A
glyma.Wm82.gnm2.Gm11	7399475	ss715611099	G	A
glyma.Wm82.gnm2.Gm11	7422319	ss715611103	C	A
glyma.Wm82.gnm2.Gm11	7448310	ss715611118	G	A
glyma.Wm82.gnm2.Gm11	7497623	ss715611124	G	A
glyma.Wm82.gnm2.Gm11	7606922	ss715611127	A	C
glyma.Wm82.gnm2.Gm11	7670952	ss715611130	C	T
glyma.Wm82.gnm2.Gm11	7673775	ss715611132	T	C
glyma.Wm82.gnm2.Gm11	7718264	ss715611137	G	T
glyma.Wm82.gnm2.Gm11	7724338	ss715611138	C	A
glyma.Wm82.gnm2.Gm11	7753142	ss715611140	A	C
glyma.Wm82.gnm2.Gm11	7763083	ss715611141	G	A
glyma.Wm82.gnm2.Gm11	7763435	ss715611144	C	A
glyma.Wm82.gnm2.Gm11	7767563	ss715611147	T	G
glyma.Wm82.gnm2.Gm11	7869015	ss715611158	C	A
glyma.Wm82.gnm2.Gm11	7919623	ss715611160	C	T
glyma.Wm82.gnm2.Gm11	8022246	ss715611172	A	G
glyma.Wm82.gnm2.Gm11	8041050	ss715611174	G	A
glyma.Wm82.gnm2.Gm11	8071376	ss715611185	G	A
glyma.Wm82.gnm2.Gm11	8093449	ss715611186	C	T
glyma.Wm82.gnm2.Gm11	8109819	ss715611195	G	T
glyma.Wm82.gnm2.Gm11	8192858	ss715611212	G	A
glyma.Wm82.gnm2.Gm11	8215544	ss715611216	A	G
glyma.Wm82.gnm2.Gm11	8218620	ss715611217	A	G
glyma.Wm82.gnm2.Gm11	8229462	ss715611219	G	T
glyma.Wm82.gnm2.Gm11	8293886	ss715611224	A	G
glyma.Wm82.gnm2.Gm11	8683794	ss715611252	C	A
glyma.Wm82.gnm2.Gm11	8715418	ss715611258	C	A
glyma.Wm82.gnm2.Gm11	9019802	ss715611274	T	C
glyma.Wm82.gnm2.Gm11	9087138	ss715611279	A	G
glyma.Wm82.gnm2.Gm11	9239680	ss715611289	G	A
glyma.Wm82.gnm2.Gm11	9408915	ss715611299	C	A
glyma.Wm82.gnm2.Gm11	9413904	ss715611300	C	A
glyma.Wm82.gnm2.Gm11	9441403	ss715611304	G	A
glyma.Wm82.gnm2.Gm11	9441472	ss715611305	T	C
glyma.Wm82.gnm2.Gm11	9473024	ss715611308	G	A
glyma.Wm82.gnm2.Gm11	9747713	ss715611321	G	A
glyma.Wm82.gnm2.Gm11	9816801	ss715611322	G	A
glyma.Wm82.gnm2.Gm11	9884712	ss715611324	G	A
glyma.Wm82.gnm2.Gm11	9925631	ss715611326	G	A
glyma.Wm82.gnm2.Gm11	9942634	ss715611329	G	A
glyma.Wm82.gnm2.Gm11	10202180	ss715608734	A	G
glyma.Wm82.gnm2.Gm11	10280660	ss715608739	G	A
glyma.Wm82.gnm2.Gm11	10288691	ss715608740	T	C
glyma.Wm82.gnm2.Gm11	10316055	ss715608744	G	A
glyma.Wm82.gnm2.Gm11	10368744	ss715608749	A	C
glyma.Wm82.gnm2.Gm11	10518944	ss715608759	G	T
glyma.Wm82.gnm2.Gm11	10535182	ss715608760	C	T
glyma.Wm82.gnm2.Gm11	10540668	ss715608761	T	C
glyma.Wm82.gnm2.Gm11	10752218	ss715608771	G	A
glyma.Wm82.gnm2.Gm11	10817589	ss715608778	T	C
glyma.Wm82.gnm2.Gm11	10827353	ss715608779	G	A
glyma.Wm82.gnm2.Gm11	10877247	ss715608788	A	G
glyma.Wm82.gnm2.Gm11	10880571	ss715608790	A	G
glyma.Wm82.gnm2.Gm11	10886376	ss715608792	C	T
glyma.Wm82.gnm2.Gm11	10929924	ss715608798	A	G
glyma.Wm82.gnm2.Gm11	10958358	ss715608801	C	T
glyma.Wm82.gnm2.Gm11	10958457	ss715608802	C	T
glyma.Wm82.gnm2.Gm11	11230530	ss715609449	G	A
glyma.Wm82.gnm2.Gm11	11262748	ss715609455	T	C
glyma.Wm82.gnm2.Gm11	11288559	ss715609456	C	T
glyma.Wm82.gnm2.Gm11	11312463	ss715609460	A	G
glyma.Wm82.gnm2.Gm11	11404578	ss715609470	G	A
glyma.Wm82.gnm2.Gm11	11522673	ss715609491	C	T
glyma.Wm82.gnm2.Gm11	11533545	ss715609495	C	T
glyma.Wm82.gnm2.Gm11	11533603	ss715609496	T	C
glyma.Wm82.gnm2.Gm11	11626827	ss715609516	G	A
glyma.Wm82.gnm2.Gm11	11652823	ss715609523	T	G
glyma.Wm82.gnm2.Gm11	11686131	ss715609527	G	A
glyma.Wm82.gnm2.Gm11	12140591	ss715609558	A	G
glyma.Wm82.gnm2.Gm11	12195436	ss715609561	C	T
glyma.Wm82.gnm2.Gm11	12212895	ss715609564	G	A
glyma.Wm82.gnm2.Gm11	12241365	ss715609565	G	A
glyma.Wm82.gnm2.Gm11	12334378	ss715609568	A	G
glyma.Wm82.gnm2.Gm11	12348045	ss715609569	C	T
glyma.Wm82.gnm2.Gm11	12424948	ss715609571	A	G
glyma.Wm82.gnm2.Gm11	12741883	ss715609586	G	A
glyma.Wm82.gnm2.Gm11	12808232	ss715609587	C	T
glyma.Wm82.gnm2.Gm11	12863468	ss715639147	C	T
glyma.Wm82.gnm2.Gm11	13483969	ss715609714	T	G
glyma.Wm82.gnm2.Gm11	13584216	ss715609719	C	T
glyma.Wm82.gnm2.Gm11	13764673	ss715609725	C	T
glyma.Wm82.gnm2.Gm11	13944393	ss715609733	C	T
glyma.Wm82.gnm2.Gm11	14209751	ss715609738	T	C
glyma.Wm82.gnm2.Gm11	14254934	ss715609740	G	A
glyma.Wm82.gnm2.Gm11	14307055	ss715609742	A	G
glyma.Wm82.gnm2.Gm11	14413002	ss715609745	G	A
glyma.Wm82.gnm2.Gm11	14516640	ss715609748	C	T
glyma.Wm82.gnm2.Gm11	14594136	ss715609751	G	A
glyma.Wm82.gnm2.Gm11	14624451	ss715609752	G	A
glyma.Wm82.gnm2.Gm11	14665752	ss715609753	C	T
glyma.Wm82.gnm2.Gm11	14733647	ss715590571	C	T
glyma.Wm82.gnm2.Gm11	15041772	ss715609907	C	T
glyma.Wm82.gnm2.Gm11	15127653	ss715609903	G	A
glyma.Wm82.gnm2.Gm11	15164230	ss715609902	A	G
glyma.Wm82.gnm2.Gm11	15286610	ss715609897	C	T
glyma.Wm82.gnm2.Gm11	15321583	ss715609896	A	C
glyma.Wm82.gnm2.Gm11	15443346	ss715609893	T	C
glyma.Wm82.gnm2.Gm11	15462835	ss715609892	T	C
glyma.Wm82.gnm2.Gm11	16189281	ss715609872	A	G
glyma.Wm82.gnm2.Gm11	16456528	ss715609867	C	A
glyma.Wm82.gnm2.Gm11	17100942	ss715609864	T	C
glyma.Wm82.gnm2.Gm11	17514596	ss715609856	C	T
glyma.Wm82.gnm2.Gm11	17871050	ss715609849	A	G
glyma.Wm82.gnm2.Gm11	18031785	ss715609845	A	C
glyma.Wm82.gnm2.Gm11	18093113	ss715609842	G	A
glyma.Wm82.gnm2.Gm11	18162500	ss715609840	C	T
glyma.Wm82.gnm2.Gm11	18252656	ss715609836	C	T
glyma.Wm82.gnm2.Gm11	18603264	ss715609822	T	C
glyma.Wm82.gnm2.Gm11	18780296	ss715609817	G	A
glyma.Wm82.gnm2.Gm11	18808947	ss715609814	A	G
glyma.Wm82.gnm2.Gm11	18999665	ss715609806	G	A
glyma.Wm82.gnm2.Gm11	19221565	ss715609794	A	G
glyma.Wm82.gnm2.Gm11	19345758	ss715609791	G	A
glyma.Wm82.gnm2.Gm11	19703376	ss715609778	G	T
glyma.Wm82.gnm2.Gm11	19745317	ss715609776	T	C
glyma.Wm82.gnm2.Gm11	19814746	ss715609775	G	T
glyma.Wm82.gnm2.Gm11	19894562	ss715609772	G	A
glyma.Wm82.gnm2.Gm11	20062857	ss715609767	A	G
glyma.Wm82.gnm2.Gm11	20734679	ss715609599	C	T
glyma.Wm82.gnm2.Gm11	20860151	ss715609603	T	C
glyma.Wm82.gnm2.Gm11	21105784	ss715609607	C	T
glyma.Wm82.gnm2.Gm11	21126904	ss715609608	C	T
glyma.Wm82.gnm2.Gm11	21420454	ss715609616	C	T
glyma.Wm82.gnm2.Gm11	21616390	ss715609620	C	A
glyma.Wm82.gnm2.Gm11	22005837	ss715609631	C	T
glyma.Wm82.gnm2.Gm11	22201402	ss715609641	G	A
glyma.Wm82.gnm2.Gm11	22221938	ss715609643	C	T
glyma.Wm82.gnm2.Gm11	22768757	ss715609656	G	A
glyma.Wm82.gnm2.Gm11	22966772	ss715609661	C	T
glyma.Wm82.gnm2.Gm11	23019573	ss715609666	A	G
glyma.Wm82.gnm2.Gm11	23073107	ss715609667	C	T
glyma.Wm82.gnm2.Gm11	23171365	ss715609670	C	T
glyma.Wm82.gnm2.Gm11	23447349	ss715609678	C	T
glyma.Wm82.gnm2.Gm11	23516350	ss715609681	G	A
glyma.Wm82.gnm2.Gm11	24000862	ss715609692	G	A
glyma.Wm82.gnm2.Gm11	24202981	ss715609699	G	T
glyma.Wm82.gnm2.Gm11	24244365	ss715609700	G	A
glyma.Wm82.gnm2.Gm11	24323867	ss715609704	C	T
glyma.Wm82.gnm2.Gm11	24509473	ss715609113	G	A
glyma.Wm82.gnm2.Gm11	24639846	ss715609126	C	T
glyma.Wm82.gnm2.Gm11	24686527	ss715609149	C	T
glyma.Wm82.gnm2.Gm11	24734505	ss715609166	A	G
glyma.Wm82.gnm2.Gm11	24837545	ss715609197	C	A
glyma.Wm82.gnm2.Gm11	24884673	ss715609206	A	G
glyma.Wm82.gnm2.Gm11	24943967	ss715609212	T	G
glyma.Wm82.gnm2.Gm11	24947889	ss715609213	G	T
glyma.Wm82.gnm2.Gm11	25063387	ss715609230	G	A
glyma.Wm82.gnm2.Gm11	25079747	ss715609235	T	G
glyma.Wm82.gnm2.Gm11	25114851	ss715609239	A	C
glyma.Wm82.gnm2.Gm11	25118320	ss715609245	C	T
glyma.Wm82.gnm2.Gm11	25121658	ss715609248	C	A
glyma.Wm82.gnm2.Gm11	25193810	ss715609256	A	G
glyma.Wm82.gnm2.Gm11	25241860	ss715609261	C	T
glyma.Wm82.gnm2.Gm11	25305410	ss715609269	T	G
glyma.Wm82.gnm2.Gm11	25347421	ss715609271	A	G
glyma.Wm82.gnm2.Gm11	25433314	ss715609289	T	G
glyma.Wm82.gnm2.Gm11	25491362	ss715609924	T	C
glyma.Wm82.gnm2.Gm11	25958764	ss715609297	G	A
glyma.Wm82.gnm2.Gm11	25967540	ss715609298	C	T
glyma.Wm82.gnm2.Gm11	25967651	ss715609300	C	T
glyma.Wm82.gnm2.Gm11	25999676	ss715609303	G	A
glyma.Wm82.gnm2.Gm11	26040207	ss715609306	G	A
glyma.Wm82.gnm2.Gm11	26131251	ss715609309	T	G
glyma.Wm82.gnm2.Gm11	26147825	ss715609312	C	A
glyma.Wm82.gnm2.Gm11	26147895	ss715609313	G	A
glyma.Wm82.gnm2.Gm11	26151377	ss715609315	C	A
glyma.Wm82.gnm2.Gm11	26293814	ss715609333	T	C
glyma.Wm82.gnm2.Gm11	26310908	ss715609334	G	A
glyma.Wm82.gnm2.Gm11	26458025	ss715609352	G	A
glyma.Wm82.gnm2.Gm11	26458332	ss715609354	C	T
glyma.Wm82.gnm2.Gm11	26460819	ss715609361	T	C
glyma.Wm82.gnm2.Gm11	26475882	ss715609364	T	G
glyma.Wm82.gnm2.Gm11	26575366	ss715609370	G	A
glyma.Wm82.gnm2.Gm11	26595249	ss715609371	T	C
glyma.Wm82.gnm2.Gm11	26606352	ss715609373	A	G
glyma.Wm82.gnm2.Gm11	26799490	ss715609383	A	G
glyma.Wm82.gnm2.Gm11	26799541	ss715609384	C	T
glyma.Wm82.gnm2.Gm11	26818039	ss715609385	G	T
glyma.Wm82.gnm2.Gm11	26882352	ss715609388	C	T
glyma.Wm82.gnm2.Gm11	26897514	ss715609390	C	T
glyma.Wm82.gnm2.Gm11	26897560	ss715609391	A	C
glyma.Wm82.gnm2.Gm11	26917727	ss715609393	C	T
glyma.Wm82.gnm2.Gm11	26967573	ss715609405	C	T
glyma.Wm82.gnm2.Gm11	26989131	ss715609409	G	T
glyma.Wm82.gnm2.Gm11	27062986	ss715609415	T	C
glyma.Wm82.gnm2.Gm11	27074975	ss715609416	T	C
glyma.Wm82.gnm2.Gm11	27081823	ss715609427	G	A
glyma.Wm82.gnm2.Gm11	27087406	ss715609431	C	T
glyma.Wm82.gnm2.Gm11	27503267	ss715609939	G	A
glyma.Wm82.gnm2.Gm11	27692064	ss715609947	G	A
glyma.Wm82.gnm2.Gm11	27706002	ss715609948	G	A
glyma.Wm82.gnm2.Gm11	27743052	ss715609949	G	A
glyma.Wm82.gnm2.Gm11	27805922	ss715609951	G	A
glyma.Wm82.gnm2.Gm11	27822238	ss715609952	A	G
glyma.Wm82.gnm2.Gm11	27841319	ss715609955	T	C
glyma.Wm82.gnm2.Gm11	27945952	ss715609962	A	C
glyma.Wm82.gnm2.Gm11	27946834	ss715609966	G	T
glyma.Wm82.gnm2.Gm11	27947277	ss715609967	G	A
glyma.Wm82.gnm2.Gm11	27947644	ss715609968	A	G
glyma.Wm82.gnm2.Gm11	27947986	ss715609970	C	T
glyma.Wm82.gnm2.Gm11	27949293	ss715609971	A	G
glyma.Wm82.gnm2.Gm11	27949709	ss715609973	G	T
glyma.Wm82.gnm2.Gm11	28353697	ss715609999	G	A
glyma.Wm82.gnm2.Gm11	28586289	ss715610013	G	T
glyma.Wm82.gnm2.Gm11	28641432	ss715610019	T	G
glyma.Wm82.gnm2.Gm11	28687969	ss715610034	A	G
glyma.Wm82.gnm2.Gm11	28763236	ss715610041	G	A
glyma.Wm82.gnm2.Gm11	28767334	ss715610042	C	T
glyma.Wm82.gnm2.Gm11	29059004	ss715610051	G	A
glyma.Wm82.gnm2.Gm11	29061942	ss715610055	T	C
glyma.Wm82.gnm2.Gm11	29221344	ss715610066	C	T
glyma.Wm82.gnm2.Gm11	29423711	ss715610081	G	A
glyma.Wm82.gnm2.Gm11	29428343	ss715610083	T	C
glyma.Wm82.gnm2.Gm11	29694132	ss715610104	A	G
glyma.Wm82.gnm2.Gm11	29747769	ss715610107	T	C
glyma.Wm82.gnm2.Gm11	30020447	ss715614288	C	T
glyma.Wm82.gnm2.Gm11	30031769	ss715614289	G	A
glyma.Wm82.gnm2.Gm11	30034764	ss715614290	A	G
glyma.Wm82.gnm2.Gm11	30049918	ss715639123	C	T
glyma.Wm82.gnm2.Gm11	30062355	ss715639124	C	A
glyma.Wm82.gnm2.Gm11	30223862	ss715614323	G	A
glyma.Wm82.gnm2.Gm11	30295247	ss715614310	G	A
glyma.Wm82.gnm2.Gm11	30386040	ss715614302	T	C
glyma.Wm82.gnm2.Gm11	30408409	ss715614299	G	A
glyma.Wm82.gnm2.Gm11	30415862	ss715614298	G	A
glyma.Wm82.gnm2.Gm11	30558181	ss715610129	C	T
glyma.Wm82.gnm2.Gm11	30709822	ss715610137	A	G
glyma.Wm82.gnm2.Gm11	30710044	ss715610139	G	A
glyma.Wm82.gnm2.Gm11	30791811	ss715610152	G	A
glyma.Wm82.gnm2.Gm11	30818748	ss715610159	A	G
glyma.Wm82.gnm2.Gm11	30819688	ss715610160	A	G
glyma.Wm82.gnm2.Gm11	30850765	ss715610164	G	T
glyma.Wm82.gnm2.Gm11	30864415	ss715610165	G	A
glyma.Wm82.gnm2.Gm11	30880367	ss715610167	G	A
glyma.Wm82.gnm2.Gm11	31052894	ss715610178	A	G
glyma.Wm82.gnm2.Gm11	31082086	ss715610182	T	C
glyma.Wm82.gnm2.Gm11	31200215	ss715610185	A	G
glyma.Wm82.gnm2.Gm11	31203250	ss715610186	G	A
glyma.Wm82.gnm2.Gm11	31280780	ss715610195	G	A
glyma.Wm82.gnm2.Gm11	31355321	ss715610200	A	C
glyma.Wm82.gnm2.Gm11	31380008	ss715610202	A	C
glyma.Wm82.gnm2.Gm11	31410184	ss715610203	A	G
glyma.Wm82.gnm2.Gm11	31410585	ss715610205	T	C
glyma.Wm82.gnm2.Gm11	31410731	ss715610206	A	G
glyma.Wm82.gnm2.Gm11	31411229	ss715610207	T	C
glyma.Wm82.gnm2.Gm11	31411698	ss715610209	T	C
glyma.Wm82.gnm2.Gm11	31411751	ss715610210	T	C
glyma.Wm82.gnm2.Gm11	31411869	ss715610211	G	A
glyma.Wm82.gnm2.Gm11	31412582	ss715610213	T	C
glyma.Wm82.gnm2.Gm11	31412669	ss715610214	T	C
glyma.Wm82.gnm2.Gm11	31557640	ss715610221	C	T
glyma.Wm82.gnm2.Gm11	31558403	ss715610222	G	A
glyma.Wm82.gnm2.Gm11	31558531	ss715610223	G	A
glyma.Wm82.gnm2.Gm11	31572652	ss715610226	G	A
glyma.Wm82.gnm2.Gm11	31711374	ss715610232	G	A
glyma.Wm82.gnm2.Gm11	31777321	ss715610235	C	T
glyma.Wm82.gnm2.Gm11	31792649	ss715610236	G	A
glyma.Wm82.gnm2.Gm11	31798686	ss715610240	T	C
glyma.Wm82.gnm2.Gm11	31845975	ss715610249	G	A
glyma.Wm82.gnm2.Gm11	31978441	ss715610259	T	C
glyma.Wm82.gnm2.Gm11	32008932	ss715610266	G	A
glyma.Wm82.gnm2.Gm11	32055777	ss715610271	C	A
glyma.Wm82.gnm2.Gm11	32055836	ss715610272	C	T
glyma.Wm82.gnm2.Gm11	32056441	ss715610274	G	A
glyma.Wm82.gnm2.Gm11	32070028	ss715610279	T	G
glyma.Wm82.gnm2.Gm11	32157307	ss715610294	G	A
glyma.Wm82.gnm2.Gm11	32276359	ss715610298	C	A
glyma.Wm82.gnm2.Gm11	32281931	ss715610300	T	C
glyma.Wm82.gnm2.Gm11	32306535	ss715610309	T	C
glyma.Wm82.gnm2.Gm11	32354820	ss715610321	C	A
glyma.Wm82.gnm2.Gm11	32370728	ss715610322	A	C
glyma.Wm82.gnm2.Gm11	32427049	ss715610335	T	C
glyma.Wm82.gnm2.Gm11	32430591	ss715610336	C	T
glyma.Wm82.gnm2.Gm11	32439657	ss715610339	T	C
glyma.Wm82.gnm2.Gm11	32471610	ss715610345	G	T
glyma.Wm82.gnm2.Gm11	32502776	ss715610352	C	T
glyma.Wm82.gnm2.Gm11	32586847	ss715610369	C	T
glyma.Wm82.gnm2.Gm11	32767711	ss715610384	A	G
glyma.Wm82.gnm2.Gm11	32843223	ss715610394	G	A
glyma.Wm82.gnm2.Gm11	32848845	ss715610395	C	A
glyma.Wm82.gnm2.Gm11	32849950	ss715610399	G	T
glyma.Wm82.gnm2.Gm11	32865992	ss715610405	C	T
glyma.Wm82.gnm2.Gm11	32896484	ss715610411	C	T
glyma.Wm82.gnm2.Gm11	32896541	ss715610412	G	A
glyma.Wm82.gnm2.Gm11	32951515	ss715610416	C	T
glyma.Wm82.gnm2.Gm11	33013647	ss715610424	C	T
glyma.Wm82.gnm2.Gm11	33054519	ss715610428	C	T
glyma.Wm82.gnm2.Gm11	33054565	ss715610429	G	A
glyma.Wm82.gnm2.Gm11	33302911	ss715610442	A	G
glyma.Wm82.gnm2.Gm11	33416751	ss715610651	C	T
glyma.Wm82.gnm2.Gm11	33505635	ss715610640	C	A
glyma.Wm82.gnm2.Gm11	33581636	ss715610629	G	A
glyma.Wm82.gnm2.Gm11	33592255	ss715610625	C	T
glyma.Wm82.gnm2.Gm11	33595671	ss715610622	T	C
glyma.Wm82.gnm2.Gm11	33595816	ss715610621	C	T
glyma.Wm82.gnm2.Gm11	33656255	ss715610613	G	A
glyma.Wm82.gnm2.Gm11	33668616	ss715610612	A	G
glyma.Wm82.gnm2.Gm11	33670325	ss715610611	A	G
glyma.Wm82.gnm2.Gm11	33705240	ss715610605	G	A
glyma.Wm82.gnm2.Gm11	33760372	ss715610598	C	A
glyma.Wm82.gnm2.Gm11	33765564	ss715610596	A	G
glyma.Wm82.gnm2.Gm11	33771188	ss715610594	T	C
glyma.Wm82.gnm2.Gm11	33797918	ss715610591	G	T
glyma.Wm82.gnm2.Gm11	33894307	ss715610579	A	G
glyma.Wm82.gnm2.Gm11	33927640	ss715610575	C	T
glyma.Wm82.gnm2.Gm11	34061088	ss715610567	C	A
glyma.Wm82.gnm2.Gm11	34079380	ss715610565	T	C
glyma.Wm82.gnm2.Gm11	34238476	ss715610540	T	C
glyma.Wm82.gnm2.Gm11	34261834	ss715610536	C	T
glyma.Wm82.gnm2.Gm11	34263827	ss715610534	A	G
glyma.Wm82.gnm2.Gm11	34271454	ss715610533	T	C
glyma.Wm82.gnm2.Gm11	34349917	ss715610521	T	C
glyma.Wm82.gnm2.Gm11	34382928	ss715610518	C	T
glyma.Wm82.gnm2.Gm11	34428330	ss715610508	C	T
glyma.Wm82.gnm2.Gm11	34574257	ss715610494	C	A
glyma.Wm82.gnm2.Gm11	34576162	ss715610491	C	T
glyma.Wm82.gnm2.Gm11	34596128	ss715610487	T	C
glyma.Wm82.gnm2.Gm11	34609594	ss715610482	G	A
glyma.Wm82.gnm2.Gm11	34613237	ss715610481	A	G
glyma.Wm82.gnm2.Gm11	34619626	ss715610478	G	A
glyma.Wm82.gnm2.Gm11	34657832	ss715610469	C	T
glyma.Wm82.gnm2.Gm11	34664436	ss715610466	G	A
glyma.Wm82.gnm2.Gm11	34675206	ss715610462	C	T
glyma.Wm82.gnm2.Gm11	34688206	ss715610460	G	A
glyma.Wm82.gnm2.Gm11	34688240	ss715610459	T	G
glyma.Wm82.gnm2.Gm11	34692838	ss715610454	C	T
glyma.Wm82.gnm2.Gm11	34699451	ss715610453	T	C
glyma.Wm82.gnm2.Gm12	197925	ss715611731	A	G
glyma.Wm82.gnm2.Gm12	211844	ss715611759	G	A
glyma.Wm82.gnm2.Gm12	234166	ss715611820	A	G
glyma.Wm82.gnm2.Gm12	245233	ss715611856	T	C
glyma.Wm82.gnm2.Gm12	289705	ss715612005	T	C
glyma.Wm82.gnm2.Gm12	309163	ss715612067	G	A
glyma.Wm82.gnm2.Gm12	343914	ss715612345	G	T
glyma.Wm82.gnm2.Gm12	349854	ss715612428	T	G
glyma.Wm82.gnm2.Gm12	351336	ss715612452	C	T
glyma.Wm82.gnm2.Gm12	408756	ss715613062	G	A
glyma.Wm82.gnm2.Gm12	457140	ss715613096	C	T
glyma.Wm82.gnm2.Gm12	462587	ss715613100	A	G
glyma.Wm82.gnm2.Gm12	516532	ss715613147	G	A
glyma.Wm82.gnm2.Gm12	654624	ss715613303	G	A
glyma.Wm82.gnm2.Gm12	669558	ss715613309	C	T
glyma.Wm82.gnm2.Gm12	680784	ss715613327	G	A
glyma.Wm82.gnm2.Gm12	756473	ss715613445	G	A
glyma.Wm82.gnm2.Gm12	783328	ss715613485	A	G
glyma.Wm82.gnm2.Gm12	834285	ss715613561	T	G
glyma.Wm82.gnm2.Gm12	838241	ss715613566	T	C
glyma.Wm82.gnm2.Gm12	839940	ss715613570	A	G
glyma.Wm82.gnm2.Gm12	854212	ss715613587	A	G
glyma.Wm82.gnm2.Gm12	879166	ss715613612	G	A
glyma.Wm82.gnm2.Gm12	906759	ss715613661	G	A
glyma.Wm82.gnm2.Gm12	944914	ss715613682	A	G
glyma.Wm82.gnm2.Gm12	947580	ss715613684	C	T
glyma.Wm82.gnm2.Gm12	981758	ss715613701	C	T
glyma.Wm82.gnm2.Gm12	1060532	ss715611357	A	C
glyma.Wm82.gnm2.Gm12	1071757	ss715611361	T	C
glyma.Wm82.gnm2.Gm12	1141488	ss715611396	T	G
glyma.Wm82.gnm2.Gm12	1248121	ss715611443	C	T
glyma.Wm82.gnm2.Gm12	1281770	ss715611455	C	A
glyma.Wm82.gnm2.Gm12	1293796	ss715611462	A	C
glyma.Wm82.gnm2.Gm12	1333117	ss715611478	G	A
glyma.Wm82.gnm2.Gm12	1388837	ss715611501	C	T
glyma.Wm82.gnm2.Gm12	1439608	ss715611526	G	A
glyma.Wm82.gnm2.Gm12	1551877	ss715611571	A	G
glyma.Wm82.gnm2.Gm12	1556060	ss715611573	T	C
glyma.Wm82.gnm2.Gm12	1565591	ss715611579	C	T
glyma.Wm82.gnm2.Gm12	1571372	ss715611583	T	C
glyma.Wm82.gnm2.Gm12	1590528	ss715611589	A	G
glyma.Wm82.gnm2.Gm12	1602951	ss715611595	T	C
glyma.Wm82.gnm2.Gm12	1654178	ss715611619	G	A
glyma.Wm82.gnm2.Gm12	1703996	ss715611641	G	A
glyma.Wm82.gnm2.Gm12	1728310	ss715611653	A	G
glyma.Wm82.gnm2.Gm12	1734406	ss715611658	G	T
glyma.Wm82.gnm2.Gm12	1742389	ss715611660	T	C
glyma.Wm82.gnm2.Gm12	1823149	ss715611700	A	G
glyma.Wm82.gnm2.Gm12	1908021	ss715611727	G	A
glyma.Wm82.gnm2.Gm12	2079480	ss715611761	G	T
glyma.Wm82.gnm2.Gm12	2331959	ss715611832	A	C
glyma.Wm82.gnm2.Gm12	2335685	ss715611833	T	C
glyma.Wm82.gnm2.Gm12	2350842	ss715611837	T	C
glyma.Wm82.gnm2.Gm12	2426090	ss715611865	T	C
glyma.Wm82.gnm2.Gm12	2434395	ss715611869	A	G
glyma.Wm82.gnm2.Gm12	2441393	ss715611872	C	T
glyma.Wm82.gnm2.Gm12	2447406	ss715611876	A	G
glyma.Wm82.gnm2.Gm12	2470686	ss715611885	A	G
glyma.Wm82.gnm2.Gm12	2521696	ss715611900	G	T
glyma.Wm82.gnm2.Gm12	2522745	ss715611901	C	T
glyma.Wm82.gnm2.Gm12	2706441	ss715611950	G	A
glyma.Wm82.gnm2.Gm12	2743432	ss715611964	A	G
glyma.Wm82.gnm2.Gm12	2752938	ss715611971	G	A
glyma.Wm82.gnm2.Gm12	2773816	ss715611979	T	C
glyma.Wm82.gnm2.Gm12	2781065	ss715611983	T	C
glyma.Wm82.gnm2.Gm12	2808533	ss715611991	A	C
glyma.Wm82.gnm2.Gm12	2836772	ss715612000	C	T
glyma.Wm82.gnm2.Gm12	2839426	ss715612002	C	T
glyma.Wm82.gnm2.Gm12	2843851	ss715612006	G	A
glyma.Wm82.gnm2.Gm12	2845540	ss715612007	C	T
glyma.Wm82.gnm2.Gm12	2895779	ss715612022	A	G
glyma.Wm82.gnm2.Gm12	2949189	ss715612029	G	T
glyma.Wm82.gnm2.Gm12	2983694	ss715612044	G	A
glyma.Wm82.gnm2.Gm12	2990399	ss715612049	C	T
glyma.Wm82.gnm2.Gm12	3039737	ss715612063	C	T
glyma.Wm82.gnm2.Gm12	3047039	ss715612065	T	C
glyma.Wm82.gnm2.Gm12	3081544	ss715612077	A	G
glyma.Wm82.gnm2.Gm12	3122905	ss715612086	G	T
glyma.Wm82.gnm2.Gm12	3141536	ss715612095	T	C
glyma.Wm82.gnm2.Gm12	3150382	ss715612100	C	A
glyma.Wm82.gnm2.Gm12	3174424	ss715612114	G	A
glyma.Wm82.gnm2.Gm12	3190927	ss715612121	C	T
glyma.Wm82.gnm2.Gm12	3200717	ss715612126	C	T
glyma.Wm82.gnm2.Gm12	3223645	ss715612145	G	T
glyma.Wm82.gnm2.Gm12	3345680	ss715612281	C	T
glyma.Wm82.gnm2.Gm12	3424074	ss715612377	A	G
glyma.Wm82.gnm2.Gm12	3449513	ss715612424	G	A
glyma.Wm82.gnm2.Gm12	3459087	ss715612436	A	C
glyma.Wm82.gnm2.Gm12	3487367	ss715612480	A	G
glyma.Wm82.gnm2.Gm12	3512530	ss715612530	G	A
glyma.Wm82.gnm2.Gm12	3525426	ss715612550	C	A
glyma.Wm82.gnm2.Gm12	3579239	ss715612597	T	C
glyma.Wm82.gnm2.Gm12	3656357	ss715612677	A	G
glyma.Wm82.gnm2.Gm12	3686653	ss715612705	A	G
glyma.Wm82.gnm2.Gm12	3710665	ss715612720	C	A
glyma.Wm82.gnm2.Gm12	3809978	ss715612822	A	G
glyma.Wm82.gnm2.Gm12	3837789	ss715612857	C	T
glyma.Wm82.gnm2.Gm12	3849110	ss715612865	G	A
glyma.Wm82.gnm2.Gm12	3941517	ss715612957	A	G
glyma.Wm82.gnm2.Gm12	3986296	ss715613018	A	C
glyma.Wm82.gnm2.Gm12	4042063	ss715613061	G	T
glyma.Wm82.gnm2.Gm12	4076015	ss715613064	G	A
glyma.Wm82.gnm2.Gm12	4154504	ss715613071	C	T
glyma.Wm82.gnm2.Gm12	4231211	ss715613074	C	A
glyma.Wm82.gnm2.Gm12	4258503	ss715613078	C	T
glyma.Wm82.gnm2.Gm12	4263343	ss715613079	T	C
glyma.Wm82.gnm2.Gm12	4267626	ss715613080	C	T
glyma.Wm82.gnm2.Gm12	4315971	ss715613086	A	G
glyma.Wm82.gnm2.Gm12	4402508	ss715613090	A	G
glyma.Wm82.gnm2.Gm12	4407431	ss715613091	G	A
glyma.Wm82.gnm2.Gm12	4492928	ss715613093	G	A
glyma.Wm82.gnm2.Gm12	4739801	ss715613109	G	A
glyma.Wm82.gnm2.Gm12	4848487	ss715613119	C	T
glyma.Wm82.gnm2.Gm12	5101170	ss715613143	C	T
glyma.Wm82.gnm2.Gm12	5102588	ss715613144	T	C
glyma.Wm82.gnm2.Gm12	5139345	ss715613148	C	T
glyma.Wm82.gnm2.Gm12	5151251	ss715613149	T	G
glyma.Wm82.gnm2.Gm12	5171428	ss715613150	T	G
glyma.Wm82.gnm2.Gm12	5184139	ss715613151	G	A
glyma.Wm82.gnm2.Gm12	5190833	ss715613152	T	C
glyma.Wm82.gnm2.Gm12	5233070	ss715613154	C	T
glyma.Wm82.gnm2.Gm12	5251872	ss715613157	A	G
glyma.Wm82.gnm2.Gm12	5343638	ss715613163	A	G
glyma.Wm82.gnm2.Gm12	5409612	ss715613172	C	T
glyma.Wm82.gnm2.Gm12	5430194	ss715613174	A	G
glyma.Wm82.gnm2.Gm12	5433032	ss715613175	T	G
glyma.Wm82.gnm2.Gm12	5529698	ss715613181	C	T
glyma.Wm82.gnm2.Gm12	5584449	ss715613186	G	A
glyma.Wm82.gnm2.Gm12	5585169	ss715613187	C	T
glyma.Wm82.gnm2.Gm12	5608046	ss715613190	T	C
glyma.Wm82.gnm2.Gm12	5609678	ss715613191	T	C
glyma.Wm82.gnm2.Gm12	5623543	ss715613193	C	T
glyma.Wm82.gnm2.Gm12	5627211	ss715613194	C	A
glyma.Wm82.gnm2.Gm12	5684338	ss715613199	A	C
glyma.Wm82.gnm2.Gm12	5736896	ss715613205	G	A
glyma.Wm82.gnm2.Gm12	5770222	ss715613206	A	G
glyma.Wm82.gnm2.Gm12	5855172	ss715613212	G	A
glyma.Wm82.gnm2.Gm12	5864561	ss715613213	T	C
glyma.Wm82.gnm2.Gm12	6151909	ss715613233	A	G
glyma.Wm82.gnm2.Gm12	6175338	ss715613239	C	T
glyma.Wm82.gnm2.Gm12	6177013	ss715613241	T	C
glyma.Wm82.gnm2.Gm12	6235000	ss715613252	G	A
glyma.Wm82.gnm2.Gm12	6273061	ss715613259	T	G
glyma.Wm82.gnm2.Gm12	6409533	ss715613290	A	G
glyma.Wm82.gnm2.Gm12	6419440	ss715613293	G	A
glyma.Wm82.gnm2.Gm12	6446818	ss715613297	C	T
glyma.Wm82.gnm2.Gm12	6531215	ss715613304	C	T
glyma.Wm82.gnm2.Gm12	6561923	ss715613306	A	C
glyma.Wm82.gnm2.Gm12	6728823	ss715613320	G	T
glyma.Wm82.gnm2.Gm12	6733797	ss715613322	C	T
glyma.Wm82.gnm2.Gm12	6768636	ss715613323	G	A
glyma.Wm82.gnm2.Gm12	6846229	ss715613329	G	A
glyma.Wm82.gnm2.Gm12	6906079	ss715613337	T	C
glyma.Wm82.gnm2.Gm12	6939153	ss715613344	G	T
glyma.Wm82.gnm2.Gm12	6971956	ss715613350	T	G
glyma.Wm82.gnm2.Gm12	6981708	ss715613356	G	A
glyma.Wm82.gnm2.Gm12	7052147	ss715613364	A	G
glyma.Wm82.gnm2.Gm12	7086993	ss715613371	T	C
glyma.Wm82.gnm2.Gm12	7093072	ss715613373	G	A
glyma.Wm82.gnm2.Gm12	7106674	ss715613375	A	G
glyma.Wm82.gnm2.Gm12	7117570	ss715613379	T	C
glyma.Wm82.gnm2.Gm12	7138696	ss715613382	C	A
glyma.Wm82.gnm2.Gm12	7194199	ss715613388	C	A
glyma.Wm82.gnm2.Gm12	7221512	ss715613392	G	A
glyma.Wm82.gnm2.Gm12	7232108	ss715613394	A	G
glyma.Wm82.gnm2.Gm12	7372067	ss715613414	C	T
glyma.Wm82.gnm2.Gm12	7399853	ss715613415	A	G
glyma.Wm82.gnm2.Gm12	7413611	ss715613416	T	C
glyma.Wm82.gnm2.Gm12	7440206	ss715613418	C	T
glyma.Wm82.gnm2.Gm12	7474821	ss715613423	T	G
glyma.Wm82.gnm2.Gm12	7504294	ss715613435	G	A
glyma.Wm82.gnm2.Gm12	7516991	ss715613439	C	A
glyma.Wm82.gnm2.Gm12	7545940	ss715613442	C	T
glyma.Wm82.gnm2.Gm12	7552051	ss715613443	A	G
glyma.Wm82.gnm2.Gm12	7575657	ss715613450	C	A
glyma.Wm82.gnm2.Gm12	7583919	ss715613452	T	C
glyma.Wm82.gnm2.Gm12	7595178	ss715613455	C	T
glyma.Wm82.gnm2.Gm12	7617258	ss715613458	A	G
glyma.Wm82.gnm2.Gm12	7618508	ss715613459	G	A
glyma.Wm82.gnm2.Gm12	7629474	ss715613462	C	T
glyma.Wm82.gnm2.Gm12	7700743	ss715613472	C	T
glyma.Wm82.gnm2.Gm12	7722145	ss715613475	A	G
glyma.Wm82.gnm2.Gm12	7730935	ss715613476	A	G
glyma.Wm82.gnm2.Gm12	7829045	ss715613487	A	G
glyma.Wm82.gnm2.Gm12	7884474	ss715613491	A	C
glyma.Wm82.gnm2.Gm12	7886550	ss715613492	G	A
glyma.Wm82.gnm2.Gm12	7892347	ss715613494	G	A
glyma.Wm82.gnm2.Gm12	8103588	ss715613525	G	T
glyma.Wm82.gnm2.Gm12	8107448	ss715613526	T	C
glyma.Wm82.gnm2.Gm12	8209148	ss715613540	C	T
glyma.Wm82.gnm2.Gm12	8240849	ss715613543	T	C
glyma.Wm82.gnm2.Gm12	8241585	ss715613544	A	G
glyma.Wm82.gnm2.Gm12	8260840	ss715613548	G	T
glyma.Wm82.gnm2.Gm12	8270088	ss715613551	C	T
glyma.Wm82.gnm2.Gm12	8316004	ss715613557	G	T
glyma.Wm82.gnm2.Gm12	8366479	ss715613565	C	T
glyma.Wm82.gnm2.Gm12	8419012	ss715613571	G	A
glyma.Wm82.gnm2.Gm12	8468135	ss715613580	G	A
glyma.Wm82.gnm2.Gm12	8488892	ss715613582	C	A
glyma.Wm82.gnm2.Gm12	8631529	ss715613596	C	T
glyma.Wm82.gnm2.Gm12	8639351	ss715613600	T	C
glyma.Wm82.gnm2.Gm12	8665811	ss715613603	C	A
glyma.Wm82.gnm2.Gm12	8707736	ss715613609	C	T
glyma.Wm82.gnm2.Gm12	8847994	ss715613616	C	T
glyma.Wm82.gnm2.Gm12	8855956	ss715613621	C	T
glyma.Wm82.gnm2.Gm12	8861214	ss715613623	C	T
glyma.Wm82.gnm2.Gm12	8877175	ss715613627	C	T
glyma.Wm82.gnm2.Gm12	8880389	ss715613628	T	G
glyma.Wm82.gnm2.Gm12	8881691	ss715613630	G	A
glyma.Wm82.gnm2.Gm12	8882267	ss715613632	T	C
glyma.Wm82.gnm2.Gm12	8999246	ss715613654	C	T
glyma.Wm82.gnm2.Gm12	9209526	ss715613671	A	G
glyma.Wm82.gnm2.Gm12	9506013	ss715613687	T	C
glyma.Wm82.gnm2.Gm12	9574591	ss715613690	C	T
glyma.Wm82.gnm2.Gm12	9767892	ss715613699	G	A
glyma.Wm82.gnm2.Gm12	9972984	ss715613710	C	T
glyma.Wm82.gnm2.Gm12	10072931	ss715611336	T	C
glyma.Wm82.gnm2.Gm12	10114865	ss715611338	T	G
glyma.Wm82.gnm2.Gm12	10234759	ss715611342	G	A
glyma.Wm82.gnm2.Gm12	10519292	ss715611353	G	A
glyma.Wm82.gnm2.Gm12	10708597	ss715611359	T	C
glyma.Wm82.gnm2.Gm12	10858102	ss715611367	C	A
glyma.Wm82.gnm2.Gm12	10880604	ss715611368	C	T
glyma.Wm82.gnm2.Gm12	11119667	ss715611379	T	C
glyma.Wm82.gnm2.Gm12	11157215	ss715611380	G	A
glyma.Wm82.gnm2.Gm12	11486070	ss715611398	C	A
glyma.Wm82.gnm2.Gm12	11867391	ss715611415	T	C
glyma.Wm82.gnm2.Gm12	11923591	ss715611416	A	G
glyma.Wm82.gnm2.Gm12	12073372	ss715611421	A	G
glyma.Wm82.gnm2.Gm12	12104752	ss715611423	T	C
glyma.Wm82.gnm2.Gm12	12123668	ss715611424	A	G
glyma.Wm82.gnm2.Gm12	12186871	ss715611425	T	C
glyma.Wm82.gnm2.Gm12	12295387	ss715611431	G	A
glyma.Wm82.gnm2.Gm12	12378801	ss715611436	G	T
glyma.Wm82.gnm2.Gm12	12858309	ss715611456	C	T
glyma.Wm82.gnm2.Gm12	13052369	ss715611466	T	C
glyma.Wm82.gnm2.Gm12	13170219	ss715611471	G	A
glyma.Wm82.gnm2.Gm12	13228658	ss715611472	G	A
glyma.Wm82.gnm2.Gm12	13591449	ss715611491	C	T
glyma.Wm82.gnm2.Gm12	13674576	ss715611495	C	T
glyma.Wm82.gnm2.Gm12	14014843	ss715611506	G	A
glyma.Wm82.gnm2.Gm12	14060709	ss715611509	C	T
glyma.Wm82.gnm2.Gm12	14161004	ss715611516	G	A
glyma.Wm82.gnm2.Gm12	14306367	ss715611521	C	T
glyma.Wm82.gnm2.Gm12	14384675	ss715611524	T	C
glyma.Wm82.gnm2.Gm12	14427748	ss715611527	G	A
glyma.Wm82.gnm2.Gm12	14469226	ss715611528	T	C
glyma.Wm82.gnm2.Gm12	14506815	ss715611530	G	A
glyma.Wm82.gnm2.Gm12	14551122	ss715611532	C	T
glyma.Wm82.gnm2.Gm12	14656644	ss715611536	G	.
glyma.Wm82.gnm2.Gm12	14799920	ss715611543	G	A
glyma.Wm82.gnm2.Gm12	14983625	ss715611548	T	C
glyma.Wm82.gnm2.Gm12	15032613	ss715611550	A	G
glyma.Wm82.gnm2.Gm12	15397233	ss715611563	A	C
glyma.Wm82.gnm2.Gm12	15431665	ss715611565	T	C
glyma.Wm82.gnm2.Gm12	15443540	ss715639195	A	.
glyma.Wm82.gnm2.Gm12	15521347	ss715611569	T	G
glyma.Wm82.gnm2.Gm12	15655070	ss715611575	C	T
glyma.Wm82.gnm2.Gm12	15895016	ss715611585	C	T
glyma.Wm82.gnm2.Gm12	16055829	ss715611593	G	A
glyma.Wm82.gnm2.Gm12	16361413	ss715611607	T	C
glyma.Wm82.gnm2.Gm12	16697278	ss715611624	G	A
glyma.Wm82.gnm2.Gm12	16838590	ss715611631	C	T
glyma.Wm82.gnm2.Gm12	16930666	ss715611634	G	A
glyma.Wm82.gnm2.Gm12	17037496	ss715611639	C	.
glyma.Wm82.gnm2.Gm12	17100537	ss715611642	C	T
glyma.Wm82.gnm2.Gm12	17224153	ss715611648	C	T
glyma.Wm82.gnm2.Gm12	17519579	ss715611661	G	A
glyma.Wm82.gnm2.Gm12	17703282	ss715611670	A	G
glyma.Wm82.gnm2.Gm12	17834169	ss715611676	T	G
glyma.Wm82.gnm2.Gm12	18028431	ss715611687	G	.
glyma.Wm82.gnm2.Gm12	18345820	ss715611793	A	G
glyma.Wm82.gnm2.Gm12	18364222	ss715611794	T	C
glyma.Wm82.gnm2.Gm12	18399147	ss715611795	G	.
glyma.Wm82.gnm2.Gm12	18501416	ss715611798	T	C
glyma.Wm82.gnm2.Gm12	18631271	ss715611802	A	.
glyma.Wm82.gnm2.Gm12	18904050	ss715611810	C	T
glyma.Wm82.gnm2.Gm12	19259242	ss715611826	T	C
glyma.Wm82.gnm2.Gm12	19401016	ss715611829	G	A
glyma.Wm82.gnm2.Gm12	19462185	ss715611831	G	T
glyma.Wm82.gnm2.Gm12	19661334	ss715611836	C	T
glyma.Wm82.gnm2.Gm12	20087193	ss715611850	G	A
glyma.Wm82.gnm2.Gm12	20109746	ss715611851	G	A
glyma.Wm82.gnm2.Gm12	20138161	ss715611853	T	C
glyma.Wm82.gnm2.Gm12	20353986	ss715611861	C	T
glyma.Wm82.gnm2.Gm12	20568054	ss715611871	G	T
glyma.Wm82.gnm2.Gm12	20842936	ss715611883	A	G
glyma.Wm82.gnm2.Gm12	21054117	ss715611890	G	A
glyma.Wm82.gnm2.Gm12	21203953	ss715611894	A	G
glyma.Wm82.gnm2.Gm12	21473682	ss715611904	G	A
glyma.Wm82.gnm2.Gm12	21581127	ss715611907	C	T
glyma.Wm82.gnm2.Gm12	21673448	ss715621093	T	C
glyma.Wm82.gnm2.Gm12	21699609	ss715611910	G	A
glyma.Wm82.gnm2.Gm12	21999803	ss715611918	G	A
glyma.Wm82.gnm2.Gm12	23109987	ss715611938	C	T
glyma.Wm82.gnm2.Gm12	23135072	ss715611939	C	A
glyma.Wm82.gnm2.Gm12	23555918	ss715611954	C	A
glyma.Wm82.gnm2.Gm12	23794124	ss715611963	A	G
glyma.Wm82.gnm2.Gm12	23933308	ss715611970	C	T
glyma.Wm82.gnm2.Gm12	23963890	ss715611972	T	C
glyma.Wm82.gnm2.Gm12	24015911	ss715611974	A	G
glyma.Wm82.gnm2.Gm12	24052700	ss715611977	A	G
glyma.Wm82.gnm2.Gm12	24139191	ss715611978	C	T
glyma.Wm82.gnm2.Gm12	24248161	ss715611985	A	G
glyma.Wm82.gnm2.Gm12	24403487	ss715611989	T	C
glyma.Wm82.gnm2.Gm12	24652962	ss715611996	A	G
glyma.Wm82.gnm2.Gm12	24756302	ss715611998	A	G
glyma.Wm82.gnm2.Gm12	24816903	ss715612003	A	G
glyma.Wm82.gnm2.Gm12	24964714	ss715612010	C	A
glyma.Wm82.gnm2.Gm12	25013890	ss715612011	G	A
glyma.Wm82.gnm2.Gm12	25132652	ss715612015	G	A
glyma.Wm82.gnm2.Gm12	25431444	ss715612023	G	A
glyma.Wm82.gnm2.Gm12	25712380	ss715611711	G	A
glyma.Wm82.gnm2.Gm12	25780791	ss715611712	A	G
glyma.Wm82.gnm2.Gm12	26008368	ss715611718	T	C
glyma.Wm82.gnm2.Gm12	26123450	ss715611723	C	T
glyma.Wm82.gnm2.Gm12	27005764	ss715611771	A	G
glyma.Wm82.gnm2.Gm12	27091139	ss715611770	T	C
glyma.Wm82.gnm2.Gm12	27306421	ss715611763	A	C
glyma.Wm82.gnm2.Gm12	27675487	ss715611754	C	T
glyma.Wm82.gnm2.Gm12	27772732	ss715611752	C	A
glyma.Wm82.gnm2.Gm12	27796312	ss715611751	C	T
glyma.Wm82.gnm2.Gm12	27895806	ss715611748	G	A
glyma.Wm82.gnm2.Gm12	28533415	ss715611738	C	T
glyma.Wm82.gnm2.Gm12	28934906	ss715636640	T	G
glyma.Wm82.gnm2.Gm12	28967523	ss715636642	C	T
glyma.Wm82.gnm2.Gm12	29076660	ss715636646	G	A
glyma.Wm82.gnm2.Gm12	29147283	ss715636649	C	T
glyma.Wm82.gnm2.Gm12	29180060	ss715636651	C	A
glyma.Wm82.gnm2.Gm12	29207211	ss715636652	C	T
glyma.Wm82.gnm2.Gm12	29509738	ss715636671	A	G
glyma.Wm82.gnm2.Gm12	29705970	ss715636667	A	G
glyma.Wm82.gnm2.Gm12	30392220	ss715612036	C	T
glyma.Wm82.gnm2.Gm12	30499900	ss715612039	C	T
glyma.Wm82.gnm2.Gm12	31099830	ss715612062	A	G
glyma.Wm82.gnm2.Gm12	31187967	ss715612087	T	G
glyma.Wm82.gnm2.Gm12	31276126	ss715612091	G	A
glyma.Wm82.gnm2.Gm12	31386284	ss715612098	A	G
glyma.Wm82.gnm2.Gm12	31585334	ss715612108	G	.
glyma.Wm82.gnm2.Gm12	31607169	ss715612111	T	C
glyma.Wm82.gnm2.Gm12	31640676	ss715612113	T	C
glyma.Wm82.gnm2.Gm12	31721011	ss715612117	T	C
glyma.Wm82.gnm2.Gm12	31951506	ss715612128	A	G
glyma.Wm82.gnm2.Gm12	32039852	ss715612134	G	A
glyma.Wm82.gnm2.Gm12	32107740	ss715612141	T	C
glyma.Wm82.gnm2.Gm12	32117282	ss715612143	G	A
glyma.Wm82.gnm2.Gm12	32164795	ss715612148	T	G
glyma.Wm82.gnm2.Gm12	32181114	ss715612149	T	C
glyma.Wm82.gnm2.Gm12	32184951	ss715612151	A	G
glyma.Wm82.gnm2.Gm12	32185486	ss715612152	C	T
glyma.Wm82.gnm2.Gm12	32206119	ss715612153	G	A
glyma.Wm82.gnm2.Gm12	32276965	ss715612160	G	A
glyma.Wm82.gnm2.Gm12	32291391	ss715612161	G	A
glyma.Wm82.gnm2.Gm12	32374613	ss715612168	T	C
glyma.Wm82.gnm2.Gm12	32425773	ss715612170	A	G
glyma.Wm82.gnm2.Gm12	32431915	ss715612171	G	A
glyma.Wm82.gnm2.Gm12	32432941	ss715612172	T	C
glyma.Wm82.gnm2.Gm12	32434240	ss715612173	C	T
glyma.Wm82.gnm2.Gm12	32553549	ss715612184	A	G
glyma.Wm82.gnm2.Gm12	32554195	ss715612185	A	G
glyma.Wm82.gnm2.Gm12	32554941	ss715612186	G	T
glyma.Wm82.gnm2.Gm12	32556511	ss715612188	T	C
glyma.Wm82.gnm2.Gm12	32557067	ss715612189	C	T
glyma.Wm82.gnm2.Gm12	32560989	ss715612191	A	G
glyma.Wm82.gnm2.Gm12	32574593	ss715612193	C	A
glyma.Wm82.gnm2.Gm12	32604735	ss715612196	C	T
glyma.Wm82.gnm2.Gm12	32611198	ss715612199	G	T
glyma.Wm82.gnm2.Gm12	32618846	ss715612202	A	C
glyma.Wm82.gnm2.Gm12	32658640	ss715612204	C	T
glyma.Wm82.gnm2.Gm12	32804593	ss715612221	G	A
glyma.Wm82.gnm2.Gm12	32818180	ss715612224	G	A
glyma.Wm82.gnm2.Gm12	32957967	ss715612239	T	C
glyma.Wm82.gnm2.Gm12	32959004	ss715612240	C	T
glyma.Wm82.gnm2.Gm12	33045708	ss715612246	G	A
glyma.Wm82.gnm2.Gm12	33253310	ss715612267	T	C
glyma.Wm82.gnm2.Gm12	33254932	ss715612268	G	A
glyma.Wm82.gnm2.Gm12	33255375	ss715612269	G	A
glyma.Wm82.gnm2.Gm12	33258197	ss715612271	G	A
glyma.Wm82.gnm2.Gm12	33271526	ss715612273	G	A
glyma.Wm82.gnm2.Gm12	33312236	ss715612277	G	A
glyma.Wm82.gnm2.Gm12	33330608	ss715612280	G	T
glyma.Wm82.gnm2.Gm12	33372646	ss715612282	C	A
glyma.Wm82.gnm2.Gm12	33381987	ss715612283	C	T
glyma.Wm82.gnm2.Gm12	33395024	ss715612286	C	T
glyma.Wm82.gnm2.Gm12	33452420	ss715612294	T	G
glyma.Wm82.gnm2.Gm12	33481706	ss715612299	G	A
glyma.Wm82.gnm2.Gm12	33493819	ss715612301	T	G
glyma.Wm82.gnm2.Gm12	33526343	ss715612305	C	T
glyma.Wm82.gnm2.Gm12	33750331	ss715612327	C	A
glyma.Wm82.gnm2.Gm12	33790925	ss715612335	T	G
glyma.Wm82.gnm2.Gm12	33891054	ss715612349	A	C
glyma.Wm82.gnm2.Gm12	33936071	ss715612352	T	C
glyma.Wm82.gnm2.Gm12	33954334	ss715612354	T	G
glyma.Wm82.gnm2.Gm12	33963730	ss715612356	C	T
glyma.Wm82.gnm2.Gm12	33993515	ss715612359	G	A
glyma.Wm82.gnm2.Gm12	34026880	ss715612364	A	C
glyma.Wm82.gnm2.Gm12	34138794	ss715612376	T	C
glyma.Wm82.gnm2.Gm12	34197120	ss715612389	A	G
glyma.Wm82.gnm2.Gm12	34206668	ss715612390	A	G
glyma.Wm82.gnm2.Gm12	34213475	ss715612391	C	T
glyma.Wm82.gnm2.Gm12	34302431	ss715612400	C	T
glyma.Wm82.gnm2.Gm12	34315988	ss715612403	G	T
glyma.Wm82.gnm2.Gm12	34341718	ss715612408	G	A
glyma.Wm82.gnm2.Gm12	34373853	ss715612413	G	A
glyma.Wm82.gnm2.Gm12	34374788	ss715612414	C	T
glyma.Wm82.gnm2.Gm12	34454743	ss715612431	G	A
glyma.Wm82.gnm2.Gm12	34490243	ss715612434	T	G
glyma.Wm82.gnm2.Gm12	34520195	ss715612437	G	T
glyma.Wm82.gnm2.Gm12	34535889	ss715612442	G	A
glyma.Wm82.gnm2.Gm12	34558436	ss715612444	T	C
glyma.Wm82.gnm2.Gm12	34570044	ss715612447	G	A
glyma.Wm82.gnm2.Gm12	34629851	ss715612459	C	T
glyma.Wm82.gnm2.Gm12	34667562	ss715612463	G	A
glyma.Wm82.gnm2.Gm12	34714863	ss715612470	C	A
glyma.Wm82.gnm2.Gm12	34760529	ss715612479	A	G
glyma.Wm82.gnm2.Gm12	34824859	ss715612487	G	T
glyma.Wm82.gnm2.Gm12	34835208	ss715612488	A	G
glyma.Wm82.gnm2.Gm12	34897302	ss715612497	G	A
glyma.Wm82.gnm2.Gm12	35006876	ss715612525	A	C
glyma.Wm82.gnm2.Gm12	35063146	ss715612537	A	G
glyma.Wm82.gnm2.Gm12	35066756	ss715612539	T	C
glyma.Wm82.gnm2.Gm12	35068504	ss715612540	A	G
glyma.Wm82.gnm2.Gm12	35158553	ss715612548	C	T
glyma.Wm82.gnm2.Gm12	35253233	ss715612553	A	G
glyma.Wm82.gnm2.Gm12	35313678	ss715612559	G	A
glyma.Wm82.gnm2.Gm12	35417260	ss715612563	C	T
glyma.Wm82.gnm2.Gm12	35428275	ss715612565	G	A
glyma.Wm82.gnm2.Gm12	35436373	ss715612569	T	C
glyma.Wm82.gnm2.Gm12	35493683	ss715612573	G	A
glyma.Wm82.gnm2.Gm12	35567802	ss715612586	A	C
glyma.Wm82.gnm2.Gm12	35573006	ss715612587	A	G
glyma.Wm82.gnm2.Gm12	35595382	ss715612588	G	A
glyma.Wm82.gnm2.Gm12	35625201	ss715612592	C	T
glyma.Wm82.gnm2.Gm12	35634374	ss715612593	G	A
glyma.Wm82.gnm2.Gm12	35635065	ss715612594	T	C
glyma.Wm82.gnm2.Gm12	35636860	ss715612595	T	C
glyma.Wm82.gnm2.Gm12	35752747	ss715612599	G	A
glyma.Wm82.gnm2.Gm12	35757077	ss715612600	A	C
glyma.Wm82.gnm2.Gm12	35804732	ss715612603	C	T
glyma.Wm82.gnm2.Gm12	35815076	ss715612605	G	A
glyma.Wm82.gnm2.Gm12	35891757	ss715612612	C	T
glyma.Wm82.gnm2.Gm12	35903648	ss715612616	G	A
glyma.Wm82.gnm2.Gm12	35906191	ss715612617	G	A
glyma.Wm82.gnm2.Gm12	35972765	ss715612625	A	G
glyma.Wm82.gnm2.Gm12	35973619	ss715612626	A	G
glyma.Wm82.gnm2.Gm12	35992900	ss715612628	G	T
glyma.Wm82.gnm2.Gm12	36006544	ss715612630	T	G
glyma.Wm82.gnm2.Gm12	36020498	ss715612632	T	C
glyma.Wm82.gnm2.Gm12	36037339	ss715612633	T	C
glyma.Wm82.gnm2.Gm12	36055920	ss715612635	T	C
glyma.Wm82.gnm2.Gm12	36068279	ss715612636	G	A
glyma.Wm82.gnm2.Gm12	36117254	ss715612638	G	A
glyma.Wm82.gnm2.Gm12	36119359	ss715612640	A	C
glyma.Wm82.gnm2.Gm12	36246178	ss715612648	C	T
glyma.Wm82.gnm2.Gm12	36361514	ss715612661	C	T
glyma.Wm82.gnm2.Gm12	36376356	ss715612663	C	T
glyma.Wm82.gnm2.Gm12	36394205	ss715612668	T	G
glyma.Wm82.gnm2.Gm12	36397149	ss715612669	G	A
glyma.Wm82.gnm2.Gm12	36465294	ss715612678	G	T
glyma.Wm82.gnm2.Gm12	36502982	ss715612682	C	T
glyma.Wm82.gnm2.Gm12	36514665	ss715612685	T	C
glyma.Wm82.gnm2.Gm12	36656366	ss715612696	G	A
glyma.Wm82.gnm2.Gm12	36735954	ss715612698	T	C
glyma.Wm82.gnm2.Gm12	36762765	ss715612704	A	C
glyma.Wm82.gnm2.Gm12	36788494	ss715612707	A	G
glyma.Wm82.gnm2.Gm12	36852023	ss715612709	A	G
glyma.Wm82.gnm2.Gm12	37030658	ss715612721	T	G
glyma.Wm82.gnm2.Gm12	37150185	ss715612729	C	T
glyma.Wm82.gnm2.Gm12	37191712	ss715612734	T	G
glyma.Wm82.gnm2.Gm12	37199719	ss715612735	A	G
glyma.Wm82.gnm2.Gm12	37203145	ss715612736	C	T
glyma.Wm82.gnm2.Gm12	37246308	ss715612738	A	G
glyma.Wm82.gnm2.Gm12	37247181	ss715612739	T	C
glyma.Wm82.gnm2.Gm12	37291086	ss715612743	G	A
glyma.Wm82.gnm2.Gm12	37306504	ss715612745	A	G
glyma.Wm82.gnm2.Gm12	37320436	ss715612748	A	C
glyma.Wm82.gnm2.Gm12	37529947	ss715612761	C	A
glyma.Wm82.gnm2.Gm12	37557383	ss715612765	T	C
glyma.Wm82.gnm2.Gm12	37567318	ss715612768	A	G
glyma.Wm82.gnm2.Gm12	37691771	ss715612781	A	G
glyma.Wm82.gnm2.Gm12	37716993	ss715612783	T	C
glyma.Wm82.gnm2.Gm12	37726436	ss715612785	G	A
glyma.Wm82.gnm2.Gm12	37762393	ss715612793	A	G
glyma.Wm82.gnm2.Gm12	37792010	ss715612799	G	A
glyma.Wm82.gnm2.Gm12	37837163	ss715612800	C	T
glyma.Wm82.gnm2.Gm12	37864683	ss715612803	T	C
glyma.Wm82.gnm2.Gm12	37881822	ss715612804	C	T
glyma.Wm82.gnm2.Gm12	37923185	ss715612809	C	T
glyma.Wm82.gnm2.Gm12	37993941	ss715612817	T	G
glyma.Wm82.gnm2.Gm12	38107947	ss715612835	C	T
glyma.Wm82.gnm2.Gm12	38179903	ss715612852	T	C
glyma.Wm82.gnm2.Gm12	38488130	ss715612870	T	C
glyma.Wm82.gnm2.Gm12	38541905	ss715612875	C	T
glyma.Wm82.gnm2.Gm12	38666092	ss715612887	T	C
glyma.Wm82.gnm2.Gm12	38713725	ss715612892	T	C
glyma.Wm82.gnm2.Gm12	38746434	ss715612897	C	A
glyma.Wm82.gnm2.Gm12	38757111	ss715612899	T	G
glyma.Wm82.gnm2.Gm12	38814620	ss715612906	C	A
glyma.Wm82.gnm2.Gm12	38856547	ss715612911	C	T
glyma.Wm82.gnm2.Gm12	38898831	ss715612915	C	A
glyma.Wm82.gnm2.Gm12	38927086	ss715612918	C	T
glyma.Wm82.gnm2.Gm12	38988953	ss715612925	T	G
glyma.Wm82.gnm2.Gm12	39017494	ss715612931	T	C
glyma.Wm82.gnm2.Gm12	39232189	ss715612950	T	G
glyma.Wm82.gnm2.Gm12	39254160	ss715612951	A	C
glyma.Wm82.gnm2.Gm12	39272190	ss715612954	C	T
glyma.Wm82.gnm2.Gm12	39336735	ss715612956	T	G
glyma.Wm82.gnm2.Gm12	39400458	ss715612966	T	C
glyma.Wm82.gnm2.Gm12	39468290	ss715612974	T	G
glyma.Wm82.gnm2.Gm12	39531663	ss715612982	C	T
glyma.Wm82.gnm2.Gm12	39608584	ss715612989	C	T
glyma.Wm82.gnm2.Gm12	39751135	ss715613012	G	T
glyma.Wm82.gnm2.Gm12	39839285	ss715613024	C	T
glyma.Wm82.gnm2.Gm12	39876909	ss715613029	A	G
glyma.Wm82.gnm2.Gm12	39927930	ss715613035	T	G
glyma.Wm82.gnm2.Gm12	39946378	ss715613039	T	G
glyma.Wm82.gnm2.Gm12	39951096	ss715613040	G	A
glyma.Wm82.gnm2.Gm12	39966693	ss715613043	G	A
glyma.Wm82.gnm2.Gm12	39995236	ss715613046	C	T
glyma.Wm82.gnm2.Gm12	40034481	ss715613053	T	G
glyma.Wm82.gnm2.Gm13	141952	ss715613771	A	C
glyma.Wm82.gnm2.Gm13	511543	ss715613781	T	G
glyma.Wm82.gnm2.Gm13	2928686	ss715613857	T	C
glyma.Wm82.gnm2.Gm13	4157086	ss715613873	A	G
glyma.Wm82.gnm2.Gm13	4619580	ss715613882	C	T
glyma.Wm82.gnm2.Gm13	4813769	ss715613887	C	T
glyma.Wm82.gnm2.Gm13	5346449	ss715613908	G	A
glyma.Wm82.gnm2.Gm13	7320632	ss715613998	T	C
glyma.Wm82.gnm2.Gm13	8029885	ss715613981	A	G
glyma.Wm82.gnm2.Gm13	8597072	ss715613963	C	T
glyma.Wm82.gnm2.Gm13	9324863	ss715581646	T	G
glyma.Wm82.gnm2.Gm13	9489024	ss715581651	A	G
glyma.Wm82.gnm2.Gm13	10071637	ss715581674	G	A
glyma.Wm82.gnm2.Gm13	10284009	ss715613761	T	C
glyma.Wm82.gnm2.Gm13	10385195	ss715613758	G	T
glyma.Wm82.gnm2.Gm13	10810586	ss715613747	G	A
glyma.Wm82.gnm2.Gm13	10957411	ss715613743	T	C
glyma.Wm82.gnm2.Gm13	11010373	ss715613742	G	A
glyma.Wm82.gnm2.Gm13	11447291	ss715613724	G	A
glyma.Wm82.gnm2.Gm13	11498741	ss715613722	G	A
glyma.Wm82.gnm2.Gm13	11559403	ss715613721	A	C
glyma.Wm82.gnm2.Gm13	12410825	ss715617290	C	A
glyma.Wm82.gnm2.Gm13	13657257	ss715617242	C	T
glyma.Wm82.gnm2.Gm13	13686728	ss715617241	G	A
glyma.Wm82.gnm2.Gm13	13744341	ss715617231	T	G
glyma.Wm82.gnm2.Gm13	13778961	ss715617228	T	C
glyma.Wm82.gnm2.Gm13	13787354	ss715617226	C	T
glyma.Wm82.gnm2.Gm13	13809055	ss715617224	C	T
glyma.Wm82.gnm2.Gm13	13852837	ss715617219	T	G
glyma.Wm82.gnm2.Gm13	13881561	ss715617210	T	C
glyma.Wm82.gnm2.Gm13	13888990	ss715617208	G	T
glyma.Wm82.gnm2.Gm13	13930322	ss715617204	C	A
glyma.Wm82.gnm2.Gm13	14049233	ss715617185	C	T
glyma.Wm82.gnm2.Gm13	14214814	ss715617160	C	T
glyma.Wm82.gnm2.Gm13	14229374	ss715617158	G	A
glyma.Wm82.gnm2.Gm13	14298374	ss715617148	T	C
glyma.Wm82.gnm2.Gm13	14319652	ss715617146	T	C
glyma.Wm82.gnm2.Gm13	14330724	ss715617142	G	A
glyma.Wm82.gnm2.Gm13	14340239	ss715617141	A	G
glyma.Wm82.gnm2.Gm13	14497804	ss715617127	C	T
glyma.Wm82.gnm2.Gm13	14499188	ss715617126	C	T
glyma.Wm82.gnm2.Gm13	14521280	ss715617124	A	C
glyma.Wm82.gnm2.Gm13	14649574	ss715617099	C	T
glyma.Wm82.gnm2.Gm13	14687890	ss715617089	C	T
glyma.Wm82.gnm2.Gm13	14703883	ss715617085	T	G
glyma.Wm82.gnm2.Gm13	14720063	ss715617080	C	T
glyma.Wm82.gnm2.Gm13	14744989	ss715617066	A	G
glyma.Wm82.gnm2.Gm13	14750731	ss715617062	G	A
glyma.Wm82.gnm2.Gm13	14774149	ss715617053	C	T
glyma.Wm82.gnm2.Gm13	14774832	ss715617052	G	T
glyma.Wm82.gnm2.Gm13	14777535	ss715617050	A	G
glyma.Wm82.gnm2.Gm13	14813947	ss715617041	G	A
glyma.Wm82.gnm2.Gm13	14898875	ss715617037	G	A
glyma.Wm82.gnm2.Gm13	14960895	ss715617028	C	A
glyma.Wm82.gnm2.Gm13	14989554	ss715617019	T	C
glyma.Wm82.gnm2.Gm13	14993475	ss715617017	T	C
glyma.Wm82.gnm2.Gm13	15004908	ss715617010	A	G
glyma.Wm82.gnm2.Gm13	15075811	ss715616997	A	C
glyma.Wm82.gnm2.Gm13	15099548	ss715616994	G	A
glyma.Wm82.gnm2.Gm13	15130627	ss715616989	T	C
glyma.Wm82.gnm2.Gm13	15141039	ss715616992	C	T
glyma.Wm82.gnm2.Gm13	15159673	ss715616978	C	T
glyma.Wm82.gnm2.Gm13	15168187	ss715616977	C	T
glyma.Wm82.gnm2.Gm13	15177860	ss715616974	T	C
glyma.Wm82.gnm2.Gm13	15205294	ss715616966	A	C
glyma.Wm82.gnm2.Gm13	15231779	ss715616954	T	C
glyma.Wm82.gnm2.Gm13	15233322	ss715616953	G	A
glyma.Wm82.gnm2.Gm13	15254273	ss715616946	C	T
glyma.Wm82.gnm2.Gm13	15275414	ss715616939	A	G
glyma.Wm82.gnm2.Gm13	15276547	ss715616938	C	T
glyma.Wm82.gnm2.Gm13	15306883	ss715616926	G	A
glyma.Wm82.gnm2.Gm13	15338756	ss715616924	A	G
glyma.Wm82.gnm2.Gm13	15592240	ss715616892	G	T
glyma.Wm82.gnm2.Gm13	15598166	ss715616891	G	A
glyma.Wm82.gnm2.Gm13	15609047	ss715616890	T	C
glyma.Wm82.gnm2.Gm13	15637539	ss715616883	G	.
glyma.Wm82.gnm2.Gm13	15699933	ss715616875	G	A
glyma.Wm82.gnm2.Gm13	15799634	ss715616866	GCGAGGTC	.
glyma.Wm82.gnm2.Gm13	15816807	ss715616864	G	T
glyma.Wm82.gnm2.Gm13	15817167	ss715616863	G	A
glyma.Wm82.gnm2.Gm13	15834409	ss715616860	A	G
glyma.Wm82.gnm2.Gm13	15892459	ss715616853	G	A
glyma.Wm82.gnm2.Gm13	15917846	ss715616846	T	G
glyma.Wm82.gnm2.Gm13	15956698	ss715616837	A	G
glyma.Wm82.gnm2.Gm13	16029117	ss715616830	G	T
glyma.Wm82.gnm2.Gm13	16079957	ss715616820	G	A
glyma.Wm82.gnm2.Gm13	16095276	ss715616815	C	T
glyma.Wm82.gnm2.Gm13	16126274	ss715616811	C	T
glyma.Wm82.gnm2.Gm13	16206129	ss715616802	C	T
glyma.Wm82.gnm2.Gm13	16222420	ss715616800	G	A
glyma.Wm82.gnm2.Gm13	16253754	ss715616798	G	A
glyma.Wm82.gnm2.Gm13	16439135	ss715616767	T	C
glyma.Wm82.gnm2.Gm13	16439895	ss715616766	C	T
glyma.Wm82.gnm2.Gm13	16630119	ss715616751	A	G
glyma.Wm82.gnm2.Gm13	16837837	ss715616729	T	G
glyma.Wm82.gnm2.Gm13	16841783	ss715616728	T	C
glyma.Wm82.gnm2.Gm13	16893624	ss715616717	C	A
glyma.Wm82.gnm2.Gm13	16900753	ss715616715	C	T
glyma.Wm82.gnm2.Gm13	16905580	ss715616714	C	T
glyma.Wm82.gnm2.Gm13	16915696	ss715616713	G	A
glyma.Wm82.gnm2.Gm13	16958495	ss715609913	G	A
glyma.Wm82.gnm2.Gm13	16991878	ss715616707	C	T
glyma.Wm82.gnm2.Gm13	17044187	ss715616699	A	C
glyma.Wm82.gnm2.Gm13	17048632	ss715616697	C	T
glyma.Wm82.gnm2.Gm13	17111487	ss715616694	T	C
glyma.Wm82.gnm2.Gm13	17127253	ss715616690	T	C
glyma.Wm82.gnm2.Gm13	17143427	ss715616686	T	C
glyma.Wm82.gnm2.Gm13	17178920	ss715616680	A	C
glyma.Wm82.gnm2.Gm13	17184093	ss715616677	G	A
glyma.Wm82.gnm2.Gm13	17240761	ss715616672	C	T
glyma.Wm82.gnm2.Gm13	17268926	ss715616669	G	T
glyma.Wm82.gnm2.Gm13	17432376	ss715616627	A	G
glyma.Wm82.gnm2.Gm13	17449028	ss715616619	G	A
glyma.Wm82.gnm2.Gm13	17484870	ss715616591	C	T
glyma.Wm82.gnm2.Gm13	17558664	ss715616555	G	A
glyma.Wm82.gnm2.Gm13	17660810	ss715616458	T	G
glyma.Wm82.gnm2.Gm13	17662361	ss715616457	G	A
glyma.Wm82.gnm2.Gm13	17695134	ss715616418	G	A
glyma.Wm82.gnm2.Gm13	17833182	ss715616318	G	T
glyma.Wm82.gnm2.Gm13	17905147	ss715616237	T	C
glyma.Wm82.gnm2.Gm13	17924688	ss715616217	G	A
glyma.Wm82.gnm2.Gm13	17951929	ss715616181	C	T
glyma.Wm82.gnm2.Gm13	18037216	ss715616098	A	C
glyma.Wm82.gnm2.Gm13	18110510	ss715616050	G	A
glyma.Wm82.gnm2.Gm13	18194510	ss715615995	C	T
glyma.Wm82.gnm2.Gm13	18211337	ss715615969	T	C
glyma.Wm82.gnm2.Gm13	18298544	ss715615819	G	A
glyma.Wm82.gnm2.Gm13	18340660	ss715615775	A	G
glyma.Wm82.gnm2.Gm13	18384763	ss715615697	C	T
glyma.Wm82.gnm2.Gm13	18389859	ss715615682	A	G
glyma.Wm82.gnm2.Gm13	18411657	ss715615657	C	T
glyma.Wm82.gnm2.Gm13	18458707	ss715615612	G	A
glyma.Wm82.gnm2.Gm13	18462498	ss715615606	C	A
glyma.Wm82.gnm2.Gm13	18510273	ss715615581	G	A
glyma.Wm82.gnm2.Gm13	18556212	ss715615508	T	C
glyma.Wm82.gnm2.Gm13	18565265	ss715615494	C	T
glyma.Wm82.gnm2.Gm13	18644670	ss715615422	A	G
glyma.Wm82.gnm2.Gm13	18730032	ss715615314	C	T
glyma.Wm82.gnm2.Gm13	18730394	ss715615313	C	T
glyma.Wm82.gnm2.Gm13	18798811	ss715615221	C	T
glyma.Wm82.gnm2.Gm13	18812635	ss715615193	C	T
glyma.Wm82.gnm2.Gm13	18824292	ss715615180	C	T
glyma.Wm82.gnm2.Gm13	18825089	ss715615178	C	T
glyma.Wm82.gnm2.Gm13	18851321	ss715615138	C	T
glyma.Wm82.gnm2.Gm13	18903650	ss715615047	C	A
glyma.Wm82.gnm2.Gm13	18943706	ss715614975	G	A
glyma.Wm82.gnm2.Gm13	19004981	ss715614861	T	C
glyma.Wm82.gnm2.Gm13	19039278	ss715614804	C	T
glyma.Wm82.gnm2.Gm13	19080134	ss715614743	A	C
glyma.Wm82.gnm2.Gm13	19158534	ss715614595	C	A
glyma.Wm82.gnm2.Gm13	19272629	ss715614406	G	A
glyma.Wm82.gnm2.Gm13	19277286	ss715614397	C	T
glyma.Wm82.gnm2.Gm13	19419302	ss715614237	G	T
glyma.Wm82.gnm2.Gm13	19443133	ss715614223	G	T
glyma.Wm82.gnm2.Gm13	19500224	ss715614160	C	A
glyma.Wm82.gnm2.Gm13	19519577	ss715614146	T	C
glyma.Wm82.gnm2.Gm13	19579509	ss715614114	T	C
glyma.Wm82.gnm2.Gm13	19599094	ss715614104	G	A
glyma.Wm82.gnm2.Gm13	19614217	ss715614099	T	G
glyma.Wm82.gnm2.Gm13	19677578	ss715614083	G	A
glyma.Wm82.gnm2.Gm13	19719551	ss715614067	C	T
glyma.Wm82.gnm2.Gm13	19745100	ss715614056	G	A
glyma.Wm82.gnm2.Gm13	19754857	ss715614052	C	T
glyma.Wm82.gnm2.Gm13	19858948	ss715614023	C	T
glyma.Wm82.gnm2.Gm13	19873719	ss715614016	G	A
glyma.Wm82.gnm2.Gm13	19915295	ss715614001	G	A
glyma.Wm82.gnm2.Gm13	20007494	ss715613979	C	T
glyma.Wm82.gnm2.Gm13	20011700	ss715613976	T	G
glyma.Wm82.gnm2.Gm13	20078055	ss715613958	G	A
glyma.Wm82.gnm2.Gm13	20131911	ss715613936	C	T
glyma.Wm82.gnm2.Gm13	20137678	ss715613930	A	G
glyma.Wm82.gnm2.Gm13	20160629	ss715613921	A	G
glyma.Wm82.gnm2.Gm13	20168489	ss715613916	A	G
glyma.Wm82.gnm2.Gm13	20229356	ss715613890	G	A
glyma.Wm82.gnm2.Gm13	20307665	ss715613874	G	A
glyma.Wm82.gnm2.Gm13	20407712	ss715613855	T	G
glyma.Wm82.gnm2.Gm13	20458020	ss715613839	G	A
glyma.Wm82.gnm2.Gm13	20463260	ss715613838	C	T
glyma.Wm82.gnm2.Gm13	20465930	ss715613834	A	G
glyma.Wm82.gnm2.Gm13	20533548	ss715613810	A	C
glyma.Wm82.gnm2.Gm13	20701079	ss715613764	A	G
glyma.Wm82.gnm2.Gm13	20702479	ss715613762	T	C
glyma.Wm82.gnm2.Gm13	20967444	ss715617277	G	A
glyma.Wm82.gnm2.Gm13	21057582	ss715617227	A	C
glyma.Wm82.gnm2.Gm13	21161920	ss715617039	C	A
glyma.Wm82.gnm2.Gm13	21190309	ss715616981	C	T
glyma.Wm82.gnm2.Gm13	21242826	ss715616889	G	A
glyma.Wm82.gnm2.Gm13	21314610	ss715616783	A	G
glyma.Wm82.gnm2.Gm13	21563834	ss715615057	T	C
glyma.Wm82.gnm2.Gm13	21655251	ss715614040	T	C
glyma.Wm82.gnm2.Gm13	21790589	ss715617042	G	A
glyma.Wm82.gnm2.Gm13	21809166	ss715616749	A	G
glyma.Wm82.gnm2.Gm13	21816724	ss715616622	G	A
glyma.Wm82.gnm2.Gm13	21824541	ss715615946	A	G
glyma.Wm82.gnm2.Gm13	21833606	ss715614661	T	C
glyma.Wm82.gnm2.Gm13	21846938	ss715613836	T	C
glyma.Wm82.gnm2.Gm13	22519996	ss715614049	G	A
glyma.Wm82.gnm2.Gm13	23004984	ss715614066	A	G
glyma.Wm82.gnm2.Gm13	23366052	ss715614078	T	C
glyma.Wm82.gnm2.Gm13	23505944	ss715614085	G	T
glyma.Wm82.gnm2.Gm13	24120830	ss715614102	C	T
glyma.Wm82.gnm2.Gm13	24741448	ss715614134	G	A
glyma.Wm82.gnm2.Gm13	24989931	ss715614147	G	A
glyma.Wm82.gnm2.Gm13	25092455	ss715614157	G	A
glyma.Wm82.gnm2.Gm13	25138842	ss715614159	T	G
glyma.Wm82.gnm2.Gm13	25207502	ss715614163	A	C
glyma.Wm82.gnm2.Gm13	25236944	ss715614166	A	C
glyma.Wm82.gnm2.Gm13	25244362	ss715614168	A	G
glyma.Wm82.gnm2.Gm13	25443359	ss715614182	G	A
glyma.Wm82.gnm2.Gm13	25473455	ss715614187	T	C
glyma.Wm82.gnm2.Gm13	25658498	ss715614215	T	C
glyma.Wm82.gnm2.Gm13	25889439	ss715614229	A	G
glyma.Wm82.gnm2.Gm13	25986815	ss715614239	G	A
glyma.Wm82.gnm2.Gm13	26102955	ss715614249	A	C
glyma.Wm82.gnm2.Gm13	26149724	ss715614251	T	C
glyma.Wm82.gnm2.Gm13	26152104	ss715614252	C	A
glyma.Wm82.gnm2.Gm13	26189360	ss715614253	C	A
glyma.Wm82.gnm2.Gm13	26223825	ss715614257	G	A
glyma.Wm82.gnm2.Gm13	26239911	ss715614259	G	A
glyma.Wm82.gnm2.Gm13	26260561	ss715614261	A	G
glyma.Wm82.gnm2.Gm13	26345386	ss715614265	C	T
glyma.Wm82.gnm2.Gm13	26381243	ss715614267	G	A
glyma.Wm82.gnm2.Gm13	26411370	ss715614268	T	C
glyma.Wm82.gnm2.Gm13	26469804	ss715614277	G	A
glyma.Wm82.gnm2.Gm13	26509520	ss715614279	G	A
glyma.Wm82.gnm2.Gm13	26510836	ss715614280	C	T
glyma.Wm82.gnm2.Gm13	26642953	ss715614283	T	C
glyma.Wm82.gnm2.Gm13	26645017	ss715614284	G	A
glyma.Wm82.gnm2.Gm13	26974161	ss715614371	A	G
glyma.Wm82.gnm2.Gm13	27047347	ss715614387	A	G
glyma.Wm82.gnm2.Gm13	27058759	ss715614391	C	A
glyma.Wm82.gnm2.Gm13	27140240	ss715614409	C	T
glyma.Wm82.gnm2.Gm13	27151649	ss715614412	C	A
glyma.Wm82.gnm2.Gm13	27227443	ss715614423	G	A
glyma.Wm82.gnm2.Gm13	27251455	ss715614431	C	T
glyma.Wm82.gnm2.Gm13	27338863	ss715614446	G	A
glyma.Wm82.gnm2.Gm13	27343797	ss715614447	A	G
glyma.Wm82.gnm2.Gm13	27443516	ss715614455	A	G
glyma.Wm82.gnm2.Gm13	27448693	ss715614456	T	C
glyma.Wm82.gnm2.Gm13	27466801	ss715614457	A	G
glyma.Wm82.gnm2.Gm13	27754699	ss715614484	G	T
glyma.Wm82.gnm2.Gm13	27764210	ss715614487	T	G
glyma.Wm82.gnm2.Gm13	27882557	ss715614514	T	G
glyma.Wm82.gnm2.Gm13	27896769	ss715614517	A	C
glyma.Wm82.gnm2.Gm13	27980504	ss715614533	C	A
glyma.Wm82.gnm2.Gm13	27997512	ss715614536	T	G
glyma.Wm82.gnm2.Gm13	28043454	ss715614546	G	A
glyma.Wm82.gnm2.Gm13	28043900	ss715614547	C	T
glyma.Wm82.gnm2.Gm13	28045905	ss715614549	T	C
glyma.Wm82.gnm2.Gm13	28046378	ss715614550	G	A
glyma.Wm82.gnm2.Gm13	28176745	ss715614571	G	T
glyma.Wm82.gnm2.Gm13	28205004	ss715614575	A	G
glyma.Wm82.gnm2.Gm13	28211278	ss715614579	A	G
glyma.Wm82.gnm2.Gm13	28222195	ss715614580	A	G
glyma.Wm82.gnm2.Gm13	28238871	ss715614585	C	T
glyma.Wm82.gnm2.Gm13	28249992	ss715614589	T	C
glyma.Wm82.gnm2.Gm13	28351526	ss715614609	C	T
glyma.Wm82.gnm2.Gm13	28391033	ss715614616	A	G
glyma.Wm82.gnm2.Gm13	28420139	ss715614625	C	T
glyma.Wm82.gnm2.Gm13	28443623	ss715614630	C	T
glyma.Wm82.gnm2.Gm13	28511930	ss715614647	A	C
glyma.Wm82.gnm2.Gm13	28532584	ss715614651	G	A
glyma.Wm82.gnm2.Gm13	28630296	ss715614674	T	C
glyma.Wm82.gnm2.Gm13	28658618	ss715614678	T	C
glyma.Wm82.gnm2.Gm13	28659969	ss715614679	A	G
glyma.Wm82.gnm2.Gm13	28662387	ss715614680	T	C
glyma.Wm82.gnm2.Gm13	28822171	ss715614704	A	G
glyma.Wm82.gnm2.Gm13	28854797	ss715614709	C	T
glyma.Wm82.gnm2.Gm13	28867007	ss715614711	G	A
glyma.Wm82.gnm2.Gm13	28887399	ss715614712	A	C
glyma.Wm82.gnm2.Gm13	28899640	ss715614715	G	A
glyma.Wm82.gnm2.Gm13	28906031	ss715614717	A	G
glyma.Wm82.gnm2.Gm13	28928028	ss715614720	G	A
glyma.Wm82.gnm2.Gm13	28938817	ss715614721	A	C
glyma.Wm82.gnm2.Gm13	28939567	ss715614722	C	T
glyma.Wm82.gnm2.Gm13	28940787	ss715614724	T	C
glyma.Wm82.gnm2.Gm13	28944229	ss715614726	T	G
glyma.Wm82.gnm2.Gm13	28970569	ss715614729	A	C
glyma.Wm82.gnm2.Gm13	28997953	ss715614733	T	G
glyma.Wm82.gnm2.Gm13	29002660	ss715614734	T	C
glyma.Wm82.gnm2.Gm13	29005010	ss715614735	A	C
glyma.Wm82.gnm2.Gm13	29022554	ss715614738	T	G
glyma.Wm82.gnm2.Gm13	29033602	ss715614741	G	A
glyma.Wm82.gnm2.Gm13	29093920	ss715614748	T	C
glyma.Wm82.gnm2.Gm13	29120003	ss715614754	C	A
glyma.Wm82.gnm2.Gm13	29252183	ss715614772	C	T
glyma.Wm82.gnm2.Gm13	29307933	ss715614778	G	T
glyma.Wm82.gnm2.Gm13	29332201	ss715614779	G	A
glyma.Wm82.gnm2.Gm13	29354958	ss715614782	C	T
glyma.Wm82.gnm2.Gm13	29403557	ss715614796	A	G
glyma.Wm82.gnm2.Gm13	29405818	ss715614799	A	G
glyma.Wm82.gnm2.Gm13	29422439	ss715614800	C	T
glyma.Wm82.gnm2.Gm13	29424758	ss715614801	G	A
glyma.Wm82.gnm2.Gm13	29445805	ss715614802	A	G
glyma.Wm82.gnm2.Gm13	29485852	ss715614807	G	A
glyma.Wm82.gnm2.Gm13	29523311	ss715614815	A	G
glyma.Wm82.gnm2.Gm13	29613864	ss715614826	C	T
glyma.Wm82.gnm2.Gm13	29629265	ss715614829	T	C
glyma.Wm82.gnm2.Gm13	29679914	ss715614836	C	T
glyma.Wm82.gnm2.Gm13	29748262	ss715614845	A	G
glyma.Wm82.gnm2.Gm13	29750856	ss715614846	G	A
glyma.Wm82.gnm2.Gm13	29756149	ss715614848	A	C
glyma.Wm82.gnm2.Gm13	29761581	ss715614851	A	C
glyma.Wm82.gnm2.Gm13	29771186	ss715614853	A	G
glyma.Wm82.gnm2.Gm13	29799152	ss715614858	C	T
glyma.Wm82.gnm2.Gm13	29808193	ss715614860	C	T
glyma.Wm82.gnm2.Gm13	29834626	ss715614863	C	A
glyma.Wm82.gnm2.Gm13	29860546	ss715614875	C	A
glyma.Wm82.gnm2.Gm13	30021132	ss715614904	T	C
glyma.Wm82.gnm2.Gm13	30023018	ss715614905	G	T
glyma.Wm82.gnm2.Gm13	30024347	ss715614906	T	C
glyma.Wm82.gnm2.Gm13	30086805	ss715614912	G	T
glyma.Wm82.gnm2.Gm13	30186161	ss715614932	C	T
glyma.Wm82.gnm2.Gm13	30231951	ss715614938	G	A
glyma.Wm82.gnm2.Gm13	30269121	ss715614945	A	G
glyma.Wm82.gnm2.Gm13	30271391	ss715614946	A	G
glyma.Wm82.gnm2.Gm13	30310256	ss715614956	C	A
glyma.Wm82.gnm2.Gm13	30325993	ss715614962	C	T
glyma.Wm82.gnm2.Gm13	30462695	ss715614981	G	A
glyma.Wm82.gnm2.Gm13	30473171	ss715614987	A	G
glyma.Wm82.gnm2.Gm13	30518513	ss715614990	A	G
glyma.Wm82.gnm2.Gm13	30532542	ss715614991	A	G
glyma.Wm82.gnm2.Gm13	30573364	ss715614992	T	C
glyma.Wm82.gnm2.Gm13	30603766	ss715615000	C	A
glyma.Wm82.gnm2.Gm13	30654707	ss715615009	A	G
glyma.Wm82.gnm2.Gm13	30677521	ss715615016	T	C
glyma.Wm82.gnm2.Gm13	30683322	ss715615019	G	T
glyma.Wm82.gnm2.Gm13	30700217	ss715615020	A	G
glyma.Wm82.gnm2.Gm13	30772925	ss715615032	C	T
glyma.Wm82.gnm2.Gm13	30773525	ss715615033	C	T
glyma.Wm82.gnm2.Gm13	30774750	ss715615035	T	C
glyma.Wm82.gnm2.Gm13	30830219	ss715615074	T	C
glyma.Wm82.gnm2.Gm13	30899803	ss715615055	C	T
glyma.Wm82.gnm2.Gm13	30911205	ss715615059	G	A
glyma.Wm82.gnm2.Gm13	30916159	ss715615060	G	T
glyma.Wm82.gnm2.Gm13	30937609	ss715615064	C	A
glyma.Wm82.gnm2.Gm13	30978693	ss715615068	T	C
glyma.Wm82.gnm2.Gm13	31025287	ss715615080	G	A
glyma.Wm82.gnm2.Gm13	31040358	ss715615086	C	A
glyma.Wm82.gnm2.Gm13	31076815	ss715615088	C	T
glyma.Wm82.gnm2.Gm13	31130283	ss715615096	T	G
glyma.Wm82.gnm2.Gm13	31230919	ss715615114	C	A
glyma.Wm82.gnm2.Gm13	31267842	ss715615121	C	T
glyma.Wm82.gnm2.Gm13	31286029	ss715615124	G	A
glyma.Wm82.gnm2.Gm13	31303760	ss715615128	A	G
glyma.Wm82.gnm2.Gm13	31333827	ss715615134	G	T
glyma.Wm82.gnm2.Gm13	31335694	ss715615135	C	T
glyma.Wm82.gnm2.Gm13	31336483	ss715615136	C	T
glyma.Wm82.gnm2.Gm13	31341457	ss715615137	C	T
glyma.Wm82.gnm2.Gm13	31386309	ss715615147	T	C
glyma.Wm82.gnm2.Gm13	31391788	ss715615148	T	C
glyma.Wm82.gnm2.Gm13	31418972	ss715615155	A	C
glyma.Wm82.gnm2.Gm13	31441115	ss715615157	A	G
glyma.Wm82.gnm2.Gm13	31510395	ss715615162	C	T
glyma.Wm82.gnm2.Gm13	31524632	ss715615165	T	C
glyma.Wm82.gnm2.Gm13	31531404	ss715615166	A	G
glyma.Wm82.gnm2.Gm13	31536228	ss715615167	G	A
glyma.Wm82.gnm2.Gm13	31537856	ss715615168	C	A
glyma.Wm82.gnm2.Gm13	31613699	ss715615173	C	T
glyma.Wm82.gnm2.Gm13	31618676	ss715615176	T	C
glyma.Wm82.gnm2.Gm13	31694092	ss715615186	A	G
glyma.Wm82.gnm2.Gm13	31699359	ss715615187	T	G
glyma.Wm82.gnm2.Gm13	31732504	ss715615189	C	T
glyma.Wm82.gnm2.Gm13	31853617	ss715615212	A	C
glyma.Wm82.gnm2.Gm13	31994939	ss715615233	T	C
glyma.Wm82.gnm2.Gm13	32002999	ss715615234	C	A
glyma.Wm82.gnm2.Gm13	32176592	ss715615260	C	T
glyma.Wm82.gnm2.Gm13	32198349	ss715615263	T	G
glyma.Wm82.gnm2.Gm13	32225680	ss715615266	A	G
glyma.Wm82.gnm2.Gm13	32372447	ss715615284	C	T
glyma.Wm82.gnm2.Gm13	32542692	ss715615306	A	C
glyma.Wm82.gnm2.Gm13	32593150	ss715615312	A	C
glyma.Wm82.gnm2.Gm13	32684983	ss715615324	T	C
glyma.Wm82.gnm2.Gm13	32812577	ss715615343	A	G
glyma.Wm82.gnm2.Gm13	32829508	ss715615346	T	G
glyma.Wm82.gnm2.Gm13	32934656	ss715615358	A	G
glyma.Wm82.gnm2.Gm13	33018192	ss715615368	G	A
glyma.Wm82.gnm2.Gm13	33025486	ss715615371	A	G
glyma.Wm82.gnm2.Gm13	33071204	ss715615380	A	C
glyma.Wm82.gnm2.Gm13	33072853	ss715615382	C	T
glyma.Wm82.gnm2.Gm13	33138995	ss715615391	A	G
glyma.Wm82.gnm2.Gm13	33185988	ss715615396	C	A
glyma.Wm82.gnm2.Gm13	33297670	ss715615405	G	A
glyma.Wm82.gnm2.Gm13	33352834	ss715615412	C	T
glyma.Wm82.gnm2.Gm13	33395164	ss715615415	A	C
glyma.Wm82.gnm2.Gm13	33396154	ss715615416	A	C
glyma.Wm82.gnm2.Gm13	33411236	ss715615419	C	T
glyma.Wm82.gnm2.Gm13	33466062	ss715615423	T	C
glyma.Wm82.gnm2.Gm13	33475530	ss715615424	T	G
glyma.Wm82.gnm2.Gm13	33606758	ss715615439	A	C
glyma.Wm82.gnm2.Gm13	33694087	ss715615444	G	A
glyma.Wm82.gnm2.Gm13	33733255	ss715615446	T	C
glyma.Wm82.gnm2.Gm13	33798120	ss715615452	A	C
glyma.Wm82.gnm2.Gm13	33848274	ss715615455	G	A
glyma.Wm82.gnm2.Gm13	34057492	ss715615470	C	T
glyma.Wm82.gnm2.Gm13	34129009	ss715615475	T	C
glyma.Wm82.gnm2.Gm13	34186558	ss715615482	C	T
glyma.Wm82.gnm2.Gm13	34231643	ss715615490	C	T
glyma.Wm82.gnm2.Gm13	34336475	ss715615506	A	G
glyma.Wm82.gnm2.Gm13	34371849	ss715615513	C	T
glyma.Wm82.gnm2.Gm13	34385936	ss715615515	A	G
glyma.Wm82.gnm2.Gm13	34443941	ss715615521	T	C
glyma.Wm82.gnm2.Gm13	34533117	ss715615538	G	A
glyma.Wm82.gnm2.Gm13	34566021	ss715615541	C	T
glyma.Wm82.gnm2.Gm13	34603793	ss715615546	A	G
glyma.Wm82.gnm2.Gm13	34680586	ss715615561	C	A
glyma.Wm82.gnm2.Gm13	34775605	ss715615578	T	C
glyma.Wm82.gnm2.Gm13	34822795	ss715615585	G	A
glyma.Wm82.gnm2.Gm13	34846930	ss715615587	C	A
glyma.Wm82.gnm2.Gm13	35008899	ss715615591	T	C
glyma.Wm82.gnm2.Gm13	35031451	ss715615593	G	A
glyma.Wm82.gnm2.Gm13	35080807	ss715615597	C	T
glyma.Wm82.gnm2.Gm13	35162531	ss715615601	C	A
glyma.Wm82.gnm2.Gm13	35172040	ss715615603	G	A
glyma.Wm82.gnm2.Gm13	35174241	ss715615604	C	T
glyma.Wm82.gnm2.Gm13	35307166	ss715615611	G	A
glyma.Wm82.gnm2.Gm13	35425581	ss715615617	G	A
glyma.Wm82.gnm2.Gm13	35425978	ss715615618	C	T
glyma.Wm82.gnm2.Gm13	35427030	ss715615619	G	A
glyma.Wm82.gnm2.Gm13	35463520	ss715615624	G	A
glyma.Wm82.gnm2.Gm13	35843532	ss715615662	T	G
glyma.Wm82.gnm2.Gm13	35881471	ss715615669	T	C
glyma.Wm82.gnm2.Gm13	35882644	ss715615668	G	A
glyma.Wm82.gnm2.Gm13	35883520	ss715615667	T	C
glyma.Wm82.gnm2.Gm13	35902968	ss715615671	A	C
glyma.Wm82.gnm2.Gm13	36009996	ss715615683	T	G
glyma.Wm82.gnm2.Gm13	36071554	ss715615706	T	C
glyma.Wm82.gnm2.Gm13	36155338	ss715615720	T	C
glyma.Wm82.gnm2.Gm13	36244080	ss715615735	A	G
glyma.Wm82.gnm2.Gm13	36325666	ss715615744	C	T
glyma.Wm82.gnm2.Gm13	36344993	ss715615748	G	A
glyma.Wm82.gnm2.Gm13	36376597	ss715615755	G	T
glyma.Wm82.gnm2.Gm13	36512047	ss715615780	C	T
glyma.Wm82.gnm2.Gm13	36584078	ss715615789	C	T
glyma.Wm82.gnm2.Gm13	36598263	ss715615792	G	A
glyma.Wm82.gnm2.Gm13	36659920	ss715615798	C	T
glyma.Wm82.gnm2.Gm13	36710448	ss715615806	A	G
glyma.Wm82.gnm2.Gm13	36806286	ss715615811	G	A
glyma.Wm82.gnm2.Gm13	36814981	ss715615812	A	C
glyma.Wm82.gnm2.Gm13	36886416	ss715615820	T	G
glyma.Wm82.gnm2.Gm13	36975480	ss715615830	T	C
glyma.Wm82.gnm2.Gm13	37052686	ss715615854	C	T
glyma.Wm82.gnm2.Gm13	37088010	ss715615858	T	C
glyma.Wm82.gnm2.Gm13	37091348	ss715615859	G	T
glyma.Wm82.gnm2.Gm13	37165831	ss715615866	C	T
glyma.Wm82.gnm2.Gm13	37176658	ss715615868	C	T
glyma.Wm82.gnm2.Gm13	37206199	ss715615874	A	C
glyma.Wm82.gnm2.Gm13	37293175	ss715615881	C	T
glyma.Wm82.gnm2.Gm13	37312231	ss715615885	C	T
glyma.Wm82.gnm2.Gm13	37375783	ss715615899	A	C
glyma.Wm82.gnm2.Gm13	37402035	ss715615906	T	G
glyma.Wm82.gnm2.Gm13	37410869	ss715615909	A	C
glyma.Wm82.gnm2.Gm13	37527009	ss715615933	G	A
glyma.Wm82.gnm2.Gm13	37599993	ss715615952	C	T
glyma.Wm82.gnm2.Gm13	37604073	ss715615953	A	G
glyma.Wm82.gnm2.Gm13	37653753	ss715615962	A	G
glyma.Wm82.gnm2.Gm13	37661116	ss715615963	A	G
glyma.Wm82.gnm2.Gm13	37692711	ss715615965	C	T
glyma.Wm82.gnm2.Gm13	37826144	ss715615987	C	T
glyma.Wm82.gnm2.Gm13	37892133	ss715615996	T	C
glyma.Wm82.gnm2.Gm13	37892893	ss715615997	T	G
glyma.Wm82.gnm2.Gm13	38167638	ss715616017	T	G
glyma.Wm82.gnm2.Gm13	38244543	ss715639137	A	G
glyma.Wm82.gnm2.Gm13	38362333	ss715616028	A	C
glyma.Wm82.gnm2.Gm13	38366685	ss715616029	A	G
glyma.Wm82.gnm2.Gm13	38423032	ss715616035	A	C
glyma.Wm82.gnm2.Gm13	38501835	ss715616040	C	T
glyma.Wm82.gnm2.Gm13	38506322	ss715616041	T	C
glyma.Wm82.gnm2.Gm13	38634656	ss715616047	C	A
glyma.Wm82.gnm2.Gm13	38699255	ss715616048	A	G
glyma.Wm82.gnm2.Gm13	38955789	ss715616058	A	G
glyma.Wm82.gnm2.Gm13	38990945	ss715616060	T	C
glyma.Wm82.gnm2.Gm13	39066681	ss715616062	A	G
glyma.Wm82.gnm2.Gm13	39071075	ss715616065	A	G
glyma.Wm82.gnm2.Gm13	39121572	ss715616066	G	T
glyma.Wm82.gnm2.Gm13	39224478	ss715616079	T	C
glyma.Wm82.gnm2.Gm13	39280839	ss715616082	T	C
glyma.Wm82.gnm2.Gm13	39293625	ss715616083	G	T
glyma.Wm82.gnm2.Gm13	39298452	ss715616084	G	A
glyma.Wm82.gnm2.Gm13	39383879	ss715616088	T	G
glyma.Wm82.gnm2.Gm13	39414075	ss715616091	G	A
glyma.Wm82.gnm2.Gm13	39607602	ss715616115	C	A
glyma.Wm82.gnm2.Gm13	39692592	ss715616125	G	A
glyma.Wm82.gnm2.Gm13	39847464	ss715616136	A	G
glyma.Wm82.gnm2.Gm13	40028755	ss715616150	C	T
glyma.Wm82.gnm2.Gm13	40171847	ss715616165	A	G
glyma.Wm82.gnm2.Gm13	40206776	ss715616169	A	C
glyma.Wm82.gnm2.Gm13	40212776	ss715616170	A	G
glyma.Wm82.gnm2.Gm13	40329323	ss715616179	C	T
glyma.Wm82.gnm2.Gm13	40422362	ss715616191	G	T
glyma.Wm82.gnm2.Gm13	40559607	ss715616207	C	T
glyma.Wm82.gnm2.Gm13	40597986	ss715616214	G	T
glyma.Wm82.gnm2.Gm13	40608131	ss715616215	C	A
glyma.Wm82.gnm2.Gm13	40635158	ss715616219	G	A
glyma.Wm82.gnm2.Gm13	40797713	ss715616234	T	G
glyma.Wm82.gnm2.Gm13	40807233	ss715616236	G	A
glyma.Wm82.gnm2.Gm13	40830270	ss715616239	C	T
glyma.Wm82.gnm2.Gm13	40857313	ss715616243	C	T
glyma.Wm82.gnm2.Gm13	40901955	ss715616247	C	A
glyma.Wm82.gnm2.Gm13	40912369	ss715616249	G	A
glyma.Wm82.gnm2.Gm13	40920246	ss715616253	T	C
glyma.Wm82.gnm2.Gm13	40920697	ss715616254	G	T
glyma.Wm82.gnm2.Gm13	40937804	ss715616257	G	A
glyma.Wm82.gnm2.Gm13	40956447	ss715616258	G	T
glyma.Wm82.gnm2.Gm13	40969536	ss715616259	T	G
glyma.Wm82.gnm2.Gm13	40983126	ss715616264	G	A
glyma.Wm82.gnm2.Gm13	41011002	ss715616269	G	A
glyma.Wm82.gnm2.Gm13	41011835	ss715616270	C	T
glyma.Wm82.gnm2.Gm13	41012534	ss715616271	T	C
glyma.Wm82.gnm2.Gm13	41034471	ss715616276	A	G
glyma.Wm82.gnm2.Gm13	41044611	ss715616277	A	G
glyma.Wm82.gnm2.Gm13	41136830	ss715616287	C	A
glyma.Wm82.gnm2.Gm13	41199807	ss715616293	C	T
glyma.Wm82.gnm2.Gm13	41267452	ss715616296	C	A
glyma.Wm82.gnm2.Gm13	41331014	ss715626910	G	T
glyma.Wm82.gnm2.Gm13	41335988	ss715626912	A	G
glyma.Wm82.gnm2.Gm13	41358619	ss715626984	T	G
glyma.Wm82.gnm2.Gm13	41620112	ss715616301	A	G
glyma.Wm82.gnm2.Gm13	41793180	ss715616317	C	T
glyma.Wm82.gnm2.Gm13	41940524	ss715616320	C	T
glyma.Wm82.gnm2.Gm13	41956772	ss715616322	T	G
glyma.Wm82.gnm2.Gm13	42035091	ss715616327	G	T
glyma.Wm82.gnm2.Gm13	42068706	ss715616332	T	C
glyma.Wm82.gnm2.Gm13	42069967	ss715616333	T	C
glyma.Wm82.gnm2.Gm13	42110725	ss715616337	A	G
glyma.Wm82.gnm2.Gm13	42199537	ss715616344	T	C
glyma.Wm82.gnm2.Gm13	42307568	ss715616348	C	T
glyma.Wm82.gnm2.Gm13	42316558	ss715616349	C	T
glyma.Wm82.gnm2.Gm13	42320427	ss715616350	C	A
glyma.Wm82.gnm2.Gm13	42498060	ss715616361	G	A
glyma.Wm82.gnm2.Gm13	42661516	ss715616371	C	T
glyma.Wm82.gnm2.Gm13	42684818	ss715616372	T	G
glyma.Wm82.gnm2.Gm13	42705460	ss715616376	T	C
glyma.Wm82.gnm2.Gm13	42723947	ss715616378	A	C
glyma.Wm82.gnm2.Gm13	42783221	ss715616383	C	T
glyma.Wm82.gnm2.Gm13	42784661	ss715616384	T	G
glyma.Wm82.gnm2.Gm13	42805087	ss715616386	T	C
glyma.Wm82.gnm2.Gm13	42896364	ss715616394	C	A
glyma.Wm82.gnm2.Gm13	42906465	ss715616397	T	C
glyma.Wm82.gnm2.Gm13	42922317	ss715616398	A	G
glyma.Wm82.gnm2.Gm13	43019692	ss715616402	A	G
glyma.Wm82.gnm2.Gm13	43052974	ss715616405	G	A
glyma.Wm82.gnm2.Gm13	43055510	ss715616406	G	T
glyma.Wm82.gnm2.Gm13	43056092	ss715616407	G	A
glyma.Wm82.gnm2.Gm13	43075347	ss715616409	T	G
glyma.Wm82.gnm2.Gm13	43103255	ss715616412	A	G
glyma.Wm82.gnm2.Gm13	43109342	ss715616413	T	G
glyma.Wm82.gnm2.Gm13	43131735	ss715616414	G	A
glyma.Wm82.gnm2.Gm13	43150878	ss715616415	A	G
glyma.Wm82.gnm2.Gm13	43220826	ss715616422	A	G
glyma.Wm82.gnm2.Gm13	43312239	ss715616432	T	G
glyma.Wm82.gnm2.Gm13	43346546	ss715616439	T	C
glyma.Wm82.gnm2.Gm13	43366374	ss715616441	C	A
glyma.Wm82.gnm2.Gm13	43489610	ss715616456	C	T
glyma.Wm82.gnm2.Gm13	43591415	ss715616467	T	G
glyma.Wm82.gnm2.Gm13	43609132	ss715616469	A	G
glyma.Wm82.gnm2.Gm13	43625840	ss715616472	A	G
glyma.Wm82.gnm2.Gm13	43640741	ss715616475	A	C
glyma.Wm82.gnm2.Gm13	43739987	ss715616483	C	T
glyma.Wm82.gnm2.Gm13	43821497	ss715616489	C	T
glyma.Wm82.gnm2.Gm13	43835710	ss715616490	A	G
glyma.Wm82.gnm2.Gm13	43904341	ss715616496	A	C
glyma.Wm82.gnm2.Gm13	44046219	ss715616510	C	T
glyma.Wm82.gnm2.Gm13	44089742	ss715616513	G	A
glyma.Wm82.gnm2.Gm13	44109142	ss715616516	T	G
glyma.Wm82.gnm2.Gm13	44121908	ss715616518	T	C
glyma.Wm82.gnm2.Gm13	44178543	ss715616520	T	G
glyma.Wm82.gnm2.Gm13	44215392	ss715616523	G	A
glyma.Wm82.gnm2.Gm13	44303569	ss715616531	G	A
glyma.Wm82.gnm2.Gm13	44321898	ss715616532	T	G
glyma.Wm82.gnm2.Gm13	44357080	ss715616535	T	C
glyma.Wm82.gnm2.Gm13	44393926	ss715616538	T	C
glyma.Wm82.gnm2.Gm13	44410037	ss715616540	A	C
glyma.Wm82.gnm2.Gm13	44412149	ss715616542	A	G
glyma.Wm82.gnm2.Gm13	44424677	ss715616543	C	A
glyma.Wm82.gnm2.Gm13	44425648	ss715616544	T	C
glyma.Wm82.gnm2.Gm13	44432363	ss715616545	C	T
glyma.Wm82.gnm2.Gm13	44484466	ss715616551	G	A
glyma.Wm82.gnm2.Gm13	44529296	ss715616554	G	A
glyma.Wm82.gnm2.Gm13	44643585	ss715616558	T	C
glyma.Wm82.gnm2.Gm13	44713529	ss715616568	T	C
glyma.Wm82.gnm2.Gm13	44837659	ss715616570	G	A
glyma.Wm82.gnm2.Gm13	44974873	ss715616576	G	A
glyma.Wm82.gnm2.Gm13	45165211	ss715616585	C	T
glyma.Wm82.gnm2.Gm13	45221203	ss715616586	G	A
glyma.Wm82.gnm2.Gm13	45237078	ss715616587	G	A
glyma.Wm82.gnm2.Gm13	45485814	ss715616604	G	A
glyma.Wm82.gnm2.Gm13	45558151	ss715616609	T	C
glyma.Wm82.gnm2.Gm13	45564688	ss715616610	C	T
glyma.Wm82.gnm2.Gm13	45577332	ss715616612	G	A
glyma.Wm82.gnm2.Gm13	45625674	ss715616616	C	T
glyma.Wm82.gnm2.Gm13	45652252	ss715616618	A	C
glyma.Wm82.gnm2.Gm13	45682703	ss715616621	C	A
glyma.Wm82.gnm2.Gm13	45728177	ss715616623	C	T
glyma.Wm82.gnm2.Gm13	45783109	ss715616624	G	T
glyma.Wm82.gnm2.Gm13	45810724	ss715616626	C	T
glyma.Wm82.gnm2.Gm14	75010	ss715619815	G	A
glyma.Wm82.gnm2.Gm14	240293	ss715618065	G	A
glyma.Wm82.gnm2.Gm14	258679	ss715618107	T	C
glyma.Wm82.gnm2.Gm14	280526	ss715618156	C	A
glyma.Wm82.gnm2.Gm14	301580	ss715618222	C	T
glyma.Wm82.gnm2.Gm14	336279	ss715618363	C	A
glyma.Wm82.gnm2.Gm14	363652	ss715618491	C	T
glyma.Wm82.gnm2.Gm14	376755	ss715618538	C	T
glyma.Wm82.gnm2.Gm14	401577	ss715618641	C	.
glyma.Wm82.gnm2.Gm14	409976	ss715618679	A	C
glyma.Wm82.gnm2.Gm14	535078	ss715619650	T	C
glyma.Wm82.gnm2.Gm14	572408	ss715619698	G	A
glyma.Wm82.gnm2.Gm14	652974	ss715619777	A	.
glyma.Wm82.gnm2.Gm14	662549	ss715619784	A	G
glyma.Wm82.gnm2.Gm14	690722	ss715619814	C	T
glyma.Wm82.gnm2.Gm14	757976	ss715619887	A	C
glyma.Wm82.gnm2.Gm14	784623	ss715619914	G	A
glyma.Wm82.gnm2.Gm14	849581	ss715620013	G	.
glyma.Wm82.gnm2.Gm14	860378	ss715620019	A	C
glyma.Wm82.gnm2.Gm14	904352	ss715620049	C	T
glyma.Wm82.gnm2.Gm14	917694	ss715620072	G	T
glyma.Wm82.gnm2.Gm14	939553	ss715620097	T	C
glyma.Wm82.gnm2.Gm14	974027	ss715620131	T	C
glyma.Wm82.gnm2.Gm14	977674	ss715620135	G	T
glyma.Wm82.gnm2.Gm14	1052631	ss715617408	G	A
glyma.Wm82.gnm2.Gm14	1162800	ss715617537	G	A
glyma.Wm82.gnm2.Gm14	1164935	ss715617538	G	A
glyma.Wm82.gnm2.Gm14	1169042	ss715617539	A	G
glyma.Wm82.gnm2.Gm14	1170799	ss715617540	T	C
glyma.Wm82.gnm2.Gm14	1225386	ss715617566	A	G
glyma.Wm82.gnm2.Gm14	1286877	ss715617624	T	C
glyma.Wm82.gnm2.Gm14	1337963	ss715617674	C	.
glyma.Wm82.gnm2.Gm14	1416586	ss715617757	A	G
glyma.Wm82.gnm2.Gm14	1444397	ss715617778	A	G
glyma.Wm82.gnm2.Gm14	1491666	ss715617791	T	C
glyma.Wm82.gnm2.Gm14	1496980	ss715617793	T	C
glyma.Wm82.gnm2.Gm14	1548557	ss715617811	C	T
glyma.Wm82.gnm2.Gm14	1562760	ss715617813	T	C
glyma.Wm82.gnm2.Gm14	1580467	ss715617818	G	.
glyma.Wm82.gnm2.Gm14	1612516	ss715617825	G	.
glyma.Wm82.gnm2.Gm14	1643906	ss715617839	A	C
glyma.Wm82.gnm2.Gm14	1650380	ss715617842	A	.
glyma.Wm82.gnm2.Gm14	1673232	ss715617845	C	T
glyma.Wm82.gnm2.Gm14	1684906	ss715617848	A	G
glyma.Wm82.gnm2.Gm14	1714629	ss715617859	A	G
glyma.Wm82.gnm2.Gm14	1718889	ss715617860	A	C
glyma.Wm82.gnm2.Gm14	1761694	ss715617882	C	T
glyma.Wm82.gnm2.Gm14	1767144	ss715617883	A	G
glyma.Wm82.gnm2.Gm14	1768736	ss715617886	C	T
glyma.Wm82.gnm2.Gm14	1795304	ss715617894	C	T
glyma.Wm82.gnm2.Gm14	1906395	ss715617936	G	A
glyma.Wm82.gnm2.Gm14	1930707	ss715617946	C	T
glyma.Wm82.gnm2.Gm14	1934681	ss715617949	T	C
glyma.Wm82.gnm2.Gm14	2013931	ss715617975	G	T
glyma.Wm82.gnm2.Gm14	2110891	ss715618001	G	T
glyma.Wm82.gnm2.Gm14	2171744	ss715618015	C	T
glyma.Wm82.gnm2.Gm14	2177440	ss715618018	T	.
glyma.Wm82.gnm2.Gm14	2203023	ss715618026	T	C
glyma.Wm82.gnm2.Gm14	2278087	ss715618050	C	T
glyma.Wm82.gnm2.Gm14	2307127	ss715618056	A	G
glyma.Wm82.gnm2.Gm14	2324075	ss715618061	A	G
glyma.Wm82.gnm2.Gm14	2359872	ss715618071	A	.
glyma.Wm82.gnm2.Gm14	2387709	ss715618078	C	T
glyma.Wm82.gnm2.Gm14	2406138	ss715618083	C	A
glyma.Wm82.gnm2.Gm14	2478750	ss715618095	C	.
glyma.Wm82.gnm2.Gm14	2481174	ss715618096	C	.
glyma.Wm82.gnm2.Gm14	2523881	ss715618110	A	G
glyma.Wm82.gnm2.Gm14	2565305	ss715618118	C	A
glyma.Wm82.gnm2.Gm14	2739028	ss715618155	A	G
glyma.Wm82.gnm2.Gm14	2757432	ss715618160	G	A
glyma.Wm82.gnm2.Gm14	2762413	ss715618161	C	.
glyma.Wm82.gnm2.Gm14	2776507	ss715618167	A	C
glyma.Wm82.gnm2.Gm14	2832799	ss715618184	G	A
glyma.Wm82.gnm2.Gm14	2951113	ss715618220	C	.
glyma.Wm82.gnm2.Gm14	2959585	ss715618225	C	T
glyma.Wm82.gnm2.Gm14	2967355	ss715618230	T	G
glyma.Wm82.gnm2.Gm14	2995162	ss715618237	G	.
glyma.Wm82.gnm2.Gm14	3044333	ss715618255	A	G
glyma.Wm82.gnm2.Gm14	3059280	ss715618262	A	C
glyma.Wm82.gnm2.Gm14	3080474	ss715618273	A	.
glyma.Wm82.gnm2.Gm14	3117070	ss715618288	T	C
glyma.Wm82.gnm2.Gm14	3136255	ss715618294	A	.
glyma.Wm82.gnm2.Gm14	3147656	ss715618297	G	A
glyma.Wm82.gnm2.Gm14	3158014	ss715618303	G	.
glyma.Wm82.gnm2.Gm14	3313057	ss715618364	C	A
glyma.Wm82.gnm2.Gm14	3324595	ss715618369	G	A
glyma.Wm82.gnm2.Gm14	3356921	ss715618383	A	G
glyma.Wm82.gnm2.Gm14	3357602	ss715618384	C	T
glyma.Wm82.gnm2.Gm14	3383344	ss715618395	G	T
glyma.Wm82.gnm2.Gm14	3393419	ss715618403	A	G
glyma.Wm82.gnm2.Gm14	3431743	ss715618420	G	.
glyma.Wm82.gnm2.Gm14	3442366	ss715618426	T	C
glyma.Wm82.gnm2.Gm14	3446837	ss715618429	G	A
glyma.Wm82.gnm2.Gm14	3476310	ss715618443	C	T
glyma.Wm82.gnm2.Gm14	3487308	ss715618449	A	G
glyma.Wm82.gnm2.Gm14	3550524	ss715618474	T	.
glyma.Wm82.gnm2.Gm14	3556174	ss715618478	C	T
glyma.Wm82.gnm2.Gm14	3606657	ss715618500	A	G
glyma.Wm82.gnm2.Gm14	3615850	ss715618505	G	A
glyma.Wm82.gnm2.Gm14	3628798	ss715618511	A	C
glyma.Wm82.gnm2.Gm14	3643450	ss715618518	T	G
glyma.Wm82.gnm2.Gm14	3713128	ss715618537	A	C
glyma.Wm82.gnm2.Gm14	3762926	ss715618555	G	A
glyma.Wm82.gnm2.Gm14	3763434	ss715618556	G	A
glyma.Wm82.gnm2.Gm14	3781621	ss715618560	C	T
glyma.Wm82.gnm2.Gm14	3833035	ss715618586	A	C
glyma.Wm82.gnm2.Gm14	3853886	ss715618591	G	T
glyma.Wm82.gnm2.Gm14	3885274	ss715618604	C	T
glyma.Wm82.gnm2.Gm14	3892979	ss715618609	A	G
glyma.Wm82.gnm2.Gm14	3906480	ss715618613	T	C
glyma.Wm82.gnm2.Gm14	3907351	ss715618615	C	.
glyma.Wm82.gnm2.Gm14	3910479	ss715618616	T	C
glyma.Wm82.gnm2.Gm14	3931234	ss715618623	A	G
glyma.Wm82.gnm2.Gm14	3932841	ss715618625	T	G
glyma.Wm82.gnm2.Gm14	3946031	ss715618632	G	T
glyma.Wm82.gnm2.Gm14	3988639	ss715618652	T	C
glyma.Wm82.gnm2.Gm14	4009128	ss715618662	A	C
glyma.Wm82.gnm2.Gm14	4109693	ss715618702	C	A
glyma.Wm82.gnm2.Gm14	4131877	ss715618715	T	C
glyma.Wm82.gnm2.Gm14	4133661	ss715618717	C	.
glyma.Wm82.gnm2.Gm14	4147559	ss715618725	A	G
glyma.Wm82.gnm2.Gm14	4160292	ss715618729	G	T
glyma.Wm82.gnm2.Gm14	4194789	ss715618744	T	C
glyma.Wm82.gnm2.Gm14	4197391	ss715618746	C	.
glyma.Wm82.gnm2.Gm14	4214806	ss715618759	T	G
glyma.Wm82.gnm2.Gm14	4276178	ss715618783	C	.
glyma.Wm82.gnm2.Gm14	4281996	ss715618785	T	G
glyma.Wm82.gnm2.Gm14	4282690	ss715618787	G	A
glyma.Wm82.gnm2.Gm14	4358356	ss715594471	A	G
glyma.Wm82.gnm2.Gm14	4389238	ss715618796	T	G
glyma.Wm82.gnm2.Gm14	4389990	ss715618797	G	A
glyma.Wm82.gnm2.Gm14	4393400	ss715618800	T	.
glyma.Wm82.gnm2.Gm14	4394940	ss715618802	C	A
glyma.Wm82.gnm2.Gm14	4395684	ss715618803	C	T
glyma.Wm82.gnm2.Gm14	4396990	ss715618804	A	C
glyma.Wm82.gnm2.Gm14	4412174	ss715618812	A	C
glyma.Wm82.gnm2.Gm14	4419085	ss715618814	T	C
glyma.Wm82.gnm2.Gm14	4424514	ss715618817	A	G
glyma.Wm82.gnm2.Gm14	4465764	ss715618859	T	G
glyma.Wm82.gnm2.Gm14	4514257	ss715618907	G	T
glyma.Wm82.gnm2.Gm14	4602230	ss715619016	A	.
glyma.Wm82.gnm2.Gm14	4619311	ss715619031	A	G
glyma.Wm82.gnm2.Gm14	4643460	ss715619042	C	T
glyma.Wm82.gnm2.Gm14	4655885	ss715619054	G	A
glyma.Wm82.gnm2.Gm14	4677078	ss715619076	C	T
glyma.Wm82.gnm2.Gm14	4720006	ss715619127	C	T
glyma.Wm82.gnm2.Gm14	4733947	ss715619150	A	G
glyma.Wm82.gnm2.Gm14	4736634	ss715619154	G	A
glyma.Wm82.gnm2.Gm14	4737857	ss715619156	A	G
glyma.Wm82.gnm2.Gm14	4786788	ss715619229	T	C
glyma.Wm82.gnm2.Gm14	4823666	ss715619291	C	T
glyma.Wm82.gnm2.Gm14	4873201	ss715619375	C	A
glyma.Wm82.gnm2.Gm14	4904663	ss715619404	A	C
glyma.Wm82.gnm2.Gm14	4945253	ss715619462	G	A
glyma.Wm82.gnm2.Gm14	4949424	ss715619464	G	A
glyma.Wm82.gnm2.Gm14	4956411	ss715619475	T	.
glyma.Wm82.gnm2.Gm14	4984420	ss715619509	T	C
glyma.Wm82.gnm2.Gm14	5019305	ss715619565	A	G
glyma.Wm82.gnm2.Gm14	5104701	ss715619617	A	G
glyma.Wm82.gnm2.Gm14	5123379	ss715619622	C	T
glyma.Wm82.gnm2.Gm14	5214407	ss715619639	A	C
glyma.Wm82.gnm2.Gm14	5218409	ss715619640	G	A
glyma.Wm82.gnm2.Gm14	5227579	ss715619641	A	G
glyma.Wm82.gnm2.Gm14	5257464	ss715619454	C	.
glyma.Wm82.gnm2.Gm14	5446732	ss715619658	A	C
glyma.Wm82.gnm2.Gm14	5518473	ss715619671	T	G
glyma.Wm82.gnm2.Gm14	5560573	ss715619679	T	C
glyma.Wm82.gnm2.Gm14	5614090	ss715619686	C	T
glyma.Wm82.gnm2.Gm14	5676680	ss715619690	A	C
glyma.Wm82.gnm2.Gm14	5698425	ss715619692	C	T
glyma.Wm82.gnm2.Gm14	5806934	ss715619702	C	T
glyma.Wm82.gnm2.Gm14	5969588	ss715619710	G	A
glyma.Wm82.gnm2.Gm14	6150017	ss715619726	A	G
glyma.Wm82.gnm2.Gm14	6155305	ss715619727	C	T
glyma.Wm82.gnm2.Gm14	6179455	ss715619730	C	T
glyma.Wm82.gnm2.Gm14	6185611	ss715619732	C	T
glyma.Wm82.gnm2.Gm14	6250092	ss715619737	G	A
glyma.Wm82.gnm2.Gm14	6263912	ss715619741	C	T
glyma.Wm82.gnm2.Gm14	6273525	ss715619743	G	T
glyma.Wm82.gnm2.Gm14	6460927	ss715619759	T	C
glyma.Wm82.gnm2.Gm14	6500500	ss715619761	A	G
glyma.Wm82.gnm2.Gm14	6541031	ss715619769	G	T
glyma.Wm82.gnm2.Gm14	6590538	ss715619779	T	C
glyma.Wm82.gnm2.Gm14	6693932	ss715619786	C	T
glyma.Wm82.gnm2.Gm14	6742680	ss715619794	C	T
glyma.Wm82.gnm2.Gm14	6769526	ss715619801	T	C
glyma.Wm82.gnm2.Gm14	6778616	ss715619804	T	G
glyma.Wm82.gnm2.Gm14	6877470	ss715619811	T	C
glyma.Wm82.gnm2.Gm14	7075973	ss715619829	T	C
glyma.Wm82.gnm2.Gm14	7185718	ss715619840	G	A
glyma.Wm82.gnm2.Gm14	7230363	ss715619845	C	T
glyma.Wm82.gnm2.Gm14	7262541	ss715619850	A	G
glyma.Wm82.gnm2.Gm14	7279221	ss715619852	T	C
glyma.Wm82.gnm2.Gm14	7465100	ss715619870	C	T
glyma.Wm82.gnm2.Gm14	7636407	ss715619889	G	T
glyma.Wm82.gnm2.Gm14	7716604	ss715619901	G	A
glyma.Wm82.gnm2.Gm14	7730629	ss715619904	G	T
glyma.Wm82.gnm2.Gm14	7955420	ss715619923	A	C
glyma.Wm82.gnm2.Gm14	8009866	ss715639197	T	C
glyma.Wm82.gnm2.Gm14	8067164	ss715619990	G	A
glyma.Wm82.gnm2.Gm14	8103669	ss715619995	C	T
glyma.Wm82.gnm2.Gm14	8109384	ss715619996	G	T
glyma.Wm82.gnm2.Gm14	8161715	ss715620002	G	A
glyma.Wm82.gnm2.Gm14	8162361	ss715620003	C	T
glyma.Wm82.gnm2.Gm14	8198056	ss715620010	T	C
glyma.Wm82.gnm2.Gm14	8276727	ss715620014	C	T
glyma.Wm82.gnm2.Gm14	8431749	ss715620023	C	T
glyma.Wm82.gnm2.Gm14	8453023	ss715620026	A	C
glyma.Wm82.gnm2.Gm14	8586331	ss715620029	A	G
glyma.Wm82.gnm2.Gm14	8626289	ss715620031	G	A
glyma.Wm82.gnm2.Gm14	8631430	ss715620032	G	T
glyma.Wm82.gnm2.Gm14	8673679	ss715620035	A	G
glyma.Wm82.gnm2.Gm14	8682183	ss715620037	C	T
glyma.Wm82.gnm2.Gm14	8797943	ss715620048	C	T
glyma.Wm82.gnm2.Gm14	8826965	ss715620050	C	T
glyma.Wm82.gnm2.Gm14	8870858	ss715620052	T	C
glyma.Wm82.gnm2.Gm14	8879534	ss715620053	C	A
glyma.Wm82.gnm2.Gm14	8886334	ss715620054	A	G
glyma.Wm82.gnm2.Gm14	8887012	ss715620055	C	T
glyma.Wm82.gnm2.Gm14	8889878	ss715620057	T	C
glyma.Wm82.gnm2.Gm14	8891826	ss715620059	G	A
glyma.Wm82.gnm2.Gm14	8893758	ss715620060	G	A
glyma.Wm82.gnm2.Gm14	8897988	ss715620061	C	A
glyma.Wm82.gnm2.Gm14	8917499	ss715620063	T	C
glyma.Wm82.gnm2.Gm14	8926352	ss715620068	C	A
glyma.Wm82.gnm2.Gm14	8934973	ss715620071	G	A
glyma.Wm82.gnm2.Gm14	8989670	ss715620073	C	T
glyma.Wm82.gnm2.Gm14	8995587	ss715620074	C	T
glyma.Wm82.gnm2.Gm14	9050779	ss715620082	G	A
glyma.Wm82.gnm2.Gm14	9246552	ss715620102	G	T
glyma.Wm82.gnm2.Gm14	9382564	ss715620120	G	A
glyma.Wm82.gnm2.Gm14	9473854	ss715620126	C	T
glyma.Wm82.gnm2.Gm14	9608637	ss715620139	T	C
glyma.Wm82.gnm2.Gm14	9677669	ss715620148	G	A
glyma.Wm82.gnm2.Gm14	9699675	ss715620149	C	T
glyma.Wm82.gnm2.Gm14	9755230	ss715620153	C	A
glyma.Wm82.gnm2.Gm14	9780832	ss715620160	C	T
glyma.Wm82.gnm2.Gm14	9785948	ss715620163	G	A
glyma.Wm82.gnm2.Gm14	9851954	ss715617319	G	T
glyma.Wm82.gnm2.Gm14	9897988	ss715617334	T	C
glyma.Wm82.gnm2.Gm14	9898587	ss715617335	A	G
glyma.Wm82.gnm2.Gm14	9903945	ss715617338	C	T
glyma.Wm82.gnm2.Gm14	9906418	ss715617342	T	C
glyma.Wm82.gnm2.Gm14	9926466	ss715617343	G	A
glyma.Wm82.gnm2.Gm14	9942223	ss715617346	C	A
glyma.Wm82.gnm2.Gm14	9944646	ss715617348	T	C
glyma.Wm82.gnm2.Gm14	9969377	ss715617351	C	T
glyma.Wm82.gnm2.Gm14	9977211	ss715617353	G	A
glyma.Wm82.gnm2.Gm14	9978722	ss715617354	G	A
glyma.Wm82.gnm2.Gm14	10095372	ss715617373	G	A
glyma.Wm82.gnm2.Gm14	10136645	ss715617380	A	C
glyma.Wm82.gnm2.Gm14	10153478	ss715617382	C	T
glyma.Wm82.gnm2.Gm14	10207813	ss715617389	A	G
glyma.Wm82.gnm2.Gm14	10237420	ss715617394	A	G
glyma.Wm82.gnm2.Gm14	10272360	ss715617398	A	G
glyma.Wm82.gnm2.Gm14	10272945	ss715617399	A	G
glyma.Wm82.gnm2.Gm14	10278831	ss715617402	T	C
glyma.Wm82.gnm2.Gm14	10281858	ss715617404	G	A
glyma.Wm82.gnm2.Gm14	10298577	ss715617407	G	A
glyma.Wm82.gnm2.Gm14	10313185	ss715617410	C	T
glyma.Wm82.gnm2.Gm14	10365298	ss715617419	T	C
glyma.Wm82.gnm2.Gm14	10367222	ss715617421	C	T
glyma.Wm82.gnm2.Gm14	10367765	ss715617422	G	A
glyma.Wm82.gnm2.Gm14	10368916	ss715617423	A	C
glyma.Wm82.gnm2.Gm14	10369527	ss715617424	T	C
glyma.Wm82.gnm2.Gm14	10415532	ss715617432	A	G
glyma.Wm82.gnm2.Gm14	10441885	ss715617447	G	A
glyma.Wm82.gnm2.Gm14	10477472	ss715617458	T	C
glyma.Wm82.gnm2.Gm14	10613556	ss715617472	C	A
glyma.Wm82.gnm2.Gm14	10642709	ss715617478	T	G
glyma.Wm82.gnm2.Gm14	10708897	ss715617494	G	A
glyma.Wm82.gnm2.Gm14	10733184	ss715617498	G	A
glyma.Wm82.gnm2.Gm14	10736346	ss715617499	C	T
glyma.Wm82.gnm2.Gm14	10741639	ss715617500	C	T
glyma.Wm82.gnm2.Gm14	11090741	ss715617508	T	C
glyma.Wm82.gnm2.Gm14	11127741	ss715617512	T	C
glyma.Wm82.gnm2.Gm14	11185331	ss715617521	C	T
glyma.Wm82.gnm2.Gm14	11263680	ss715617528	T	C
glyma.Wm82.gnm2.Gm14	11273760	ss715617531	C	T
glyma.Wm82.gnm2.Gm14	11314745	ss715617533	A	G
glyma.Wm82.gnm2.Gm14	11328732	ss715617534	A	C
glyma.Wm82.gnm2.Gm14	11335747	ss715617536	C	T
glyma.Wm82.gnm2.Gm14	11559552	ss715617549	A	G
glyma.Wm82.gnm2.Gm14	11879954	ss715617556	G	A
glyma.Wm82.gnm2.Gm14	11892992	ss715617557	C	T
glyma.Wm82.gnm2.Gm14	11898988	ss715617558	G	A
glyma.Wm82.gnm2.Gm14	12110988	ss715617569	A	G
glyma.Wm82.gnm2.Gm14	12614036	ss715617618	G	A
glyma.Wm82.gnm2.Gm14	12719538	ss715617631	T	C
glyma.Wm82.gnm2.Gm14	12922929	ss715617641	G	A
glyma.Wm82.gnm2.Gm14	12924430	ss715617642	A	C
glyma.Wm82.gnm2.Gm14	12972049	ss715617651	C	A
glyma.Wm82.gnm2.Gm14	13072921	ss715617658	C	A
glyma.Wm82.gnm2.Gm14	13073574	ss715617659	T	C
glyma.Wm82.gnm2.Gm14	13086810	ss715617663	T	C
glyma.Wm82.gnm2.Gm14	13093976	ss715617665	A	G
glyma.Wm82.gnm2.Gm14	13099475	ss715617667	A	G
glyma.Wm82.gnm2.Gm14	13321438	ss715617687	G	T
glyma.Wm82.gnm2.Gm14	13415652	ss715617718	T	G
glyma.Wm82.gnm2.Gm14	13514188	ss715617725	G	A
glyma.Wm82.gnm2.Gm14	13570677	ss715617733	T	G
glyma.Wm82.gnm2.Gm14	13572127	ss715617735	C	T
glyma.Wm82.gnm2.Gm14	13609907	ss715617743	C	T
glyma.Wm82.gnm2.Gm14	13685573	ss715617749	C	T
glyma.Wm82.gnm2.Gm14	13693065	ss715617750	T	C
glyma.Wm82.gnm2.Gm14	13961082	ss715617760	C	T
glyma.Wm82.gnm2.Gm14	14036768	ss715617765	C	T
glyma.Wm82.gnm2.Gm14	14040415	ss715617766	C	T
glyma.Wm82.gnm2.Gm14	14041407	ss715617767	G	A
glyma.Wm82.gnm2.Gm14	14079119	ss715617770	C	T
glyma.Wm82.gnm2.Gm14	14085812	ss715617771	T	G
glyma.Wm82.gnm2.Gm14	14086666	ss715617772	C	T
glyma.Wm82.gnm2.Gm14	14238974	ss715617779	C	T
glyma.Wm82.gnm2.Gm14	14891260	ss715617797	G	.
glyma.Wm82.gnm2.Gm14	15453971	ss715618334	T	C
glyma.Wm82.gnm2.Gm14	15646669	ss715618344	T	G
glyma.Wm82.gnm2.Gm14	18356308	ss715618466	A	G
glyma.Wm82.gnm2.Gm14	19035745	ss715618495	G	A
glyma.Wm82.gnm2.Gm14	19253883	ss715618507	G	A
glyma.Wm82.gnm2.Gm14	19831261	ss715617815	G	A
glyma.Wm82.gnm2.Gm14	20110020	ss715617822	T	G
glyma.Wm82.gnm2.Gm14	20224114	ss715617824	G	A
glyma.Wm82.gnm2.Gm14	20379422	ss715617830	G	A
glyma.Wm82.gnm2.Gm14	21119741	ss715617853	G	A
glyma.Wm82.gnm2.Gm14	21187432	ss715617856	G	A
glyma.Wm82.gnm2.Gm14	21495375	ss715617872	C	T
glyma.Wm82.gnm2.Gm14	21609962	ss715617874	C	T
glyma.Wm82.gnm2.Gm14	21733343	ss715617881	G	T
glyma.Wm82.gnm2.Gm14	21793391	ss715617884	G	A
glyma.Wm82.gnm2.Gm14	21813467	ss715617887	A	G
glyma.Wm82.gnm2.Gm14	22010302	ss715617892	A	G
glyma.Wm82.gnm2.Gm14	22110546	ss715617895	C	T
glyma.Wm82.gnm2.Gm14	22150908	ss715617896	C	T
glyma.Wm82.gnm2.Gm14	22209295	ss715617898	G	A
glyma.Wm82.gnm2.Gm14	22267089	ss715617899	G	A
glyma.Wm82.gnm2.Gm14	22514991	ss715617909	C	T
glyma.Wm82.gnm2.Gm14	22537916	ss715617910	C	T
glyma.Wm82.gnm2.Gm14	22559679	ss715617911	G	A
glyma.Wm82.gnm2.Gm14	22792667	ss715617919	T	C
glyma.Wm82.gnm2.Gm14	23008189	ss715617928	G	T
glyma.Wm82.gnm2.Gm14	23233125	ss715617935	T	C
glyma.Wm82.gnm2.Gm14	23364345	ss715617943	T	C
glyma.Wm82.gnm2.Gm14	23561279	ss715617952	G	A
glyma.Wm82.gnm2.Gm14	23632624	ss715617955	C	T
glyma.Wm82.gnm2.Gm14	23657637	ss715617956	G	A
glyma.Wm82.gnm2.Gm14	23683148	ss715617957	C	T
glyma.Wm82.gnm2.Gm14	23779696	ss715617960	T	G
glyma.Wm82.gnm2.Gm14	23850222	ss715617961	G	A
glyma.Wm82.gnm2.Gm14	23920897	ss715617963	T	C
glyma.Wm82.gnm2.Gm14	24058988	ss715617966	G	A
glyma.Wm82.gnm2.Gm14	24175314	ss715617970	C	T
glyma.Wm82.gnm2.Gm14	24367698	ss715617976	A	C
glyma.Wm82.gnm2.Gm14	24590270	ss715617978	C	A
glyma.Wm82.gnm2.Gm14	24698578	ss715617983	C	T
glyma.Wm82.gnm2.Gm14	24738908	ss715617984	C	T
glyma.Wm82.gnm2.Gm14	24998820	ss715617992	C	T
glyma.Wm82.gnm2.Gm14	25952417	ss715618019	T	C
glyma.Wm82.gnm2.Gm14	26166738	ss715618027	C	T
glyma.Wm82.gnm2.Gm14	26668938	ss715618043	T	G
glyma.Wm82.gnm2.Gm14	26690937	ss715618045	T	C
glyma.Wm82.gnm2.Gm14	27304278	ss715618059	C	T
glyma.Wm82.gnm2.Gm14	27338329	ss715618060	G	A
glyma.Wm82.gnm2.Gm14	27867119	ss715618075	G	A
glyma.Wm82.gnm2.Gm14	28167618	ss715618084	A	G
glyma.Wm82.gnm2.Gm14	28515162	ss715618089	T	C
glyma.Wm82.gnm2.Gm14	28797795	ss715618093	C	T
glyma.Wm82.gnm2.Gm14	29374855	ss715618112	C	T
glyma.Wm82.gnm2.Gm14	30907541	ss715618136	C	T
glyma.Wm82.gnm2.Gm14	31018553	ss715618139	G	A
glyma.Wm82.gnm2.Gm14	31044152	ss715618140	G	A
glyma.Wm82.gnm2.Gm14	31118801	ss715618141	G	A
glyma.Wm82.gnm2.Gm14	31247824	ss715618146	C	T
glyma.Wm82.gnm2.Gm14	31279948	ss715618148	A	G
glyma.Wm82.gnm2.Gm14	31442818	ss715618152	T	C
glyma.Wm82.gnm2.Gm14	32290119	ss715618179	T	C
glyma.Wm82.gnm2.Gm14	32596129	ss715618190	T	C
glyma.Wm82.gnm2.Gm14	32917417	ss715618199	G	A
glyma.Wm82.gnm2.Gm14	33792495	ss715618228	A	C
glyma.Wm82.gnm2.Gm14	34982625	ss715618275	T	C
glyma.Wm82.gnm2.Gm14	35045414	ss715618277	G	A
glyma.Wm82.gnm2.Gm14	35218373	ss715618284	C	T
glyma.Wm82.gnm2.Gm14	35361745	ss715618289	G	A
glyma.Wm82.gnm2.Gm14	35407093	ss715618290	C	T
glyma.Wm82.gnm2.Gm14	35578064	ss715618296	T	C
glyma.Wm82.gnm2.Gm14	35762679	ss715618304	G	A
glyma.Wm82.gnm2.Gm14	36354444	ss715618528	G	A
glyma.Wm82.gnm2.Gm14	38002496	ss715618603	G	T
glyma.Wm82.gnm2.Gm14	38766718	ss715618639	G	T
glyma.Wm82.gnm2.Gm14	38953790	ss715618649	G	T
glyma.Wm82.gnm2.Gm14	40393472	ss715618713	C	T
glyma.Wm82.gnm2.Gm14	40490233	ss715618718	A	G
glyma.Wm82.gnm2.Gm14	40916184	ss715618736	G	A
glyma.Wm82.gnm2.Gm14	41205021	ss715618755	G	A
glyma.Wm82.gnm2.Gm14	41276351	ss715618758	G	A
glyma.Wm82.gnm2.Gm14	41527534	ss715618769	G	A
glyma.Wm82.gnm2.Gm14	41675829	ss715618772	C	T
glyma.Wm82.gnm2.Gm14	41735365	ss715618774	A	G
glyma.Wm82.gnm2.Gm14	41798652	ss715618780	T	C
glyma.Wm82.gnm2.Gm14	42198757	ss715618793	G	A
glyma.Wm82.gnm2.Gm14	42640094	ss715618816	G	A
glyma.Wm82.gnm2.Gm14	42874364	ss715618824	A	G
glyma.Wm82.gnm2.Gm14	42930230	ss715618829	T	C
glyma.Wm82.gnm2.Gm14	42950414	ss715618830	T	G
glyma.Wm82.gnm2.Gm14	42990844	ss715618832	G	A
glyma.Wm82.gnm2.Gm14	43004289	ss715618834	C	T
glyma.Wm82.gnm2.Gm14	43011789	ss715618835	T	C
glyma.Wm82.gnm2.Gm14	43012296	ss715618836	G	A
glyma.Wm82.gnm2.Gm14	43014908	ss715618839	C	T
glyma.Wm82.gnm2.Gm14	43035722	ss715618841	G	T
glyma.Wm82.gnm2.Gm14	43038105	ss715618844	C	T
glyma.Wm82.gnm2.Gm14	43038693	ss715618845	C	T
glyma.Wm82.gnm2.Gm14	43039317	ss715618846	A	G
glyma.Wm82.gnm2.Gm14	43144471	ss715618871	G	A
glyma.Wm82.gnm2.Gm14	43162328	ss715618874	C	T
glyma.Wm82.gnm2.Gm14	43196065	ss715618875	C	T
glyma.Wm82.gnm2.Gm14	43197248	ss715618876	C	T
glyma.Wm82.gnm2.Gm14	43276428	ss715618879	G	A
glyma.Wm82.gnm2.Gm14	43326120	ss715618882	C	A
glyma.Wm82.gnm2.Gm14	43410591	ss715618884	C	T
glyma.Wm82.gnm2.Gm14	43436376	ss715618890	C	T
glyma.Wm82.gnm2.Gm14	43492888	ss715618896	T	G
glyma.Wm82.gnm2.Gm14	43499571	ss715618897	A	C
glyma.Wm82.gnm2.Gm14	43574561	ss715618910	C	T
glyma.Wm82.gnm2.Gm14	43576327	ss715618912	T	C
glyma.Wm82.gnm2.Gm14	43584436	ss715618914	C	T
glyma.Wm82.gnm2.Gm14	43674922	ss715618928	T	C
glyma.Wm82.gnm2.Gm14	43718266	ss715618930	G	T
glyma.Wm82.gnm2.Gm14	43763886	ss715618936	G	A
glyma.Wm82.gnm2.Gm14	43813726	ss715618942	T	C
glyma.Wm82.gnm2.Gm14	43882821	ss715618951	C	T
glyma.Wm82.gnm2.Gm14	44015874	ss715618964	C	T
glyma.Wm82.gnm2.Gm14	44019206	ss715618966	T	G
glyma.Wm82.gnm2.Gm14	44027549	ss715618971	G	T
glyma.Wm82.gnm2.Gm14	44031422	ss715618972	G	A
glyma.Wm82.gnm2.Gm14	44037930	ss715618974	A	G
glyma.Wm82.gnm2.Gm14	44074217	ss715618982	G	A
glyma.Wm82.gnm2.Gm14	44318281	ss715618996	T	C
glyma.Wm82.gnm2.Gm14	44366643	ss715619000	G	T
glyma.Wm82.gnm2.Gm14	44379151	ss715619002	T	C
glyma.Wm82.gnm2.Gm14	44391672	ss715619004	C	T
glyma.Wm82.gnm2.Gm14	44429689	ss715619009	C	A
glyma.Wm82.gnm2.Gm14	44433451	ss715619010	C	T
glyma.Wm82.gnm2.Gm14	44434854	ss715619011	G	A
glyma.Wm82.gnm2.Gm14	44464828	ss715619019	A	G
glyma.Wm82.gnm2.Gm14	44502709	ss715619021	G	A
glyma.Wm82.gnm2.Gm14	44521334	ss715619024	C	T
glyma.Wm82.gnm2.Gm14	44550407	ss715619025	C	T
glyma.Wm82.gnm2.Gm14	44553472	ss715619026	G	A
glyma.Wm82.gnm2.Gm14	44561605	ss715619027	C	T
glyma.Wm82.gnm2.Gm14	44596787	ss715619029	T	C
glyma.Wm82.gnm2.Gm14	44743640	ss715619035	G	A
glyma.Wm82.gnm2.Gm14	44948661	ss715619049	G	A
glyma.Wm82.gnm2.Gm14	44950562	ss715619050	C	T
glyma.Wm82.gnm2.Gm14	45017975	ss715619056	C	T
glyma.Wm82.gnm2.Gm14	45030623	ss715619057	C	T
glyma.Wm82.gnm2.Gm14	45093492	ss715619059	G	A
glyma.Wm82.gnm2.Gm14	45096495	ss715619060	C	T
glyma.Wm82.gnm2.Gm14	45103859	ss715619061	C	T
glyma.Wm82.gnm2.Gm14	45116791	ss715619062	A	C
glyma.Wm82.gnm2.Gm14	45170867	ss715619065	A	G
glyma.Wm82.gnm2.Gm14	45181706	ss715619071	C	T
glyma.Wm82.gnm2.Gm14	45190686	ss715619072	G	A
glyma.Wm82.gnm2.Gm14	45287599	ss715619086	A	G
glyma.Wm82.gnm2.Gm14	45324958	ss715619092	C	T
glyma.Wm82.gnm2.Gm14	45384724	ss715619098	T	C
glyma.Wm82.gnm2.Gm14	45432692	ss715619104	G	T
glyma.Wm82.gnm2.Gm14	45474944	ss715619105	C	T
glyma.Wm82.gnm2.Gm14	45556262	ss715619119	A	C
glyma.Wm82.gnm2.Gm14	45601787	ss715619124	C	T
glyma.Wm82.gnm2.Gm14	45711914	ss715619137	G	T
glyma.Wm82.gnm2.Gm14	45722988	ss715619143	G	T
glyma.Wm82.gnm2.Gm14	45749294	ss715619148	G	A
glyma.Wm82.gnm2.Gm14	45801155	ss715619151	G	A
glyma.Wm82.gnm2.Gm14	45828565	ss715619157	C	T
glyma.Wm82.gnm2.Gm14	45835214	ss715619158	G	A
glyma.Wm82.gnm2.Gm14	45892866	ss715619166	T	C
glyma.Wm82.gnm2.Gm14	45913601	ss715619172	A	G
glyma.Wm82.gnm2.Gm14	45922211	ss715619174	G	A
glyma.Wm82.gnm2.Gm14	45943638	ss715619176	C	T
glyma.Wm82.gnm2.Gm14	45962647	ss715619177	C	T
glyma.Wm82.gnm2.Gm14	46010999	ss715619184	C	T
glyma.Wm82.gnm2.Gm14	46026310	ss715619185	C	T
glyma.Wm82.gnm2.Gm14	46055452	ss715619189	A	G
glyma.Wm82.gnm2.Gm14	46059700	ss715619190	G	A
glyma.Wm82.gnm2.Gm14	46168096	ss715619199	C	T
glyma.Wm82.gnm2.Gm14	46179071	ss715619202	T	C
glyma.Wm82.gnm2.Gm14	46222100	ss715619209	T	C
glyma.Wm82.gnm2.Gm14	46224993	ss715619211	T	G
glyma.Wm82.gnm2.Gm14	46226689	ss715619212	G	A
glyma.Wm82.gnm2.Gm14	46301015	ss715619222	C	T
glyma.Wm82.gnm2.Gm14	46337876	ss715619231	T	G
glyma.Wm82.gnm2.Gm14	46400093	ss715619250	C	T
glyma.Wm82.gnm2.Gm14	46403532	ss715619252	C	T
glyma.Wm82.gnm2.Gm14	46427618	ss715619259	T	G
glyma.Wm82.gnm2.Gm14	46486812	ss715619267	A	G
glyma.Wm82.gnm2.Gm14	46553728	ss715619273	T	G
glyma.Wm82.gnm2.Gm14	46587539	ss715619275	G	T
glyma.Wm82.gnm2.Gm14	46594266	ss715619277	T	G
glyma.Wm82.gnm2.Gm14	46603664	ss715639155	C	A
glyma.Wm82.gnm2.Gm14	46627408	ss715619280	C	T
glyma.Wm82.gnm2.Gm14	46628326	ss715619281	T	C
glyma.Wm82.gnm2.Gm14	46675129	ss715619288	T	C
glyma.Wm82.gnm2.Gm14	46680987	ss715619289	T	C
glyma.Wm82.gnm2.Gm14	46682133	ss715619290	T	C
glyma.Wm82.gnm2.Gm14	46692782	ss715619293	C	T
glyma.Wm82.gnm2.Gm14	46711712	ss715619297	G	T
glyma.Wm82.gnm2.Gm14	46736705	ss715619300	G	T
glyma.Wm82.gnm2.Gm14	46738490	ss715619301	T	C
glyma.Wm82.gnm2.Gm14	46748261	ss715619304	A	C
glyma.Wm82.gnm2.Gm14	46767399	ss715619307	G	A
glyma.Wm82.gnm2.Gm14	46768894	ss715619308	T	C
glyma.Wm82.gnm2.Gm14	46777996	ss715619309	A	G
glyma.Wm82.gnm2.Gm14	46814997	ss715619314	A	C
glyma.Wm82.gnm2.Gm14	46848814	ss715619319	T	C
glyma.Wm82.gnm2.Gm14	46873034	ss715619328	C	A
glyma.Wm82.gnm2.Gm14	46893486	ss715619334	T	C
glyma.Wm82.gnm2.Gm14	46933569	ss715619339	G	T
glyma.Wm82.gnm2.Gm14	46963924	ss715619343	A	G
glyma.Wm82.gnm2.Gm14	46984576	ss715619345	A	C
glyma.Wm82.gnm2.Gm14	47005703	ss715619349	T	C
glyma.Wm82.gnm2.Gm14	47010428	ss715619351	G	A
glyma.Wm82.gnm2.Gm14	47096943	ss715619359	C	A
glyma.Wm82.gnm2.Gm14	47120752	ss715619361	A	G
glyma.Wm82.gnm2.Gm14	47186099	ss715619366	T	C
glyma.Wm82.gnm2.Gm14	47222971	ss715619378	A	G
glyma.Wm82.gnm2.Gm14	47409709	ss715619393	T	C
glyma.Wm82.gnm2.Gm14	47444760	ss715619396	C	T
glyma.Wm82.gnm2.Gm14	47463954	ss715619399	A	C
glyma.Wm82.gnm2.Gm14	47589696	ss715619416	C	T
glyma.Wm82.gnm2.Gm14	47590507	ss715619417	A	C
glyma.Wm82.gnm2.Gm14	47613771	ss715619420	C	A
glyma.Wm82.gnm2.Gm14	47643288	ss715619423	C	T
glyma.Wm82.gnm2.Gm14	47677286	ss715619429	G	A
glyma.Wm82.gnm2.Gm14	47677913	ss715619430	G	T
glyma.Wm82.gnm2.Gm14	47743254	ss715619434	C	T
glyma.Wm82.gnm2.Gm14	47789691	ss715619442	T	C
glyma.Wm82.gnm2.Gm14	47851291	ss715619451	A	G
glyma.Wm82.gnm2.Gm14	47912743	ss715619460	T	C
glyma.Wm82.gnm2.Gm14	47988004	ss715619469	A	G
glyma.Wm82.gnm2.Gm14	48181373	ss715619595	G	A
glyma.Wm82.gnm2.Gm14	48204970	ss715619591	A	G
glyma.Wm82.gnm2.Gm14	48301669	ss715619580	T	C
glyma.Wm82.gnm2.Gm14	48388297	ss715619570	G	A
glyma.Wm82.gnm2.Gm14	48483077	ss715619554	C	T
glyma.Wm82.gnm2.Gm14	48591908	ss715619537	A	G
glyma.Wm82.gnm2.Gm14	48662141	ss715619529	C	T
glyma.Wm82.gnm2.Gm14	48709031	ss715619521	C	T
glyma.Wm82.gnm2.Gm14	48761814	ss715619513	G	T
glyma.Wm82.gnm2.Gm14	48765638	ss715619512	T	C
glyma.Wm82.gnm2.Gm14	48822053	ss715619504	T	C
glyma.Wm82.gnm2.Gm14	48828505	ss715619503	C	T
glyma.Wm82.gnm2.Gm14	48866465	ss715619496	G	A
glyma.Wm82.gnm2.Gm14	48885331	ss715619492	G	A
glyma.Wm82.gnm2.Gm14	48885872	ss715619491	C	T
glyma.Wm82.gnm2.Gm14	48942193	ss715619485	C	A
glyma.Wm82.gnm2.Gm14	48976270	ss715619482	T	C
glyma.Wm82.gnm2.Gm14	48997963	ss715619481	T	C
glyma.Wm82.gnm2.Gm14	49022524	ss715619478	C	T
glyma.Wm82.gnm2.Gm15	11691	ss715620313	C	A
glyma.Wm82.gnm2.Gm15	14710	ss715620741	C	T
glyma.Wm82.gnm2.Gm15	52012	ss715622821	A	G
glyma.Wm82.gnm2.Gm15	69595	ss715622963	C	T
glyma.Wm82.gnm2.Gm15	171892	ss715621112	A	G
glyma.Wm82.gnm2.Gm15	180870	ss715621145	C	T
glyma.Wm82.gnm2.Gm15	267736	ss715621436	G	A
glyma.Wm82.gnm2.Gm15	425639	ss715621899	T	C
glyma.Wm82.gnm2.Gm15	450275	ss715621992	A	G
glyma.Wm82.gnm2.Gm15	467764	ss715622188	A	G
glyma.Wm82.gnm2.Gm15	577713	ss715622860	A	C
glyma.Wm82.gnm2.Gm15	658311	ss715622924	T	C
glyma.Wm82.gnm2.Gm15	714829	ss715623001	A	G
glyma.Wm82.gnm2.Gm15	741109	ss715623019	C	A
glyma.Wm82.gnm2.Gm15	797341	ss715623095	A	G
glyma.Wm82.gnm2.Gm15	799809	ss715623096	C	A
glyma.Wm82.gnm2.Gm15	830576	ss715623123	T	C
glyma.Wm82.gnm2.Gm15	838665	ss715623128	T	C
glyma.Wm82.gnm2.Gm15	1105348	ss715620285	T	G
glyma.Wm82.gnm2.Gm15	1110045	ss715620289	C	A
glyma.Wm82.gnm2.Gm15	1221355	ss715620413	C	A
glyma.Wm82.gnm2.Gm15	1233657	ss715620431	T	G
glyma.Wm82.gnm2.Gm15	1387245	ss715620667	G	T
glyma.Wm82.gnm2.Gm15	1388853	ss715620670	T	C
glyma.Wm82.gnm2.Gm15	1617650	ss715621068	C	T
glyma.Wm82.gnm2.Gm15	1756815	ss715621128	C	T
glyma.Wm82.gnm2.Gm15	1766302	ss715621133	C	T
glyma.Wm82.gnm2.Gm15	1785519	ss715621139	A	G
glyma.Wm82.gnm2.Gm15	1818392	ss715621151	A	C
glyma.Wm82.gnm2.Gm15	1928354	ss715621190	G	A
glyma.Wm82.gnm2.Gm15	1989932	ss715621214	T	G
glyma.Wm82.gnm2.Gm15	2049958	ss715621235	A	G
glyma.Wm82.gnm2.Gm15	2072091	ss715621242	G	.
glyma.Wm82.gnm2.Gm15	2110683	ss715621258	T	C
glyma.Wm82.gnm2.Gm15	2113967	ss715621259	A	G
glyma.Wm82.gnm2.Gm15	2148657	ss715621272	C	T
glyma.Wm82.gnm2.Gm15	2238509	ss715621299	G	A
glyma.Wm82.gnm2.Gm15	2290761	ss715621314	A	G
glyma.Wm82.gnm2.Gm15	2323879	ss715621326	A	G
glyma.Wm82.gnm2.Gm15	2339889	ss715621333	C	T
glyma.Wm82.gnm2.Gm15	2342446	ss715621335	T	.
glyma.Wm82.gnm2.Gm15	2637432	ss715621426	A	G
glyma.Wm82.gnm2.Gm15	2649998	ss715621431	T	.
glyma.Wm82.gnm2.Gm15	2693688	ss715621442	A	G
glyma.Wm82.gnm2.Gm15	2698586	ss715621444	G	A
glyma.Wm82.gnm2.Gm15	2736495	ss715621454	T	G
glyma.Wm82.gnm2.Gm15	2765144	ss715621462	A	C
glyma.Wm82.gnm2.Gm15	2797658	ss715621472	C	.
glyma.Wm82.gnm2.Gm15	2831678	ss715621481	G	A
glyma.Wm82.gnm2.Gm15	2936121	ss715621504	T	C
glyma.Wm82.gnm2.Gm15	2966838	ss715621512	T	C
glyma.Wm82.gnm2.Gm15	3028399	ss715621535	T	G
glyma.Wm82.gnm2.Gm15	3032666	ss715621537	T	C
glyma.Wm82.gnm2.Gm15	3050698	ss715621545	G	T
glyma.Wm82.gnm2.Gm15	3053202	ss715621546	G	A
glyma.Wm82.gnm2.Gm15	3072421	ss715621553	A	G
glyma.Wm82.gnm2.Gm15	3291460	ss715621612	G	A
glyma.Wm82.gnm2.Gm15	3315055	ss715621619	G	T
glyma.Wm82.gnm2.Gm15	3323788	ss715621622	A	G
glyma.Wm82.gnm2.Gm15	3344528	ss715621633	T	.
glyma.Wm82.gnm2.Gm15	3379046	ss715621642	C	A
glyma.Wm82.gnm2.Gm15	3439767	ss715621658	C	A
glyma.Wm82.gnm2.Gm15	3498693	ss715621672	A	C
glyma.Wm82.gnm2.Gm15	3541261	ss715621683	A	G
glyma.Wm82.gnm2.Gm15	3551117	ss715621689	T	C
glyma.Wm82.gnm2.Gm15	3593887	ss715621700	A	G
glyma.Wm82.gnm2.Gm15	3610213	ss715621703	C	T
glyma.Wm82.gnm2.Gm15	3626450	ss715621708	G	A
glyma.Wm82.gnm2.Gm15	3677372	ss715621726	G	A
glyma.Wm82.gnm2.Gm15	3778535	ss715621753	G	A
glyma.Wm82.gnm2.Gm15	3786286	ss715621755	G	A
glyma.Wm82.gnm2.Gm15	3872184	ss715621785	C	T
glyma.Wm82.gnm2.Gm15	3933480	ss715621798	G	A
glyma.Wm82.gnm2.Gm15	3936757	ss715621799	A	C
glyma.Wm82.gnm2.Gm15	3982542	ss715621815	G	A
glyma.Wm82.gnm2.Gm15	3989139	ss715621818	A	C
glyma.Wm82.gnm2.Gm15	4049116	ss715621834	C	T
glyma.Wm82.gnm2.Gm15	4119316	ss715621851	A	G
glyma.Wm82.gnm2.Gm15	4121954	ss715621853	G	T
glyma.Wm82.gnm2.Gm15	4133547	ss715621859	C	.
glyma.Wm82.gnm2.Gm15	4137385	ss715621861	C	.
glyma.Wm82.gnm2.Gm15	4271251	ss715621900	A	G
glyma.Wm82.gnm2.Gm15	4277749	ss715621905	T	G
glyma.Wm82.gnm2.Gm15	4287324	ss715621910	C	T
glyma.Wm82.gnm2.Gm15	4436986	ss715621958	A	C
glyma.Wm82.gnm2.Gm15	4481538	ss715621972	G	T
glyma.Wm82.gnm2.Gm15	4486985	ss715621973	T	C
glyma.Wm82.gnm2.Gm15	4510140	ss715621985	T	C
glyma.Wm82.gnm2.Gm15	4532270	ss715622005	G	A
glyma.Wm82.gnm2.Gm15	4542952	ss715622011	A	G
glyma.Wm82.gnm2.Gm15	4635240	ss715622093	C	A
glyma.Wm82.gnm2.Gm15	4682622	ss715622164	T	C
glyma.Wm82.gnm2.Gm15	4699924	ss715622211	C	T
glyma.Wm82.gnm2.Gm15	4747284	ss715622298	A	G
glyma.Wm82.gnm2.Gm15	4926375	ss715622562	C	T
glyma.Wm82.gnm2.Gm15	5321816	ss715622831	T	C
glyma.Wm82.gnm2.Gm15	5381724	ss715622835	C	T
glyma.Wm82.gnm2.Gm15	5451312	ss715622837	G	T
glyma.Wm82.gnm2.Gm15	5488540	ss715622839	A	C
glyma.Wm82.gnm2.Gm15	5540085	ss715622842	A	G
glyma.Wm82.gnm2.Gm15	5606601	ss715622844	C	A
glyma.Wm82.gnm2.Gm15	5662394	ss715622848	C	T
glyma.Wm82.gnm2.Gm15	5732405	ss715622854	A	C
glyma.Wm82.gnm2.Gm15	5914424	ss715622868	A	G
glyma.Wm82.gnm2.Gm15	5943987	ss715622873	A	G
glyma.Wm82.gnm2.Gm15	6117218	ss715622888	T	C
glyma.Wm82.gnm2.Gm15	6144269	ss715622890	C	T
glyma.Wm82.gnm2.Gm15	6168031	ss715622893	T	C
glyma.Wm82.gnm2.Gm15	6332388	ss715622904	C	A
glyma.Wm82.gnm2.Gm15	6378542	ss715622908	G	A
glyma.Wm82.gnm2.Gm15	6680710	ss715622932	C	T
glyma.Wm82.gnm2.Gm15	6754427	ss715622941	C	T
glyma.Wm82.gnm2.Gm15	6868148	ss715622953	T	C
glyma.Wm82.gnm2.Gm15	6949300	ss715622967	A	C
glyma.Wm82.gnm2.Gm15	7016690	ss715622972	T	G
glyma.Wm82.gnm2.Gm15	7051347	ss715622978	T	C
glyma.Wm82.gnm2.Gm15	7084052	ss715622985	C	A
glyma.Wm82.gnm2.Gm15	7145731	ss715622997	C	T
glyma.Wm82.gnm2.Gm15	7159096	ss715622999	C	A
glyma.Wm82.gnm2.Gm15	7440190	ss715623020	G	A
glyma.Wm82.gnm2.Gm15	7507437	ss715623024	C	T
glyma.Wm82.gnm2.Gm15	7546286	ss715623028	C	T
glyma.Wm82.gnm2.Gm15	7579310	ss715623033	G	A
glyma.Wm82.gnm2.Gm15	7586368	ss715623034	T	C
glyma.Wm82.gnm2.Gm15	7657759	ss715623049	C	A
glyma.Wm82.gnm2.Gm15	7683165	ss715623053	G	.
glyma.Wm82.gnm2.Gm15	7778828	ss715623069	C	T
glyma.Wm82.gnm2.Gm15	8046868	ss715623097	G	A
glyma.Wm82.gnm2.Gm15	8074977	ss715623099	C	T
glyma.Wm82.gnm2.Gm15	8103192	ss715623105	C	T
glyma.Wm82.gnm2.Gm15	8128472	ss715623107	G	A
glyma.Wm82.gnm2.Gm15	8153324	ss715623108	A	G
glyma.Wm82.gnm2.Gm15	8220226	ss715623118	C	T
glyma.Wm82.gnm2.Gm15	8228539	ss715623119	A	G
glyma.Wm82.gnm2.Gm15	8279649	ss715623121	G	A
glyma.Wm82.gnm2.Gm15	8396423	ss715623125	A	G
glyma.Wm82.gnm2.Gm15	8427062	ss715623127	G	A
glyma.Wm82.gnm2.Gm15	8515399	ss715623133	G	T
glyma.Wm82.gnm2.Gm15	8559093	ss715623135	G	A
glyma.Wm82.gnm2.Gm15	8610908	ss715623141	T	C
glyma.Wm82.gnm2.Gm15	8647496	ss715623144	C	T
glyma.Wm82.gnm2.Gm15	8650109	ss715623145	G	T
glyma.Wm82.gnm2.Gm15	8682725	ss715623150	C	A
glyma.Wm82.gnm2.Gm15	8751332	ss715623160	C	T
glyma.Wm82.gnm2.Gm15	8812549	ss715623166	C	T
glyma.Wm82.gnm2.Gm15	8828041	ss715623167	C	T
glyma.Wm82.gnm2.Gm15	8901126	ss715623172	C	T
glyma.Wm82.gnm2.Gm15	8968448	ss715623178	T	G
glyma.Wm82.gnm2.Gm15	8983887	ss715623180	A	G
glyma.Wm82.gnm2.Gm15	8995854	ss715623182	T	G
glyma.Wm82.gnm2.Gm15	9019648	ss715623184	C	T
glyma.Wm82.gnm2.Gm15	9027936	ss715623185	G	A
glyma.Wm82.gnm2.Gm15	9070105	ss715623188	C	T
glyma.Wm82.gnm2.Gm15	9090050	ss715623193	A	G
glyma.Wm82.gnm2.Gm15	9095476	ss715623194	G	T
glyma.Wm82.gnm2.Gm15	9108175	ss715623196	A	G
glyma.Wm82.gnm2.Gm15	9129698	ss715623198	T	C
glyma.Wm82.gnm2.Gm15	9152913	ss715623202	A	G
glyma.Wm82.gnm2.Gm15	9279044	ss715623224	G	A
glyma.Wm82.gnm2.Gm15	9393364	ss715620219	T	G
glyma.Wm82.gnm2.Gm15	9410978	ss715620215	A	G
glyma.Wm82.gnm2.Gm15	9443026	ss715620210	A	G
glyma.Wm82.gnm2.Gm15	9511156	ss715623246	T	C
glyma.Wm82.gnm2.Gm15	9714328	ss715623265	A	C
glyma.Wm82.gnm2.Gm15	9893813	ss715623289	C	A
glyma.Wm82.gnm2.Gm15	9964637	ss715623303	A	C
glyma.Wm82.gnm2.Gm15	10074292	ss715623322	A	G
glyma.Wm82.gnm2.Gm15	10187809	ss715620174	C	T
glyma.Wm82.gnm2.Gm15	10213666	ss715620177	T	C
glyma.Wm82.gnm2.Gm15	10246204	ss715620182	T	C
glyma.Wm82.gnm2.Gm15	10296676	ss715620186	A	G
glyma.Wm82.gnm2.Gm15	10372100	ss715620194	G	A
glyma.Wm82.gnm2.Gm15	10472679	ss715620207	A	G
glyma.Wm82.gnm2.Gm15	10520900	ss715620226	G	A
glyma.Wm82.gnm2.Gm15	10588251	ss715620231	C	T
glyma.Wm82.gnm2.Gm15	10599566	ss715620232	G	A
glyma.Wm82.gnm2.Gm15	10743025	ss715620242	A	C
glyma.Wm82.gnm2.Gm15	10902391	ss715620255	T	C
glyma.Wm82.gnm2.Gm15	10914294	ss715620258	T	C
glyma.Wm82.gnm2.Gm15	10996408	ss715620266	A	G
glyma.Wm82.gnm2.Gm15	11003656	ss715620269	G	A
glyma.Wm82.gnm2.Gm15	11036708	ss715620276	A	C
glyma.Wm82.gnm2.Gm15	11074924	ss715620280	A	G
glyma.Wm82.gnm2.Gm15	11135964	ss715620284	C	T
glyma.Wm82.gnm2.Gm15	11139595	ss715620286	C	T
glyma.Wm82.gnm2.Gm15	11223563	ss715620296	C	T
glyma.Wm82.gnm2.Gm15	11228582	ss715620297	C	T
glyma.Wm82.gnm2.Gm15	11288843	ss715620306	T	C
glyma.Wm82.gnm2.Gm15	11299738	ss715620310	A	G
glyma.Wm82.gnm2.Gm15	11356804	ss715620319	T	C
glyma.Wm82.gnm2.Gm15	11404032	ss715620322	T	G
glyma.Wm82.gnm2.Gm15	11442541	ss715620327	A	G
glyma.Wm82.gnm2.Gm15	11522480	ss715620333	G	A
glyma.Wm82.gnm2.Gm15	11686025	ss715620347	A	G
glyma.Wm82.gnm2.Gm15	11698546	ss715620349	A	C
glyma.Wm82.gnm2.Gm15	11742718	ss715620353	A	G
glyma.Wm82.gnm2.Gm15	11779939	ss715620355	C	T
glyma.Wm82.gnm2.Gm15	11824712	ss715620357	G	T
glyma.Wm82.gnm2.Gm15	11851788	ss715620360	A	G
glyma.Wm82.gnm2.Gm15	11864924	ss715620362	G	A
glyma.Wm82.gnm2.Gm15	11879415	ss715620364	T	G
glyma.Wm82.gnm2.Gm15	11922313	ss715620369	T	C
glyma.Wm82.gnm2.Gm15	11923482	ss715620370	T	C
glyma.Wm82.gnm2.Gm15	11939464	ss715620375	C	T
glyma.Wm82.gnm2.Gm15	11967219	ss715620381	T	C
glyma.Wm82.gnm2.Gm15	11973140	ss715620383	A	G
glyma.Wm82.gnm2.Gm15	11988633	ss715620384	G	A
glyma.Wm82.gnm2.Gm15	12038299	ss715620388	T	C
glyma.Wm82.gnm2.Gm15	12178167	ss715620402	C	A
glyma.Wm82.gnm2.Gm15	12278417	ss715620421	C	T
glyma.Wm82.gnm2.Gm15	12281910	ss715620422	G	A
glyma.Wm82.gnm2.Gm15	12365528	ss715620432	C	A
glyma.Wm82.gnm2.Gm15	12431709	ss715620440	T	C
glyma.Wm82.gnm2.Gm15	12449925	ss715620443	T	C
glyma.Wm82.gnm2.Gm15	12728143	ss715620472	A	G
glyma.Wm82.gnm2.Gm15	12733476	ss715620473	A	G
glyma.Wm82.gnm2.Gm15	12810975	ss715620483	C	T
glyma.Wm82.gnm2.Gm15	12856632	ss715620488	T	C
glyma.Wm82.gnm2.Gm15	12906172	ss715620497	C	T
glyma.Wm82.gnm2.Gm15	13068754	ss715620534	T	C
glyma.Wm82.gnm2.Gm15	13088176	ss715620536	T	G
glyma.Wm82.gnm2.Gm15	13111688	ss715620539	C	T
glyma.Wm82.gnm2.Gm15	13171061	ss715620547	A	C
glyma.Wm82.gnm2.Gm15	13250987	ss715620561	C	T
glyma.Wm82.gnm2.Gm15	13318189	ss715620576	A	G
glyma.Wm82.gnm2.Gm15	13567932	ss715620610	C	T
glyma.Wm82.gnm2.Gm15	13595495	ss715620614	G	A
glyma.Wm82.gnm2.Gm15	13605260	ss715620616	A	G
glyma.Wm82.gnm2.Gm15	13615444	ss715620619	G	A
glyma.Wm82.gnm2.Gm15	13697011	ss715620630	G	A
glyma.Wm82.gnm2.Gm15	13728184	ss715620635	C	T
glyma.Wm82.gnm2.Gm15	13733399	ss715620636	G	A
glyma.Wm82.gnm2.Gm15	13783158	ss715620646	G	A
glyma.Wm82.gnm2.Gm15	13903687	ss715620669	G	A
glyma.Wm82.gnm2.Gm15	13936785	ss715620676	C	T
glyma.Wm82.gnm2.Gm15	13940256	ss715620677	T	C
glyma.Wm82.gnm2.Gm15	13974066	ss715620680	A	C
glyma.Wm82.gnm2.Gm15	14034223	ss715620688	A	C
glyma.Wm82.gnm2.Gm15	14073858	ss715620693	T	C
glyma.Wm82.gnm2.Gm15	14126327	ss715620701	T	G
glyma.Wm82.gnm2.Gm15	14242704	ss715620729	T	G
glyma.Wm82.gnm2.Gm15	14310917	ss715620739	C	T
glyma.Wm82.gnm2.Gm15	14322452	ss715620742	C	T
glyma.Wm82.gnm2.Gm15	14344140	ss715620748	G	A
glyma.Wm82.gnm2.Gm15	14377413	ss715620752	T	C
glyma.Wm82.gnm2.Gm15	14519150	ss715620785	C	T
glyma.Wm82.gnm2.Gm15	14583688	ss715620800	G	A
glyma.Wm82.gnm2.Gm15	14654272	ss715620811	C	T
glyma.Wm82.gnm2.Gm15	14667375	ss715620813	G	A
glyma.Wm82.gnm2.Gm15	14737273	ss715620823	G	T
glyma.Wm82.gnm2.Gm15	14745503	ss715620827	G	A
glyma.Wm82.gnm2.Gm15	14749100	ss715620828	A	C
glyma.Wm82.gnm2.Gm15	14758339	ss715620830	G	A
glyma.Wm82.gnm2.Gm15	14810343	ss715620842	C	T
glyma.Wm82.gnm2.Gm15	14823854	ss715620845	G	A
glyma.Wm82.gnm2.Gm15	14835567	ss715620847	A	G
glyma.Wm82.gnm2.Gm15	14867141	ss715620849	T	C
glyma.Wm82.gnm2.Gm15	14876073	ss715620851	C	A
glyma.Wm82.gnm2.Gm15	14950233	ss715620867	A	C
glyma.Wm82.gnm2.Gm15	15158714	ss715620908	G	A
glyma.Wm82.gnm2.Gm15	15263983	ss715620925	G	A
glyma.Wm82.gnm2.Gm15	15367795	ss715620944	C	T
glyma.Wm82.gnm2.Gm15	15456535	ss715620962	C	T
glyma.Wm82.gnm2.Gm15	15458040	ss715620963	T	G
glyma.Wm82.gnm2.Gm15	15467750	ss715620966	G	A
glyma.Wm82.gnm2.Gm15	15537239	ss715620977	A	G
glyma.Wm82.gnm2.Gm15	15572097	ss715620984	C	T
glyma.Wm82.gnm2.Gm15	15583423	ss715620988	G	T
glyma.Wm82.gnm2.Gm15	15625199	ss715620995	T	G
glyma.Wm82.gnm2.Gm15	15680125	ss715621003	C	T
glyma.Wm82.gnm2.Gm15	15718227	ss715621010	T	C
glyma.Wm82.gnm2.Gm15	15758246	ss715621020	A	G
glyma.Wm82.gnm2.Gm15	15763131	ss715621022	A	G
glyma.Wm82.gnm2.Gm15	15768186	ss715621024	C	A
glyma.Wm82.gnm2.Gm15	15787294	ss715621027	C	A
glyma.Wm82.gnm2.Gm15	15795496	ss715621029	A	G
glyma.Wm82.gnm2.Gm15	15928134	ss715621043	G	A
glyma.Wm82.gnm2.Gm15	15938895	ss715621046	A	G
glyma.Wm82.gnm2.Gm15	16018532	ss715621058	C	T
glyma.Wm82.gnm2.Gm15	16095188	ss715621061	C	T
glyma.Wm82.gnm2.Gm15	16157045	ss715621065	C	A
glyma.Wm82.gnm2.Gm15	16177048	ss715621067	G	A
glyma.Wm82.gnm2.Gm15	16472441	ss715621073	G	A
glyma.Wm82.gnm2.Gm15	16528624	ss715621074	C	T
glyma.Wm82.gnm2.Gm15	16535282	ss715621075	C	T
glyma.Wm82.gnm2.Gm15	16539822	ss715621076	C	T
glyma.Wm82.gnm2.Gm15	16673056	ss715621082	T	G
glyma.Wm82.gnm2.Gm15	16675471	ss715621083	G	A
glyma.Wm82.gnm2.Gm15	16802530	ss715621090	G	A
glyma.Wm82.gnm2.Gm15	16861461	ss715621096	G	A
glyma.Wm82.gnm2.Gm15	16865690	ss715621097	G	A
glyma.Wm82.gnm2.Gm15	16911014	ss715621101	A	G
glyma.Wm82.gnm2.Gm15	16914951	ss715621102	C	T
glyma.Wm82.gnm2.Gm15	16932966	ss715621104	G	A
glyma.Wm82.gnm2.Gm15	16961359	ss715621105	G	A
glyma.Wm82.gnm2.Gm15	17428829	ss715621124	C	T
glyma.Wm82.gnm2.Gm15	17538326	ss715621129	G	A
glyma.Wm82.gnm2.Gm15	17715493	ss715621136	T	C
glyma.Wm82.gnm2.Gm15	18316141	ss715621156	A	C
glyma.Wm82.gnm2.Gm15	18364043	ss715621158	A	G
glyma.Wm82.gnm2.Gm15	18685050	ss715621169	G	T
glyma.Wm82.gnm2.Gm15	19251641	ss715621191	G	T
glyma.Wm82.gnm2.Gm15	19320894	ss715621194	C	T
glyma.Wm82.gnm2.Gm15	19503776	ss715621202	A	G
glyma.Wm82.gnm2.Gm15	19649749	ss715621150	A	G
glyma.Wm82.gnm2.Gm15	19962490	ss715621215	A	C
glyma.Wm82.gnm2.Gm15	20024514	ss715621217	G	T
glyma.Wm82.gnm2.Gm15	20222763	ss715621225	A	C
glyma.Wm82.gnm2.Gm15	22579317	ss715621304	T	C
glyma.Wm82.gnm2.Gm15	22846671	ss715621310	T	C
glyma.Wm82.gnm2.Gm15	23587623	ss715621338	T	G
glyma.Wm82.gnm2.Gm15	23729620	ss715621345	A	G
glyma.Wm82.gnm2.Gm15	24530531	ss715621370	A	G
glyma.Wm82.gnm2.Gm15	24983305	ss715621384	G	A
glyma.Wm82.gnm2.Gm15	25298377	ss715621392	A	G
glyma.Wm82.gnm2.Gm15	25918589	ss715621408	T	C
glyma.Wm82.gnm2.Gm15	26608987	ss715621732	C	T
glyma.Wm82.gnm2.Gm15	27617871	ss715621761	C	T
glyma.Wm82.gnm2.Gm15	27849290	ss715621771	C	T
glyma.Wm82.gnm2.Gm15	27909282	ss715621773	C	T
glyma.Wm82.gnm2.Gm15	28480017	ss715621492	A	G
glyma.Wm82.gnm2.Gm15	28637600	ss715621485	G	A
glyma.Wm82.gnm2.Gm15	28954302	ss715621413	G	A
glyma.Wm82.gnm2.Gm15	29038618	ss715621415	T	C
glyma.Wm82.gnm2.Gm15	29106585	ss715621416	A	C
glyma.Wm82.gnm2.Gm15	29416108	ss715621427	C	T
glyma.Wm82.gnm2.Gm15	29676264	ss715621434	G	A
glyma.Wm82.gnm2.Gm15	29975057	ss715621443	G	A
glyma.Wm82.gnm2.Gm15	30372493	ss715621453	G	A
glyma.Wm82.gnm2.Gm15	30667933	ss715621463	G	T
glyma.Wm82.gnm2.Gm15	31252842	ss715621709	C	T
glyma.Wm82.gnm2.Gm15	31460738	ss715621497	C	A
glyma.Wm82.gnm2.Gm15	31765847	ss715621501	C	T
glyma.Wm82.gnm2.Gm15	32085742	ss715621510	A	G
glyma.Wm82.gnm2.Gm15	32933379	ss715621541	A	C
glyma.Wm82.gnm2.Gm15	33099608	ss715621548	A	G
glyma.Wm82.gnm2.Gm15	33216482	ss715621552	C	T
glyma.Wm82.gnm2.Gm15	33958617	ss715621575	G	A
glyma.Wm82.gnm2.Gm15	34689437	ss715621594	C	T
glyma.Wm82.gnm2.Gm15	35067373	ss715621602	C	T
glyma.Wm82.gnm2.Gm15	35703379	ss715621623	T	G
glyma.Wm82.gnm2.Gm15	35807218	ss715621627	C	T
glyma.Wm82.gnm2.Gm15	36071319	ss715621636	C	T
glyma.Wm82.gnm2.Gm15	36643022	ss715621653	A	C
glyma.Wm82.gnm2.Gm15	37139272	ss715621666	C	A
glyma.Wm82.gnm2.Gm15	37800122	ss715621682	G	A
glyma.Wm82.gnm2.Gm15	38657434	ss715581536	G	A
glyma.Wm82.gnm2.Gm15	38838846	ss715581543	G	A
glyma.Wm82.gnm2.Gm15	38859393	ss715581544	T	C
glyma.Wm82.gnm2.Gm15	38964175	ss715581545	A	G
glyma.Wm82.gnm2.Gm15	39376314	ss715621786	G	A
glyma.Wm82.gnm2.Gm15	40112793	ss715621806	A	G
glyma.Wm82.gnm2.Gm15	40218710	ss715621808	G	A
glyma.Wm82.gnm2.Gm15	40671753	ss715621823	A	G
glyma.Wm82.gnm2.Gm15	42471090	ss715621877	A	G
glyma.Wm82.gnm2.Gm15	43260719	ss715621898	G	A
glyma.Wm82.gnm2.Gm15	43327426	ss715621903	G	A
glyma.Wm82.gnm2.Gm15	43670818	ss715621918	A	G
glyma.Wm82.gnm2.Gm15	43757793	ss715621922	C	T
glyma.Wm82.gnm2.Gm15	43772952	ss715639198	A	G
glyma.Wm82.gnm2.Gm15	44388546	ss715621937	G	A
glyma.Wm82.gnm2.Gm15	44442914	ss715621939	G	T
glyma.Wm82.gnm2.Gm15	44647673	ss715621947	T	C
glyma.Wm82.gnm2.Gm15	45073999	ss715621964	T	C
glyma.Wm82.gnm2.Gm15	45403220	ss715621970	C	A
glyma.Wm82.gnm2.Gm15	45502629	ss715621975	T	G
glyma.Wm82.gnm2.Gm15	45553589	ss715621977	A	C
glyma.Wm82.gnm2.Gm15	45560807	ss715621978	A	G
glyma.Wm82.gnm2.Gm15	45653361	ss715621986	C	A
glyma.Wm82.gnm2.Gm15	45697587	ss715621990	A	G
glyma.Wm82.gnm2.Gm15	45754188	ss715621995	C	A
glyma.Wm82.gnm2.Gm15	45847401	ss715622003	A	G
glyma.Wm82.gnm2.Gm15	45851553	ss715622004	C	T
glyma.Wm82.gnm2.Gm15	45903099	ss715622007	G	A
glyma.Wm82.gnm2.Gm15	46299552	ss715622023	A	G
glyma.Wm82.gnm2.Gm15	46324641	ss715622025	C	T
glyma.Wm82.gnm2.Gm15	46331944	ss715622027	C	T
glyma.Wm82.gnm2.Gm15	46353425	ss715622030	C	T
glyma.Wm82.gnm2.Gm15	46396350	ss715622034	A	C
glyma.Wm82.gnm2.Gm15	46479769	ss715622039	A	C
glyma.Wm82.gnm2.Gm15	46509136	ss715622040	T	C
glyma.Wm82.gnm2.Gm15	46521973	ss715622042	T	G
glyma.Wm82.gnm2.Gm15	46580806	ss715622048	T	C
glyma.Wm82.gnm2.Gm15	46586601	ss715622049	C	T
glyma.Wm82.gnm2.Gm15	46633501	ss715622051	T	C
glyma.Wm82.gnm2.Gm15	46678639	ss715622055	C	T
glyma.Wm82.gnm2.Gm15	46715095	ss715622059	G	T
glyma.Wm82.gnm2.Gm15	46745706	ss715622065	A	C
glyma.Wm82.gnm2.Gm15	46777686	ss715622068	G	T
glyma.Wm82.gnm2.Gm15	46779250	ss715622069	G	A
glyma.Wm82.gnm2.Gm15	46790218	ss715622071	G	A
glyma.Wm82.gnm2.Gm15	46818431	ss715622074	T	C
glyma.Wm82.gnm2.Gm15	46829780	ss715622078	A	C
glyma.Wm82.gnm2.Gm15	46886070	ss715622089	T	G
glyma.Wm82.gnm2.Gm15	47075653	ss715622099	C	T
glyma.Wm82.gnm2.Gm15	47160801	ss715622102	C	A
glyma.Wm82.gnm2.Gm15	47230430	ss715622112	A	C
glyma.Wm82.gnm2.Gm15	47265017	ss715622124	A	G
glyma.Wm82.gnm2.Gm15	47273286	ss715622127	A	C
glyma.Wm82.gnm2.Gm15	47285187	ss715622130	A	C
glyma.Wm82.gnm2.Gm15	47316459	ss715622141	G	A
glyma.Wm82.gnm2.Gm15	47352598	ss715622150	T	C
glyma.Wm82.gnm2.Gm15	47418037	ss715622166	C	A
glyma.Wm82.gnm2.Gm15	47445978	ss715622172	T	C
glyma.Wm82.gnm2.Gm15	47450371	ss715622174	T	C
glyma.Wm82.gnm2.Gm15	47516926	ss715622190	C	T
glyma.Wm82.gnm2.Gm15	47525655	ss715622191	G	A
glyma.Wm82.gnm2.Gm15	47531299	ss715622192	A	G
glyma.Wm82.gnm2.Gm15	47538275	ss715622194	C	T
glyma.Wm82.gnm2.Gm15	47565847	ss715622203	G	A
glyma.Wm82.gnm2.Gm15	47567641	ss715622204	C	T
glyma.Wm82.gnm2.Gm15	47576378	ss715622206	C	T
glyma.Wm82.gnm2.Gm15	47584714	ss715622210	C	T
glyma.Wm82.gnm2.Gm15	47592334	ss715622213	A	G
glyma.Wm82.gnm2.Gm15	47596871	ss715622214	A	C
glyma.Wm82.gnm2.Gm15	47598475	ss715622215	T	G
glyma.Wm82.gnm2.Gm15	47620267	ss715622219	A	G
glyma.Wm82.gnm2.Gm15	47631206	ss715622223	G	A
glyma.Wm82.gnm2.Gm15	47634895	ss715622225	A	G
glyma.Wm82.gnm2.Gm15	47652485	ss715622232	T	C
glyma.Wm82.gnm2.Gm15	47653982	ss715622233	A	G
glyma.Wm82.gnm2.Gm15	47711528	ss715622239	A	G
glyma.Wm82.gnm2.Gm15	47726841	ss715622242	C	T
glyma.Wm82.gnm2.Gm15	47728523	ss715622243	G	A
glyma.Wm82.gnm2.Gm15	47753813	ss715622248	A	G
glyma.Wm82.gnm2.Gm15	47763988	ss715622250	T	C
glyma.Wm82.gnm2.Gm15	47799097	ss715622255	C	A
glyma.Wm82.gnm2.Gm15	47850532	ss715622261	C	T
glyma.Wm82.gnm2.Gm15	47869539	ss715622266	A	G
glyma.Wm82.gnm2.Gm15	47873531	ss715622268	A	G
glyma.Wm82.gnm2.Gm15	47900426	ss715622276	A	G
glyma.Wm82.gnm2.Gm15	47907445	ss715622277	A	C
glyma.Wm82.gnm2.Gm15	47926439	ss715622279	C	T
glyma.Wm82.gnm2.Gm15	47936538	ss715622281	G	T
glyma.Wm82.gnm2.Gm15	47939432	ss715622283	G	A
glyma.Wm82.gnm2.Gm15	48009039	ss715622289	C	A
glyma.Wm82.gnm2.Gm15	48017301	ss715622290	C	T
glyma.Wm82.gnm2.Gm15	48020356	ss715622291	G	A
glyma.Wm82.gnm2.Gm15	48101112	ss715622302	C	T
glyma.Wm82.gnm2.Gm15	48135543	ss715622305	C	A
glyma.Wm82.gnm2.Gm15	48144839	ss715622308	C	T
glyma.Wm82.gnm2.Gm15	48155853	ss715622311	A	G
glyma.Wm82.gnm2.Gm15	48193117	ss715622316	G	A
glyma.Wm82.gnm2.Gm15	48198038	ss715622319	C	T
glyma.Wm82.gnm2.Gm15	48292981	ss715622330	G	A
glyma.Wm82.gnm2.Gm15	48408257	ss715622338	C	T
glyma.Wm82.gnm2.Gm15	48421154	ss715622342	T	C
glyma.Wm82.gnm2.Gm15	48438240	ss715622344	G	A
glyma.Wm82.gnm2.Gm15	48542303	ss715622360	T	C
glyma.Wm82.gnm2.Gm15	48558119	ss715622362	A	G
glyma.Wm82.gnm2.Gm15	48560851	ss715622363	T	C
glyma.Wm82.gnm2.Gm15	48592849	ss715622367	G	A
glyma.Wm82.gnm2.Gm15	48634451	ss715622370	A	G
glyma.Wm82.gnm2.Gm15	48641121	ss715622371	T	C
glyma.Wm82.gnm2.Gm15	48651637	ss715622374	G	A
glyma.Wm82.gnm2.Gm15	48681031	ss715622379	G	A
glyma.Wm82.gnm2.Gm15	48686954	ss715622381	T	C
glyma.Wm82.gnm2.Gm15	48709200	ss715622382	G	A
glyma.Wm82.gnm2.Gm15	48724156	ss715622383	C	T
glyma.Wm82.gnm2.Gm15	48755154	ss715622385	A	G
glyma.Wm82.gnm2.Gm15	48805591	ss715622395	T	C
glyma.Wm82.gnm2.Gm15	48813993	ss715622396	A	C
glyma.Wm82.gnm2.Gm15	48820629	ss715622399	G	A
glyma.Wm82.gnm2.Gm15	48930280	ss715622417	G	T
glyma.Wm82.gnm2.Gm15	48942100	ss715622418	G	T
glyma.Wm82.gnm2.Gm15	48983079	ss715622421	C	T
glyma.Wm82.gnm2.Gm15	49012117	ss715622422	A	G
glyma.Wm82.gnm2.Gm15	49016397	ss715622423	T	C
glyma.Wm82.gnm2.Gm15	49023079	ss715622424	A	C
glyma.Wm82.gnm2.Gm15	49139636	ss715622440	C	T
glyma.Wm82.gnm2.Gm15	49243581	ss715622453	T	C
glyma.Wm82.gnm2.Gm15	49250019	ss715622454	A	G
glyma.Wm82.gnm2.Gm15	49382254	ss715622462	C	T
glyma.Wm82.gnm2.Gm15	49406563	ss715622466	T	C
glyma.Wm82.gnm2.Gm15	49494472	ss715622487	T	G
glyma.Wm82.gnm2.Gm15	49542963	ss715622500	A	G
glyma.Wm82.gnm2.Gm15	49632422	ss715622523	A	G
glyma.Wm82.gnm2.Gm15	49681292	ss715622535	A	G
glyma.Wm82.gnm2.Gm15	49725004	ss715622537	C	T
glyma.Wm82.gnm2.Gm15	49729484	ss715622538	G	T
glyma.Wm82.gnm2.Gm15	49784105	ss715622548	C	T
glyma.Wm82.gnm2.Gm15	49810936	ss715622554	C	A
glyma.Wm82.gnm2.Gm15	49879411	ss715622563	C	T
glyma.Wm82.gnm2.Gm15	49892483	ss715622566	A	G
glyma.Wm82.gnm2.Gm15	49913822	ss715622573	G	T
glyma.Wm82.gnm2.Gm15	50009512	ss715622582	C	T
glyma.Wm82.gnm2.Gm15	50120777	ss715622607	G	A
glyma.Wm82.gnm2.Gm15	50196717	ss715622617	G	T
glyma.Wm82.gnm2.Gm15	50231428	ss715622619	A	G
glyma.Wm82.gnm2.Gm15	50322907	ss715622626	A	C
glyma.Wm82.gnm2.Gm15	50442785	ss715622642	T	C
glyma.Wm82.gnm2.Gm15	50446137	ss715622643	T	C
glyma.Wm82.gnm2.Gm15	50506654	ss715622650	A	G
glyma.Wm82.gnm2.Gm15	50512068	ss715622651	T	G
glyma.Wm82.gnm2.Gm15	50521062	ss715622652	G	A
glyma.Wm82.gnm2.Gm15	50558881	ss715622654	C	T
glyma.Wm82.gnm2.Gm15	50584269	ss715622659	C	T
glyma.Wm82.gnm2.Gm15	50621452	ss715622662	G	A
glyma.Wm82.gnm2.Gm15	50662618	ss715622667	G	A
glyma.Wm82.gnm2.Gm15	50666247	ss715622669	A	G
glyma.Wm82.gnm2.Gm15	50682148	ss715622671	C	T
glyma.Wm82.gnm2.Gm15	50683312	ss715622672	T	G
glyma.Wm82.gnm2.Gm15	50685993	ss715622673	A	G
glyma.Wm82.gnm2.Gm15	50697627	ss715622675	T	C
glyma.Wm82.gnm2.Gm15	50705608	ss715622676	G	A
glyma.Wm82.gnm2.Gm15	50721694	ss715622678	C	T
glyma.Wm82.gnm2.Gm15	50740588	ss715622681	C	T
glyma.Wm82.gnm2.Gm15	50797269	ss715622687	C	T
glyma.Wm82.gnm2.Gm15	50798507	ss715622688	C	T
glyma.Wm82.gnm2.Gm15	50868571	ss715622693	A	C
glyma.Wm82.gnm2.Gm15	50880374	ss715622694	G	A
glyma.Wm82.gnm2.Gm15	50882094	ss715622695	T	C
glyma.Wm82.gnm2.Gm15	50890465	ss715622697	G	T
glyma.Wm82.gnm2.Gm15	50952600	ss715622701	T	G
glyma.Wm82.gnm2.Gm15	50968514	ss715622703	C	T
glyma.Wm82.gnm2.Gm15	51002004	ss715622710	A	G
glyma.Wm82.gnm2.Gm15	51015267	ss715622713	A	G
glyma.Wm82.gnm2.Gm15	51038799	ss715622718	T	C
glyma.Wm82.gnm2.Gm15	51049403	ss715622720	T	C
glyma.Wm82.gnm2.Gm15	51334171	ss715622776	C	T
glyma.Wm82.gnm2.Gm15	51469709	ss715622790	T	C
glyma.Wm82.gnm2.Gm15	51636818	ss715622808	C	T
glyma.Wm82.gnm2.Gm15	51693717	ss715622815	A	G
glyma.Wm82.gnm2.Gm16	70932	ss715625409	A	G
glyma.Wm82.gnm2.Gm16	95920	ss715625690	A	G
glyma.Wm82.gnm2.Gm16	190539	ss715623635	T	C
glyma.Wm82.gnm2.Gm16	208406	ss715623686	G	A
glyma.Wm82.gnm2.Gm16	283257	ss715623961	A	G
glyma.Wm82.gnm2.Gm16	356091	ss715624810	T	C
glyma.Wm82.gnm2.Gm16	361425	ss715624880	T	C
glyma.Wm82.gnm2.Gm16	379408	ss715625028	C	T
glyma.Wm82.gnm2.Gm16	416147	ss715625070	T	C
glyma.Wm82.gnm2.Gm16	418927	ss715625074	G	A
glyma.Wm82.gnm2.Gm16	511408	ss715625187	G	T
glyma.Wm82.gnm2.Gm16	512388	ss715625188	G	A
glyma.Wm82.gnm2.Gm16	517535	ss715625192	G	A
glyma.Wm82.gnm2.Gm16	568053	ss715625236	G	A
glyma.Wm82.gnm2.Gm16	593085	ss715625251	G	A
glyma.Wm82.gnm2.Gm16	725008	ss715625431	G	A
glyma.Wm82.gnm2.Gm16	746970	ss715625481	C	T
glyma.Wm82.gnm2.Gm16	768623	ss715625529	G	A
glyma.Wm82.gnm2.Gm16	821917	ss715625620	T	C
glyma.Wm82.gnm2.Gm16	867656	ss715625664	A	G
glyma.Wm82.gnm2.Gm16	1005395	ss715623332	T	C
glyma.Wm82.gnm2.Gm16	1187203	ss715623379	C	T
glyma.Wm82.gnm2.Gm16	1219507	ss715623389	T	C
glyma.Wm82.gnm2.Gm16	1305626	ss715623414	T	G
glyma.Wm82.gnm2.Gm16	1341384	ss715623425	C	T
glyma.Wm82.gnm2.Gm16	1460199	ss715623465	C	A
glyma.Wm82.gnm2.Gm16	1564821	ss715623496	A	G
glyma.Wm82.gnm2.Gm16	1670736	ss715623540	G	A
glyma.Wm82.gnm2.Gm16	1675623	ss715623543	A	G
glyma.Wm82.gnm2.Gm16	1729222	ss715623570	C	T
glyma.Wm82.gnm2.Gm16	1741187	ss715623576	A	C
glyma.Wm82.gnm2.Gm16	1762831	ss715623581	T	C
glyma.Wm82.gnm2.Gm16	1861489	ss715623615	G	A
glyma.Wm82.gnm2.Gm16	1904802	ss715623629	A	G
glyma.Wm82.gnm2.Gm16	2028816	ss715623666	G	A
glyma.Wm82.gnm2.Gm16	2158280	ss715623699	G	T
glyma.Wm82.gnm2.Gm16	2164739	ss715623702	T	C
glyma.Wm82.gnm2.Gm16	2194928	ss715623709	T	C
glyma.Wm82.gnm2.Gm16	2228788	ss715623716	A	C
glyma.Wm82.gnm2.Gm16	2248684	ss715623722	A	G
glyma.Wm82.gnm2.Gm16	2249773	ss715623723	A	G
glyma.Wm82.gnm2.Gm16	2342480	ss715623751	C	T
glyma.Wm82.gnm2.Gm16	2428113	ss715623780	A	G
glyma.Wm82.gnm2.Gm16	2431564	ss715623782	C	T
glyma.Wm82.gnm2.Gm16	2521911	ss715623813	A	C
glyma.Wm82.gnm2.Gm16	2544764	ss715623825	G	A
glyma.Wm82.gnm2.Gm16	2804538	ss715623905	C	A
glyma.Wm82.gnm2.Gm16	2835434	ss715623918	A	G
glyma.Wm82.gnm2.Gm16	2881305	ss715623998	A	G
glyma.Wm82.gnm2.Gm16	2962076	ss715624182	A	G
glyma.Wm82.gnm2.Gm16	2979888	ss715624194	T	G
glyma.Wm82.gnm2.Gm16	3029119	ss715624263	A	G
glyma.Wm82.gnm2.Gm16	3042166	ss715624289	A	G
glyma.Wm82.gnm2.Gm16	3091790	ss715624364	G	A
glyma.Wm82.gnm2.Gm16	3362395	ss715624634	A	G
glyma.Wm82.gnm2.Gm16	3438630	ss715624708	T	G
glyma.Wm82.gnm2.Gm16	3622091	ss715624855	C	T
glyma.Wm82.gnm2.Gm16	3816293	ss715625027	T	C
glyma.Wm82.gnm2.Gm16	3927947	ss715625044	C	T
glyma.Wm82.gnm2.Gm16	3965868	ss715625052	C	T
glyma.Wm82.gnm2.Gm16	4199909	ss715625073	A	G
glyma.Wm82.gnm2.Gm16	4228926	ss715625075	A	G
glyma.Wm82.gnm2.Gm16	4232486	ss715625076	A	G
glyma.Wm82.gnm2.Gm16	4353312	ss715625093	G	A
glyma.Wm82.gnm2.Gm16	4359253	ss715625094	T	C
glyma.Wm82.gnm2.Gm16	4366448	ss715625097	C	A
glyma.Wm82.gnm2.Gm16	4457695	ss715625107	T	C
glyma.Wm82.gnm2.Gm16	4495028	ss715625113	C	A
glyma.Wm82.gnm2.Gm16	4557519	ss715625123	C	T
glyma.Wm82.gnm2.Gm16	4606126	ss715625129	A	G
glyma.Wm82.gnm2.Gm16	4738395	ss715625140	T	C
glyma.Wm82.gnm2.Gm16	4854677	ss715625149	T	G
glyma.Wm82.gnm2.Gm16	4897943	ss715625157	C	T
glyma.Wm82.gnm2.Gm16	5139837	ss715625182	C	T
glyma.Wm82.gnm2.Gm16	5144146	ss715625185	T	C
glyma.Wm82.gnm2.Gm16	5145081	ss715625186	A	G
glyma.Wm82.gnm2.Gm16	5165908	ss715625189	C	A
glyma.Wm82.gnm2.Gm16	5290517	ss715625196	G	A
glyma.Wm82.gnm2.Gm16	5310715	ss715625198	T	C
glyma.Wm82.gnm2.Gm16	5344074	ss715625200	C	T
glyma.Wm82.gnm2.Gm16	5369094	ss715625201	C	T
glyma.Wm82.gnm2.Gm16	5379530	ss715625203	G	A
glyma.Wm82.gnm2.Gm16	5662509	ss715625229	A	G
glyma.Wm82.gnm2.Gm16	5711743	ss715625234	C	T
glyma.Wm82.gnm2.Gm16	5777312	ss715625239	A	G
glyma.Wm82.gnm2.Gm16	5956588	ss715625244	C	T
glyma.Wm82.gnm2.Gm16	5958696	ss715625243	C	T
glyma.Wm82.gnm2.Gm16	6012519	ss715625252	G	T
glyma.Wm82.gnm2.Gm16	6021520	ss715625253	C	T
glyma.Wm82.gnm2.Gm16	6444223	ss715625297	G	T
glyma.Wm82.gnm2.Gm16	6616428	ss715625316	A	C
glyma.Wm82.gnm2.Gm16	6682898	ss715625331	G	A
glyma.Wm82.gnm2.Gm16	6766724	ss715625336	A	C
glyma.Wm82.gnm2.Gm16	6804502	ss715625341	C	T
glyma.Wm82.gnm2.Gm16	6827357	ss715625342	G	A
glyma.Wm82.gnm2.Gm16	6914854	ss715625354	C	T
glyma.Wm82.gnm2.Gm16	6929142	ss715625356	T	C
glyma.Wm82.gnm2.Gm16	7028369	ss715625378	C	T
glyma.Wm82.gnm2.Gm16	7038988	ss715625380	A	G
glyma.Wm82.gnm2.Gm16	7055610	ss715625383	G	A
glyma.Wm82.gnm2.Gm16	7068339	ss715625385	T	G
glyma.Wm82.gnm2.Gm16	7140751	ss715625392	C	A
glyma.Wm82.gnm2.Gm16	7192820	ss715625396	G	A
glyma.Wm82.gnm2.Gm16	7216888	ss715625401	A	G
glyma.Wm82.gnm2.Gm16	7272893	ss715625410	T	G
glyma.Wm82.gnm2.Gm16	7295336	ss715625413	C	A
glyma.Wm82.gnm2.Gm16	7363411	ss715625422	A	G
glyma.Wm82.gnm2.Gm16	7392610	ss715625425	T	C
glyma.Wm82.gnm2.Gm16	7411543	ss715625429	C	A
glyma.Wm82.gnm2.Gm16	7438539	ss715625433	G	T
glyma.Wm82.gnm2.Gm16	7456951	ss715625439	C	T
glyma.Wm82.gnm2.Gm16	7501838	ss715625447	C	T
glyma.Wm82.gnm2.Gm16	7510557	ss715625448	G	A
glyma.Wm82.gnm2.Gm16	7592916	ss715625469	A	G
glyma.Wm82.gnm2.Gm16	7597058	ss715625471	A	G
glyma.Wm82.gnm2.Gm16	7608518	ss715625473	A	G
glyma.Wm82.gnm2.Gm16	7610156	ss715625474	G	A
glyma.Wm82.gnm2.Gm16	7618884	ss715625476	A	G
glyma.Wm82.gnm2.Gm16	7623072	ss715625477	C	.
glyma.Wm82.gnm2.Gm16	7714048	ss715625491	T	C
glyma.Wm82.gnm2.Gm16	7733792	ss715625496	T	C
glyma.Wm82.gnm2.Gm16	7762154	ss715625504	T	C
glyma.Wm82.gnm2.Gm16	7838125	ss715625521	C	T
glyma.Wm82.gnm2.Gm16	7846839	ss715625524	G	A
glyma.Wm82.gnm2.Gm16	7940215	ss715625543	C	A
glyma.Wm82.gnm2.Gm16	7944616	ss715625544	A	C
glyma.Wm82.gnm2.Gm16	7965560	ss715625547	G	T
glyma.Wm82.gnm2.Gm16	7977539	ss715625549	G	A
glyma.Wm82.gnm2.Gm16	8030371	ss715625563	A	C
glyma.Wm82.gnm2.Gm16	8089436	ss715625574	T	G
glyma.Wm82.gnm2.Gm16	8291403	ss715625609	T	C
glyma.Wm82.gnm2.Gm16	8321968	ss715625611	C	T
glyma.Wm82.gnm2.Gm16	8325298	ss715625612	C	T
glyma.Wm82.gnm2.Gm16	8326487	ss715625613	A	G
glyma.Wm82.gnm2.Gm16	8390393	ss715625621	T	C
glyma.Wm82.gnm2.Gm16	8404328	ss715625622	G	A
glyma.Wm82.gnm2.Gm16	8438184	ss715625634	G	A
glyma.Wm82.gnm2.Gm16	8492712	ss715625640	T	G
glyma.Wm82.gnm2.Gm16	8501277	ss715625642	C	T
glyma.Wm82.gnm2.Gm16	8576486	ss715625655	T	C
glyma.Wm82.gnm2.Gm16	8597497	ss715625656	A	G
glyma.Wm82.gnm2.Gm16	9380499	ss715625681	G	T
glyma.Wm82.gnm2.Gm16	10484106	ss715623338	C	T
glyma.Wm82.gnm2.Gm16	10769472	ss715623345	A	C
glyma.Wm82.gnm2.Gm16	12474096	ss715623394	C	T
glyma.Wm82.gnm2.Gm16	14155493	ss715623450	G	A
glyma.Wm82.gnm2.Gm16	15488235	ss715623493	C	T
glyma.Wm82.gnm2.Gm16	16045983	ss715623511	A	G
glyma.Wm82.gnm2.Gm16	16345660	ss715623525	G	T
glyma.Wm82.gnm2.Gm16	17066803	ss715623558	T	C
glyma.Wm82.gnm2.Gm16	17509347	ss715623578	G	A
glyma.Wm82.gnm2.Gm16	18421940	ss715623713	T	C
glyma.Wm82.gnm2.Gm16	18635099	ss715623707	T	C
glyma.Wm82.gnm2.Gm16	18807066	ss715623703	G	A
glyma.Wm82.gnm2.Gm16	19126292	ss715623694	A	G
glyma.Wm82.gnm2.Gm16	19490733	ss715623684	A	G
glyma.Wm82.gnm2.Gm16	19598529	ss715623682	A	G
glyma.Wm82.gnm2.Gm16	19699713	ss715623680	T	C
glyma.Wm82.gnm2.Gm16	19809276	ss715623678	T	C
glyma.Wm82.gnm2.Gm16	20595757	ss715623654	T	C
glyma.Wm82.gnm2.Gm16	21837278	ss715623617	A	G
glyma.Wm82.gnm2.Gm16	21997644	ss715623611	T	C
glyma.Wm82.gnm2.Gm16	22526100	ss715623593	T	C
glyma.Wm82.gnm2.Gm16	22901772	ss715623579	A	C
glyma.Wm82.gnm2.Gm16	22968803	ss715623732	T	G
glyma.Wm82.gnm2.Gm16	23359553	ss715623743	C	T
glyma.Wm82.gnm2.Gm16	23623284	ss715623753	C	T
glyma.Wm82.gnm2.Gm16	23996634	ss715623766	G	T
glyma.Wm82.gnm2.Gm16	24404935	ss715623779	A	G
glyma.Wm82.gnm2.Gm16	24869272	ss715623797	T	C
glyma.Wm82.gnm2.Gm16	26734085	ss715623861	A	G
glyma.Wm82.gnm2.Gm16	28147383	ss715623906	T	C
glyma.Wm82.gnm2.Gm16	28431126	ss715623917	A	G
glyma.Wm82.gnm2.Gm16	28621170	ss715623944	T	C
glyma.Wm82.gnm2.Gm16	28672861	ss715623958	C	A
glyma.Wm82.gnm2.Gm16	28845508	ss715623986	A	G
glyma.Wm82.gnm2.Gm16	28885523	ss715623990	A	G
glyma.Wm82.gnm2.Gm16	28887715	ss715623991	T	C
glyma.Wm82.gnm2.Gm16	29005073	ss715624012	C	T
glyma.Wm82.gnm2.Gm16	29040576	ss715624017	A	G
glyma.Wm82.gnm2.Gm16	29051274	ss715624018	T	C
glyma.Wm82.gnm2.Gm16	29080844	ss715624026	T	C
glyma.Wm82.gnm2.Gm16	29081835	ss715624027	T	C
glyma.Wm82.gnm2.Gm16	29119389	ss715624039	G	T
glyma.Wm82.gnm2.Gm16	29159876	ss715624042	T	C
glyma.Wm82.gnm2.Gm16	29228267	ss715624059	G	T
glyma.Wm82.gnm2.Gm16	29241332	ss715624064	G	A
glyma.Wm82.gnm2.Gm16	29313470	ss715624081	C	T
glyma.Wm82.gnm2.Gm16	29344488	ss715624089	A	G
glyma.Wm82.gnm2.Gm16	29411794	ss715624099	G	A
glyma.Wm82.gnm2.Gm16	29425623	ss715624103	C	A
glyma.Wm82.gnm2.Gm16	29471552	ss715624114	G	A
glyma.Wm82.gnm2.Gm16	29495991	ss715624122	T	G
glyma.Wm82.gnm2.Gm16	29528105	ss715624134	C	T
glyma.Wm82.gnm2.Gm16	29607883	ss715624157	C	T
glyma.Wm82.gnm2.Gm16	29660309	ss715624174	C	A
glyma.Wm82.gnm2.Gm16	29705291	ss715624180	A	G
glyma.Wm82.gnm2.Gm16	29722266	ss715624183	T	C
glyma.Wm82.gnm2.Gm16	29820986	ss715624188	A	G
glyma.Wm82.gnm2.Gm16	29860616	ss715624191	C	T
glyma.Wm82.gnm2.Gm16	29926520	ss715624196	T	C
glyma.Wm82.gnm2.Gm16	29933048	ss715624197	C	T
glyma.Wm82.gnm2.Gm16	29938431	ss715624198	G	A
glyma.Wm82.gnm2.Gm16	30021671	ss715624202	G	A
glyma.Wm82.gnm2.Gm16	30114241	ss715624212	G	A
glyma.Wm82.gnm2.Gm16	30177203	ss715624216	A	G
glyma.Wm82.gnm2.Gm16	30180484	ss715624217	T	C
glyma.Wm82.gnm2.Gm16	30209315	ss715624219	C	T
glyma.Wm82.gnm2.Gm16	30297019	ss715639132	G	T
glyma.Wm82.gnm2.Gm16	30313863	ss715624233	C	T
glyma.Wm82.gnm2.Gm16	30369985	ss715624248	C	T
glyma.Wm82.gnm2.Gm16	30380884	ss715624253	C	T
glyma.Wm82.gnm2.Gm16	30409198	ss715624264	T	C
glyma.Wm82.gnm2.Gm16	30499866	ss715624285	C	T
glyma.Wm82.gnm2.Gm16	30540660	ss715624290	C	T
glyma.Wm82.gnm2.Gm16	30552667	ss715624293	T	C
glyma.Wm82.gnm2.Gm16	30570397	ss715624295	A	G
glyma.Wm82.gnm2.Gm16	30643242	ss715624304	T	C
glyma.Wm82.gnm2.Gm16	30677411	ss715624315	C	T
glyma.Wm82.gnm2.Gm16	30691477	ss715624318	T	G
glyma.Wm82.gnm2.Gm16	30708368	ss715624321	C	T
glyma.Wm82.gnm2.Gm16	30769397	ss715624330	C	T
glyma.Wm82.gnm2.Gm16	30782749	ss715624333	T	C
glyma.Wm82.gnm2.Gm16	30790840	ss715624335	G	A
glyma.Wm82.gnm2.Gm16	30820635	ss715624336	A	C
glyma.Wm82.gnm2.Gm16	30906081	ss715624349	T	C
glyma.Wm82.gnm2.Gm16	30920482	ss715624350	C	T
glyma.Wm82.gnm2.Gm16	31016527	ss715624359	G	A
glyma.Wm82.gnm2.Gm16	31022970	ss715624362	C	T
glyma.Wm82.gnm2.Gm16	31034612	ss715624363	A	G
glyma.Wm82.gnm2.Gm16	31134540	ss715624371	T	C
glyma.Wm82.gnm2.Gm16	31172215	ss715624377	C	T
glyma.Wm82.gnm2.Gm16	31174895	ss715624378	A	G
glyma.Wm82.gnm2.Gm16	31325474	ss715624391	T	C
glyma.Wm82.gnm2.Gm16	31420857	ss715624401	T	C
glyma.Wm82.gnm2.Gm16	31422329	ss715624402	A	G
glyma.Wm82.gnm2.Gm16	31605209	ss715624419	G	T
glyma.Wm82.gnm2.Gm16	31611184	ss715624420	C	T
glyma.Wm82.gnm2.Gm16	31670347	ss715624425	T	C
glyma.Wm82.gnm2.Gm16	31695345	ss715624429	T	C
glyma.Wm82.gnm2.Gm16	31703297	ss715624432	T	C
glyma.Wm82.gnm2.Gm16	31725940	ss715624436	T	C
glyma.Wm82.gnm2.Gm16	31727218	ss715624437	T	G
glyma.Wm82.gnm2.Gm16	31731577	ss715624438	T	C
glyma.Wm82.gnm2.Gm16	31775325	ss715624447	T	G
glyma.Wm82.gnm2.Gm16	31824702	ss715624453	C	T
glyma.Wm82.gnm2.Gm16	31915854	ss715624465	T	G
glyma.Wm82.gnm2.Gm16	31921134	ss715624467	G	A
glyma.Wm82.gnm2.Gm16	32127800	ss715624480	C	T
glyma.Wm82.gnm2.Gm16	32128738	ss715624481	C	A
glyma.Wm82.gnm2.Gm16	32339652	ss715624489	T	C
glyma.Wm82.gnm2.Gm16	32364531	ss715624492	C	T
glyma.Wm82.gnm2.Gm16	32379969	ss715624496	G	A
glyma.Wm82.gnm2.Gm16	32458318	ss715624503	G	A
glyma.Wm82.gnm2.Gm16	32479513	ss715624507	A	G
glyma.Wm82.gnm2.Gm16	32687018	ss715624533	A	G
glyma.Wm82.gnm2.Gm16	32713444	ss715624537	G	A
glyma.Wm82.gnm2.Gm16	32793527	ss715624548	C	A
glyma.Wm82.gnm2.Gm16	32836371	ss715624556	C	T
glyma.Wm82.gnm2.Gm16	32880993	ss715624560	T	C
glyma.Wm82.gnm2.Gm16	32882556	ss715624562	A	G
glyma.Wm82.gnm2.Gm16	32884098	ss715624563	A	G
glyma.Wm82.gnm2.Gm16	32984480	ss715624568	T	C
glyma.Wm82.gnm2.Gm16	33182780	ss715624587	C	T
glyma.Wm82.gnm2.Gm16	33358667	ss715624599	T	C
glyma.Wm82.gnm2.Gm16	33379172	ss715624607	A	G
glyma.Wm82.gnm2.Gm16	33415484	ss715624611	G	A
glyma.Wm82.gnm2.Gm16	33587731	ss715624612	A	G
glyma.Wm82.gnm2.Gm16	33648397	ss715624613	G	T
glyma.Wm82.gnm2.Gm16	33663403	ss715624616	T	C
glyma.Wm82.gnm2.Gm16	33715054	ss715624623	G	T
glyma.Wm82.gnm2.Gm16	33746571	ss715624630	T	C
glyma.Wm82.gnm2.Gm16	33762447	ss715624631	G	T
glyma.Wm82.gnm2.Gm16	33941392	ss715624637	G	A
glyma.Wm82.gnm2.Gm16	34022072	ss715624648	C	T
glyma.Wm82.gnm2.Gm16	34048559	ss715624653	C	T
glyma.Wm82.gnm2.Gm16	34093599	ss715624655	T	G
glyma.Wm82.gnm2.Gm16	34108895	ss715624658	C	T
glyma.Wm82.gnm2.Gm16	34166317	ss715624664	A	G
glyma.Wm82.gnm2.Gm16	34172405	ss715624665	T	C
glyma.Wm82.gnm2.Gm16	34209606	ss715624667	T	G
glyma.Wm82.gnm2.Gm16	34266968	ss715624673	G	T
glyma.Wm82.gnm2.Gm16	34332862	ss715624686	G	A
glyma.Wm82.gnm2.Gm16	34350084	ss715624687	C	T
glyma.Wm82.gnm2.Gm16	34363632	ss715624688	A	C
glyma.Wm82.gnm2.Gm16	35107794	ss715624719	G	T
glyma.Wm82.gnm2.Gm16	35143989	ss715624727	G	A
glyma.Wm82.gnm2.Gm16	35156326	ss715624729	G	A
glyma.Wm82.gnm2.Gm16	35168738	ss715624734	A	G
glyma.Wm82.gnm2.Gm16	35178490	ss715624736	A	G
glyma.Wm82.gnm2.Gm16	35210116	ss715624743	A	G
glyma.Wm82.gnm2.Gm16	35233689	ss715624747	G	A
glyma.Wm82.gnm2.Gm16	35432492	ss715624756	C	T
glyma.Wm82.gnm2.Gm16	35699355	ss715624778	G	A
glyma.Wm82.gnm2.Gm16	35811705	ss715624789	A	G
glyma.Wm82.gnm2.Gm16	36472063	ss715624854	G	T
glyma.Wm82.gnm2.Gm16	36504530	ss715624860	T	C
glyma.Wm82.gnm2.Gm16	36602709	ss715624872	T	C
glyma.Wm82.gnm2.Gm16	36655555	ss715624878	T	G
glyma.Wm82.gnm2.Gm16	36699710	ss715624886	A	C
glyma.Wm82.gnm2.Gm16	36723762	ss715624890	T	C
glyma.Wm82.gnm2.Gm16	36777185	ss715624900	T	C
glyma.Wm82.gnm2.Gm16	36906551	ss715624912	C	T
glyma.Wm82.gnm2.Gm16	36949935	ss715624918	C	T
glyma.Wm82.gnm2.Gm16	36986699	ss715624921	G	A
glyma.Wm82.gnm2.Gm16	36990907	ss715624923	A	G
glyma.Wm82.gnm2.Gm16	37071463	ss715624935	A	G
glyma.Wm82.gnm2.Gm16	37126645	ss715624940	A	C
glyma.Wm82.gnm2.Gm16	37153578	ss715624945	A	G
glyma.Wm82.gnm2.Gm16	37161526	ss715624948	C	A
glyma.Wm82.gnm2.Gm16	37320268	ss715624965	A	C
glyma.Wm82.gnm2.Gm16	37361718	ss715624971	T	G
glyma.Wm82.gnm2.Gm16	37363616	ss715624972	T	C
glyma.Wm82.gnm2.Gm16	37398053	ss715624976	C	T
glyma.Wm82.gnm2.Gm16	37460691	ss715624982	T	C
glyma.Wm82.gnm2.Gm16	37510824	ss715624990	G	T
glyma.Wm82.gnm2.Gm16	37533232	ss715624994	A	G
glyma.Wm82.gnm2.Gm16	37535163	ss715624995	C	T
glyma.Wm82.gnm2.Gm16	37594649	ss715624997	C	T
glyma.Wm82.gnm2.Gm16	37600532	ss715624998	G	A
glyma.Wm82.gnm2.Gm16	37660795	ss715625002	A	C
glyma.Wm82.gnm2.Gm16	37684411	ss715625006	C	T
glyma.Wm82.gnm2.Gm16	37711101	ss715625008	G	A
glyma.Wm82.gnm2.Gm16	37712387	ss715625009	T	C
glyma.Wm82.gnm2.Gm16	37729546	ss715625010	G	A
glyma.Wm82.gnm2.Gm16	37737235	ss715625012	C	T
glyma.Wm82.gnm2.Gm16	37753573	ss715625013	T	C
glyma.Wm82.gnm2.Gm16	37784014	ss715625017	T	C
glyma.Wm82.gnm2.Gm16	37879369	ss715625022	G	A
glyma.Wm82.gnm2.Gm17	51977	ss715628024	C	T
glyma.Wm82.gnm2.Gm17	135879	ss715626123	G	A
glyma.Wm82.gnm2.Gm17	137222	ss715626147	G	A
glyma.Wm82.gnm2.Gm17	163594	ss715626278	G	A
glyma.Wm82.gnm2.Gm17	186585	ss715626343	G	A
glyma.Wm82.gnm2.Gm17	248133	ss715626523	C	T
glyma.Wm82.gnm2.Gm17	308323	ss715626698	C	A
glyma.Wm82.gnm2.Gm17	320753	ss715626734	T	G
glyma.Wm82.gnm2.Gm17	413904	ss715627854	C	A
glyma.Wm82.gnm2.Gm17	420471	ss715627881	G	A
glyma.Wm82.gnm2.Gm17	498968	ss715627965	C	A
glyma.Wm82.gnm2.Gm17	513784	ss715627986	C	T
glyma.Wm82.gnm2.Gm17	519148	ss715627998	G	A
glyma.Wm82.gnm2.Gm17	550931	ss715628023	T	C
glyma.Wm82.gnm2.Gm17	659705	ss715628092	G	A
glyma.Wm82.gnm2.Gm17	934039	ss715628351	A	G
glyma.Wm82.gnm2.Gm17	1064086	ss715625719	A	C
glyma.Wm82.gnm2.Gm17	1085636	ss715625735	G	T
glyma.Wm82.gnm2.Gm17	1107890	ss715625742	G	T
glyma.Wm82.gnm2.Gm17	1144485	ss715625773	C	T
glyma.Wm82.gnm2.Gm17	1194296	ss715625817	T	C
glyma.Wm82.gnm2.Gm17	1243619	ss715625863	T	C
glyma.Wm82.gnm2.Gm17	1309414	ss715625991	G	A
glyma.Wm82.gnm2.Gm17	1325065	ss715626033	T	G
glyma.Wm82.gnm2.Gm17	1333225	ss715626047	C	T
glyma.Wm82.gnm2.Gm17	1363435	ss715626102	T	C
glyma.Wm82.gnm2.Gm17	1380677	ss715626117	A	G
glyma.Wm82.gnm2.Gm17	1406989	ss715626166	C	T
glyma.Wm82.gnm2.Gm17	1422791	ss715626185	T	G
glyma.Wm82.gnm2.Gm17	1461350	ss715626220	C	T
glyma.Wm82.gnm2.Gm17	1474989	ss715626226	T	C
glyma.Wm82.gnm2.Gm17	1478049	ss715626228	G	A
glyma.Wm82.gnm2.Gm17	1479912	ss715626229	T	C
glyma.Wm82.gnm2.Gm17	1536295	ss715626245	G	A
glyma.Wm82.gnm2.Gm17	1565350	ss715626254	T	C
glyma.Wm82.gnm2.Gm17	1728007	ss715626297	T	C
glyma.Wm82.gnm2.Gm17	1844910	ss715626328	C	T
glyma.Wm82.gnm2.Gm17	1853431	ss715626332	T	C
glyma.Wm82.gnm2.Gm17	1871562	ss715626337	C	T
glyma.Wm82.gnm2.Gm17	1995081	ss715626368	T	C
glyma.Wm82.gnm2.Gm17	2025933	ss715626376	A	G
glyma.Wm82.gnm2.Gm17	2093386	ss715626393	C	T
glyma.Wm82.gnm2.Gm17	2246668	ss715626438	C	A
glyma.Wm82.gnm2.Gm17	2272814	ss715626443	C	T
glyma.Wm82.gnm2.Gm17	2510699	ss715626525	A	G
glyma.Wm82.gnm2.Gm17	2539330	ss715626532	G	A
glyma.Wm82.gnm2.Gm17	2546067	ss715626534	G	T
glyma.Wm82.gnm2.Gm17	2547026	ss715626535	C	T
glyma.Wm82.gnm2.Gm17	2564696	ss715626541	G	T
glyma.Wm82.gnm2.Gm17	2574651	ss715626549	A	G
glyma.Wm82.gnm2.Gm17	2662668	ss715626569	A	G
glyma.Wm82.gnm2.Gm17	2671836	ss715626574	A	G
glyma.Wm82.gnm2.Gm17	2688763	ss715626578	C	T
glyma.Wm82.gnm2.Gm17	2697863	ss715626581	G	A
glyma.Wm82.gnm2.Gm17	2796685	ss715626610	A	G
glyma.Wm82.gnm2.Gm17	2847825	ss715626624	G	A
glyma.Wm82.gnm2.Gm17	2992127	ss715626658	C	A
glyma.Wm82.gnm2.Gm17	3012829	ss715626664	C	T
glyma.Wm82.gnm2.Gm17	3094261	ss715626691	T	C
glyma.Wm82.gnm2.Gm17	3099291	ss715626695	A	G
glyma.Wm82.gnm2.Gm17	3233524	ss715626735	C	T
glyma.Wm82.gnm2.Gm17	3263637	ss715626747	G	A
glyma.Wm82.gnm2.Gm17	3373368	ss715626779	A	G
glyma.Wm82.gnm2.Gm17	3412590	ss715626794	T	C
glyma.Wm82.gnm2.Gm17	3440376	ss715626804	A	C
glyma.Wm82.gnm2.Gm17	3461091	ss715626811	G	A
glyma.Wm82.gnm2.Gm17	3494676	ss715626821	C	T
glyma.Wm82.gnm2.Gm17	3529509	ss715626833	A	G
glyma.Wm82.gnm2.Gm17	3566388	ss715626844	G	A
glyma.Wm82.gnm2.Gm17	3595509	ss715627460	T	C
glyma.Wm82.gnm2.Gm17	3600962	ss715627468	T	C
glyma.Wm82.gnm2.Gm17	3613873	ss715627490	T	G
glyma.Wm82.gnm2.Gm17	3675870	ss715627581	G	A
glyma.Wm82.gnm2.Gm17	3681824	ss715627593	A	G
glyma.Wm82.gnm2.Gm17	3846471	ss715627800	C	T
glyma.Wm82.gnm2.Gm17	3846974	ss715627804	G	T
glyma.Wm82.gnm2.Gm17	3857335	ss715627816	T	C
glyma.Wm82.gnm2.Gm17	3879893	ss715627829	G	A
glyma.Wm82.gnm2.Gm17	3889496	ss715627838	G	A
glyma.Wm82.gnm2.Gm17	3891005	ss715627841	T	C
glyma.Wm82.gnm2.Gm17	3897314	ss715627850	G	A
glyma.Wm82.gnm2.Gm17	3901784	ss715627861	A	G
glyma.Wm82.gnm2.Gm17	3909853	ss715627867	A	C
glyma.Wm82.gnm2.Gm17	3919635	ss715627872	G	T
glyma.Wm82.gnm2.Gm17	4044481	ss715627891	A	G
glyma.Wm82.gnm2.Gm17	4085459	ss715627896	C	A
glyma.Wm82.gnm2.Gm17	4174197	ss715627907	C	T
glyma.Wm82.gnm2.Gm17	4190482	ss715627913	C	A
glyma.Wm82.gnm2.Gm17	4426891	ss715627929	T	G
glyma.Wm82.gnm2.Gm17	4496048	ss715627939	T	C
glyma.Wm82.gnm2.Gm17	4519644	ss715627942	C	A
glyma.Wm82.gnm2.Gm17	4744054	ss715627962	A	C
glyma.Wm82.gnm2.Gm17	4772652	ss715627969	T	G
glyma.Wm82.gnm2.Gm17	4820296	ss715627974	A	G
glyma.Wm82.gnm2.Gm17	4855570	ss715627977	T	G
glyma.Wm82.gnm2.Gm17	4862606	ss715627978	A	C
glyma.Wm82.gnm2.Gm17	4873108	ss715627980	T	G
glyma.Wm82.gnm2.Gm17	4875599	ss715627982	T	C
glyma.Wm82.gnm2.Gm17	4924123	ss715627991	A	G
glyma.Wm82.gnm2.Gm17	4971508	ss715628001	C	T
glyma.Wm82.gnm2.Gm17	5036228	ss715628007	A	G
glyma.Wm82.gnm2.Gm17	5101603	ss715628011	T	G
glyma.Wm82.gnm2.Gm17	5117136	ss715628012	A	C
glyma.Wm82.gnm2.Gm17	5176998	ss715628014	T	G
glyma.Wm82.gnm2.Gm17	5186116	ss715628015	T	C
glyma.Wm82.gnm2.Gm17	5263992	ss715628020	C	T
glyma.Wm82.gnm2.Gm17	5290558	ss715628025	C	T
glyma.Wm82.gnm2.Gm17	5341262	ss715628026	T	G
glyma.Wm82.gnm2.Gm17	5920764	ss715628071	T	C
glyma.Wm82.gnm2.Gm17	5937531	ss715628074	T	G
glyma.Wm82.gnm2.Gm17	5980729	ss715628077	A	G
glyma.Wm82.gnm2.Gm17	6163470	ss715628084	T	C
glyma.Wm82.gnm2.Gm17	6217253	ss715628086	G	A
glyma.Wm82.gnm2.Gm17	6227295	ss715628087	T	C
glyma.Wm82.gnm2.Gm17	6362261	ss715628091	A	G
glyma.Wm82.gnm2.Gm17	6562406	ss715628105	C	A
glyma.Wm82.gnm2.Gm17	6629233	ss715628107	A	G
glyma.Wm82.gnm2.Gm17	6648706	ss715628109	G	A
glyma.Wm82.gnm2.Gm17	6734715	ss715628112	T	C
glyma.Wm82.gnm2.Gm17	6757307	ss715628115	G	A
glyma.Wm82.gnm2.Gm17	6764508	ss715628116	T	C
glyma.Wm82.gnm2.Gm17	6771654	ss715628117	A	G
glyma.Wm82.gnm2.Gm17	6897356	ss715628125	T	C
glyma.Wm82.gnm2.Gm17	6909182	ss715628126	A	C
glyma.Wm82.gnm2.Gm17	6975843	ss715628129	C	A
glyma.Wm82.gnm2.Gm17	7042685	ss715628133	G	A
glyma.Wm82.gnm2.Gm17	7094388	ss715628136	G	T
glyma.Wm82.gnm2.Gm17	7114052	ss715628140	T	G
glyma.Wm82.gnm2.Gm17	7128509	ss715628144	G	A
glyma.Wm82.gnm2.Gm17	7198559	ss715628152	G	A
glyma.Wm82.gnm2.Gm17	7370747	ss715628169	C	T
glyma.Wm82.gnm2.Gm17	7423483	ss715628173	G	A
glyma.Wm82.gnm2.Gm17	7514242	ss715628179	A	C
glyma.Wm82.gnm2.Gm17	7649047	ss715628194	T	G
glyma.Wm82.gnm2.Gm17	7912805	ss715628224	T	C
glyma.Wm82.gnm2.Gm17	7977660	ss715628230	A	G
glyma.Wm82.gnm2.Gm17	7982457	ss715628232	G	A
glyma.Wm82.gnm2.Gm17	8028879	ss715628235	T	C
glyma.Wm82.gnm2.Gm17	8165895	ss715628256	T	C
glyma.Wm82.gnm2.Gm17	8177415	ss715628258	C	A
glyma.Wm82.gnm2.Gm17	8211280	ss715628267	G	A
glyma.Wm82.gnm2.Gm17	8213130	ss715628268	A	G
glyma.Wm82.gnm2.Gm17	8217509	ss715628269	T	C
glyma.Wm82.gnm2.Gm17	8247930	ss715628270	A	G
glyma.Wm82.gnm2.Gm17	8314962	ss715628285	A	G
glyma.Wm82.gnm2.Gm17	8355294	ss715628292	G	A
glyma.Wm82.gnm2.Gm17	8408729	ss715628294	G	T
glyma.Wm82.gnm2.Gm17	8468886	ss715628297	G	A
glyma.Wm82.gnm2.Gm17	8535097	ss715628300	C	T
glyma.Wm82.gnm2.Gm17	8640815	ss715628315	A	G
glyma.Wm82.gnm2.Gm17	8744465	ss715628322	G	A
glyma.Wm82.gnm2.Gm17	8746223	ss715628323	C	T
glyma.Wm82.gnm2.Gm17	9095955	ss715628348	A	G
glyma.Wm82.gnm2.Gm17	9171313	ss715628357	A	G
glyma.Wm82.gnm2.Gm17	9229641	ss715628359	C	T
glyma.Wm82.gnm2.Gm17	9234863	ss715628360	A	G
glyma.Wm82.gnm2.Gm17	9321703	ss715628368	T	G
glyma.Wm82.gnm2.Gm17	9365412	ss715628377	G	T
glyma.Wm82.gnm2.Gm17	9418623	ss715628383	A	G
glyma.Wm82.gnm2.Gm17	9489326	ss715628389	C	T
glyma.Wm82.gnm2.Gm17	9493425	ss715628390	G	A
glyma.Wm82.gnm2.Gm17	9550816	ss715628391	C	A
glyma.Wm82.gnm2.Gm17	9603910	ss715628394	A	C
glyma.Wm82.gnm2.Gm17	9800344	ss715625701	C	A
glyma.Wm82.gnm2.Gm17	9811497	ss715625703	G	A
glyma.Wm82.gnm2.Gm17	9817286	ss715625705	G	T
glyma.Wm82.gnm2.Gm17	9874339	ss715625708	T	C
glyma.Wm82.gnm2.Gm17	9937928	ss715625709	C	A
glyma.Wm82.gnm2.Gm17	10112032	ss715625711	A	G
glyma.Wm82.gnm2.Gm17	10206325	ss715625714	T	C
glyma.Wm82.gnm2.Gm17	10312240	ss715625716	T	G
glyma.Wm82.gnm2.Gm17	10707652	ss715625740	T	C
glyma.Wm82.gnm2.Gm17	10725086	ss715625741	C	T
glyma.Wm82.gnm2.Gm17	10983581	ss715625745	T	C
glyma.Wm82.gnm2.Gm17	11115438	ss715625768	G	T
glyma.Wm82.gnm2.Gm17	11149371	ss715625770	G	T
glyma.Wm82.gnm2.Gm17	11372517	ss715625779	A	G
glyma.Wm82.gnm2.Gm17	11379945	ss715625780	T	G
glyma.Wm82.gnm2.Gm17	11488947	ss715625793	T	C
glyma.Wm82.gnm2.Gm17	11592792	ss715625806	G	A
glyma.Wm82.gnm2.Gm17	11641604	ss715625809	C	T
glyma.Wm82.gnm2.Gm17	11670364	ss715625810	C	T
glyma.Wm82.gnm2.Gm17	11687175	ss715625812	G	A
glyma.Wm82.gnm2.Gm17	11750944	ss715625818	A	G
glyma.Wm82.gnm2.Gm17	11876279	ss715625826	A	G
glyma.Wm82.gnm2.Gm17	11940455	ss715625834	C	T
glyma.Wm82.gnm2.Gm17	12029252	ss715625839	A	C
glyma.Wm82.gnm2.Gm17	12109794	ss715625844	C	T
glyma.Wm82.gnm2.Gm17	12112412	ss715625847	A	G
glyma.Wm82.gnm2.Gm17	12127188	ss715625849	T	G
glyma.Wm82.gnm2.Gm17	12129970	ss715625854	C	T
glyma.Wm82.gnm2.Gm17	12130314	ss715625855	C	T
glyma.Wm82.gnm2.Gm17	12224957	ss715625861	G	T
glyma.Wm82.gnm2.Gm17	12246298	ss715625865	G	A
glyma.Wm82.gnm2.Gm17	12246989	ss715625866	T	C
glyma.Wm82.gnm2.Gm17	12288227	ss715625871	C	T
glyma.Wm82.gnm2.Gm17	12421692	ss715625879	G	A
glyma.Wm82.gnm2.Gm17	12427253	ss715625881	A	G
glyma.Wm82.gnm2.Gm17	12472079	ss715625884	G	A
glyma.Wm82.gnm2.Gm17	12505633	ss715625887	C	T
glyma.Wm82.gnm2.Gm17	12583919	ss715625896	G	A
glyma.Wm82.gnm2.Gm17	12698774	ss715625917	C	T
glyma.Wm82.gnm2.Gm17	12703685	ss715625919	C	T
glyma.Wm82.gnm2.Gm17	12716310	ss715625922	A	G
glyma.Wm82.gnm2.Gm17	12730065	ss715625925	T	C
glyma.Wm82.gnm2.Gm17	12749747	ss715625934	C	T
glyma.Wm82.gnm2.Gm17	12873426	ss715625977	A	C
glyma.Wm82.gnm2.Gm17	12885814	ss715625986	A	G
glyma.Wm82.gnm2.Gm17	12938623	ss715626005	T	C
glyma.Wm82.gnm2.Gm17	12960442	ss715626012	C	T
glyma.Wm82.gnm2.Gm17	12976543	ss715626016	T	C
glyma.Wm82.gnm2.Gm17	12977976	ss715626017	C	T
glyma.Wm82.gnm2.Gm17	13059837	ss715626034	A	G
glyma.Wm82.gnm2.Gm17	13120711	ss715626045	C	T
glyma.Wm82.gnm2.Gm17	13146242	ss715626048	T	G
glyma.Wm82.gnm2.Gm17	13222102	ss715626056	A	C
glyma.Wm82.gnm2.Gm17	13289412	ss715626067	C	T
glyma.Wm82.gnm2.Gm17	13296283	ss715626069	G	A
glyma.Wm82.gnm2.Gm17	13357421	ss715626086	A	G
glyma.Wm82.gnm2.Gm17	13411475	ss715626097	C	T
glyma.Wm82.gnm2.Gm17	13455842	ss715626106	T	C
glyma.Wm82.gnm2.Gm17	13484870	ss715626109	G	A
glyma.Wm82.gnm2.Gm17	13522636	ss715626112	A	G
glyma.Wm82.gnm2.Gm17	13560612	ss715626114	C	T
glyma.Wm82.gnm2.Gm17	13607939	ss715626116	T	G
glyma.Wm82.gnm2.Gm17	13623691	ss715626118	T	C
glyma.Wm82.gnm2.Gm17	13639406	ss715626120	G	A
glyma.Wm82.gnm2.Gm17	13679328	ss715626129	C	T
glyma.Wm82.gnm2.Gm17	13706672	ss715626136	G	A
glyma.Wm82.gnm2.Gm17	13751165	ss715626140	G	A
glyma.Wm82.gnm2.Gm17	13769054	ss715626144	C	T
glyma.Wm82.gnm2.Gm17	13806139	ss715626149	A	G
glyma.Wm82.gnm2.Gm17	13832832	ss715626153	A	G
glyma.Wm82.gnm2.Gm17	13865977	ss715626163	C	T
glyma.Wm82.gnm2.Gm17	13896304	ss715626169	C	T
glyma.Wm82.gnm2.Gm17	13919604	ss715626171	G	A
glyma.Wm82.gnm2.Gm17	13983784	ss715626174	G	A
glyma.Wm82.gnm2.Gm17	14009824	ss715626179	T	C
glyma.Wm82.gnm2.Gm17	14024649	ss715626183	G	A
glyma.Wm82.gnm2.Gm17	14065524	ss715626186	T	C
glyma.Wm82.gnm2.Gm17	14090549	ss715626189	A	G
glyma.Wm82.gnm2.Gm17	14603849	ss715626227	T	C
glyma.Wm82.gnm2.Gm17	14785131	ss715626234	A	G
glyma.Wm82.gnm2.Gm17	15258296	ss715626247	G	T
glyma.Wm82.gnm2.Gm17	15380811	ss715626252	C	T
glyma.Wm82.gnm2.Gm17	15637177	ss715626258	C	T
glyma.Wm82.gnm2.Gm17	16232349	ss715626273	A	C
glyma.Wm82.gnm2.Gm17	17121919	ss715626302	G	A
glyma.Wm82.gnm2.Gm17	17330998	ss715626306	A	G
glyma.Wm82.gnm2.Gm17	17360912	ss715626307	A	G
glyma.Wm82.gnm2.Gm17	17490643	ss715626311	G	A
glyma.Wm82.gnm2.Gm17	18087588	ss715626326	T	C
glyma.Wm82.gnm2.Gm17	18232287	ss715626331	C	T
glyma.Wm82.gnm2.Gm17	18305611	ss715626334	C	T
glyma.Wm82.gnm2.Gm17	19787337	ss715626372	C	T
glyma.Wm82.gnm2.Gm17	20050238	ss715626378	G	A
glyma.Wm82.gnm2.Gm17	20145384	ss715626381	A	G
glyma.Wm82.gnm2.Gm17	21002317	ss715626404	A	G
glyma.Wm82.gnm2.Gm17	21107892	ss715626409	C	T
glyma.Wm82.gnm2.Gm17	21427591	ss715626418	A	C
glyma.Wm82.gnm2.Gm17	22040700	ss715626434	A	G
glyma.Wm82.gnm2.Gm17	22290577	ss715626441	G	T
glyma.Wm82.gnm2.Gm17	22815764	ss715626453	G	A
glyma.Wm82.gnm2.Gm17	23086374	ss715626461	G	A
glyma.Wm82.gnm2.Gm17	23236006	ss715626464	C	T
glyma.Wm82.gnm2.Gm17	23963800	ss715626495	G	A
glyma.Wm82.gnm2.Gm17	24230868	ss715626505	T	C
glyma.Wm82.gnm2.Gm17	24338346	ss715626507	T	C
glyma.Wm82.gnm2.Gm17	24511192	ss715626512	G	A
glyma.Wm82.gnm2.Gm17	25049340	ss715626530	C	T
glyma.Wm82.gnm2.Gm17	25316516	ss715626540	C	T
glyma.Wm82.gnm2.Gm17	25554555	ss715626552	C	T
glyma.Wm82.gnm2.Gm17	25748869	ss715626558	G	A
glyma.Wm82.gnm2.Gm17	26272528	ss715626568	G	T
glyma.Wm82.gnm2.Gm17	26438607	ss715626575	C	T
glyma.Wm82.gnm2.Gm17	26795912	ss715626586	G	T
glyma.Wm82.gnm2.Gm17	27131828	ss715626595	G	A
glyma.Wm82.gnm2.Gm17	27168909	ss715626596	G	T
glyma.Wm82.gnm2.Gm17	27598111	ss715626608	C	T
glyma.Wm82.gnm2.Gm17	28473159	ss715626684	T	C
glyma.Wm82.gnm2.Gm17	28523512	ss715626629	G	T
glyma.Wm82.gnm2.Gm17	28719506	ss715626636	G	T
glyma.Wm82.gnm2.Gm17	28842708	ss715626640	A	G
glyma.Wm82.gnm2.Gm17	28918771	ss715626642	G	A
glyma.Wm82.gnm2.Gm17	29060445	ss715626646	A	G
glyma.Wm82.gnm2.Gm17	29813346	ss715626660	A	C
glyma.Wm82.gnm2.Gm17	30155651	ss715626670	T	C
glyma.Wm82.gnm2.Gm17	30921457	ss715626701	C	T
glyma.Wm82.gnm2.Gm17	31794022	ss715626726	G	A
glyma.Wm82.gnm2.Gm17	31998882	ss715626732	T	C
glyma.Wm82.gnm2.Gm17	32325980	ss715626745	C	T
glyma.Wm82.gnm2.Gm17	33935015	ss715626798	T	G
glyma.Wm82.gnm2.Gm17	34338613	ss715626810	T	C
glyma.Wm82.gnm2.Gm17	34386619	ss715626812	A	G
glyma.Wm82.gnm2.Gm17	35153323	ss715626837	T	C
glyma.Wm82.gnm2.Gm17	35708341	ss715626855	A	C
glyma.Wm82.gnm2.Gm17	35710650	ss715626859	A	G
glyma.Wm82.gnm2.Gm17	35715794	ss715626860	C	T
glyma.Wm82.gnm2.Gm17	35747476	ss715626868	G	A
glyma.Wm82.gnm2.Gm17	35747763	ss715626869	T	C
glyma.Wm82.gnm2.Gm17	35836775	ss715626897	C	A
glyma.Wm82.gnm2.Gm17	35852647	ss715626902	G	A
glyma.Wm82.gnm2.Gm17	35854078	ss715626903	G	A
glyma.Wm82.gnm2.Gm17	35856487	ss715626906	C	T
glyma.Wm82.gnm2.Gm17	36104755	ss715626921	A	G
glyma.Wm82.gnm2.Gm17	36135024	ss715626932	A	G
glyma.Wm82.gnm2.Gm17	36153183	ss715626935	C	A
glyma.Wm82.gnm2.Gm17	36173802	ss715626942	C	T
glyma.Wm82.gnm2.Gm17	36179898	ss715626947	G	T
glyma.Wm82.gnm2.Gm17	36220997	ss715626965	C	T
glyma.Wm82.gnm2.Gm17	36227875	ss715626968	G	A
glyma.Wm82.gnm2.Gm17	36230775	ss715626972	C	T
glyma.Wm82.gnm2.Gm17	36242266	ss715626976	A	G
glyma.Wm82.gnm2.Gm17	36290129	ss715626989	G	A
glyma.Wm82.gnm2.Gm17	36303259	ss715626995	C	T
glyma.Wm82.gnm2.Gm17	36307926	ss715626997	C	T
glyma.Wm82.gnm2.Gm17	36391427	ss715627015	C	T
glyma.Wm82.gnm2.Gm17	36398362	ss715627018	C	T
glyma.Wm82.gnm2.Gm17	36424594	ss715627026	C	T
glyma.Wm82.gnm2.Gm17	36439091	ss715627038	G	A
glyma.Wm82.gnm2.Gm17	36462950	ss715627049	A	C
glyma.Wm82.gnm2.Gm17	36514311	ss715627064	T	C
glyma.Wm82.gnm2.Gm17	36524921	ss715627069	C	A
glyma.Wm82.gnm2.Gm17	36554357	ss715627071	A	G
glyma.Wm82.gnm2.Gm17	36561731	ss715627075	G	A
glyma.Wm82.gnm2.Gm17	36609278	ss715627085	A	G
glyma.Wm82.gnm2.Gm17	36675204	ss715627104	G	A
glyma.Wm82.gnm2.Gm17	36675719	ss715627106	G	A
glyma.Wm82.gnm2.Gm17	36725348	ss715627115	T	C
glyma.Wm82.gnm2.Gm17	36726918	ss715627116	T	C
glyma.Wm82.gnm2.Gm17	36804217	ss715627143	T	C
glyma.Wm82.gnm2.Gm17	36915046	ss715627167	G	T
glyma.Wm82.gnm2.Gm17	36930547	ss715627171	A	G
glyma.Wm82.gnm2.Gm17	36977365	ss715627174	G	A
glyma.Wm82.gnm2.Gm17	37021401	ss715627184	G	A
glyma.Wm82.gnm2.Gm17	37073138	ss715627195	C	T
glyma.Wm82.gnm2.Gm17	37086489	ss715627198	T	C
glyma.Wm82.gnm2.Gm17	37116815	ss715627206	G	A
glyma.Wm82.gnm2.Gm17	37167601	ss715627213	G	A
glyma.Wm82.gnm2.Gm17	37171547	ss715627214	C	T
glyma.Wm82.gnm2.Gm17	37189247	ss715627215	G	T
glyma.Wm82.gnm2.Gm17	37190607	ss715627217	T	C
glyma.Wm82.gnm2.Gm17	37217482	ss715627220	G	A
glyma.Wm82.gnm2.Gm17	37354849	ss715627224	C	T
glyma.Wm82.gnm2.Gm17	37387992	ss715627225	G	A
glyma.Wm82.gnm2.Gm17	37389060	ss715627226	A	G
glyma.Wm82.gnm2.Gm17	37391285	ss715627227	C	T
glyma.Wm82.gnm2.Gm17	37394413	ss715627230	C	A
glyma.Wm82.gnm2.Gm17	37452423	ss715627238	C	T
glyma.Wm82.gnm2.Gm17	37497877	ss715627245	C	A
glyma.Wm82.gnm2.Gm17	37546643	ss715627246	G	T
glyma.Wm82.gnm2.Gm17	37588069	ss715627251	C	T
glyma.Wm82.gnm2.Gm17	37588879	ss715627252	C	T
glyma.Wm82.gnm2.Gm17	37590070	ss715627253	G	A
glyma.Wm82.gnm2.Gm17	37590356	ss715627254	C	T
glyma.Wm82.gnm2.Gm17	37591283	ss715627255	C	T
glyma.Wm82.gnm2.Gm17	37747049	ss715627275	C	T
glyma.Wm82.gnm2.Gm17	37792810	ss715627292	T	C
glyma.Wm82.gnm2.Gm17	37811594	ss715627298	T	C
glyma.Wm82.gnm2.Gm17	37828170	ss715627306	G	A
glyma.Wm82.gnm2.Gm17	37858354	ss715627310	T	C
glyma.Wm82.gnm2.Gm17	37912194	ss715627328	G	A
glyma.Wm82.gnm2.Gm17	37989397	ss715627349	A	G
glyma.Wm82.gnm2.Gm17	37990947	ss715627352	G	A
glyma.Wm82.gnm2.Gm17	38003473	ss715627355	G	A
glyma.Wm82.gnm2.Gm17	38007855	ss715627356	G	A
glyma.Wm82.gnm2.Gm17	38044085	ss715627359	A	G
glyma.Wm82.gnm2.Gm17	38045278	ss715627360	G	T
glyma.Wm82.gnm2.Gm17	38047643	ss715627364	T	C
glyma.Wm82.gnm2.Gm17	38127081	ss715627390	T	C
glyma.Wm82.gnm2.Gm17	38134746	ss715627393	A	G
glyma.Wm82.gnm2.Gm17	38141899	ss715627394	A	G
glyma.Wm82.gnm2.Gm17	38189262	ss715627415	C	T
glyma.Wm82.gnm2.Gm17	38223320	ss715627426	C	T
glyma.Wm82.gnm2.Gm17	38223849	ss715627427	C	T
glyma.Wm82.gnm2.Gm17	38230143	ss715627429	G	T
glyma.Wm82.gnm2.Gm17	38237259	ss715627430	T	C
glyma.Wm82.gnm2.Gm17	38256161	ss715627433	C	T
glyma.Wm82.gnm2.Gm17	38292435	ss715627442	T	G
glyma.Wm82.gnm2.Gm17	38356336	ss715627456	C	T
glyma.Wm82.gnm2.Gm17	38356996	ss715627458	A	G
glyma.Wm82.gnm2.Gm17	38437330	ss715627471	G	A
glyma.Wm82.gnm2.Gm17	38463873	ss715627475	A	C
glyma.Wm82.gnm2.Gm17	38501890	ss715627480	A	C
glyma.Wm82.gnm2.Gm17	38511430	ss715627483	G	A
glyma.Wm82.gnm2.Gm17	38574470	ss715627493	T	C
glyma.Wm82.gnm2.Gm17	38594123	ss715627499	C	T
glyma.Wm82.gnm2.Gm17	38594597	ss715627500	G	A
glyma.Wm82.gnm2.Gm17	38594926	ss715627501	C	T
glyma.Wm82.gnm2.Gm17	38595365	ss715627502	T	C
glyma.Wm82.gnm2.Gm17	38674703	ss715627507	A	G
glyma.Wm82.gnm2.Gm17	38695646	ss715627512	T	C
glyma.Wm82.gnm2.Gm17	38814314	ss715627531	A	C
glyma.Wm82.gnm2.Gm17	38826185	ss715627535	A	G
glyma.Wm82.gnm2.Gm17	39007518	ss715627553	C	T
glyma.Wm82.gnm2.Gm17	39083133	ss715627565	C	T
glyma.Wm82.gnm2.Gm17	39123666	ss715627571	G	A
glyma.Wm82.gnm2.Gm17	39208818	ss715627585	A	C
glyma.Wm82.gnm2.Gm17	39257059	ss715627594	C	A
glyma.Wm82.gnm2.Gm17	39275561	ss715627599	C	A
glyma.Wm82.gnm2.Gm17	39389410	ss715627619	A	C
glyma.Wm82.gnm2.Gm17	39431668	ss715627623	T	C
glyma.Wm82.gnm2.Gm17	39524158	ss715627639	T	C
glyma.Wm82.gnm2.Gm17	39649025	ss715627654	C	T
glyma.Wm82.gnm2.Gm17	39724972	ss715627659	A	C
glyma.Wm82.gnm2.Gm17	39756425	ss715627665	A	G
glyma.Wm82.gnm2.Gm17	39759265	ss715627666	A	G
glyma.Wm82.gnm2.Gm17	39776680	ss715627670	C	A
glyma.Wm82.gnm2.Gm17	39875118	ss715627684	C	A
glyma.Wm82.gnm2.Gm17	39879571	ss715627685	C	T
glyma.Wm82.gnm2.Gm17	39938699	ss715627692	G	T
glyma.Wm82.gnm2.Gm17	40070451	ss715627702	T	G
glyma.Wm82.gnm2.Gm17	40132771	ss715627712	C	T
glyma.Wm82.gnm2.Gm17	40185759	ss715627714	C	T
glyma.Wm82.gnm2.Gm17	40211751	ss715627719	C	T
glyma.Wm82.gnm2.Gm17	40260692	ss715627724	G	A
glyma.Wm82.gnm2.Gm17	40267171	ss715627725	C	A
glyma.Wm82.gnm2.Gm17	40386225	ss715627734	T	C
glyma.Wm82.gnm2.Gm17	40386681	ss715627735	C	T
glyma.Wm82.gnm2.Gm17	40408333	ss715627737	G	A
glyma.Wm82.gnm2.Gm17	40471529	ss715627741	C	T
glyma.Wm82.gnm2.Gm17	40495239	ss715627743	G	A
glyma.Wm82.gnm2.Gm17	40562151	ss715627751	C	T
glyma.Wm82.gnm2.Gm17	40565450	ss715627752	T	G
glyma.Wm82.gnm2.Gm17	40589313	ss715627757	C	A
glyma.Wm82.gnm2.Gm17	40591480	ss715627758	C	T
glyma.Wm82.gnm2.Gm17	40592569	ss715627759	C	T
glyma.Wm82.gnm2.Gm17	40607878	ss715627761	G	A
glyma.Wm82.gnm2.Gm17	40625594	ss715627763	A	G
glyma.Wm82.gnm2.Gm17	40635715	ss715627767	T	C
glyma.Wm82.gnm2.Gm17	40684831	ss715627772	G	A
glyma.Wm82.gnm2.Gm17	40689599	ss715627774	C	T
glyma.Wm82.gnm2.Gm17	40788190	ss715627789	T	C
glyma.Wm82.gnm2.Gm17	40849700	ss715627795	A	C
glyma.Wm82.gnm2.Gm17	40887654	ss715627799	A	G
glyma.Wm82.gnm2.Gm17	40908280	ss715627802	G	A
glyma.Wm82.gnm2.Gm17	40914215	ss715627805	T	C
glyma.Wm82.gnm2.Gm17	40936518	ss715627809	G	A
glyma.Wm82.gnm2.Gm17	40939386	ss715627810	T	G
glyma.Wm82.gnm2.Gm17	41103064	ss715627821	A	G
glyma.Wm82.gnm2.Gm17	41141220	ss715627822	A	G
glyma.Wm82.gnm2.Gm17	41202927	ss715627825	T	G
glyma.Wm82.gnm2.Gm17	41261867	ss715627832	C	T
glyma.Wm82.gnm2.Gm17	41319215	ss715627837	A	C
glyma.Wm82.gnm2.Gm17	41346575	ss715627840	G	T
glyma.Wm82.gnm2.Gm17	41412755	ss715627849	G	A
glyma.Wm82.gnm2.Gm17	41570499	ss715627868	C	T
glyma.Wm82.gnm2.Gm17	41616549	ss715627871	C	A
glyma.Wm82.gnm2.Gm18	19295	ss715629565	C	T
glyma.Wm82.gnm2.Gm18	26545	ss715630069	G	A
glyma.Wm82.gnm2.Gm18	57071	ss715631827	G	A
glyma.Wm82.gnm2.Gm18	149886	ss715629062	C	T
glyma.Wm82.gnm2.Gm18	176789	ss715629346	G	A
glyma.Wm82.gnm2.Gm18	191055	ss715629540	G	A
glyma.Wm82.gnm2.Gm18	291822	ss715630159	A	C
glyma.Wm82.gnm2.Gm18	364634	ss715630383	A	G
glyma.Wm82.gnm2.Gm18	418343	ss715630517	T	C
glyma.Wm82.gnm2.Gm18	455180	ss715630632	T	C
glyma.Wm82.gnm2.Gm18	635968	ss715632522	G	T
glyma.Wm82.gnm2.Gm18	700161	ss715632586	C	T
glyma.Wm82.gnm2.Gm18	713403	ss715632607	C	T
glyma.Wm82.gnm2.Gm18	737989	ss715632639	A	G
glyma.Wm82.gnm2.Gm18	792346	ss715632708	G	A
glyma.Wm82.gnm2.Gm18	808959	ss715632731	G	A
glyma.Wm82.gnm2.Gm18	859541	ss715632804	T	G
glyma.Wm82.gnm2.Gm18	903372	ss715632852	G	T
glyma.Wm82.gnm2.Gm18	921593	ss715632882	C	A
glyma.Wm82.gnm2.Gm18	949928	ss715632933	C	T
glyma.Wm82.gnm2.Gm18	985195	ss715632978	G	T
glyma.Wm82.gnm2.Gm18	990273	ss715632990	C	T
glyma.Wm82.gnm2.Gm18	1056851	ss715628445	C	T
glyma.Wm82.gnm2.Gm18	1151827	ss715628569	C	T
glyma.Wm82.gnm2.Gm18	1187349	ss715628625	G	A
glyma.Wm82.gnm2.Gm18	1197210	ss715628639	T	C
glyma.Wm82.gnm2.Gm18	1205072	ss715628655	G	A
glyma.Wm82.gnm2.Gm18	1266211	ss715628746	T	C
glyma.Wm82.gnm2.Gm18	1277584	ss715628770	G	A
glyma.Wm82.gnm2.Gm18	1373089	ss715628911	C	T
glyma.Wm82.gnm2.Gm18	1376461	ss715628914	G	A
glyma.Wm82.gnm2.Gm18	1427672	ss715628955	G	T
glyma.Wm82.gnm2.Gm18	1483686	ss715629043	C	T
glyma.Wm82.gnm2.Gm18	1488512	ss715629051	A	G
glyma.Wm82.gnm2.Gm18	1497532	ss715629061	T	C
glyma.Wm82.gnm2.Gm18	1822605	ss715629408	A	G
glyma.Wm82.gnm2.Gm18	1832811	ss715629418	T	G
glyma.Wm82.gnm2.Gm18	1883948	ss715629502	C	A
glyma.Wm82.gnm2.Gm18	1948407	ss715629599	A	G
glyma.Wm82.gnm2.Gm18	1984736	ss715629658	T	G
glyma.Wm82.gnm2.Gm18	2079567	ss715629821	G	A
glyma.Wm82.gnm2.Gm18	2221491	ss715629933	T	C
glyma.Wm82.gnm2.Gm18	2537565	ss715630033	T	G
glyma.Wm82.gnm2.Gm18	2575102	ss715630038	T	C
glyma.Wm82.gnm2.Gm18	2673067	ss715630073	C	T
glyma.Wm82.gnm2.Gm18	2740317	ss715630094	G	T
glyma.Wm82.gnm2.Gm18	2755627	ss715630101	T	C
glyma.Wm82.gnm2.Gm18	2806672	ss715630117	C	A
glyma.Wm82.gnm2.Gm18	2811150	ss715630119	G	A
glyma.Wm82.gnm2.Gm18	2843515	ss715630131	G	A
glyma.Wm82.gnm2.Gm18	2864455	ss715630138	G	T
glyma.Wm82.gnm2.Gm18	2959138	ss715630165	T	C
glyma.Wm82.gnm2.Gm18	2988481	ss715630173	C	T
glyma.Wm82.gnm2.Gm18	3066813	ss715630197	G	T
glyma.Wm82.gnm2.Gm18	3073705	ss715630200	G	A
glyma.Wm82.gnm2.Gm18	3107279	ss715630213	T	C
glyma.Wm82.gnm2.Gm18	3179746	ss715630235	A	C
glyma.Wm82.gnm2.Gm18	3206780	ss715630246	A	G
glyma.Wm82.gnm2.Gm18	3224149	ss715630253	A	C
glyma.Wm82.gnm2.Gm18	3253599	ss715630264	A	G
glyma.Wm82.gnm2.Gm18	3301396	ss715630282	T	C
glyma.Wm82.gnm2.Gm18	3314770	ss715630286	G	T
glyma.Wm82.gnm2.Gm18	3536279	ss715630352	T	C
glyma.Wm82.gnm2.Gm18	3631927	ss715630374	C	T
glyma.Wm82.gnm2.Gm18	3670129	ss715630384	C	A
glyma.Wm82.gnm2.Gm18	3725062	ss715630402	T	C
glyma.Wm82.gnm2.Gm18	3882430	ss715630449	G	A
glyma.Wm82.gnm2.Gm18	3935397	ss715630466	G	T
glyma.Wm82.gnm2.Gm18	3963889	ss715630474	A	G
glyma.Wm82.gnm2.Gm18	4002503	ss715630485	A	G
glyma.Wm82.gnm2.Gm18	4135098	ss715630501	G	A
glyma.Wm82.gnm2.Gm18	4191148	ss715630513	A	G
glyma.Wm82.gnm2.Gm18	4204711	ss715630518	A	C
glyma.Wm82.gnm2.Gm18	4279507	ss715630549	G	A
glyma.Wm82.gnm2.Gm18	4309996	ss715630555	G	A
glyma.Wm82.gnm2.Gm18	4436650	ss715630598	G	A
glyma.Wm82.gnm2.Gm18	4466881	ss715630603	G	A
glyma.Wm82.gnm2.Gm18	4577594	ss715630634	G	A
glyma.Wm82.gnm2.Gm18	4639104	ss715630658	A	G
glyma.Wm82.gnm2.Gm18	4669602	ss715630673	A	G
glyma.Wm82.gnm2.Gm18	4696945	ss715630681	T	G
glyma.Wm82.gnm2.Gm18	4723697	ss715630690	T	G
glyma.Wm82.gnm2.Gm18	4734471	ss715630691	T	C
glyma.Wm82.gnm2.Gm18	4743241	ss715630693	G	A
glyma.Wm82.gnm2.Gm18	4751160	ss715630704	T	G
glyma.Wm82.gnm2.Gm18	4775910	ss715630733	C	T
glyma.Wm82.gnm2.Gm18	4805502	ss715630789	G	T
glyma.Wm82.gnm2.Gm18	4902499	ss715630937	C	A
glyma.Wm82.gnm2.Gm18	4970379	ss715631048	G	A
glyma.Wm82.gnm2.Gm18	5040965	ss715631092	A	C
glyma.Wm82.gnm2.Gm18	5086359	ss715631119	A	G
glyma.Wm82.gnm2.Gm18	5246732	ss715631322	C	T
glyma.Wm82.gnm2.Gm18	5314434	ss715631398	A	G
glyma.Wm82.gnm2.Gm18	5417856	ss715631519	C	T
glyma.Wm82.gnm2.Gm18	5502603	ss715631593	T	C
glyma.Wm82.gnm2.Gm18	5508966	ss715631598	G	.
glyma.Wm82.gnm2.Gm18	5537150	ss715631632	A	G
glyma.Wm82.gnm2.Gm18	5613520	ss715631710	C	T
glyma.Wm82.gnm2.Gm18	5629856	ss715631727	T	C
glyma.Wm82.gnm2.Gm18	5725116	ss715631813	G	A
glyma.Wm82.gnm2.Gm18	5798918	ss715631899	A	G
glyma.Wm82.gnm2.Gm18	5961788	ss715632113	C	T
glyma.Wm82.gnm2.Gm18	5968554	ss715632123	C	T
glyma.Wm82.gnm2.Gm18	5998461	ss715632179	G	A
glyma.Wm82.gnm2.Gm18	6008383	ss715632196	C	A
glyma.Wm82.gnm2.Gm18	6130646	ss715632369	A	G
glyma.Wm82.gnm2.Gm18	6201247	ss715632451	T	C
glyma.Wm82.gnm2.Gm18	6212958	ss715632467	G	A
glyma.Wm82.gnm2.Gm18	6241552	ss715632499	G	T
glyma.Wm82.gnm2.Gm18	6337565	ss715632521	C	T
glyma.Wm82.gnm2.Gm18	6406710	ss715632525	T	G
glyma.Wm82.gnm2.Gm18	6589251	ss715632533	A	G
glyma.Wm82.gnm2.Gm18	6591476	ss715632534	A	G
glyma.Wm82.gnm2.Gm18	6671185	ss715632543	T	C
glyma.Wm82.gnm2.Gm18	6711457	ss715632547	T	G
glyma.Wm82.gnm2.Gm18	6836337	ss715632561	T	C
glyma.Wm82.gnm2.Gm18	6983776	ss715608516	A	G
glyma.Wm82.gnm2.Gm18	7012979	ss715632584	T	C
glyma.Wm82.gnm2.Gm18	7027646	ss715632587	A	C
glyma.Wm82.gnm2.Gm18	7047536	ss715632592	G	A
glyma.Wm82.gnm2.Gm18	7161394	ss715632608	C	T
glyma.Wm82.gnm2.Gm18	7167558	ss715632609	A	G
glyma.Wm82.gnm2.Gm18	7172561	ss715632610	A	G
glyma.Wm82.gnm2.Gm18	7262550	ss715632626	G	T
glyma.Wm82.gnm2.Gm18	7436958	ss715632645	G	A
glyma.Wm82.gnm2.Gm18	7446140	ss715632646	G	A
glyma.Wm82.gnm2.Gm18	7466574	ss715632649	G	A
glyma.Wm82.gnm2.Gm18	7583500	ss715632664	G	A
glyma.Wm82.gnm2.Gm18	7643977	ss715632672	T	C
glyma.Wm82.gnm2.Gm18	7744197	ss715632683	A	G
glyma.Wm82.gnm2.Gm18	7754165	ss715632685	C	T
glyma.Wm82.gnm2.Gm18	7814394	ss715632687	G	T
glyma.Wm82.gnm2.Gm18	7816342	ss715632688	A	C
glyma.Wm82.gnm2.Gm18	7908273	ss715632700	T	C
glyma.Wm82.gnm2.Gm18	7939171	ss715632707	G	T
glyma.Wm82.gnm2.Gm18	7954314	ss715632710	T	C
glyma.Wm82.gnm2.Gm18	7957206	ss715632711	G	A
glyma.Wm82.gnm2.Gm18	7963930	ss715632713	G	T
glyma.Wm82.gnm2.Gm18	8008361	ss715632716	C	T
glyma.Wm82.gnm2.Gm18	8129388	ss715632734	G	T
glyma.Wm82.gnm2.Gm18	8151524	ss715632741	A	G
glyma.Wm82.gnm2.Gm18	8174436	ss715632744	A	G
glyma.Wm82.gnm2.Gm18	8289949	ss715632753	G	A
glyma.Wm82.gnm2.Gm18	8330298	ss715632758	C	T
glyma.Wm82.gnm2.Gm18	8351920	ss715632762	T	C
glyma.Wm82.gnm2.Gm18	8362520	ss715632765	G	A
glyma.Wm82.gnm2.Gm18	8366365	ss715632766	G	A
glyma.Wm82.gnm2.Gm18	8372889	ss715632768	G	A
glyma.Wm82.gnm2.Gm18	8400913	ss715632773	A	C
glyma.Wm82.gnm2.Gm18	8457602	ss715632782	A	G
glyma.Wm82.gnm2.Gm18	8463305	ss715632783	G	A
glyma.Wm82.gnm2.Gm18	8504254	ss715632791	T	C
glyma.Wm82.gnm2.Gm18	8508016	ss715632792	C	T
glyma.Wm82.gnm2.Gm18	8520229	ss715632795	A	G
glyma.Wm82.gnm2.Gm18	8547907	ss715632797	G	A
glyma.Wm82.gnm2.Gm18	8587578	ss715632803	G	A
glyma.Wm82.gnm2.Gm18	8606254	ss715632811	T	C
glyma.Wm82.gnm2.Gm18	8610636	ss715632815	G	A
glyma.Wm82.gnm2.Gm18	8610863	ss715632812	A	G
glyma.Wm82.gnm2.Gm18	8660316	ss715632806	C	T
glyma.Wm82.gnm2.Gm18	8920346	ss715632824	T	C
glyma.Wm82.gnm2.Gm18	8922255	ss715632825	C	A
glyma.Wm82.gnm2.Gm18	9107839	ss715632858	T	C
glyma.Wm82.gnm2.Gm18	9159569	ss715632868	T	C
glyma.Wm82.gnm2.Gm18	9185886	ss715632813	C	T
glyma.Wm82.gnm2.Gm18	9213171	ss715632871	T	C
glyma.Wm82.gnm2.Gm18	9252218	ss715632878	T	G
glyma.Wm82.gnm2.Gm18	9299920	ss715632885	A	G
glyma.Wm82.gnm2.Gm18	9346384	ss715632891	A	G
glyma.Wm82.gnm2.Gm18	9348450	ss715632892	T	C
glyma.Wm82.gnm2.Gm18	9351865	ss715632893	T	G
glyma.Wm82.gnm2.Gm18	9446119	ss715632910	C	A
glyma.Wm82.gnm2.Gm18	9448988	ss715632911	C	T
glyma.Wm82.gnm2.Gm18	9474075	ss715632918	G	A
glyma.Wm82.gnm2.Gm18	9488517	ss715632921	C	T
glyma.Wm82.gnm2.Gm18	9536287	ss715632930	G	T
glyma.Wm82.gnm2.Gm18	9714629	ss715632952	G	A
glyma.Wm82.gnm2.Gm18	9782541	ss715632963	T	C
glyma.Wm82.gnm2.Gm18	9919239	ss715632987	G	A
glyma.Wm82.gnm2.Gm18	9922539	ss715632988	G	A
glyma.Wm82.gnm2.Gm18	9966918	ss715632998	G	A
glyma.Wm82.gnm2.Gm18	9990271	ss715633003	T	G
glyma.Wm82.gnm2.Gm18	10003501	ss715633007	T	G
glyma.Wm82.gnm2.Gm18	10016762	ss715633009	T	C
glyma.Wm82.gnm2.Gm18	10038909	ss715628395	A	G
glyma.Wm82.gnm2.Gm18	10050065	ss715628396	C	T
glyma.Wm82.gnm2.Gm18	10085295	ss715628397	T	C
glyma.Wm82.gnm2.Gm18	10099945	ss715628398	T	C
glyma.Wm82.gnm2.Gm18	10104651	ss715628399	T	C
glyma.Wm82.gnm2.Gm18	10153662	ss715628404	G	A
glyma.Wm82.gnm2.Gm18	10196945	ss715628406	A	G
glyma.Wm82.gnm2.Gm18	10202231	ss715628408	G	A
glyma.Wm82.gnm2.Gm18	10205652	ss715628409	G	A
glyma.Wm82.gnm2.Gm18	10290627	ss715628417	T	G
glyma.Wm82.gnm2.Gm18	10304007	ss715628419	G	A
glyma.Wm82.gnm2.Gm18	10340684	ss715628423	A	G
glyma.Wm82.gnm2.Gm18	10349902	ss715628424	C	T
glyma.Wm82.gnm2.Gm18	10381511	ss715628426	A	C
glyma.Wm82.gnm2.Gm18	10386166	ss715628427	A	G
glyma.Wm82.gnm2.Gm18	10486473	ss715628438	T	G
glyma.Wm82.gnm2.Gm18	10803658	ss715628461	T	C
glyma.Wm82.gnm2.Gm18	10810385	ss715628462	A	C
glyma.Wm82.gnm2.Gm18	10913235	ss715628477	C	T
glyma.Wm82.gnm2.Gm18	11386229	ss715628552	T	G
glyma.Wm82.gnm2.Gm18	11553151	ss715628570	T	C
glyma.Wm82.gnm2.Gm18	11591536	ss715628581	G	A
glyma.Wm82.gnm2.Gm18	11620213	ss715628585	T	C
glyma.Wm82.gnm2.Gm18	11685325	ss715628594	T	C
glyma.Wm82.gnm2.Gm18	11869808	ss715628620	G	A
glyma.Wm82.gnm2.Gm18	11881275	ss715628622	T	G
glyma.Wm82.gnm2.Gm18	11899333	ss715628626	A	G
glyma.Wm82.gnm2.Gm18	11956877	ss715628631	C	A
glyma.Wm82.gnm2.Gm18	12012682	ss715628643	T	C
glyma.Wm82.gnm2.Gm18	12176359	ss715628662	C	T
glyma.Wm82.gnm2.Gm18	12182136	ss715628663	G	A
glyma.Wm82.gnm2.Gm18	12192887	ss715628664	C	A
glyma.Wm82.gnm2.Gm18	12269990	ss715628677	G	A
glyma.Wm82.gnm2.Gm18	12273403	ss715628678	C	T
glyma.Wm82.gnm2.Gm18	12306354	ss715628684	G	A
glyma.Wm82.gnm2.Gm18	12323186	ss715628686	G	A
glyma.Wm82.gnm2.Gm18	12401303	ss715628698	G	T
glyma.Wm82.gnm2.Gm18	12423903	ss715628701	C	A
glyma.Wm82.gnm2.Gm18	12495061	ss715628710	G	T
glyma.Wm82.gnm2.Gm18	12575330	ss715628727	G	A
glyma.Wm82.gnm2.Gm18	12652838	ss715628739	G	A
glyma.Wm82.gnm2.Gm18	12689891	ss715628747	G	T
glyma.Wm82.gnm2.Gm18	12706792	ss715628749	G	T
glyma.Wm82.gnm2.Gm18	12772163	ss715628764	G	T
glyma.Wm82.gnm2.Gm18	12796497	ss715628769	G	T
glyma.Wm82.gnm2.Gm18	12812366	ss715628771	G	A
glyma.Wm82.gnm2.Gm18	12896657	ss715628788	C	T
glyma.Wm82.gnm2.Gm18	13009156	ss715628807	G	A
glyma.Wm82.gnm2.Gm18	13032979	ss715628809	T	C
glyma.Wm82.gnm2.Gm18	13243009	ss715628842	C	T
glyma.Wm82.gnm2.Gm18	13313175	ss715628852	C	T
glyma.Wm82.gnm2.Gm18	13733853	ss715628909	T	C
glyma.Wm82.gnm2.Gm18	14051168	ss715628959	G	A
glyma.Wm82.gnm2.Gm18	14134716	ss715628968	C	T
glyma.Wm82.gnm2.Gm18	14263952	ss715628988	G	A
glyma.Wm82.gnm2.Gm18	14393825	ss715629011	C	T
glyma.Wm82.gnm2.Gm18	14400748	ss715629013	T	G
glyma.Wm82.gnm2.Gm18	14430234	ss715629018	G	A
glyma.Wm82.gnm2.Gm18	14513756	ss715629033	T	G
glyma.Wm82.gnm2.Gm18	14568495	ss715629042	T	G
glyma.Wm82.gnm2.Gm18	14603631	ss715629047	G	T
glyma.Wm82.gnm2.Gm18	14976329	ss715629090	C	T
glyma.Wm82.gnm2.Gm18	15055730	ss715629104	G	T
glyma.Wm82.gnm2.Gm18	15158114	ss715629120	A	C
glyma.Wm82.gnm2.Gm18	15267617	ss715629132	T	C
glyma.Wm82.gnm2.Gm18	15404893	ss715629154	A	C
glyma.Wm82.gnm2.Gm18	15436854	ss715629158	C	A
glyma.Wm82.gnm2.Gm18	15755465	ss715629191	T	G
glyma.Wm82.gnm2.Gm18	15830430	ss715629202	G	T
glyma.Wm82.gnm2.Gm18	15881041	ss715629210	A	G
glyma.Wm82.gnm2.Gm18	15891405	ss715629212	G	A
glyma.Wm82.gnm2.Gm18	15907515	ss715629214	C	T
glyma.Wm82.gnm2.Gm18	16024812	ss715629228	C	T
glyma.Wm82.gnm2.Gm18	16070057	ss715629235	T	C
glyma.Wm82.gnm2.Gm18	16149418	ss715629241	G	A
glyma.Wm82.gnm2.Gm18	16167010	ss715629245	G	A
glyma.Wm82.gnm2.Gm18	16270384	ss715629249	A	C
glyma.Wm82.gnm2.Gm18	16296715	ss715629252	G	A
glyma.Wm82.gnm2.Gm18	16314634	ss715629255	A	G
glyma.Wm82.gnm2.Gm18	16569721	ss715629274	A	G
glyma.Wm82.gnm2.Gm18	16725858	ss715629285	C	A
glyma.Wm82.gnm2.Gm18	16932368	ss715629299	G	A
glyma.Wm82.gnm2.Gm18	17043834	ss715629304	A	G
glyma.Wm82.gnm2.Gm18	17087825	ss715629309	C	T
glyma.Wm82.gnm2.Gm18	17118660	ss715629314	G	A
glyma.Wm82.gnm2.Gm18	17199412	ss715629322	A	G
glyma.Wm82.gnm2.Gm18	17211135	ss715629324	C	T
glyma.Wm82.gnm2.Gm18	17309487	ss715629332	T	C
glyma.Wm82.gnm2.Gm18	17392399	ss715629338	T	G
glyma.Wm82.gnm2.Gm18	17416647	ss715629343	A	G
glyma.Wm82.gnm2.Gm18	17570234	ss715629362	T	G
glyma.Wm82.gnm2.Gm18	18201909	ss715629433	C	A
glyma.Wm82.gnm2.Gm18	18216579	ss715629436	A	G
glyma.Wm82.gnm2.Gm18	18383144	ss715629457	T	C
glyma.Wm82.gnm2.Gm18	18433133	ss715629470	C	T
glyma.Wm82.gnm2.Gm18	18452921	ss715629475	A	G
glyma.Wm82.gnm2.Gm18	18504897	ss715629487	G	A
glyma.Wm82.gnm2.Gm18	18570368	ss715629497	C	T
glyma.Wm82.gnm2.Gm18	18577573	ss715629499	C	T
glyma.Wm82.gnm2.Gm18	18663809	ss715629515	T	C
glyma.Wm82.gnm2.Gm18	18841017	ss715629537	G	A
glyma.Wm82.gnm2.Gm18	19017893	ss715629560	G	A
glyma.Wm82.gnm2.Gm18	19115565	ss715629579	T	C
glyma.Wm82.gnm2.Gm18	19250225	ss715629605	C	T
glyma.Wm82.gnm2.Gm18	19264451	ss715629606	C	T
glyma.Wm82.gnm2.Gm18	19292067	ss715629613	C	T
glyma.Wm82.gnm2.Gm18	19486332	ss715629648	C	T
glyma.Wm82.gnm2.Gm18	19502268	ss715629650	A	G
glyma.Wm82.gnm2.Gm18	19509146	ss715629651	A	G
glyma.Wm82.gnm2.Gm18	19604471	ss715629663	A	G
glyma.Wm82.gnm2.Gm18	19664560	ss715629669	C	T
glyma.Wm82.gnm2.Gm18	19692570	ss715629672	C	T
glyma.Wm82.gnm2.Gm18	19772410	ss715629675	G	A
glyma.Wm82.gnm2.Gm18	19815305	ss715629680	G	A
glyma.Wm82.gnm2.Gm18	19862818	ss715629693	T	G
glyma.Wm82.gnm2.Gm18	19919442	ss715629702	G	T
glyma.Wm82.gnm2.Gm18	19998651	ss715629717	T	C
glyma.Wm82.gnm2.Gm18	20028419	ss715629720	C	T
glyma.Wm82.gnm2.Gm18	20122165	ss715629736	G	A
glyma.Wm82.gnm2.Gm18	20131568	ss715629738	C	T
glyma.Wm82.gnm2.Gm18	20404146	ss715629789	G	A
glyma.Wm82.gnm2.Gm18	20406089	ss715629790	G	A
glyma.Wm82.gnm2.Gm18	20423056	ss715629793	G	A
glyma.Wm82.gnm2.Gm18	20470620	ss715629805	G	T
glyma.Wm82.gnm2.Gm18	20502705	ss715629811	G	T
glyma.Wm82.gnm2.Gm18	20552823	ss715629823	A	G
glyma.Wm82.gnm2.Gm18	20598691	ss715629831	C	T
glyma.Wm82.gnm2.Gm18	20601946	ss715629832	C	A
glyma.Wm82.gnm2.Gm18	20760186	ss715629861	A	G
glyma.Wm82.gnm2.Gm18	20821914	ss715629871	C	A
glyma.Wm82.gnm2.Gm18	20885654	ss715629879	C	T
glyma.Wm82.gnm2.Gm18	20951276	ss715629889	T	C
glyma.Wm82.gnm2.Gm18	20953655	ss715629890	G	A
glyma.Wm82.gnm2.Gm18	20966648	ss715629893	C	T
glyma.Wm82.gnm2.Gm18	21153322	ss715629909	C	T
glyma.Wm82.gnm2.Gm18	21365639	ss715629916	C	A
glyma.Wm82.gnm2.Gm18	21416584	ss715629917	C	T
glyma.Wm82.gnm2.Gm18	22192855	ss715629942	T	C
glyma.Wm82.gnm2.Gm18	22217301	ss715629944	T	C
glyma.Wm82.gnm2.Gm18	22240897	ss715629945	C	T
glyma.Wm82.gnm2.Gm18	22368086	ss715629947	C	T
glyma.Wm82.gnm2.Gm18	22441643	ss715629949	A	G
glyma.Wm82.gnm2.Gm18	22539790	ss715629954	C	T
glyma.Wm82.gnm2.Gm18	22794333	ss715629962	C	A
glyma.Wm82.gnm2.Gm18	23892877	ss715629998	A	G
glyma.Wm82.gnm2.Gm18	24568525	ss715630328	C	T
glyma.Wm82.gnm2.Gm18	27203754	ss715630239	G	T
glyma.Wm82.gnm2.Gm18	27844343	ss715630218	C	A
glyma.Wm82.gnm2.Gm18	28328656	ss715630201	T	C
glyma.Wm82.gnm2.Gm18	29083632	ss715630177	T	C
glyma.Wm82.gnm2.Gm18	29345533	ss715630168	T	C
glyma.Wm82.gnm2.Gm18	29645833	ss715630162	G	A
glyma.Wm82.gnm2.Gm18	30041702	ss715630153	T	C
glyma.Wm82.gnm2.Gm18	30384184	ss715630144	C	T
glyma.Wm82.gnm2.Gm18	30573507	ss715630136	C	T
glyma.Wm82.gnm2.Gm18	30702464	ss715630130	G	T
glyma.Wm82.gnm2.Gm18	30783380	ss715630127	A	G
glyma.Wm82.gnm2.Gm18	30888548	ss715630123	G	A
glyma.Wm82.gnm2.Gm18	31041436	ss715630118	T	C
glyma.Wm82.gnm2.Gm18	31089643	ss715630116	T	C
glyma.Wm82.gnm2.Gm18	31131035	ss715630115	A	G
glyma.Wm82.gnm2.Gm18	31225226	ss715630112	G	T
glyma.Wm82.gnm2.Gm18	31637109	ss715630338	T	C
glyma.Wm82.gnm2.Gm18	31723284	ss715630341	T	C
glyma.Wm82.gnm2.Gm18	31751932	ss715630342	T	G
glyma.Wm82.gnm2.Gm18	31962901	ss715630351	C	T
glyma.Wm82.gnm2.Gm18	33092623	ss715630376	G	A
glyma.Wm82.gnm2.Gm18	33405281	ss715630343	T	C
glyma.Wm82.gnm2.Gm18	33962149	ss715630407	C	T
glyma.Wm82.gnm2.Gm18	34822601	ss715623935	C	T
glyma.Wm82.gnm2.Gm18	35043501	ss715630432	G	T
glyma.Wm82.gnm2.Gm18	35172307	ss715630436	T	C
glyma.Wm82.gnm2.Gm18	35212158	ss715630437	A	G
glyma.Wm82.gnm2.Gm18	35369180	ss715630443	T	G
glyma.Wm82.gnm2.Gm18	35758053	ss715630452	T	C
glyma.Wm82.gnm2.Gm18	36115792	ss715630467	G	T
glyma.Wm82.gnm2.Gm18	36207266	ss715630469	A	G
glyma.Wm82.gnm2.Gm18	36491111	ss715630478	A	G
glyma.Wm82.gnm2.Gm18	36636108	ss715630483	G	T
glyma.Wm82.gnm2.Gm18	36870653	ss715630553	G	T
glyma.Wm82.gnm2.Gm18	36987285	ss715630487	A	C
glyma.Wm82.gnm2.Gm18	37201309	ss715630494	G	A
glyma.Wm82.gnm2.Gm18	37887087	ss715630500	T	G
glyma.Wm82.gnm2.Gm18	37979030	ss715630503	C	T
glyma.Wm82.gnm2.Gm18	38438896	ss715630512	T	C
glyma.Wm82.gnm2.Gm18	38533113	ss715630516	C	T
glyma.Wm82.gnm2.Gm18	38685082	ss715630523	C	A
glyma.Wm82.gnm2.Gm18	38752799	ss715630525	A	G
glyma.Wm82.gnm2.Gm18	38786796	ss715630526	T	C
glyma.Wm82.gnm2.Gm18	38922841	ss715630531	C	T
glyma.Wm82.gnm2.Gm18	39025187	ss715630537	G	A
glyma.Wm82.gnm2.Gm18	39113345	ss715630541	C	T
glyma.Wm82.gnm2.Gm18	39156568	ss715630542	C	T
glyma.Wm82.gnm2.Gm18	39184494	ss715630543	C	A
glyma.Wm82.gnm2.Gm18	39248888	ss715630546	C	T
glyma.Wm82.gnm2.Gm18	39541813	ss715630554	G	A
glyma.Wm82.gnm2.Gm18	39689529	ss715630560	G	T
glyma.Wm82.gnm2.Gm18	39875771	ss715630566	G	A
glyma.Wm82.gnm2.Gm18	40521450	ss715630616	A	G
glyma.Wm82.gnm2.Gm18	40562440	ss715630617	A	G
glyma.Wm82.gnm2.Gm18	40591807	ss715630618	C	T
glyma.Wm82.gnm2.Gm18	40637630	ss715630619	C	T
glyma.Wm82.gnm2.Gm18	40669060	ss715630621	G	A
glyma.Wm82.gnm2.Gm18	40962571	ss715630627	T	G
glyma.Wm82.gnm2.Gm18	41005475	ss715630628	C	A
glyma.Wm82.gnm2.Gm18	41239106	ss715630636	C	T
glyma.Wm82.gnm2.Gm18	41733010	ss715587606	C	A
glyma.Wm82.gnm2.Gm18	42798040	ss715630688	A	C
glyma.Wm82.gnm2.Gm18	42969750	ss715630697	G	T
glyma.Wm82.gnm2.Gm18	42982800	ss715630700	G	A
glyma.Wm82.gnm2.Gm18	43305633	ss715630743	C	T
glyma.Wm82.gnm2.Gm18	43308042	ss715630744	G	A
glyma.Wm82.gnm2.Gm18	43384165	ss715630755	G	A
glyma.Wm82.gnm2.Gm18	43438875	ss715630763	A	C
glyma.Wm82.gnm2.Gm18	43450790	ss715630767	A	G
glyma.Wm82.gnm2.Gm18	43525586	ss715630781	A	G
glyma.Wm82.gnm2.Gm18	43535176	ss715630783	C	T
glyma.Wm82.gnm2.Gm18	43665031	ss715630807	T	C
glyma.Wm82.gnm2.Gm18	43679152	ss715630811	C	A
glyma.Wm82.gnm2.Gm18	43683090	ss715630812	G	A
glyma.Wm82.gnm2.Gm18	43708779	ss715630816	G	A
glyma.Wm82.gnm2.Gm18	43731209	ss715630820	T	C
glyma.Wm82.gnm2.Gm18	43787806	ss715630831	G	A
glyma.Wm82.gnm2.Gm18	43812070	ss715630834	C	T
glyma.Wm82.gnm2.Gm18	43822345	ss715630835	G	A
glyma.Wm82.gnm2.Gm18	43957183	ss715630852	C	T
glyma.Wm82.gnm2.Gm18	44028358	ss715630857	C	T
glyma.Wm82.gnm2.Gm18	44055237	ss715630860	G	A
glyma.Wm82.gnm2.Gm18	44163447	ss715630871	T	C
glyma.Wm82.gnm2.Gm18	44288676	ss715630889	C	T
glyma.Wm82.gnm2.Gm18	44353367	ss715630894	T	C
glyma.Wm82.gnm2.Gm18	44405371	ss715630899	G	A
glyma.Wm82.gnm2.Gm18	44568500	ss715630934	C	T
glyma.Wm82.gnm2.Gm18	44619484	ss715630945	G	A
glyma.Wm82.gnm2.Gm18	44636670	ss715630947	A	G
glyma.Wm82.gnm2.Gm18	44640738	ss715630948	T	C
glyma.Wm82.gnm2.Gm18	44666718	ss715630955	A	C
glyma.Wm82.gnm2.Gm18	44673840	ss715630957	G	T
glyma.Wm82.gnm2.Gm18	44678200	ss715630958	G	T
glyma.Wm82.gnm2.Gm18	44681200	ss715630959	C	T
glyma.Wm82.gnm2.Gm18	44806134	ss715630977	C	T
glyma.Wm82.gnm2.Gm18	44835909	ss715630982	A	G
glyma.Wm82.gnm2.Gm18	44921734	ss715630996	G	T
glyma.Wm82.gnm2.Gm18	44940881	ss715630998	T	C
glyma.Wm82.gnm2.Gm18	44942896	ss715630999	C	T
glyma.Wm82.gnm2.Gm18	44994070	ss715631006	C	A
glyma.Wm82.gnm2.Gm18	45025552	ss715631017	C	A
glyma.Wm82.gnm2.Gm18	45037949	ss715631021	G	A
glyma.Wm82.gnm2.Gm18	45086511	ss715631029	C	T
glyma.Wm82.gnm2.Gm18	45100345	ss715631031	A	C
glyma.Wm82.gnm2.Gm18	45151889	ss715631037	G	A
glyma.Wm82.gnm2.Gm18	45172084	ss715631039	C	T
glyma.Wm82.gnm2.Gm18	45278829	ss715631050	C	T
glyma.Wm82.gnm2.Gm18	45320379	ss715631053	C	T
glyma.Wm82.gnm2.Gm18	45444125	ss715631059	T	C
glyma.Wm82.gnm2.Gm18	45552803	ss715631063	G	A
glyma.Wm82.gnm2.Gm18	45613860	ss715631065	T	G
glyma.Wm82.gnm2.Gm18	45741702	ss715631074	C	T
glyma.Wm82.gnm2.Gm18	45748619	ss715631075	G	T
glyma.Wm82.gnm2.Gm18	45814921	ss715631078	C	T
glyma.Wm82.gnm2.Gm18	45819389	ss715631079	G	A
glyma.Wm82.gnm2.Gm18	45956051	ss715631091	G	A
glyma.Wm82.gnm2.Gm18	46022451	ss715631095	A	G
glyma.Wm82.gnm2.Gm18	46121459	ss715631102	C	T
glyma.Wm82.gnm2.Gm18	46130859	ss715631103	C	T
glyma.Wm82.gnm2.Gm18	46175141	ss715631105	A	C
glyma.Wm82.gnm2.Gm18	46260168	ss715631111	A	G
glyma.Wm82.gnm2.Gm18	46302058	ss715631112	C	T
glyma.Wm82.gnm2.Gm18	46561889	ss715631124	G	T
glyma.Wm82.gnm2.Gm18	46572420	ss715631125	T	C
glyma.Wm82.gnm2.Gm18	46595296	ss715631126	C	T
glyma.Wm82.gnm2.Gm18	46612247	ss715631127	A	C
glyma.Wm82.gnm2.Gm18	46684006	ss715631133	G	A
glyma.Wm82.gnm2.Gm18	46712826	ss715631135	G	T
glyma.Wm82.gnm2.Gm18	46734559	ss715631140	A	G
glyma.Wm82.gnm2.Gm18	46827419	ss715631146	G	A
glyma.Wm82.gnm2.Gm18	46830167	ss715631147	T	C
glyma.Wm82.gnm2.Gm18	46886760	ss715631160	G	T
glyma.Wm82.gnm2.Gm18	46889870	ss715631161	T	C
glyma.Wm82.gnm2.Gm18	46941657	ss715631170	G	A
glyma.Wm82.gnm2.Gm18	47018585	ss715631181	A	G
glyma.Wm82.gnm2.Gm18	47032259	ss715631182	G	A
glyma.Wm82.gnm2.Gm18	47036766	ss715631183	T	C
glyma.Wm82.gnm2.Gm18	47273442	ss715631218	T	G
glyma.Wm82.gnm2.Gm18	47276559	ss715631219	T	G
glyma.Wm82.gnm2.Gm18	47331975	ss715631230	C	T
glyma.Wm82.gnm2.Gm18	47349260	ss715631233	C	T
glyma.Wm82.gnm2.Gm18	47355840	ss715631234	C	T
glyma.Wm82.gnm2.Gm18	47439486	ss715631251	T	C
glyma.Wm82.gnm2.Gm18	47442414	ss715631253	G	A
glyma.Wm82.gnm2.Gm18	47445841	ss715631254	T	C
glyma.Wm82.gnm2.Gm18	47454293	ss715631256	C	T
glyma.Wm82.gnm2.Gm18	47486100	ss715631260	T	C
glyma.Wm82.gnm2.Gm18	47499919	ss715631265	G	A
glyma.Wm82.gnm2.Gm18	47523436	ss715631268	G	A
glyma.Wm82.gnm2.Gm18	47548349	ss715631272	T	G
glyma.Wm82.gnm2.Gm18	47558974	ss715631276	C	T
glyma.Wm82.gnm2.Gm18	47566533	ss715631277	T	G
glyma.Wm82.gnm2.Gm18	47783719	ss715631302	G	A
glyma.Wm82.gnm2.Gm18	47796365	ss715631305	A	G
glyma.Wm82.gnm2.Gm18	47831551	ss715631308	G	A
glyma.Wm82.gnm2.Gm18	47855416	ss715631311	G	A
glyma.Wm82.gnm2.Gm18	47902734	ss715631314	G	A
glyma.Wm82.gnm2.Gm18	47958895	ss715631318	CAAT	.
glyma.Wm82.gnm2.Gm18	47964732	ss715631320	A	G
glyma.Wm82.gnm2.Gm18	48011556	ss715631324	G	A
glyma.Wm82.gnm2.Gm18	48188809	ss715631344	A	G
glyma.Wm82.gnm2.Gm18	48216083	ss715631348	G	A
glyma.Wm82.gnm2.Gm18	48225162	ss715631351	C	T
glyma.Wm82.gnm2.Gm18	48309457	ss715631360	C	A
glyma.Wm82.gnm2.Gm18	48325201	ss715631363	T	C
glyma.Wm82.gnm2.Gm18	48358403	ss715631367	T	G
glyma.Wm82.gnm2.Gm18	48404610	ss715631373	A	G
glyma.Wm82.gnm2.Gm18	48511290	ss715631386	C	T
glyma.Wm82.gnm2.Gm18	48527371	ss715631387	T	C
glyma.Wm82.gnm2.Gm18	48690740	ss715631399	C	A
glyma.Wm82.gnm2.Gm18	48702811	ss715631402	T	C
glyma.Wm82.gnm2.Gm18	48724560	ss715631403	A	C
glyma.Wm82.gnm2.Gm18	48761853	ss715631408	A	G
glyma.Wm82.gnm2.Gm18	48809879	ss715631412	C	T
glyma.Wm82.gnm2.Gm18	48957566	ss715631429	A	G
glyma.Wm82.gnm2.Gm18	48967277	ss715631430	T	C
glyma.Wm82.gnm2.Gm18	48996559	ss715631433	A	G
glyma.Wm82.gnm2.Gm18	49000413	ss715631434	C	T
glyma.Wm82.gnm2.Gm18	49110601	ss715631445	T	C
glyma.Wm82.gnm2.Gm18	49114628	ss715631446	T	C
glyma.Wm82.gnm2.Gm18	49191102	ss715631457	C	T
glyma.Wm82.gnm2.Gm18	49282556	ss715631469	C	T
glyma.Wm82.gnm2.Gm18	49306407	ss715631475	G	T
glyma.Wm82.gnm2.Gm18	49314806	ss715631477	G	A
glyma.Wm82.gnm2.Gm18	49318198	ss715631478	T	C
glyma.Wm82.gnm2.Gm18	49320417	ss715631479	C	T
glyma.Wm82.gnm2.Gm18	49354794	ss715631484	T	G
glyma.Wm82.gnm2.Gm18	49358554	ss715631485	A	G
glyma.Wm82.gnm2.Gm18	49378060	ss715631489	T	C
glyma.Wm82.gnm2.Gm18	49389436	ss715631490	A	G
glyma.Wm82.gnm2.Gm18	49431777	ss715631498	A	G
glyma.Wm82.gnm2.Gm18	49489939	ss715631502	A	G
glyma.Wm82.gnm2.Gm18	49514290	ss715631503	T	C
glyma.Wm82.gnm2.Gm18	49562817	ss715631510	A	G
glyma.Wm82.gnm2.Gm18	49572332	ss715631512	T	G
glyma.Wm82.gnm2.Gm18	49614370	ss715631516	G	A
glyma.Wm82.gnm2.Gm18	49628626	ss715631517	G	A
glyma.Wm82.gnm2.Gm18	49634768	ss715631518	G	T
glyma.Wm82.gnm2.Gm18	49669867	ss715631524	A	C
glyma.Wm82.gnm2.Gm18	49673204	ss715631525	T	G
glyma.Wm82.gnm2.Gm18	49702732	ss715631527	C	T
glyma.Wm82.gnm2.Gm18	49747507	ss715631530	G	T
glyma.Wm82.gnm2.Gm18	49780708	ss715631533	C	A
glyma.Wm82.gnm2.Gm18	49978310	ss715631547	G	T
glyma.Wm82.gnm2.Gm18	49981143	ss715631548	G	A
glyma.Wm82.gnm2.Gm18	50011276	ss715631550	G	T
glyma.Wm82.gnm2.Gm18	50049633	ss715631553	G	T
glyma.Wm82.gnm2.Gm18	50095810	ss715631554	C	A
glyma.Wm82.gnm2.Gm18	50099113	ss715631555	C	T
glyma.Wm82.gnm2.Gm18	50150897	ss715631562	T	C
glyma.Wm82.gnm2.Gm18	50159488	ss715631563	A	G
glyma.Wm82.gnm2.Gm18	50172811	ss715631565	A	G
glyma.Wm82.gnm2.Gm18	50175595	ss715631566	T	G
glyma.Wm82.gnm2.Gm18	50219623	ss715631568	G	A
glyma.Wm82.gnm2.Gm18	50264011	ss715631573	C	A
glyma.Wm82.gnm2.Gm18	50317829	ss715631578	A	G
glyma.Wm82.gnm2.Gm18	50446660	ss715631587	T	G
glyma.Wm82.gnm2.Gm18	50461720	ss715631590	G	A
glyma.Wm82.gnm2.Gm18	50515560	ss715631595	G	A
glyma.Wm82.gnm2.Gm18	50529069	ss715631596	C	A
glyma.Wm82.gnm2.Gm18	50690792	ss715631614	T	C
glyma.Wm82.gnm2.Gm18	50695993	ss715631615	A	G
glyma.Wm82.gnm2.Gm18	50731387	ss715631622	G	A
glyma.Wm82.gnm2.Gm18	50743300	ss715631624	A	G
glyma.Wm82.gnm2.Gm18	50785143	ss715631627	A	C
glyma.Wm82.gnm2.Gm18	50824274	ss715631631	T	C
glyma.Wm82.gnm2.Gm18	51023293	ss715631645	G	A
glyma.Wm82.gnm2.Gm18	51031486	ss715631646	A	G
glyma.Wm82.gnm2.Gm18	51100219	ss715631655	C	T
glyma.Wm82.gnm2.Gm18	51201770	ss715631670	A	G
glyma.Wm82.gnm2.Gm18	51231627	ss715631673	T	C
glyma.Wm82.gnm2.Gm18	51305500	ss715631678	T	C
glyma.Wm82.gnm2.Gm18	51310783	ss715631679	A	G
glyma.Wm82.gnm2.Gm18	51352471	ss715631681	T	C
glyma.Wm82.gnm2.Gm18	51362291	ss715631682	G	A
glyma.Wm82.gnm2.Gm18	51382503	ss715631683	G	T
glyma.Wm82.gnm2.Gm18	51424935	ss715631690	A	G
glyma.Wm82.gnm2.Gm18	51437840	ss715631692	G	T
glyma.Wm82.gnm2.Gm18	51440452	ss715631693	C	T
glyma.Wm82.gnm2.Gm18	51523216	ss715631698	T	G
glyma.Wm82.gnm2.Gm18	51528213	ss715631699	G	A
glyma.Wm82.gnm2.Gm18	51548831	ss715631701	T	G
glyma.Wm82.gnm2.Gm18	51643278	ss715631716	C	T
glyma.Wm82.gnm2.Gm18	51654144	ss715631717	C	A
glyma.Wm82.gnm2.Gm18	51689628	ss715631719	G	A
glyma.Wm82.gnm2.Gm18	51774961	ss715631729	A	G
glyma.Wm82.gnm2.Gm18	51810133	ss715631734	T	C
glyma.Wm82.gnm2.Gm18	51824976	ss715631735	A	G
glyma.Wm82.gnm2.Gm18	51852592	ss715631739	C	T
glyma.Wm82.gnm2.Gm18	51910693	ss715631741	T	C
glyma.Wm82.gnm2.Gm18	51939271	ss715631743	A	G
glyma.Wm82.gnm2.Gm18	51968926	ss715631747	T	C
glyma.Wm82.gnm2.Gm18	52036850	ss715631755	A	G
glyma.Wm82.gnm2.Gm18	52057188	ss715631758	C	T
glyma.Wm82.gnm2.Gm18	52075064	ss715631761	A	G
glyma.Wm82.gnm2.Gm18	52334961	ss715631781	C	T
glyma.Wm82.gnm2.Gm18	52371542	ss715631783	T	G
glyma.Wm82.gnm2.Gm18	52556073	ss715631804	T	C
glyma.Wm82.gnm2.Gm18	52574566	ss715631806	A	G
glyma.Wm82.gnm2.Gm18	52710634	ss715631814	T	C
glyma.Wm82.gnm2.Gm18	52734988	ss715631817	G	A
glyma.Wm82.gnm2.Gm18	52752228	ss715631820	A	G
glyma.Wm82.gnm2.Gm18	52802414	ss715631828	C	T
glyma.Wm82.gnm2.Gm18	52821192	ss715631831	T	G
glyma.Wm82.gnm2.Gm18	53604367	ss715631922	T	C
glyma.Wm82.gnm2.Gm18	53654119	ss715631925	G	A
glyma.Wm82.gnm2.Gm18	53655946	ss715631926	A	G
glyma.Wm82.gnm2.Gm18	53663204	ss715631927	C	T
glyma.Wm82.gnm2.Gm18	53665139	ss715631928	G	A
glyma.Wm82.gnm2.Gm18	53819946	ss715631944	A	C
glyma.Wm82.gnm2.Gm18	53939532	ss715631960	C	T
glyma.Wm82.gnm2.Gm18	53978091	ss715631965	C	T
glyma.Wm82.gnm2.Gm18	53982319	ss715631966	G	A
glyma.Wm82.gnm2.Gm18	54084089	ss715631984	C	A
glyma.Wm82.gnm2.Gm18	54088048	ss715631985	G	A
glyma.Wm82.gnm2.Gm18	54105169	ss715631989	C	T
glyma.Wm82.gnm2.Gm18	54191166	ss715632003	A	C
glyma.Wm82.gnm2.Gm18	54273645	ss715632020	A	G
glyma.Wm82.gnm2.Gm18	54715339	ss715632083	C	A
glyma.Wm82.gnm2.Gm18	54752608	ss715632089	A	C
glyma.Wm82.gnm2.Gm18	54765402	ss715632090	A	G
glyma.Wm82.gnm2.Gm18	54774006	ss715632091	A	G
glyma.Wm82.gnm2.Gm18	54876997	ss715632101	C	T
glyma.Wm82.gnm2.Gm18	54887924	ss715632102	A	G
glyma.Wm82.gnm2.Gm18	54890384	ss715632103	C	T
glyma.Wm82.gnm2.Gm18	54971704	ss715632112	A	G
glyma.Wm82.gnm2.Gm18	55034142	ss715632120	C	A
glyma.Wm82.gnm2.Gm18	55059533	ss715632127	C	T
glyma.Wm82.gnm2.Gm18	55118428	ss715632136	T	C
glyma.Wm82.gnm2.Gm18	55137235	ss715632140	C	T
glyma.Wm82.gnm2.Gm18	55153125	ss715632143	G	A
glyma.Wm82.gnm2.Gm18	55203161	ss715632148	A	G
glyma.Wm82.gnm2.Gm18	55215608	ss715632151	A	G
glyma.Wm82.gnm2.Gm18	55316652	ss715632171	G	T
glyma.Wm82.gnm2.Gm18	55363196	ss715632184	T	C
glyma.Wm82.gnm2.Gm18	55367486	ss715632185	C	T
glyma.Wm82.gnm2.Gm18	55507158	ss715632210	A	C
glyma.Wm82.gnm2.Gm18	55510796	ss715632211	T	G
glyma.Wm82.gnm2.Gm18	55622046	ss715632223	T	G
glyma.Wm82.gnm2.Gm18	55660965	ss715632227	C	T
glyma.Wm82.gnm2.Gm18	55741927	ss715632239	G	A
glyma.Wm82.gnm2.Gm18	55880715	ss715632254	T	G
glyma.Wm82.gnm2.Gm18	55895706	ss715632257	T	C
glyma.Wm82.gnm2.Gm18	55909139	ss715632260	T	C
glyma.Wm82.gnm2.Gm18	56048358	ss715632281	C	T
glyma.Wm82.gnm2.Gm18	56058056	ss715632283	A	G
glyma.Wm82.gnm2.Gm18	56100116	ss715632290	G	A
glyma.Wm82.gnm2.Gm18	56112487	ss715632292	T	G
glyma.Wm82.gnm2.Gm18	56123516	ss715632294	T	C
glyma.Wm82.gnm2.Gm18	56236088	ss715632307	C	A
glyma.Wm82.gnm2.Gm18	56299103	ss715632312	T	C
glyma.Wm82.gnm2.Gm18	56315207	ss715632314	C	A
glyma.Wm82.gnm2.Gm18	56326388	ss715632317	A	C
glyma.Wm82.gnm2.Gm18	56361774	ss715632323	G	T
glyma.Wm82.gnm2.Gm18	56363748	ss715632324	T	C
glyma.Wm82.gnm2.Gm18	56373052	ss715632325	A	G
glyma.Wm82.gnm2.Gm18	56397742	ss715632330	A	C
glyma.Wm82.gnm2.Gm18	56443425	ss715632339	G	A
glyma.Wm82.gnm2.Gm18	56459112	ss715632343	T	C
glyma.Wm82.gnm2.Gm18	56515646	ss715632350	T	G
glyma.Wm82.gnm2.Gm18	56518510	ss715632351	G	T
glyma.Wm82.gnm2.Gm18	56533713	ss715632353	T	G
glyma.Wm82.gnm2.Gm18	56548554	ss715632356	T	C
glyma.Wm82.gnm2.Gm18	56567639	ss715632358	A	G
glyma.Wm82.gnm2.Gm18	56663870	ss715632376	A	G
glyma.Wm82.gnm2.Gm18	56734124	ss715632381	T	C
glyma.Wm82.gnm2.Gm18	56766936	ss715632385	G	A
glyma.Wm82.gnm2.Gm18	56834553	ss715632393	G	T
glyma.Wm82.gnm2.Gm18	56858634	ss715632395	C	T
glyma.Wm82.gnm2.Gm18	56876857	ss715632400	G	A
glyma.Wm82.gnm2.Gm18	56991586	ss715632410	T	C
glyma.Wm82.gnm2.Gm18	57042026	ss715632415	T	C
glyma.Wm82.gnm2.Gm18	57050734	ss715632417	T	C
glyma.Wm82.gnm2.Gm18	57118155	ss715632425	A	C
glyma.Wm82.gnm2.Gm18	57145287	ss715632426	T	G
glyma.Wm82.gnm2.Gm18	57197019	ss715632430	T	C
glyma.Wm82.gnm2.Gm18	57425465	ss715632465	C	T
glyma.Wm82.gnm2.Gm18	57480128	ss715632470	A	G
glyma.Wm82.gnm2.Gm18	57594862	ss715632486	G	T
glyma.Wm82.gnm2.Gm18	57605461	ss715632487	C	T
glyma.Wm82.gnm2.Gm18	57718086	ss715632493	T	C
glyma.Wm82.gnm2.Gm18	57738240	ss715632498	C	T
glyma.Wm82.gnm2.Gm19	118372	ss715635843	G	A
glyma.Wm82.gnm2.Gm19	246263	ss715634314	A	G
glyma.Wm82.gnm2.Gm19	460332	ss715633267	C	T
glyma.Wm82.gnm2.Gm19	667787	ss715636168	T	G
glyma.Wm82.gnm2.Gm19	772533	ss715636264	T	C
glyma.Wm82.gnm2.Gm19	894632	ss715636440	G	A
glyma.Wm82.gnm2.Gm19	923816	ss715636496	G	A
glyma.Wm82.gnm2.Gm19	933504	ss715636501	T	C
glyma.Wm82.gnm2.Gm19	979527	ss715636519	C	T
glyma.Wm82.gnm2.Gm19	1069471	ss715633026	C	T
glyma.Wm82.gnm2.Gm19	1073322	ss715633028	G	A
glyma.Wm82.gnm2.Gm19	1088453	ss715633033	G	A
glyma.Wm82.gnm2.Gm19	1106519	ss715633037	T	C
glyma.Wm82.gnm2.Gm19	1148693	ss715633054	C	A
glyma.Wm82.gnm2.Gm19	1182336	ss715633063	T	C
glyma.Wm82.gnm2.Gm19	1183511	ss715633064	C	T
glyma.Wm82.gnm2.Gm19	1270094	ss715633091	C	T
glyma.Wm82.gnm2.Gm19	1316274	ss715633112	T	C
glyma.Wm82.gnm2.Gm19	1323929	ss715633115	C	T
glyma.Wm82.gnm2.Gm19	1344149	ss715633128	C	T
glyma.Wm82.gnm2.Gm19	1344866	ss715633129	T	G
glyma.Wm82.gnm2.Gm19	1358189	ss715633130	A	C
glyma.Wm82.gnm2.Gm19	1386315	ss715633140	C	T
glyma.Wm82.gnm2.Gm19	1394834	ss715633143	A	G
glyma.Wm82.gnm2.Gm19	1431171	ss715633155	G	A
glyma.Wm82.gnm2.Gm19	1448012	ss715633161	T	C
glyma.Wm82.gnm2.Gm19	1497230	ss715633177	C	T
glyma.Wm82.gnm2.Gm19	1571216	ss715633200	A	G
glyma.Wm82.gnm2.Gm19	1619404	ss715633218	C	A
glyma.Wm82.gnm2.Gm19	1632417	ss715633221	G	A
glyma.Wm82.gnm2.Gm19	1681687	ss715633243	C	T
glyma.Wm82.gnm2.Gm19	1813241	ss715633285	G	A
glyma.Wm82.gnm2.Gm19	2028660	ss715633342	G	A
glyma.Wm82.gnm2.Gm19	2074308	ss715633365	C	T
glyma.Wm82.gnm2.Gm19	2149598	ss715633391	C	T
glyma.Wm82.gnm2.Gm19	2151614	ss715633394	C	T
glyma.Wm82.gnm2.Gm19	2201162	ss715633409	G	A
glyma.Wm82.gnm2.Gm19	2204080	ss715633412	C	A
glyma.Wm82.gnm2.Gm19	2309337	ss715633446	A	C
glyma.Wm82.gnm2.Gm19	2418392	ss715633474	C	T
glyma.Wm82.gnm2.Gm19	2541070	ss715633514	T	C
glyma.Wm82.gnm2.Gm19	2567744	ss715633523	T	C
glyma.Wm82.gnm2.Gm19	2587694	ss715633533	C	T
glyma.Wm82.gnm2.Gm19	2735378	ss715633580	C	T
glyma.Wm82.gnm2.Gm19	2830137	ss715633603	G	A
glyma.Wm82.gnm2.Gm19	2848272	ss715633610	T	C
glyma.Wm82.gnm2.Gm19	2904653	ss715633621	A	G
glyma.Wm82.gnm2.Gm19	2911832	ss715633623	A	C
glyma.Wm82.gnm2.Gm19	2937048	ss715633632	C	T
glyma.Wm82.gnm2.Gm19	2938598	ss715633635	G	A
glyma.Wm82.gnm2.Gm19	3027614	ss715633667	C	A
glyma.Wm82.gnm2.Gm19	3035283	ss715633674	G	A
glyma.Wm82.gnm2.Gm19	3143865	ss715633710	C	T
glyma.Wm82.gnm2.Gm19	3342333	ss715633937	C	T
glyma.Wm82.gnm2.Gm19	3375979	ss715634008	T	G
glyma.Wm82.gnm2.Gm19	3400507	ss715634061	A	G
glyma.Wm82.gnm2.Gm19	3433165	ss715634120	G	A
glyma.Wm82.gnm2.Gm19	3447202	ss715634133	A	G
glyma.Wm82.gnm2.Gm19	3452470	ss715634137	A	C
glyma.Wm82.gnm2.Gm19	3552074	ss715634265	T	C
glyma.Wm82.gnm2.Gm19	3618549	ss715634416	C	T
glyma.Wm82.gnm2.Gm19	3621176	ss715634425	A	G
glyma.Wm82.gnm2.Gm19	3622004	ss715634427	G	A
glyma.Wm82.gnm2.Gm19	3624896	ss715634433	G	A
glyma.Wm82.gnm2.Gm19	3625798	ss715634436	T	C
glyma.Wm82.gnm2.Gm19	3767894	ss715634605	A	G
glyma.Wm82.gnm2.Gm19	3957223	ss715634816	T	C
glyma.Wm82.gnm2.Gm19	3979643	ss715634857	C	T
glyma.Wm82.gnm2.Gm19	4097809	ss715635045	G	A
glyma.Wm82.gnm2.Gm19	4272895	ss715635220	C	T
glyma.Wm82.gnm2.Gm19	4280956	ss715635225	G	A
glyma.Wm82.gnm2.Gm19	4296178	ss715635229	G	A
glyma.Wm82.gnm2.Gm19	4447540	ss715635324	T	C
glyma.Wm82.gnm2.Gm19	4460496	ss715635337	G	T
glyma.Wm82.gnm2.Gm19	4521473	ss715635411	T	G
glyma.Wm82.gnm2.Gm19	4564932	ss715635487	C	T
glyma.Wm82.gnm2.Gm19	4586225	ss715635523	T	C
glyma.Wm82.gnm2.Gm19	4623917	ss715635549	G	A
glyma.Wm82.gnm2.Gm19	4684139	ss715635630	C	T
glyma.Wm82.gnm2.Gm19	4694815	ss715635637	T	C
glyma.Wm82.gnm2.Gm19	4734611	ss715635697	C	T
glyma.Wm82.gnm2.Gm19	4766586	ss715635736	C	T
glyma.Wm82.gnm2.Gm19	4771633	ss715635741	C	T
glyma.Wm82.gnm2.Gm19	4857303	ss715635871	G	A
glyma.Wm82.gnm2.Gm19	4871545	ss715635882	C	A
glyma.Wm82.gnm2.Gm19	4873501	ss715635884	A	G
glyma.Wm82.gnm2.Gm19	4948057	ss715635965	C	A
glyma.Wm82.gnm2.Gm19	4953067	ss715635971	A	G
glyma.Wm82.gnm2.Gm19	5019384	ss715636037	C	T
glyma.Wm82.gnm2.Gm19	5131248	ss715636089	G	A
glyma.Wm82.gnm2.Gm19	5141316	ss715636092	A	G
glyma.Wm82.gnm2.Gm19	5211780	ss715636103	T	G
glyma.Wm82.gnm2.Gm19	5250479	ss715636110	G	A
glyma.Wm82.gnm2.Gm19	5267562	ss715636113	C	T
glyma.Wm82.gnm2.Gm19	5476148	ss715636125	G	A
glyma.Wm82.gnm2.Gm19	5489868	ss715636127	G	A
glyma.Wm82.gnm2.Gm19	5545984	ss715636130	G	A
glyma.Wm82.gnm2.Gm19	5730820	ss715636143	T	C
glyma.Wm82.gnm2.Gm19	5984150	ss715636174	A	G
glyma.Wm82.gnm2.Gm19	6068431	ss715636169	A	G
glyma.Wm82.gnm2.Gm19	6115305	ss715636166	G	A
glyma.Wm82.gnm2.Gm19	6135686	ss715636165	G	A
glyma.Wm82.gnm2.Gm19	6182772	ss715636163	C	A
glyma.Wm82.gnm2.Gm19	6197154	ss715636161	C	T
glyma.Wm82.gnm2.Gm19	6213549	ss715636159	T	G
glyma.Wm82.gnm2.Gm19	6543928	ss715636181	T	G
glyma.Wm82.gnm2.Gm19	6801326	ss715636191	A	G
glyma.Wm82.gnm2.Gm19	6829796	ss715636195	C	T
glyma.Wm82.gnm2.Gm19	6853517	ss715636198	G	A
glyma.Wm82.gnm2.Gm19	6872775	ss715636201	C	T
glyma.Wm82.gnm2.Gm19	6884172	ss715636203	C	A
glyma.Wm82.gnm2.Gm19	6932345	ss715636204	C	T
glyma.Wm82.gnm2.Gm19	6948870	ss715636207	G	A
glyma.Wm82.gnm2.Gm19	6952281	ss715636211	C	T
glyma.Wm82.gnm2.Gm19	7019642	ss715636223	A	G
glyma.Wm82.gnm2.Gm19	7031475	ss715636225	A	G
glyma.Wm82.gnm2.Gm19	7049495	ss715636227	A	G
glyma.Wm82.gnm2.Gm19	7051131	ss715636228	G	A
glyma.Wm82.gnm2.Gm19	7197162	ss715636241	G	A
glyma.Wm82.gnm2.Gm19	7235278	ss715636246	T	G
glyma.Wm82.gnm2.Gm19	7322454	ss715636263	G	A
glyma.Wm82.gnm2.Gm19	7337907	ss715636266	G	A
glyma.Wm82.gnm2.Gm19	7347743	ss715636268	G	T
glyma.Wm82.gnm2.Gm19	7512112	ss715636291	G	T
glyma.Wm82.gnm2.Gm19	7715538	ss715636295	T	C
glyma.Wm82.gnm2.Gm19	7735381	ss715636298	G	A
glyma.Wm82.gnm2.Gm19	7758547	ss715636299	T	C
glyma.Wm82.gnm2.Gm19	7787369	ss715636301	T	G
glyma.Wm82.gnm2.Gm19	7828903	ss715636303	G	A
glyma.Wm82.gnm2.Gm19	7835808	ss715636304	A	G
glyma.Wm82.gnm2.Gm19	8026694	ss715636313	G	T
glyma.Wm82.gnm2.Gm19	8052372	ss715636319	A	G
glyma.Wm82.gnm2.Gm19	8066185	ss715636329	G	T
glyma.Wm82.gnm2.Gm19	8097242	ss715636334	C	A
glyma.Wm82.gnm2.Gm19	8120188	ss715636340	A	G
glyma.Wm82.gnm2.Gm19	8122358	ss715636341	A	G
glyma.Wm82.gnm2.Gm19	8145794	ss715636348	T	C
glyma.Wm82.gnm2.Gm19	8188784	ss715636353	C	T
glyma.Wm82.gnm2.Gm19	8195863	ss715636354	C	T
glyma.Wm82.gnm2.Gm19	8209371	ss715636362	A	G
glyma.Wm82.gnm2.Gm19	8250953	ss715636370	T	C
glyma.Wm82.gnm2.Gm19	8345858	ss715636381	A	G
glyma.Wm82.gnm2.Gm19	8355769	ss715636383	C	A
glyma.Wm82.gnm2.Gm19	8361108	ss715636386	C	T
glyma.Wm82.gnm2.Gm19	8387234	ss715636389	G	A
glyma.Wm82.gnm2.Gm19	8395258	ss715636391	G	A
glyma.Wm82.gnm2.Gm19	8395877	ss715636392	G	A
glyma.Wm82.gnm2.Gm19	8396851	ss715636393	G	A
glyma.Wm82.gnm2.Gm19	8435266	ss715636407	G	A
glyma.Wm82.gnm2.Gm19	8436529	ss715636408	C	T
glyma.Wm82.gnm2.Gm19	8441241	ss715636412	T	C
glyma.Wm82.gnm2.Gm19	8468527	ss715636418	A	G
glyma.Wm82.gnm2.Gm19	8518819	ss715636430	G	T
glyma.Wm82.gnm2.Gm19	8520049	ss715636431	C	T
glyma.Wm82.gnm2.Gm19	8541051	ss715636437	G	T
glyma.Wm82.gnm2.Gm19	8561899	ss715636446	C	T
glyma.Wm82.gnm2.Gm19	8576484	ss715636453	G	A
glyma.Wm82.gnm2.Gm19	8577162	ss715636454	T	G
glyma.Wm82.gnm2.Gm19	8585753	ss715636457	G	A
glyma.Wm82.gnm2.Gm19	8604401	ss715636463	T	C
glyma.Wm82.gnm2.Gm19	8618345	ss715636466	G	A
glyma.Wm82.gnm2.Gm19	8636335	ss715636468	G	A
glyma.Wm82.gnm2.Gm19	8639625	ss715636470	C	T
glyma.Wm82.gnm2.Gm19	8641333	ss715636471	G	A
glyma.Wm82.gnm2.Gm19	8647203	ss715636473	G	A
glyma.Wm82.gnm2.Gm19	8656561	ss715636475	G	A
glyma.Wm82.gnm2.Gm19	8662767	ss715636476	A	C
glyma.Wm82.gnm2.Gm19	8666724	ss715636477	G	T
glyma.Wm82.gnm2.Gm19	8669181	ss715636478	C	T
glyma.Wm82.gnm2.Gm19	8694751	ss715636480	T	G
glyma.Wm82.gnm2.Gm19	8714444	ss715636484	G	A
glyma.Wm82.gnm2.Gm19	8715443	ss715636485	T	C
glyma.Wm82.gnm2.Gm19	8751198	ss715636490	G	T
glyma.Wm82.gnm2.Gm19	9163458	ss715636510	C	T
glyma.Wm82.gnm2.Gm19	9686568	ss715636527	G	T
glyma.Wm82.gnm2.Gm19	9794947	ss715636530	C	T
glyma.Wm82.gnm2.Gm19	10204289	ss715633022	G	A
glyma.Wm82.gnm2.Gm19	10289340	ss715633027	C	T
glyma.Wm82.gnm2.Gm19	10456518	ss715633034	T	C
glyma.Wm82.gnm2.Gm19	11351212	ss715633069	C	T
glyma.Wm82.gnm2.Gm19	11419846	ss715633058	A	C
glyma.Wm82.gnm2.Gm19	11844214	ss715633083	G	A
glyma.Wm82.gnm2.Gm19	11872773	ss715633084	A	C
glyma.Wm82.gnm2.Gm19	12005697	ss715633087	G	A
glyma.Wm82.gnm2.Gm19	12206573	ss715633094	G	A
glyma.Wm82.gnm2.Gm19	12332699	ss715633105	G	A
glyma.Wm82.gnm2.Gm19	12514173	ss715633110	C	T
glyma.Wm82.gnm2.Gm19	12537015	ss715633111	G	A
glyma.Wm82.gnm2.Gm19	12566777	ss715633279	G	T
glyma.Wm82.gnm2.Gm19	12651935	ss715633277	C	T
glyma.Wm82.gnm2.Gm19	12693861	ss715633276	C	A
glyma.Wm82.gnm2.Gm19	12718140	ss715633275	G	T
glyma.Wm82.gnm2.Gm19	14137048	ss715633321	T	C
glyma.Wm82.gnm2.Gm19	14625738	ss715633114	G	T
glyma.Wm82.gnm2.Gm19	15019854	ss715633286	G	A
glyma.Wm82.gnm2.Gm19	15860766	ss715633304	G	T
glyma.Wm82.gnm2.Gm19	15921093	ss715633306	T	C
glyma.Wm82.gnm2.Gm19	16947747	ss715633337	C	T
glyma.Wm82.gnm2.Gm19	17144473	ss715633347	C	A
glyma.Wm82.gnm2.Gm19	17203458	ss715633349	T	C
glyma.Wm82.gnm2.Gm19	18341588	ss715633392	C	T
glyma.Wm82.gnm2.Gm19	18401109	ss715633396	C	T
glyma.Wm82.gnm2.Gm19	19100841	ss715633516	T	C
glyma.Wm82.gnm2.Gm19	19434545	ss715633507	G	A
glyma.Wm82.gnm2.Gm19	19667278	ss715633501	G	A
glyma.Wm82.gnm2.Gm19	19821269	ss715633493	G	A
glyma.Wm82.gnm2.Gm19	20050747	ss715633484	A	C
glyma.Wm82.gnm2.Gm19	20152897	ss715633480	G	A
glyma.Wm82.gnm2.Gm19	20306886	ss715633473	G	T
glyma.Wm82.gnm2.Gm19	20856530	ss715633217	A	C
glyma.Wm82.gnm2.Gm19	20971053	ss715633213	C	A
glyma.Wm82.gnm2.Gm19	21303873	ss715633201	G	A
glyma.Wm82.gnm2.Gm19	21512502	ss715633194	C	T
glyma.Wm82.gnm2.Gm19	22308339	ss715633171	G	A
glyma.Wm82.gnm2.Gm19	23571071	ss715633463	G	A
glyma.Wm82.gnm2.Gm19	23942258	ss715633454	C	T
glyma.Wm82.gnm2.Gm19	24005940	ss715633452	G	A
glyma.Wm82.gnm2.Gm19	24957888	ss715633422	G	A
glyma.Wm82.gnm2.Gm19	25950203	ss715633540	C	T
glyma.Wm82.gnm2.Gm19	26657441	ss715633563	G	T
glyma.Wm82.gnm2.Gm19	27761927	ss715633596	C	T
glyma.Wm82.gnm2.Gm19	28364090	ss715633612	C	T
glyma.Wm82.gnm2.Gm19	28562399	ss715633614	G	A
glyma.Wm82.gnm2.Gm19	28784237	ss715633618	G	A
glyma.Wm82.gnm2.Gm19	29142283	ss715633629	G	A
glyma.Wm82.gnm2.Gm19	29196611	ss715633631	T	G
glyma.Wm82.gnm2.Gm19	29430536	ss715633640	G	A
glyma.Wm82.gnm2.Gm19	29462945	ss715633642	G	A
glyma.Wm82.gnm2.Gm19	29541876	ss715633647	C	T
glyma.Wm82.gnm2.Gm19	29940720	ss715633658	A	G
glyma.Wm82.gnm2.Gm19	29977321	ss715633660	T	C
glyma.Wm82.gnm2.Gm19	30124528	ss715633669	A	C
glyma.Wm82.gnm2.Gm19	30156313	ss715633673	C	A
glyma.Wm82.gnm2.Gm19	31162675	ss715633705	T	C
glyma.Wm82.gnm2.Gm19	31367348	ss715633713	G	A
glyma.Wm82.gnm2.Gm19	32198675	ss715633743	T	C
glyma.Wm82.gnm2.Gm19	32243256	ss715633749	G	T
glyma.Wm82.gnm2.Gm19	32245731	ss715633751	A	G
glyma.Wm82.gnm2.Gm19	32287620	ss715633759	C	T
glyma.Wm82.gnm2.Gm19	32288112	ss715633760	G	A
glyma.Wm82.gnm2.Gm19	32331716	ss715633768	C	T
glyma.Wm82.gnm2.Gm19	32336734	ss715633771	C	T
glyma.Wm82.gnm2.Gm19	32339265	ss715633772	C	T
glyma.Wm82.gnm2.Gm19	32390166	ss715633780	G	A
glyma.Wm82.gnm2.Gm19	32488034	ss715633803	C	A
glyma.Wm82.gnm2.Gm19	32535031	ss715633805	G	A
glyma.Wm82.gnm2.Gm19	32550046	ss715633810	G	T
glyma.Wm82.gnm2.Gm19	32598136	ss715633812	C	T
glyma.Wm82.gnm2.Gm19	32619070	ss715633815	T	C
glyma.Wm82.gnm2.Gm19	32622475	ss715633817	G	A
glyma.Wm82.gnm2.Gm19	32622933	ss715633818	C	A
glyma.Wm82.gnm2.Gm19	32696946	ss715633823	C	T
glyma.Wm82.gnm2.Gm19	32699105	ss715633824	C	T
glyma.Wm82.gnm2.Gm19	32701870	ss715633825	C	A
glyma.Wm82.gnm2.Gm19	32703872	ss715633826	G	A
glyma.Wm82.gnm2.Gm19	32727926	ss715633833	C	T
glyma.Wm82.gnm2.Gm19	32762370	ss715633836	A	G
glyma.Wm82.gnm2.Gm19	32770516	ss715633838	G	A
glyma.Wm82.gnm2.Gm19	32771216	ss715633839	C	T
glyma.Wm82.gnm2.Gm19	32771650	ss715633840	C	T
glyma.Wm82.gnm2.Gm19	32772401	ss715633841	G	A
glyma.Wm82.gnm2.Gm19	32776848	ss715633843	C	T
glyma.Wm82.gnm2.Gm19	32823239	ss715633849	C	A
glyma.Wm82.gnm2.Gm19	32825533	ss715633850	G	A
glyma.Wm82.gnm2.Gm19	32839245	ss715633852	G	T
glyma.Wm82.gnm2.Gm19	32971756	ss715633865	C	A
glyma.Wm82.gnm2.Gm19	32981550	ss715633867	C	T
glyma.Wm82.gnm2.Gm19	32982103	ss715633868	G	T
glyma.Wm82.gnm2.Gm19	32990865	ss715633869	C	T
glyma.Wm82.gnm2.Gm19	32996662	ss715633873	G	A
glyma.Wm82.gnm2.Gm19	32997124	ss715633874	C	T
glyma.Wm82.gnm2.Gm19	32999151	ss715633875	G	A
glyma.Wm82.gnm2.Gm19	32999631	ss715633876	G	A
glyma.Wm82.gnm2.Gm19	33033786	ss715633883	C	T
glyma.Wm82.gnm2.Gm19	33047303	ss715633887	G	A
glyma.Wm82.gnm2.Gm19	33064459	ss715633892	T	G
glyma.Wm82.gnm2.Gm19	33126189	ss715633909	C	T
glyma.Wm82.gnm2.Gm19	33134526	ss715633911	G	A
glyma.Wm82.gnm2.Gm19	33159060	ss715633917	C	T
glyma.Wm82.gnm2.Gm19	33170693	ss715633918	A	G
glyma.Wm82.gnm2.Gm19	33231156	ss715633927	C	T
glyma.Wm82.gnm2.Gm19	33237841	ss715633928	C	T
glyma.Wm82.gnm2.Gm19	33238673	ss715633929	A	G
glyma.Wm82.gnm2.Gm19	33246309	ss715633930	A	G
glyma.Wm82.gnm2.Gm19	33263326	ss715633931	C	T
glyma.Wm82.gnm2.Gm19	33267875	ss715633933	A	G
glyma.Wm82.gnm2.Gm19	33270262	ss715633934	G	A
glyma.Wm82.gnm2.Gm19	33270882	ss715633935	C	T
glyma.Wm82.gnm2.Gm19	33273242	ss715633936	G	A
glyma.Wm82.gnm2.Gm19	33277903	ss715633938	A	C
glyma.Wm82.gnm2.Gm19	33304011	ss715633942	C	T
glyma.Wm82.gnm2.Gm19	33357426	ss715633947	C	A
glyma.Wm82.gnm2.Gm19	33362412	ss715633950	G	T
glyma.Wm82.gnm2.Gm19	33389736	ss715633954	G	A
glyma.Wm82.gnm2.Gm19	33427846	ss715633963	G	A
glyma.Wm82.gnm2.Gm19	33435245	ss715633965	T	C
glyma.Wm82.gnm2.Gm19	33471237	ss715633971	G	A
glyma.Wm82.gnm2.Gm19	33494070	ss715633978	G	T
glyma.Wm82.gnm2.Gm19	33520678	ss715633984	G	A
glyma.Wm82.gnm2.Gm19	33530462	ss715633985	A	C
glyma.Wm82.gnm2.Gm19	33531175	ss715633986	G	A
glyma.Wm82.gnm2.Gm19	33534526	ss715633987	C	T
glyma.Wm82.gnm2.Gm19	33562092	ss715633992	C	T
glyma.Wm82.gnm2.Gm19	33579051	ss715633994	G	A
glyma.Wm82.gnm2.Gm19	33580903	ss715633996	G	T
glyma.Wm82.gnm2.Gm19	33599532	ss715634001	G	A
glyma.Wm82.gnm2.Gm19	33608015	ss715634006	G	A
glyma.Wm82.gnm2.Gm19	33636637	ss715634015	A	G
glyma.Wm82.gnm2.Gm19	33637514	ss715634016	G	A
glyma.Wm82.gnm2.Gm19	33675574	ss715634022	G	A
glyma.Wm82.gnm2.Gm19	33680089	ss715634027	G	A
glyma.Wm82.gnm2.Gm19	33692234	ss715634029	C	T
glyma.Wm82.gnm2.Gm19	33694794	ss715634032	A	G
glyma.Wm82.gnm2.Gm19	33722355	ss715634040	A	C
glyma.Wm82.gnm2.Gm19	33739090	ss715634043	G	A
glyma.Wm82.gnm2.Gm19	33745325	ss715634046	G	A
glyma.Wm82.gnm2.Gm19	33757606	ss715634050	G	A
glyma.Wm82.gnm2.Gm19	33791249	ss715634056	A	G
glyma.Wm82.gnm2.Gm19	33793738	ss715634057	G	T
glyma.Wm82.gnm2.Gm19	33796512	ss715634058	C	A
glyma.Wm82.gnm2.Gm19	33908368	ss715634066	A	C
glyma.Wm82.gnm2.Gm19	33947421	ss715634085	G	A
glyma.Wm82.gnm2.Gm19	33948774	ss715634086	G	A
glyma.Wm82.gnm2.Gm19	33975941	ss715634090	C	T
glyma.Wm82.gnm2.Gm19	33993061	ss715634093	T	G
glyma.Wm82.gnm2.Gm19	34007879	ss715634097	C	T
glyma.Wm82.gnm2.Gm19	34112605	ss715634109	C	T
glyma.Wm82.gnm2.Gm19	34150119	ss715634114	T	C
glyma.Wm82.gnm2.Gm19	34174462	ss715634117	T	G
glyma.Wm82.gnm2.Gm19	34240109	ss715634124	G	A
glyma.Wm82.gnm2.Gm19	34247823	ss715634125	C	T
glyma.Wm82.gnm2.Gm19	34383250	ss715634136	C	T
glyma.Wm82.gnm2.Gm19	34531087	ss715634156	A	G
glyma.Wm82.gnm2.Gm19	34585085	ss715634168	C	T
glyma.Wm82.gnm2.Gm19	34699856	ss715634175	T	C
glyma.Wm82.gnm2.Gm19	34720144	ss715634177	A	G
glyma.Wm82.gnm2.Gm19	34786228	ss715634188	A	G
glyma.Wm82.gnm2.Gm19	34810991	ss715634189	G	A
glyma.Wm82.gnm2.Gm19	34811494	ss715634190	C	T
glyma.Wm82.gnm2.Gm19	34859852	ss715634201	A	G
glyma.Wm82.gnm2.Gm19	35099016	ss715634221	C	T
glyma.Wm82.gnm2.Gm19	35107484	ss715634224	C	T
glyma.Wm82.gnm2.Gm19	35117666	ss715634227	A	G
glyma.Wm82.gnm2.Gm19	35151388	ss715634231	A	G
glyma.Wm82.gnm2.Gm19	35154123	ss715634232	T	C
glyma.Wm82.gnm2.Gm19	35155384	ss715634234	C	T
glyma.Wm82.gnm2.Gm19	35160008	ss715634235	A	C
glyma.Wm82.gnm2.Gm19	35173846	ss715634239	A	G
glyma.Wm82.gnm2.Gm19	35190884	ss715634243	C	A
glyma.Wm82.gnm2.Gm19	35192362	ss715634245	T	C
glyma.Wm82.gnm2.Gm19	35212694	ss715634250	C	A
glyma.Wm82.gnm2.Gm19	35225511	ss715634251	T	C
glyma.Wm82.gnm2.Gm19	35227074	ss715634252	A	G
glyma.Wm82.gnm2.Gm19	35261809	ss715634256	C	T
glyma.Wm82.gnm2.Gm19	35348272	ss715634257	A	C
glyma.Wm82.gnm2.Gm19	35367324	ss715634259	C	T
glyma.Wm82.gnm2.Gm19	35467201	ss715634272	G	A
glyma.Wm82.gnm2.Gm19	35535527	ss715634276	G	A
glyma.Wm82.gnm2.Gm19	35675571	ss715634297	G	A
glyma.Wm82.gnm2.Gm19	35679176	ss715634302	C	T
glyma.Wm82.gnm2.Gm19	35681342	ss715634304	T	C
glyma.Wm82.gnm2.Gm19	35696212	ss715634306	G	A
glyma.Wm82.gnm2.Gm19	35808578	ss715634325	C	T
glyma.Wm82.gnm2.Gm19	35841753	ss715634338	A	G
glyma.Wm82.gnm2.Gm19	35878403	ss715634352	C	T
glyma.Wm82.gnm2.Gm19	35895427	ss715634360	A	C
glyma.Wm82.gnm2.Gm19	35948260	ss715634370	T	G
glyma.Wm82.gnm2.Gm19	35970471	ss715634379	C	A
glyma.Wm82.gnm2.Gm19	35972786	ss715634380	C	T
glyma.Wm82.gnm2.Gm19	36038825	ss715634410	T	C
glyma.Wm82.gnm2.Gm19	36112662	ss715634431	C	T
glyma.Wm82.gnm2.Gm19	36224440	ss715634454	G	T
glyma.Wm82.gnm2.Gm19	36278682	ss715634455	G	A
glyma.Wm82.gnm2.Gm19	36368023	ss715634464	G	A
glyma.Wm82.gnm2.Gm19	36372662	ss715634465	G	T
glyma.Wm82.gnm2.Gm19	36511166	ss715634481	T	C
glyma.Wm82.gnm2.Gm19	36560503	ss715634486	C	T
glyma.Wm82.gnm2.Gm19	36595147	ss715634489	G	A
glyma.Wm82.gnm2.Gm19	36621559	ss715634491	T	G
glyma.Wm82.gnm2.Gm19	36781528	ss715634507	T	C
glyma.Wm82.gnm2.Gm19	36958792	ss715634530	A	G
glyma.Wm82.gnm2.Gm19	36987863	ss715634534	T	C
glyma.Wm82.gnm2.Gm19	37017795	ss715634536	A	G
glyma.Wm82.gnm2.Gm19	37032441	ss715634539	G	A
glyma.Wm82.gnm2.Gm19	37118710	ss715634546	T	G
glyma.Wm82.gnm2.Gm19	37186585	ss715634554	T	C
glyma.Wm82.gnm2.Gm19	37266338	ss715634573	T	C
glyma.Wm82.gnm2.Gm19	37271691	ss715634578	A	G
glyma.Wm82.gnm2.Gm19	37359255	ss715634585	A	G
glyma.Wm82.gnm2.Gm19	37370503	ss715634586	G	T
glyma.Wm82.gnm2.Gm19	37392944	ss715634588	C	T
glyma.Wm82.gnm2.Gm19	37455541	ss715634595	G	A
glyma.Wm82.gnm2.Gm19	37559673	ss715634382	G	A
glyma.Wm82.gnm2.Gm19	37597717	ss715634606	G	A
glyma.Wm82.gnm2.Gm19	37630227	ss715634613	G	A
glyma.Wm82.gnm2.Gm19	37714295	ss715634621	C	T
glyma.Wm82.gnm2.Gm19	37740969	ss715634623	A	G
glyma.Wm82.gnm2.Gm19	37742188	ss715634624	G	A
glyma.Wm82.gnm2.Gm19	37814496	ss715634637	T	C
glyma.Wm82.gnm2.Gm19	37814994	ss715634638	A	C
glyma.Wm82.gnm2.Gm19	37896511	ss715634647	C	T
glyma.Wm82.gnm2.Gm19	37939206	ss715634659	G	A
glyma.Wm82.gnm2.Gm19	38038392	ss715634674	A	G
glyma.Wm82.gnm2.Gm19	38061787	ss715634679	G	A
glyma.Wm82.gnm2.Gm19	38065378	ss715634680	T	C
glyma.Wm82.gnm2.Gm19	38104511	ss715634685	G	A
glyma.Wm82.gnm2.Gm19	38116367	ss715634691	C	T
glyma.Wm82.gnm2.Gm19	38218262	ss715634700	G	A
glyma.Wm82.gnm2.Gm19	38238243	ss715634702	T	C
glyma.Wm82.gnm2.Gm19	38309925	ss715634710	G	A
glyma.Wm82.gnm2.Gm19	38312521	ss715634712	C	A
glyma.Wm82.gnm2.Gm19	38372492	ss715634720	G	A
glyma.Wm82.gnm2.Gm19	38564019	ss715634731	A	G
glyma.Wm82.gnm2.Gm19	38566680	ss715634732	T	C
glyma.Wm82.gnm2.Gm19	38567879	ss715634734	T	C
glyma.Wm82.gnm2.Gm19	38625363	ss715634739	C	T
glyma.Wm82.gnm2.Gm19	38654143	ss715634741	T	C
glyma.Wm82.gnm2.Gm19	38654809	ss715634742	A	G
glyma.Wm82.gnm2.Gm19	38725207	ss715634749	T	C
glyma.Wm82.gnm2.Gm19	39027690	ss715634778	A	C
glyma.Wm82.gnm2.Gm19	39028670	ss715634779	A	G
glyma.Wm82.gnm2.Gm19	39105417	ss715634790	T	G
glyma.Wm82.gnm2.Gm19	39213175	ss715634795	C	T
glyma.Wm82.gnm2.Gm19	39280575	ss715634797	A	G
glyma.Wm82.gnm2.Gm19	39302944	ss715634798	C	A
glyma.Wm82.gnm2.Gm19	39640388	ss715634845	C	T
glyma.Wm82.gnm2.Gm19	39662236	ss715634854	G	A
glyma.Wm82.gnm2.Gm19	39668139	ss715634855	C	T
glyma.Wm82.gnm2.Gm19	39692638	ss715634859	T	C
glyma.Wm82.gnm2.Gm19	39704354	ss715634863	T	C
glyma.Wm82.gnm2.Gm19	39772499	ss715634870	C	.
glyma.Wm82.gnm2.Gm19	39783551	ss715634877	G	T
glyma.Wm82.gnm2.Gm19	39837493	ss715634890	A	G
glyma.Wm82.gnm2.Gm19	39854722	ss715634893	C	T
glyma.Wm82.gnm2.Gm19	39916232	ss715634904	C	T
glyma.Wm82.gnm2.Gm19	39932073	ss715634908	C	T
glyma.Wm82.gnm2.Gm19	40062225	ss715634934	C	T
glyma.Wm82.gnm2.Gm19	40226175	ss715634957	A	G
glyma.Wm82.gnm2.Gm19	40236466	ss715634958	A	C
glyma.Wm82.gnm2.Gm19	40246729	ss715634961	G	A
glyma.Wm82.gnm2.Gm19	40414951	ss715634992	G	A
glyma.Wm82.gnm2.Gm19	40474709	ss715634998	A	C
glyma.Wm82.gnm2.Gm19	40499354	ss715635004	A	C
glyma.Wm82.gnm2.Gm19	40552562	ss715635010	G	A
glyma.Wm82.gnm2.Gm19	40975911	ss715635070	T	C
glyma.Wm82.gnm2.Gm19	41084925	ss715635081	T	C
glyma.Wm82.gnm2.Gm19	41138600	ss715635085	G	A
glyma.Wm82.gnm2.Gm19	41173014	ss715635086	G	T
glyma.Wm82.gnm2.Gm19	41356231	ss715635109	A	G
glyma.Wm82.gnm2.Gm19	41373418	ss715635110	T	C
glyma.Wm82.gnm2.Gm19	41459905	ss715635118	A	G
glyma.Wm82.gnm2.Gm19	41826501	ss715635133	A	G
glyma.Wm82.gnm2.Gm19	41834864	ss715635134	G	A
glyma.Wm82.gnm2.Gm19	41921819	ss715635138	G	T
glyma.Wm82.gnm2.Gm19	42048532	ss715635150	T	G
glyma.Wm82.gnm2.Gm19	42207842	ss715635165	G	A
glyma.Wm82.gnm2.Gm19	42265727	ss715635176	T	G
glyma.Wm82.gnm2.Gm19	42272973	ss715635177	G	.
glyma.Wm82.gnm2.Gm19	42385879	ss715635194	A	G
glyma.Wm82.gnm2.Gm19	42386423	ss715635195	G	A
glyma.Wm82.gnm2.Gm19	42424686	ss715635203	T	C
glyma.Wm82.gnm2.Gm19	42515507	ss715635210	T	C
glyma.Wm82.gnm2.Gm19	42524238	ss715635213	C	T
glyma.Wm82.gnm2.Gm19	42623644	ss715635221	T	C
glyma.Wm82.gnm2.Gm19	42759511	ss715635226	G	A
glyma.Wm82.gnm2.Gm19	42849765	ss715635230	A	G
glyma.Wm82.gnm2.Gm19	42893178	ss715635234	A	G
glyma.Wm82.gnm2.Gm19	42958721	ss715635242	T	C
glyma.Wm82.gnm2.Gm19	43024553	ss715635252	T	C
glyma.Wm82.gnm2.Gm19	43087563	ss715635256	A	G
glyma.Wm82.gnm2.Gm19	43110912	ss715635260	C	T
glyma.Wm82.gnm2.Gm19	43206789	ss715635267	G	T
glyma.Wm82.gnm2.Gm19	43304111	ss715635275	G	A
glyma.Wm82.gnm2.Gm19	43535400	ss715635285	A	C
glyma.Wm82.gnm2.Gm19	43579777	ss715635289	T	C
glyma.Wm82.gnm2.Gm19	43845931	ss715635302	T	C
glyma.Wm82.gnm2.Gm19	44095119	ss715635314	G	A
glyma.Wm82.gnm2.Gm19	44101130	ss715635315	T	C
glyma.Wm82.gnm2.Gm19	44107784	ss715635316	C	T
glyma.Wm82.gnm2.Gm19	44139704	ss715635317	T	C
glyma.Wm82.gnm2.Gm19	44140958	ss715635318	G	A
glyma.Wm82.gnm2.Gm19	44297312	ss715635321	A	G
glyma.Wm82.gnm2.Gm19	44372151	ss715635326	G	A
glyma.Wm82.gnm2.Gm19	44376992	ss715635328	C	T
glyma.Wm82.gnm2.Gm19	44462764	ss715635334	A	G
glyma.Wm82.gnm2.Gm19	44581353	ss715635350	G	A
glyma.Wm82.gnm2.Gm19	44590907	ss715635352	G	A
glyma.Wm82.gnm2.Gm19	44615812	ss715635359	T	G
glyma.Wm82.gnm2.Gm19	44622874	ss715635360	C	A
glyma.Wm82.gnm2.Gm19	44715137	ss715635366	G	A
glyma.Wm82.gnm2.Gm19	44731451	ss715635369	T	G
glyma.Wm82.gnm2.Gm19	44784080	ss715635378	A	G
glyma.Wm82.gnm2.Gm19	44784531	ss715635379	G	A
glyma.Wm82.gnm2.Gm19	44861139	ss715635387	A	C
glyma.Wm82.gnm2.Gm19	44862586	ss715635388	A	G
glyma.Wm82.gnm2.Gm19	45015436	ss715635407	C	T
glyma.Wm82.gnm2.Gm19	45141100	ss715635415	T	C
glyma.Wm82.gnm2.Gm19	45313610	ss715635464	C	A
glyma.Wm82.gnm2.Gm19	45538807	ss715635502	C	T
glyma.Wm82.gnm2.Gm19	45589306	ss715635514	G	A
glyma.Wm82.gnm2.Gm19	45735267	ss715635527	A	G
glyma.Wm82.gnm2.Gm19	45820077	ss715635534	A	C
glyma.Wm82.gnm2.Gm19	46134881	ss715635555	G	A
glyma.Wm82.gnm2.Gm19	46135866	ss715635556	G	T
glyma.Wm82.gnm2.Gm19	46167907	ss715635559	G	A
glyma.Wm82.gnm2.Gm19	46208112	ss715635564	A	G
glyma.Wm82.gnm2.Gm19	46276739	ss715635570	T	C
glyma.Wm82.gnm2.Gm19	46356560	ss715635572	G	A
glyma.Wm82.gnm2.Gm19	46390240	ss715635573	T	C
glyma.Wm82.gnm2.Gm19	46457275	ss715635576	G	T
glyma.Wm82.gnm2.Gm19	46547163	ss715635580	C	T
glyma.Wm82.gnm2.Gm19	46581096	ss715635583	A	C
glyma.Wm82.gnm2.Gm19	46585393	ss715635584	T	C
glyma.Wm82.gnm2.Gm19	46596334	ss715635586	G	T
glyma.Wm82.gnm2.Gm19	46609001	ss715635588	C	T
glyma.Wm82.gnm2.Gm19	46613065	ss715635589	T	G
glyma.Wm82.gnm2.Gm19	46657754	ss715635596	C	A
glyma.Wm82.gnm2.Gm19	46730866	ss715635605	T	G
glyma.Wm82.gnm2.Gm19	46799405	ss715635611	G	A
glyma.Wm82.gnm2.Gm19	46941061	ss715635623	T	C
glyma.Wm82.gnm2.Gm19	47203967	ss715635643	A	G
glyma.Wm82.gnm2.Gm19	47206972	ss715635644	T	C
glyma.Wm82.gnm2.Gm19	47272006	ss715635657	G	A
glyma.Wm82.gnm2.Gm19	47291640	ss715635658	T	C
glyma.Wm82.gnm2.Gm19	47307866	ss715635659	A	G
glyma.Wm82.gnm2.Gm19	47378001	ss715635674	G	T
glyma.Wm82.gnm2.Gm19	47576614	ss715635698	T	C
glyma.Wm82.gnm2.Gm19	47604195	ss715635700	A	C
glyma.Wm82.gnm2.Gm19	47755352	ss715635719	A	G
glyma.Wm82.gnm2.Gm19	47782170	ss715635725	G	A
glyma.Wm82.gnm2.Gm19	47784141	ss715635727	T	C
glyma.Wm82.gnm2.Gm19	47794148	ss715635729	G	A
glyma.Wm82.gnm2.Gm19	47978396	ss715635746	T	C
glyma.Wm82.gnm2.Gm19	48183215	ss715635788	G	A
glyma.Wm82.gnm2.Gm19	48219985	ss715635796	T	G
glyma.Wm82.gnm2.Gm19	48300492	ss715635818	T	C
glyma.Wm82.gnm2.Gm19	48319587	ss715635820	A	G
glyma.Wm82.gnm2.Gm19	48470465	ss715635840	T	C
glyma.Wm82.gnm2.Gm19	48638499	ss715635856	T	C
glyma.Wm82.gnm2.Gm19	48646567	ss715635857	C	T
glyma.Wm82.gnm2.Gm19	48760485	ss715635866	G	A
glyma.Wm82.gnm2.Gm19	48894174	ss715635880	T	G
glyma.Wm82.gnm2.Gm19	49054961	ss715635890	C	T
glyma.Wm82.gnm2.Gm19	49358479	ss715635920	T	G
glyma.Wm82.gnm2.Gm19	49402473	ss715635930	C	T
glyma.Wm82.gnm2.Gm19	49550541	ss715635942	G	A
glyma.Wm82.gnm2.Gm19	49769885	ss715635973	T	G
glyma.Wm82.gnm2.Gm19	49814563	ss715635977	T	C
glyma.Wm82.gnm2.Gm19	49840821	ss715635978	C	T
glyma.Wm82.gnm2.Gm19	50079825	ss715635993	G	A
glyma.Wm82.gnm2.Gm19	50084138	ss715635995	T	C
glyma.Wm82.gnm2.Gm19	50283510	ss715636011	T	C
glyma.Wm82.gnm2.Gm19	50336903	ss715636020	T	C
glyma.Wm82.gnm2.Gm19	50340694	ss715636022	G	A
glyma.Wm82.gnm2.Gm19	50347234	ss715636023	T	G
glyma.Wm82.gnm2.Gm19	50534870	ss715636052	G	A
glyma.Wm82.gnm2.Gm19	50544363	ss715636056	T	C
glyma.Wm82.gnm2.Gm19	50549240	ss715636057	T	C
glyma.Wm82.gnm2.Gm19	50668662	ss715636077	G	A
glyma.Wm82.gnm2.Gm19	50669182	ss715636078	G	T
glyma.Wm82.gnm2.Gm20	84669	ss715639066	A	G
glyma.Wm82.gnm2.Gm20	96609	ss715639090	G	A
glyma.Wm82.gnm2.Gm20	204758	ss715636908	G	A
glyma.Wm82.gnm2.Gm20	280757	ss715637170	T	C
glyma.Wm82.gnm2.Gm20	289016	ss715637199	T	C
glyma.Wm82.gnm2.Gm20	290664	ss715637204	T	G
glyma.Wm82.gnm2.Gm20	337280	ss715637497	A	G
glyma.Wm82.gnm2.Gm20	340617	ss715637534	T	C
glyma.Wm82.gnm2.Gm20	363972	ss715637847	T	C
glyma.Wm82.gnm2.Gm20	425186	ss715638474	G	A
glyma.Wm82.gnm2.Gm20	426079	ss715638486	T	C
glyma.Wm82.gnm2.Gm20	426739	ss715638499	C	.
glyma.Wm82.gnm2.Gm20	427565	ss715638507	T	C
glyma.Wm82.gnm2.Gm20	621282	ss715639002	G	T
glyma.Wm82.gnm2.Gm20	656597	ss715639013	C	T
glyma.Wm82.gnm2.Gm20	657726	ss715639015	A	G
glyma.Wm82.gnm2.Gm20	678338	ss715639020	A	G
glyma.Wm82.gnm2.Gm20	720401	ss715639032	T	C
glyma.Wm82.gnm2.Gm20	804350	ss715639054	G	A
glyma.Wm82.gnm2.Gm20	1012687	ss715636536	C	.
glyma.Wm82.gnm2.Gm20	1103909	ss715636560	C	A
glyma.Wm82.gnm2.Gm20	1113739	ss715636568	A	G
glyma.Wm82.gnm2.Gm20	1155944	ss715636584	C	T
glyma.Wm82.gnm2.Gm20	1178086	ss715636592	G	A
glyma.Wm82.gnm2.Gm20	1179140	ss715636594	C	A
glyma.Wm82.gnm2.Gm20	1196358	ss715636600	G	A
glyma.Wm82.gnm2.Gm20	1197274	ss715636601	A	G
glyma.Wm82.gnm2.Gm20	1202203	ss715636606	G	A
glyma.Wm82.gnm2.Gm20	1225703	ss715636615	T	C
glyma.Wm82.gnm2.Gm20	1227592	ss715636616	TAACT	.
glyma.Wm82.gnm2.Gm20	1327473	ss715636650	G	A
glyma.Wm82.gnm2.Gm20	1366524	ss715636663	C	T
glyma.Wm82.gnm2.Gm20	1382664	ss715636669	G	A
glyma.Wm82.gnm2.Gm20	1436683	ss715636687	C	T
glyma.Wm82.gnm2.Gm20	1449558	ss715636692	C	T
glyma.Wm82.gnm2.Gm20	1450515	ss715636693	G	A
glyma.Wm82.gnm2.Gm20	1452106	ss715636694	C	T
glyma.Wm82.gnm2.Gm20	1480601	ss715636705	G	A
glyma.Wm82.gnm2.Gm20	1519093	ss715636714	A	G
glyma.Wm82.gnm2.Gm20	1533264	ss715636723	G	A
glyma.Wm82.gnm2.Gm20	1569129	ss715636735	T	C
glyma.Wm82.gnm2.Gm20	1576523	ss715636738	C	T
glyma.Wm82.gnm2.Gm20	1582950	ss715636740	A	G
glyma.Wm82.gnm2.Gm20	1595825	ss715636745	G	T
glyma.Wm82.gnm2.Gm20	1597665	ss715636746	G	T
glyma.Wm82.gnm2.Gm20	1606128	ss715636749	A	G
glyma.Wm82.gnm2.Gm20	1608482	ss715636751	T	C
glyma.Wm82.gnm2.Gm20	1632620	ss715636759	A	C
glyma.Wm82.gnm2.Gm20	1657987	ss715636770	A	C
glyma.Wm82.gnm2.Gm20	1659885	ss715636773	T	.
glyma.Wm82.gnm2.Gm20	1672879	ss715636780	T	C
glyma.Wm82.gnm2.Gm20	1705910	ss715636793	G	A
glyma.Wm82.gnm2.Gm20	1724545	ss715636801	C	A
glyma.Wm82.gnm2.Gm20	1738862	ss715636804	T	C
glyma.Wm82.gnm2.Gm20	1824530	ss715636831	C	A
glyma.Wm82.gnm2.Gm20	1858865	ss715636839	T	C
glyma.Wm82.gnm2.Gm20	1890285	ss715636850	C	A
glyma.Wm82.gnm2.Gm20	1937812	ss715636867	A	C
glyma.Wm82.gnm2.Gm20	1940193	ss715636869	T	G
glyma.Wm82.gnm2.Gm20	1965560	ss715636878	A	G
glyma.Wm82.gnm2.Gm20	1974780	ss715636881	C	T
glyma.Wm82.gnm2.Gm20	2022844	ss715636902	T	C
glyma.Wm82.gnm2.Gm20	2100025	ss715636929	T	C
glyma.Wm82.gnm2.Gm20	2114135	ss715636936	A	G
glyma.Wm82.gnm2.Gm20	2214905	ss715636962	T	G
glyma.Wm82.gnm2.Gm20	2233282	ss715636970	C	T
glyma.Wm82.gnm2.Gm20	2270341	ss715636982	C	T
glyma.Wm82.gnm2.Gm20	2376468	ss715637024	A	G
glyma.Wm82.gnm2.Gm20	2384262	ss715637028	A	C
glyma.Wm82.gnm2.Gm20	2393232	ss715637036	A	G
glyma.Wm82.gnm2.Gm20	2394015	ss715637038	T	G
glyma.Wm82.gnm2.Gm20	2426117	ss715637056	A	C
glyma.Wm82.gnm2.Gm20	2578341	ss715637097	T	C
glyma.Wm82.gnm2.Gm20	2735361	ss715637147	C	T
glyma.Wm82.gnm2.Gm20	2774132	ss715637159	G	A
glyma.Wm82.gnm2.Gm20	2775818	ss715637161	G	A
glyma.Wm82.gnm2.Gm20	2788760	ss715637165	C	T
glyma.Wm82.gnm2.Gm20	2839801	ss715637179	A	G
glyma.Wm82.gnm2.Gm20	2884004	ss715637198	C	A
glyma.Wm82.gnm2.Gm20	2946641	ss715637221	A	G
glyma.Wm82.gnm2.Gm20	2966077	ss715637230	A	G
glyma.Wm82.gnm2.Gm20	3013871	ss715637247	T	C
glyma.Wm82.gnm2.Gm20	3016191	ss715637249	G	A
glyma.Wm82.gnm2.Gm20	3020183	ss715637252	G	T
glyma.Wm82.gnm2.Gm20	3023460	ss715637254	T	C
glyma.Wm82.gnm2.Gm20	3135713	ss715637308	A	G
glyma.Wm82.gnm2.Gm20	3243686	ss715637346	C	A
glyma.Wm82.gnm2.Gm20	3298248	ss715637413	A	G
glyma.Wm82.gnm2.Gm20	3413871	ss715637552	A	G
glyma.Wm82.gnm2.Gm20	3440138	ss715637604	A	G
glyma.Wm82.gnm2.Gm20	3443310	ss715637612	G	A
glyma.Wm82.gnm2.Gm20	3465745	ss715637633	G	A
glyma.Wm82.gnm2.Gm20	3710773	ss715637949	G	A
glyma.Wm82.gnm2.Gm20	3762196	ss715637981	G	A
glyma.Wm82.gnm2.Gm20	4402063	ss715638610	A	C
glyma.Wm82.gnm2.Gm20	4435657	ss715638636	A	C
glyma.Wm82.gnm2.Gm20	4527651	ss715638767	T	G
glyma.Wm82.gnm2.Gm20	4921125	ss715638961	T	G
glyma.Wm82.gnm2.Gm20	5341241	ss715638976	C	T
glyma.Wm82.gnm2.Gm20	5417429	ss715638978	C	T
glyma.Wm82.gnm2.Gm20	5468541	ss715638981	C	T
glyma.Wm82.gnm2.Gm20	5707325	ss715638986	C	A
glyma.Wm82.gnm2.Gm20	5870059	ss715638991	C	T
glyma.Wm82.gnm2.Gm20	6137136	ss715638998	G	A
glyma.Wm82.gnm2.Gm20	6212178	ss715639001	G	A
glyma.Wm82.gnm2.Gm20	6557188	ss715636546	G	A
glyma.Wm82.gnm2.Gm20	6628723	ss715636547	C	T
glyma.Wm82.gnm2.Gm20	6685609	ss715636551	C	T
glyma.Wm82.gnm2.Gm20	6926111	ss715636556	C	T
glyma.Wm82.gnm2.Gm20	7166838	ss715636567	G	A
glyma.Wm82.gnm2.Gm20	7278401	ss715636571	G	A
glyma.Wm82.gnm2.Gm20	7527790	ss715636580	G	A
glyma.Wm82.gnm2.Gm20	7558725	ss715636581	T	C
glyma.Wm82.gnm2.Gm20	7611717	ss715636585	C	T
glyma.Wm82.gnm2.Gm20	7742916	ss715636589	C	T
glyma.Wm82.gnm2.Gm20	7829907	ss715636593	A	G
glyma.Wm82.gnm2.Gm20	7935450	ss715636598	G	A
glyma.Wm82.gnm2.Gm20	8118424	ss715636608	C	A
glyma.Wm82.gnm2.Gm20	8185503	ss715636611	A	G
glyma.Wm82.gnm2.Gm20	8390753	ss715636618	T	C
glyma.Wm82.gnm2.Gm20	8483256	ss715636621	G	A
glyma.Wm82.gnm2.Gm20	8719062	ss715636631	G	T
glyma.Wm82.gnm2.Gm20	8750040	ss715636734	T	C
glyma.Wm82.gnm2.Gm20	8889067	ss715636730	G	A
glyma.Wm82.gnm2.Gm20	8973146	ss715636728	C	T
glyma.Wm82.gnm2.Gm20	9708845	ss715636701	G	A
glyma.Wm82.gnm2.Gm20	10496202	ss715636832	A	G
glyma.Wm82.gnm2.Gm20	10554676	ss715636830	A	C
glyma.Wm82.gnm2.Gm20	10748443	ss715636821	G	A
glyma.Wm82.gnm2.Gm20	11528610	ss715636799	C	T
glyma.Wm82.gnm2.Gm20	11584925	ss715636797	A	G
glyma.Wm82.gnm2.Gm20	11678188	ss715636795	C	T
glyma.Wm82.gnm2.Gm20	11741659	ss715636791	T	C
glyma.Wm82.gnm2.Gm20	12236008	ss715636765	G	A
glyma.Wm82.gnm2.Gm20	12388542	ss715636758	A	G
glyma.Wm82.gnm2.Gm20	12423771	ss715636757	C	T
glyma.Wm82.gnm2.Gm20	12452410	ss715636756	C	T
glyma.Wm82.gnm2.Gm20	12482017	ss715636755	C	T
glyma.Wm82.gnm2.Gm20	12618798	ss715636750	C	T
glyma.Wm82.gnm2.Gm20	12726873	ss715636747	C	A
glyma.Wm82.gnm2.Gm20	12945861	ss715636737	C	T
glyma.Wm82.gnm2.Gm20	13149876	ss715587772	G	A
glyma.Wm82.gnm2.Gm20	13188555	ss715587771	G	T
glyma.Wm82.gnm2.Gm20	13337632	ss715587766	G	A
glyma.Wm82.gnm2.Gm20	13655219	ss715587758	G	A
glyma.Wm82.gnm2.Gm20	13871104	ss715587751	G	T
glyma.Wm82.gnm2.Gm20	13974177	ss715587747	G	A
glyma.Wm82.gnm2.Gm20	14054701	ss715587745	G	A
glyma.Wm82.gnm2.Gm20	14765612	ss715639134	G	T
glyma.Wm82.gnm2.Gm20	15331271	ss715639133	C	T
glyma.Wm82.gnm2.Gm20	15700008	ss715636837	C	T
glyma.Wm82.gnm2.Gm20	15733626	ss715636838	G	A
glyma.Wm82.gnm2.Gm20	15778942	ss715636840	A	G
glyma.Wm82.gnm2.Gm20	15907081	ss715636843	T	C
glyma.Wm82.gnm2.Gm20	16182532	ss715636854	A	C
glyma.Wm82.gnm2.Gm20	16211007	ss715636855	C	T
glyma.Wm82.gnm2.Gm20	16570139	ss715639025	G	A
glyma.Wm82.gnm2.Gm20	16740845	ss715639019	G	A
glyma.Wm82.gnm2.Gm20	16842845	ss715639017	G	A
glyma.Wm82.gnm2.Gm20	16890923	ss715639016	G	T
glyma.Wm82.gnm2.Gm20	16948260	ss715639012	T	G
glyma.Wm82.gnm2.Gm20	17072255	ss715639008	G	A
glyma.Wm82.gnm2.Gm20	17105763	ss715639006	G	A
glyma.Wm82.gnm2.Gm20	17144768	ss715639005	C	T
glyma.Wm82.gnm2.Gm20	17176674	ss715639004	C	T
glyma.Wm82.gnm2.Gm20	17478202	ss715636887	G	T
glyma.Wm82.gnm2.Gm20	17504069	ss715636885	G	A
glyma.Wm82.gnm2.Gm20	17537644	ss715636883	G	A
glyma.Wm82.gnm2.Gm20	17952976	ss715636868	C	T
glyma.Wm82.gnm2.Gm20	18018475	ss715636866	A	G
glyma.Wm82.gnm2.Gm20	18047936	ss715636865	T	C
glyma.Wm82.gnm2.Gm20	18207802	ss715636858	T	C
glyma.Wm82.gnm2.Gm20	18303580	ss715636534	A	G
glyma.Wm82.gnm2.Gm20	18419574	ss715639101	C	T
glyma.Wm82.gnm2.Gm20	18596178	ss715639094	A	G
glyma.Wm82.gnm2.Gm20	18669823	ss715639092	A	G
glyma.Wm82.gnm2.Gm20	18776832	ss715639089	G	T
glyma.Wm82.gnm2.Gm20	18851171	ss715639088	G	A
glyma.Wm82.gnm2.Gm20	18963777	ss715639086	A	G
glyma.Wm82.gnm2.Gm20	19012154	ss715639084	C	T
glyma.Wm82.gnm2.Gm20	19385331	ss715639075	C	A
glyma.Wm82.gnm2.Gm20	19759899	ss715639069	T	C
glyma.Wm82.gnm2.Gm20	19809923	ss715639068	G	A
glyma.Wm82.gnm2.Gm20	20117508	ss715639062	G	A
glyma.Wm82.gnm2.Gm20	20428963	ss715639048	T	C
glyma.Wm82.gnm2.Gm20	20977430	ss715639033	C	T
glyma.Wm82.gnm2.Gm20	21083902	ss715637283	T	C
glyma.Wm82.gnm2.Gm20	21340061	ss715636897	G	A
glyma.Wm82.gnm2.Gm20	21478613	ss715636901	C	T
glyma.Wm82.gnm2.Gm20	21989553	ss715636922	A	C
glyma.Wm82.gnm2.Gm20	22130229	ss715636927	G	A
glyma.Wm82.gnm2.Gm20	22258118	ss715636931	G	A
glyma.Wm82.gnm2.Gm20	22295080	ss715636933	C	T
glyma.Wm82.gnm2.Gm20	22385660	ss715636937	C	T
glyma.Wm82.gnm2.Gm20	22826148	ss715636947	T	C
glyma.Wm82.gnm2.Gm20	23054863	ss715636951	G	A
glyma.Wm82.gnm2.Gm20	23122640	ss715636953	T	C
glyma.Wm82.gnm2.Gm20	23825579	ss715636980	G	A
glyma.Wm82.gnm2.Gm20	24178716	ss715636992	T	C
glyma.Wm82.gnm2.Gm20	24474941	ss715637000	C	T
glyma.Wm82.gnm2.Gm20	24539392	ss715637003	T	C
glyma.Wm82.gnm2.Gm20	24865838	ss715637020	G	T
glyma.Wm82.gnm2.Gm20	25238164	ss715637045	T	C
glyma.Wm82.gnm2.Gm20	25557530	ss715637059	C	T
glyma.Wm82.gnm2.Gm20	26144627	ss715637073	A	G
glyma.Wm82.gnm2.Gm20	26914701	ss715637093	C	T
glyma.Wm82.gnm2.Gm20	27070796	ss715637099	G	A
glyma.Wm82.gnm2.Gm20	27235566	ss715637104	A	C
glyma.Wm82.gnm2.Gm20	27836248	ss715637121	T	C
glyma.Wm82.gnm2.Gm20	27865646	ss715637122	A	G
glyma.Wm82.gnm2.Gm20	28194486	ss715637132	A	G
glyma.Wm82.gnm2.Gm20	28274612	ss715637134	T	C
glyma.Wm82.gnm2.Gm20	28334965	ss715637136	G	T
glyma.Wm82.gnm2.Gm20	28377275	ss715637138	C	A
glyma.Wm82.gnm2.Gm20	28428027	ss715637141	T	C
glyma.Wm82.gnm2.Gm20	28467689	ss715637142	T	G
glyma.Wm82.gnm2.Gm20	28512842	ss715637143	T	C
glyma.Wm82.gnm2.Gm20	28534588	ss715637144	A	G
glyma.Wm82.gnm2.Gm20	28627120	ss715637148	A	C
glyma.Wm82.gnm2.Gm20	28870199	ss715637154	C	T
glyma.Wm82.gnm2.Gm20	29752954	ss715637186	G	A
glyma.Wm82.gnm2.Gm20	29784897	ss715637187	G	A
glyma.Wm82.gnm2.Gm20	30262326	ss715637205	G	A
glyma.Wm82.gnm2.Gm20	30707732	ss715637223	G	A
glyma.Wm82.gnm2.Gm20	30776133	ss715637226	C	T
glyma.Wm82.gnm2.Gm20	31636175	ss715637266	G	T
glyma.Wm82.gnm2.Gm20	31702354	ss715637268	C	T
glyma.Wm82.gnm2.Gm20	31728036	ss715637271	C	T
glyma.Wm82.gnm2.Gm20	31776855	ss715637273	A	G
glyma.Wm82.gnm2.Gm20	31810008	ss715637274	C	T
glyma.Wm82.gnm2.Gm20	32001829	ss715637281	C	T
glyma.Wm82.gnm2.Gm20	32226336	ss715637291	A	C
glyma.Wm82.gnm2.Gm20	32316912	ss715637296	C	T
glyma.Wm82.gnm2.Gm20	32349560	ss715637298	A	G
glyma.Wm82.gnm2.Gm20	32752215	ss715637316	T	C
glyma.Wm82.gnm2.Gm20	33147435	ss715637330	A	G
glyma.Wm82.gnm2.Gm20	33426599	ss715637338	C	T
glyma.Wm82.gnm2.Gm20	33452958	ss715637339	G	A
glyma.Wm82.gnm2.Gm20	33492307	ss715637340	C	A
glyma.Wm82.gnm2.Gm20	33610157	ss715637344	A	C
glyma.Wm82.gnm2.Gm20	33611465	ss715637345	A	G
glyma.Wm82.gnm2.Gm20	33722368	ss715637354	T	C
glyma.Wm82.gnm2.Gm20	33741976	ss715637356	C	T
glyma.Wm82.gnm2.Gm20	33745629	ss715637359	T	C
glyma.Wm82.gnm2.Gm20	33802131	ss715637362	C	T
glyma.Wm82.gnm2.Gm20	33804511	ss715637364	A	G
glyma.Wm82.gnm2.Gm20	33812776	ss715637367	A	G
glyma.Wm82.gnm2.Gm20	33819316	ss715637368	C	T
glyma.Wm82.gnm2.Gm20	33832635	ss715637369	G	A
glyma.Wm82.gnm2.Gm20	33869023	ss715637372	C	A
glyma.Wm82.gnm2.Gm20	33877588	ss715637373	T	C
glyma.Wm82.gnm2.Gm20	33879447	ss715637374	G	A
glyma.Wm82.gnm2.Gm20	33888466	ss715637375	C	T
glyma.Wm82.gnm2.Gm20	33895129	ss715637376	G	T
glyma.Wm82.gnm2.Gm20	33906986	ss715637377	C	T
glyma.Wm82.gnm2.Gm20	33982675	ss715637382	T	C
glyma.Wm82.gnm2.Gm20	33997837	ss715637384	G	A
glyma.Wm82.gnm2.Gm20	34055713	ss715637389	A	C
glyma.Wm82.gnm2.Gm20	34074375	ss715637394	T	C
glyma.Wm82.gnm2.Gm20	34115076	ss715637401	G	A
glyma.Wm82.gnm2.Gm20	34191675	ss715637415	G	A
glyma.Wm82.gnm2.Gm20	34354259	ss715637432	C	T
glyma.Wm82.gnm2.Gm20	34390313	ss715637436	A	G
glyma.Wm82.gnm2.Gm20	34436178	ss715637440	G	T
glyma.Wm82.gnm2.Gm20	34472737	ss715637441	C	T
glyma.Wm82.gnm2.Gm20	34511485	ss715637444	G	A
glyma.Wm82.gnm2.Gm20	34512158	ss715637445	A	C
glyma.Wm82.gnm2.Gm20	34603866	ss715637458	T	C
glyma.Wm82.gnm2.Gm20	34691718	ss715637470	A	G
glyma.Wm82.gnm2.Gm20	34746226	ss715637475	A	C
glyma.Wm82.gnm2.Gm20	34753554	ss715637476	G	A
glyma.Wm82.gnm2.Gm20	34804068	ss715637483	T	C
glyma.Wm82.gnm2.Gm20	34820278	ss715637487	G	A
glyma.Wm82.gnm2.Gm20	34892880	ss715637498	G	A
glyma.Wm82.gnm2.Gm20	35262658	ss715637540	T	C
glyma.Wm82.gnm2.Gm20	35363119	ss715637555	G	A
glyma.Wm82.gnm2.Gm20	35364671	ss715637556	T	C
glyma.Wm82.gnm2.Gm20	35379699	ss715637557	A	G
glyma.Wm82.gnm2.Gm20	35397932	ss715637561	G	T
glyma.Wm82.gnm2.Gm20	35449030	ss715637571	G	A
glyma.Wm82.gnm2.Gm20	35470474	ss715637577	G	A
glyma.Wm82.gnm2.Gm20	35475655	ss715637578	C	A
glyma.Wm82.gnm2.Gm20	35514013	ss715637584	G	A
glyma.Wm82.gnm2.Gm20	35573900	ss715637593	A	G
glyma.Wm82.gnm2.Gm20	35574654	ss715637594	G	A
glyma.Wm82.gnm2.Gm20	35601857	ss715637603	A	G
glyma.Wm82.gnm2.Gm20	35612492	ss715637605	G	A
glyma.Wm82.gnm2.Gm20	35644640	ss715637613	C	T
glyma.Wm82.gnm2.Gm20	35664974	ss715637618	C	T
glyma.Wm82.gnm2.Gm20	35744525	ss715637621	C	A
glyma.Wm82.gnm2.Gm20	35746744	ss715637622	T	G
glyma.Wm82.gnm2.Gm20	35763497	ss715637625	C	A
glyma.Wm82.gnm2.Gm20	35836361	ss715637629	T	G
glyma.Wm82.gnm2.Gm20	35847536	ss715637631	G	A
glyma.Wm82.gnm2.Gm20	35881004	ss715637638	C	A
glyma.Wm82.gnm2.Gm20	35884862	ss715637640	C	T
glyma.Wm82.gnm2.Gm20	36070281	ss715637654	G	T
glyma.Wm82.gnm2.Gm20	36074213	ss715637655	C	T
glyma.Wm82.gnm2.Gm20	36081945	ss715637657	G	A
glyma.Wm82.gnm2.Gm20	36100560	ss715637658	T	C
glyma.Wm82.gnm2.Gm20	36202867	ss715637665	C	T
glyma.Wm82.gnm2.Gm20	36397119	ss715637685	G	A
glyma.Wm82.gnm2.Gm20	36491017	ss715637693	C	T
glyma.Wm82.gnm2.Gm20	36527784	ss715637704	C	A
glyma.Wm82.gnm2.Gm20	36531577	ss715637705	C	T
glyma.Wm82.gnm2.Gm20	36535849	ss715637707	C	T
glyma.Wm82.gnm2.Gm20	36599059	ss715637714	G	T
glyma.Wm82.gnm2.Gm20	36622029	ss715637717	G	A
glyma.Wm82.gnm2.Gm20	36626029	ss715637718	T	C
glyma.Wm82.gnm2.Gm20	36643111	ss715637721	A	G
glyma.Wm82.gnm2.Gm20	36649805	ss715637723	A	G
glyma.Wm82.gnm2.Gm20	36865215	ss715637769	T	G
glyma.Wm82.gnm2.Gm20	36978153	ss715637790	A	G
glyma.Wm82.gnm2.Gm20	36992042	ss715637793	T	G
glyma.Wm82.gnm2.Gm20	37024629	ss715637799	C	T
glyma.Wm82.gnm2.Gm20	37058939	ss715637803	C	T
glyma.Wm82.gnm2.Gm20	37077229	ss715637805	C	T
glyma.Wm82.gnm2.Gm20	37111768	ss715637812	A	G
glyma.Wm82.gnm2.Gm20	37233589	ss715637831	C	A
glyma.Wm82.gnm2.Gm20	37472079	ss715637843	T	G
glyma.Wm82.gnm2.Gm20	37571165	ss715637855	T	C
glyma.Wm82.gnm2.Gm20	37575532	ss715637857	C	A
glyma.Wm82.gnm2.Gm20	37578978	ss715637858	T	C
glyma.Wm82.gnm2.Gm20	37655328	ss715637866	T	C
glyma.Wm82.gnm2.Gm20	37683008	ss715637872	C	T
glyma.Wm82.gnm2.Gm20	37694966	ss715637874	C	A
glyma.Wm82.gnm2.Gm20	37883918	ss715637897	T	C
glyma.Wm82.gnm2.Gm20	37906943	ss715637904	A	G
glyma.Wm82.gnm2.Gm20	37924727	ss715637905	C	T
glyma.Wm82.gnm2.Gm20	37932734	ss715637907	G	A
glyma.Wm82.gnm2.Gm20	37941728	ss715637908	T	G
glyma.Wm82.gnm2.Gm20	37957230	ss715637911	C	T
glyma.Wm82.gnm2.Gm20	38295146	ss715637946	T	C
glyma.Wm82.gnm2.Gm20	38302005	ss715637947	A	G
glyma.Wm82.gnm2.Gm20	38329006	ss715637950	A	C
glyma.Wm82.gnm2.Gm20	38336429	ss715637952	A	G
glyma.Wm82.gnm2.Gm20	38592481	ss715637968	C	T
glyma.Wm82.gnm2.Gm20	38608664	ss715637969	A	C
glyma.Wm82.gnm2.Gm20	38637332	ss715637971	G	A
glyma.Wm82.gnm2.Gm20	38656535	ss715637973	A	G
glyma.Wm82.gnm2.Gm20	38746557	ss715637975	G	A
glyma.Wm82.gnm2.Gm20	38750487	ss715637976	G	A
glyma.Wm82.gnm2.Gm20	38908871	ss715637986	G	A
glyma.Wm82.gnm2.Gm20	38917672	ss715637987	C	T
glyma.Wm82.gnm2.Gm20	39117958	ss715638003	T	G
glyma.Wm82.gnm2.Gm20	39571076	ss715638035	C	T
glyma.Wm82.gnm2.Gm20	40114965	ss715638068	A	G
glyma.Wm82.gnm2.Gm20	40167557	ss715638071	T	C
glyma.Wm82.gnm2.Gm20	40169260	ss715638072	A	C
glyma.Wm82.gnm2.Gm20	40196595	ss715638073	C	T
glyma.Wm82.gnm2.Gm20	40246470	ss715638075	T	C
glyma.Wm82.gnm2.Gm20	40560686	ss715638090	T	G
glyma.Wm82.gnm2.Gm20	40634600	ss715638097	C	A
glyma.Wm82.gnm2.Gm20	40863726	ss715638116	C	.
glyma.Wm82.gnm2.Gm20	40957332	ss715638120	A	G
glyma.Wm82.gnm2.Gm20	41036046	ss715638129	A	G
glyma.Wm82.gnm2.Gm20	41404763	ss715638164	A	G
glyma.Wm82.gnm2.Gm20	41595484	ss715638173	A	G
glyma.Wm82.gnm2.Gm20	41628530	ss715638177	T	G
glyma.Wm82.gnm2.Gm20	41695618	ss715638183	G	T
glyma.Wm82.gnm2.Gm20	41751372	ss715638193	T	C
glyma.Wm82.gnm2.Gm20	41791040	ss715638197	A	G
glyma.Wm82.gnm2.Gm20	41803365	ss715638200	C	A
glyma.Wm82.gnm2.Gm20	41848079	ss715638206	A	G
glyma.Wm82.gnm2.Gm20	41892060	ss715638211	G	A
glyma.Wm82.gnm2.Gm20	41927940	ss715638216	C	T
glyma.Wm82.gnm2.Gm20	41960493	ss715638217	G	T
glyma.Wm82.gnm2.Gm20	41984420	ss715638218	T	C
glyma.Wm82.gnm2.Gm20	42151223	ss715638240	T	G
glyma.Wm82.gnm2.Gm20	42179701	ss715638249	G	T
glyma.Wm82.gnm2.Gm20	42342772	ss715638268	T	C
glyma.Wm82.gnm2.Gm20	42379363	ss715638280	C	.
glyma.Wm82.gnm2.Gm20	42427461	ss715638284	A	C
glyma.Wm82.gnm2.Gm20	42435291	ss715638286	A	C
glyma.Wm82.gnm2.Gm20	42473531	ss715638293	T	C
glyma.Wm82.gnm2.Gm20	42492081	ss715638298	G	A
glyma.Wm82.gnm2.Gm20	42499203	ss715638302	G	T
glyma.Wm82.gnm2.Gm20	42504183	ss715638304	T	C
glyma.Wm82.gnm2.Gm20	42780888	ss715638333	G	A
glyma.Wm82.gnm2.Gm20	42975516	ss715638373	A	G
glyma.Wm82.gnm2.Gm20	43015352	ss715638382	A	G
glyma.Wm82.gnm2.Gm20	43337371	ss715638414	G	A
glyma.Wm82.gnm2.Gm20	43400334	ss715638418	A	G
glyma.Wm82.gnm2.Gm20	43434531	ss715638420	T	C
glyma.Wm82.gnm2.Gm20	43553164	ss715638432	G	A
glyma.Wm82.gnm2.Gm20	43639437	ss715638440	A	G
glyma.Wm82.gnm2.Gm20	43757940	ss715638455	A	G
glyma.Wm82.gnm2.Gm20	43922001	ss715638465	G	T
glyma.Wm82.gnm2.Gm20	43965346	ss715638472	A	G
glyma.Wm82.gnm2.Gm20	44085922	ss715638481	T	C
glyma.Wm82.gnm2.Gm20	44094397	ss715638482	C	A
glyma.Wm82.gnm2.Gm20	44147676	ss715638492	A	C
glyma.Wm82.gnm2.Gm20	44165834	ss715638493	C	A
glyma.Wm82.gnm2.Gm20	44184544	ss715638495	C	T
glyma.Wm82.gnm2.Gm20	44241530	ss715638503	G	A
glyma.Wm82.gnm2.Gm20	44259757	ss715638505	A	G
glyma.Wm82.gnm2.Gm20	44272285	ss715638506	A	G
glyma.Wm82.gnm2.Gm20	44419692	ss715638523	A	C
glyma.Wm82.gnm2.Gm20	44447629	ss715638528	C	T
glyma.Wm82.gnm2.Gm20	44687294	ss715638560	T	C
glyma.Wm82.gnm2.Gm20	44785281	ss715638570	A	G
glyma.Wm82.gnm2.Gm20	44802809	ss715638571	T	C
glyma.Wm82.gnm2.Gm20	44832825	ss715638575	C	T
glyma.Wm82.gnm2.Gm20	45101461	ss715638600	T	C
glyma.Wm82.gnm2.Gm20	45157925	ss715638606	G	.
glyma.Wm82.gnm2.Gm20	45240031	ss715638608	T	C
glyma.Wm82.gnm2.Gm20	45543622	ss715638621	A	G
glyma.Wm82.gnm2.Gm20	45573400	ss715638623	A	G
glyma.Wm82.gnm2.Gm20	45646401	ss715638634	C	T
glyma.Wm82.gnm2.Gm20	45718673	ss715638651	T	C
glyma.Wm82.gnm2.Gm20	45721130	ss715638652	A	G
glyma.Wm82.gnm2.Gm20	45794221	ss715638660	C	T
glyma.Wm82.gnm2.Gm20	45921209	ss715638674	A	C
glyma.Wm82.gnm2.Gm20	45977323	ss715638685	C	A
glyma.Wm82.gnm2.Gm20	46042628	ss715638699	G	A
glyma.Wm82.gnm2.Gm20	46151617	ss715638711	C	A
glyma.Wm82.gnm2.Gm20	46264840	ss715638719	G	T
glyma.Wm82.gnm2.Gm20	46265949	ss715638720	T	C
glyma.Wm82.gnm2.Gm20	46292071	ss715638728	C	A
glyma.Wm82.gnm2.Gm20	46362608	ss715638741	G	A
glyma.Wm82.gnm2.Gm20	46390309	ss715638744	C	T
glyma.Wm82.gnm2.Gm20	46556257	ss715638765	G	A
glyma.Wm82.gnm2.Gm20	46675603	ss715638783	C	A
glyma.Wm82.gnm2.Gm20	46703182	ss715638789	A	C
glyma.Wm82.gnm2.Gm20	46714451	ss715638790	C	A
glyma.Wm82.gnm2.Gm20	46754981	ss715638798	C	A
glyma.Wm82.gnm2.Gm20	46757047	ss715638800	A	G
glyma.Wm82.gnm2.Gm20	46797702	ss715638803	C	A
glyma.Wm82.gnm2.Gm20	46826697	ss715638808	G	A
glyma.Wm82.gnm2.Gm20	46868741	ss715638815	C	T
glyma.Wm82.gnm2.Gm20	46870628	ss715638817	G	A
glyma.Wm82.gnm2.Gm20	46940425	ss715638835	A	C
glyma.Wm82.gnm2.Gm20	47072422	ss715638854	G	A
glyma.Wm82.gnm2.Gm20	47315494	ss715638888	G	A
glyma.Wm82.gnm2.Gm20	47332013	ss715638890	T	G
glyma.Wm82.gnm2.Gm20	47366132	ss715638895	A	C
glyma.Wm82.gnm2.Gm20	47401456	ss715638898	C	T
glyma.Wm82.gnm2.Gm20	47756754	ss715638937	A	C
glyma.Wm82.gnm2.Gm20	47829213	ss715638942	T	G
glyma.Wm82.gnm2.Gm20	47881223	ss715638949	G	T
glyma.Wm82.gnm2.scaffold_105	7169	ss715586959	G	A
glyma.Wm82.gnm2.scaffold_108	1419	ss715630109	A	G
glyma.Wm82.gnm2.scaffold_109	12254	ss715594289	A	G
glyma.Wm82.gnm2.scaffold_1144	1265	ss715639109	G	A
glyma.Wm82.gnm2.scaffold_1162	2183	ss715585245	C	T
glyma.Wm82.gnm2.scaffold_1434	970	ss715639119	A	C
glyma.Wm82.gnm2.scaffold_181	45413	ss715630096	T	G
glyma.Wm82.gnm2.scaffold_186	15615	ss715629272	G	T
glyma.Wm82.gnm2.scaffold_1871	989	ss715639125	C	T
glyma.Wm82.gnm2.scaffold_21	36351	ss715609099	T	G
glyma.Wm82.gnm2.scaffold_21	38383	ss715609098	T	C
glyma.Wm82.gnm2.scaffold_21	38450	ss715609097	C	T
glyma.Wm82.gnm2.scaffold_21	38498	ss715609096	G	A
glyma.Wm82.gnm2.scaffold_21	38566	ss715609095	C	T
glyma.Wm82.gnm2.scaffold_21	48699	ss715609094	A	G
glyma.Wm82.gnm2.scaffold_21	63247	ss715609093	A	G
glyma.Wm82.gnm2.scaffold_21	64552	ss715609092	A	G
glyma.Wm82.gnm2.scaffold_21	100533	ss715609091	G	A
glyma.Wm82.gnm2.scaffold_21	100807	ss715609089	C	T
glyma.Wm82.gnm2.scaffold_21	115886	ss715609087	C	A
glyma.Wm82.gnm2.scaffold_21	116646	ss715609086	G	A
glyma.Wm82.gnm2.scaffold_21	116688	ss715609085	G	T
glyma.Wm82.gnm2.scaffold_21	116970	ss715609084	T	C
glyma.Wm82.gnm2.scaffold_21	160632	ss715609079	G	A
glyma.Wm82.gnm2.scaffold_21	161114	ss715609078	G	A
glyma.Wm82.gnm2.scaffold_21	188585	ss715609077	G	A
glyma.Wm82.gnm2.scaffold_21	189622	ss715609076	T	C
glyma.Wm82.gnm2.scaffold_21	189701	ss715609075	T	G
glyma.Wm82.gnm2.scaffold_21	202451	ss715609072	G	A
glyma.Wm82.gnm2.scaffold_21	202704	ss715609071	G	A
glyma.Wm82.gnm2.scaffold_21	202812	ss715609070	G	A
glyma.Wm82.gnm2.scaffold_21	302645	ss715609066	A	G
glyma.Wm82.gnm2.scaffold_21	373621	ss715609063	G	A
glyma.Wm82.gnm2.scaffold_21	377174	ss715609062	C	T
glyma.Wm82.gnm2.scaffold_21	417092	ss715609061	G	A
glyma.Wm82.gnm2.scaffold_21	417770	ss715609060	G	A
glyma.Wm82.gnm2.scaffold_21	420123	ss715609059	G	A
glyma.Wm82.gnm2.scaffold_21	421004	ss715609058	T	C
glyma.Wm82.gnm2.scaffold_21	426619	ss715609057	T	C
glyma.Wm82.gnm2.scaffold_21	451328	ss715609056	A	G
glyma.Wm82.gnm2.scaffold_21	479928	ss715609055	A	G
glyma.Wm82.gnm2.scaffold_21	480031	ss715609054	A	G
glyma.Wm82.gnm2.scaffold_21	523784	ss715609052	G	A
glyma.Wm82.gnm2.scaffold_21	523851	ss715609051	C	T
glyma.Wm82.gnm2.scaffold_21	536553	ss715609049	T	G
glyma.Wm82.gnm2.scaffold_21	536603	ss715609048	C	T
glyma.Wm82.gnm2.scaffold_21	536874	ss715609047	G	A
glyma.Wm82.gnm2.scaffold_21	537224	ss715609046	C	A
glyma.Wm82.gnm2.scaffold_21	537278	ss715609045	C	T
glyma.Wm82.gnm2.scaffold_21	540371	ss715609044	G	A
glyma.Wm82.gnm2.scaffold_21	551325	ss715609042	C	T
glyma.Wm82.gnm2.scaffold_21	562076	ss715609041	A	C
glyma.Wm82.gnm2.scaffold_21	583599	ss715609040	C	T
glyma.Wm82.gnm2.scaffold_21	599286	ss715609039	A	G
glyma.Wm82.gnm2.scaffold_21	599352	ss715609038	C	A
glyma.Wm82.gnm2.scaffold_21	603897	ss715609036	A	C
glyma.Wm82.gnm2.scaffold_21	646396	ss715609034	A	G
glyma.Wm82.gnm2.scaffold_21	669412	ss715609032	A	G
glyma.Wm82.gnm2.scaffold_21	686610	ss715609031	T	C
glyma.Wm82.gnm2.scaffold_21	788729	ss715609030	G	A
glyma.Wm82.gnm2.scaffold_21	859380	ss715609028	T	G
glyma.Wm82.gnm2.scaffold_21	897100	ss715609024	A	G
glyma.Wm82.gnm2.scaffold_21	941502	ss715609021	C	T
glyma.Wm82.gnm2.scaffold_21	967555	ss715609020	T	C
glyma.Wm82.gnm2.scaffold_21	967898	ss715609019	G	A
glyma.Wm82.gnm2.scaffold_21	1195549	ss715609016	G	A
glyma.Wm82.gnm2.scaffold_21	1211214	ss715609014	G	T
glyma.Wm82.gnm2.scaffold_21	1214744	ss715609013	A	G
glyma.Wm82.gnm2.scaffold_21	1224807	ss715609011	G	A
glyma.Wm82.gnm2.scaffold_21	1272697	ss715609010	G	T
glyma.Wm82.gnm2.scaffold_21	1276792	ss715609009	T	G
glyma.Wm82.gnm2.scaffold_21	1304065	ss715609008	G	A
glyma.Wm82.gnm2.scaffold_21	1308225	ss715609007	A	G
glyma.Wm82.gnm2.scaffold_21	1467704	ss715609001	T	C
glyma.Wm82.gnm2.scaffold_21	1478314	ss715609000	G	A
glyma.Wm82.gnm2.scaffold_21	1478728	ss715608999	T	C
glyma.Wm82.gnm2.scaffold_21	1479172	ss715608998	C	T
glyma.Wm82.gnm2.scaffold_21	1488729	ss715608996	C	T
glyma.Wm82.gnm2.scaffold_21	1497498	ss715608993	G	A
glyma.Wm82.gnm2.scaffold_21	1758638	ss715608986	G	A
glyma.Wm82.gnm2.scaffold_21	1780488	ss715608985	A	G
glyma.Wm82.gnm2.scaffold_21	1780922	ss715608984	A	G
glyma.Wm82.gnm2.scaffold_21	1944777	ss715608981	T	C
glyma.Wm82.gnm2.scaffold_21	1945667	ss715608980	A	C
glyma.Wm82.gnm2.scaffold_21	1992191	ss715608979	C	A
glyma.Wm82.gnm2.scaffold_21	2063101	ss715608974	C	T
glyma.Wm82.gnm2.scaffold_21	2065651	ss715608972	G	A
glyma.Wm82.gnm2.scaffold_21	2099134	ss715608971	T	C
glyma.Wm82.gnm2.scaffold_21	2113956	ss715608969	A	G
glyma.Wm82.gnm2.scaffold_21	2114048	ss715608968	G	A
glyma.Wm82.gnm2.scaffold_21	2150112	ss715608966	C	A
glyma.Wm82.gnm2.scaffold_21	2174239	ss715608965	A	G
glyma.Wm82.gnm2.scaffold_21	2305754	ss715608962	C	T
glyma.Wm82.gnm2.scaffold_21	2308753	ss715608961	T	C
glyma.Wm82.gnm2.scaffold_21	2380818	ss715608958	A	C
glyma.Wm82.gnm2.scaffold_21	2424652	ss715608956	A	G
glyma.Wm82.gnm2.scaffold_21	2425309	ss715608955	C	T
glyma.Wm82.gnm2.scaffold_21	2445973	ss715608954	C	A
glyma.Wm82.gnm2.scaffold_21	2466482	ss715608952	A	G
glyma.Wm82.gnm2.scaffold_21	2466554	ss715608951	A	G
glyma.Wm82.gnm2.scaffold_21	2527119	ss715608948	C	T
glyma.Wm82.gnm2.scaffold_21	2538158	ss715608947	T	C
glyma.Wm82.gnm2.scaffold_21	2548821	ss715608946	G	A
glyma.Wm82.gnm2.scaffold_21	2555970	ss715608945	A	G
glyma.Wm82.gnm2.scaffold_21	2560360	ss715608944	T	C
glyma.Wm82.gnm2.scaffold_21	2560801	ss715608943	T	G
glyma.Wm82.gnm2.scaffold_21	2569118	ss715608941	T	C
glyma.Wm82.gnm2.scaffold_21	2572272	ss715608940	T	C
glyma.Wm82.gnm2.scaffold_21	2592717	ss715608939	A	G
glyma.Wm82.gnm2.scaffold_21	2620122	ss715608933	T	G
glyma.Wm82.gnm2.scaffold_21	2693199	ss715608931	C	T
glyma.Wm82.gnm2.scaffold_21	2694281	ss715608930	T	C
glyma.Wm82.gnm2.scaffold_21	2700395	ss715608929	A	G
glyma.Wm82.gnm2.scaffold_21	2707914	ss715608928	A	G
glyma.Wm82.gnm2.scaffold_21	2785434	ss715608927	C	A
glyma.Wm82.gnm2.scaffold_21	2812612	ss715608925	A	C
glyma.Wm82.gnm2.scaffold_21	2831264	ss715608922	G	A
glyma.Wm82.gnm2.scaffold_21	2906070	ss715608921	G	A
glyma.Wm82.gnm2.scaffold_21	2906789	ss715608920	A	G
glyma.Wm82.gnm2.scaffold_21	2935462	ss715608919	C	T
glyma.Wm82.gnm2.scaffold_21	2942381	ss715608917	G	A
glyma.Wm82.gnm2.scaffold_21	2961035	ss715608915	G	A
glyma.Wm82.gnm2.scaffold_21	2962622	ss715608914	G	T
glyma.Wm82.gnm2.scaffold_21	2971491	ss715608913	C	T
glyma.Wm82.gnm2.scaffold_21	2974596	ss715608912	A	G
glyma.Wm82.gnm2.scaffold_21	2974687	ss715608910	G	A
glyma.Wm82.gnm2.scaffold_21	2982415	ss715608907	A	G
glyma.Wm82.gnm2.scaffold_21	2982545	ss715608906	A	G
glyma.Wm82.gnm2.scaffold_21	3014505	ss715608904	A	G
glyma.Wm82.gnm2.scaffold_21	3043153	ss715608903	A	G
glyma.Wm82.gnm2.scaffold_21	3045290	ss715608902	G	T
glyma.Wm82.gnm2.scaffold_21	3048134	ss715608901	T	C
glyma.Wm82.gnm2.scaffold_21	3052541	ss715608900	T	C
glyma.Wm82.gnm2.scaffold_21	3055870	ss715608899	T	C
glyma.Wm82.gnm2.scaffold_21	3061651	ss715608895	C	T
glyma.Wm82.gnm2.scaffold_21	3062545	ss715608893	C	T
glyma.Wm82.gnm2.scaffold_21	3072338	ss715608892	A	G
glyma.Wm82.gnm2.scaffold_21	3083629	ss715608890	C	T
glyma.Wm82.gnm2.scaffold_21	3104171	ss715608888	A	G
glyma.Wm82.gnm2.scaffold_21	3116116	ss715608887	A	G
glyma.Wm82.gnm2.scaffold_21	3118248	ss715608885	A	G
glyma.Wm82.gnm2.scaffold_21	3118757	ss715608884	C	T
glyma.Wm82.gnm2.scaffold_21	3118789	ss715608883	A	G
glyma.Wm82.gnm2.scaffold_21	3119178	ss715608882	A	C
glyma.Wm82.gnm2.scaffold_21	3120768	ss715608881	A	G
glyma.Wm82.gnm2.scaffold_21	3120849	ss715608880	C	T
glyma.Wm82.gnm2.scaffold_21	3122963	ss715608878	C	T
glyma.Wm82.gnm2.scaffold_21	3123084	ss715608877	G	A
glyma.Wm82.gnm2.scaffold_21	3123144	ss715608876	A	G
glyma.Wm82.gnm2.scaffold_21	3124695	ss715608875	G	T
glyma.Wm82.gnm2.scaffold_21	3124771	ss715608874	G	A
glyma.Wm82.gnm2.scaffold_21	3125890	ss715608873	C	T
glyma.Wm82.gnm2.scaffold_21	3130954	ss715608871	G	A
glyma.Wm82.gnm2.scaffold_21	3132269	ss715608870	G	A
glyma.Wm82.gnm2.scaffold_21	3133098	ss715608869	T	C
glyma.Wm82.gnm2.scaffold_21	3133777	ss715608868	G	A
glyma.Wm82.gnm2.scaffold_21	3138172	ss715608867	T	C
glyma.Wm82.gnm2.scaffold_21	3145792	ss715608866	C	A
glyma.Wm82.gnm2.scaffold_21	3145889	ss715608865	A	G
glyma.Wm82.gnm2.scaffold_21	3146314	ss715608864	C	A
glyma.Wm82.gnm2.scaffold_21	3158314	ss715608863	G	T
glyma.Wm82.gnm2.scaffold_21	3159385	ss715608862	C	T
glyma.Wm82.gnm2.scaffold_21	3165235	ss715608861	T	C
glyma.Wm82.gnm2.scaffold_21	3201337	ss715608860	C	T
glyma.Wm82.gnm2.scaffold_21	3226051	ss715608859	T	C
glyma.Wm82.gnm2.scaffold_21	3238190	ss715608857	C	T
glyma.Wm82.gnm2.scaffold_21	3302705	ss715608852	T	G
glyma.Wm82.gnm2.scaffold_21	3391664	ss715608850	C	T
glyma.Wm82.gnm2.scaffold_21	3391802	ss715608849	T	C
glyma.Wm82.gnm2.scaffold_21	3392898	ss715608848	C	T
glyma.Wm82.gnm2.scaffold_21	3424291	ss715608847	T	C
glyma.Wm82.gnm2.scaffold_21	3428983	ss715608846	G	A
glyma.Wm82.gnm2.scaffold_21	3438699	ss715608845	G	A
glyma.Wm82.gnm2.scaffold_21	3445040	ss715608844	A	G
glyma.Wm82.gnm2.scaffold_21	3473983	ss715608842	T	G
glyma.Wm82.gnm2.scaffold_21	3488912	ss715608841	C	A
glyma.Wm82.gnm2.scaffold_21	3490834	ss715608840	G	A
glyma.Wm82.gnm2.scaffold_21	3491744	ss715608839	G	A
glyma.Wm82.gnm2.scaffold_21	3492689	ss715608838	T	C
glyma.Wm82.gnm2.scaffold_21	3504683	ss715608837	G	T
glyma.Wm82.gnm2.scaffold_22	333819	ss715609595	T	C
glyma.Wm82.gnm2.scaffold_22	374271	ss715609594	T	C
glyma.Wm82.gnm2.scaffold_22	413387	ss715609593	T	C
glyma.Wm82.gnm2.scaffold_22	579510	ss715609591	A	G
glyma.Wm82.gnm2.scaffold_22	835365	ss715609916	C	T
glyma.Wm82.gnm2.scaffold_22	892815	ss715609917	T	C
glyma.Wm82.gnm2.scaffold_22	965088	ss715609918	T	G
glyma.Wm82.gnm2.scaffold_22	1057612	ss715609920	A	G
glyma.Wm82.gnm2.scaffold_22	1231964	ss715609923	T	C
glyma.Wm82.gnm2.scaffold_23	26895	ss715612082	G	A
glyma.Wm82.gnm2.scaffold_23	57533	ss715612083	G	A
glyma.Wm82.gnm2.scaffold_23	149019	ss715612084	C	T
glyma.Wm82.gnm2.scaffold_23	198887	ss715612085	G	A
glyma.Wm82.gnm2.scaffold_23	368417	ss715612070	C	.
glyma.Wm82.gnm2.scaffold_23	486891	ss715612073	A	C
glyma.Wm82.gnm2.scaffold_23	649731	ss715612079	C	T
glyma.Wm82.gnm2.scaffold_23	796513	ss715612080	C	T
glyma.Wm82.gnm2.scaffold_24	40608	ss715581569	G	A
glyma.Wm82.gnm2.scaffold_24	119574	ss715581566	G	A
glyma.Wm82.gnm2.scaffold_24	159937	ss715581565	C	T
glyma.Wm82.gnm2.scaffold_24	262763	ss715581562	C	T
glyma.Wm82.gnm2.scaffold_24	300149	ss715581561	G	A
glyma.Wm82.gnm2.scaffold_24	528518	ss715581555	G	A
glyma.Wm82.gnm2.scaffold_258	13626	ss715626439	T	C
glyma.Wm82.gnm2.scaffold_263	3408	ss715616993	T	C
glyma.Wm82.gnm2.scaffold_27	60915	ss715584686	T	C
glyma.Wm82.gnm2.scaffold_27	162501	ss715584692	T	G
glyma.Wm82.gnm2.scaffold_27	191402	ss715584693	T	C
glyma.Wm82.gnm2.scaffold_27	217029	ss715584694	A	G
glyma.Wm82.gnm2.scaffold_27	266313	ss715584695	A	G
glyma.Wm82.gnm2.scaffold_27	333872	ss715584697	G	T
glyma.Wm82.gnm2.scaffold_28	6724	ss715619988	G	A
glyma.Wm82.gnm2.scaffold_28	28674	ss715619985	G	A
glyma.Wm82.gnm2.scaffold_28	33620	ss715619984	G	A
glyma.Wm82.gnm2.scaffold_28	38387	ss715619982	A	G
glyma.Wm82.gnm2.scaffold_28	42310	ss715619981	T	C
glyma.Wm82.gnm2.scaffold_28	59351	ss715619980	G	A
glyma.Wm82.gnm2.scaffold_28	64866	ss715619979	C	T
glyma.Wm82.gnm2.scaffold_28	65773	ss715619978	T	G
glyma.Wm82.gnm2.scaffold_28	68159	ss715619976	T	C
glyma.Wm82.gnm2.scaffold_28	68792	ss715619975	A	G
glyma.Wm82.gnm2.scaffold_28	74899	ss715619974	C	T
glyma.Wm82.gnm2.scaffold_28	80337	ss715619973	T	C
glyma.Wm82.gnm2.scaffold_28	86509	ss715619972	G	A
glyma.Wm82.gnm2.scaffold_28	97173	ss715619971	G	A
glyma.Wm82.gnm2.scaffold_28	108827	ss715619970	G	A
glyma.Wm82.gnm2.scaffold_28	122452	ss715619968	A	C
glyma.Wm82.gnm2.scaffold_28	136748	ss715619967	T	C
glyma.Wm82.gnm2.scaffold_28	147741	ss715619966	C	A
glyma.Wm82.gnm2.scaffold_28	154615	ss715619964	C	A
glyma.Wm82.gnm2.scaffold_28	157983	ss715619963	T	C
glyma.Wm82.gnm2.scaffold_28	160628	ss715619962	T	C
glyma.Wm82.gnm2.scaffold_28	162363	ss715619961	A	G
glyma.Wm82.gnm2.scaffold_28	166157	ss715619960	G	A
glyma.Wm82.gnm2.scaffold_28	168099	ss715619958	T	C
glyma.Wm82.gnm2.scaffold_28	168878	ss715619957	A	G
glyma.Wm82.gnm2.scaffold_28	183989	ss715619953	T	G
glyma.Wm82.gnm2.scaffold_28	204351	ss715619950	C	T
glyma.Wm82.gnm2.scaffold_28	214030	ss715619949	C	T
glyma.Wm82.gnm2.scaffold_28	223576	ss715619947	G	A
glyma.Wm82.gnm2.scaffold_28	226523	ss715619945	G	A
glyma.Wm82.gnm2.scaffold_28	262880	ss715619943	G	A
glyma.Wm82.gnm2.scaffold_28	271037	ss715619940	G	A
glyma.Wm82.gnm2.scaffold_28	277287	ss715619938	A	G
glyma.Wm82.gnm2.scaffold_28	278205	ss715619937	C	T
glyma.Wm82.gnm2.scaffold_28	281434	ss715619936	A	G
glyma.Wm82.gnm2.scaffold_28	282976	ss715619935	A	G
glyma.Wm82.gnm2.scaffold_28	299082	ss715619932	C	T
glyma.Wm82.gnm2.scaffold_28	300620	ss715619931	G	A
glyma.Wm82.gnm2.scaffold_28	304184	ss715619930	T	C
glyma.Wm82.gnm2.scaffold_28	316365	ss715619929	A	G
glyma.Wm82.gnm2.scaffold_28	327142	ss715619928	C	T
glyma.Wm82.gnm2.scaffold_288	4675	ss715599016	G	T
glyma.Wm82.gnm2.scaffold_288	7673	ss715599015	G	A
glyma.Wm82.gnm2.scaffold_31	160795	ss715606170	G	A
glyma.Wm82.gnm2.scaffold_31	186217	ss715606169	T	C
glyma.Wm82.gnm2.scaffold_32	59398	ss715608819	C	T
glyma.Wm82.gnm2.scaffold_32	90572	ss715608822	T	C
glyma.Wm82.gnm2.scaffold_32	94143	ss715608823	G	A
glyma.Wm82.gnm2.scaffold_32	94302	ss715608824	G	A
glyma.Wm82.gnm2.scaffold_32	96454	ss715608825	C	T
glyma.Wm82.gnm2.scaffold_32	116221	ss715608826	G	T
glyma.Wm82.gnm2.scaffold_32	165798	ss715608827	C	T
glyma.Wm82.gnm2.scaffold_32	234189	ss715608829	G	A
glyma.Wm82.gnm2.scaffold_32	255355	ss715608830	C	T
glyma.Wm82.gnm2.scaffold_32	259746	ss715608831	A	G
glyma.Wm82.gnm2.scaffold_32	259873	ss715608832	A	G
glyma.Wm82.gnm2.scaffold_32	260803	ss715608833	A	C
glyma.Wm82.gnm2.scaffold_32	260941	ss715608834	G	A
glyma.Wm82.gnm2.scaffold_32	261619	ss715608835	A	G
glyma.Wm82.gnm2.scaffold_32	262216	ss715608836	C	A
glyma.Wm82.gnm2.scaffold_344	6447	ss715624958	T	C
glyma.Wm82.gnm2.scaffold_344	11614	ss715624959	T	C
glyma.Wm82.gnm2.scaffold_376	3025	ss715603654	G	A
glyma.Wm82.gnm2.scaffold_40	110763	ss715584705	A	G
glyma.Wm82.gnm2.scaffold_44	121394	ss715639159	A	G
glyma.Wm82.gnm2.scaffold_440	9849	ss715636219	T	C
glyma.Wm82.gnm2.scaffold_543	1044	ss715616851	C	T
glyma.Wm82.gnm2.scaffold_543	1773	ss715616852	T	C
glyma.Wm82.gnm2.scaffold_65	93481	ss715611709	T	C
glyma.Wm82.gnm2.scaffold_72	88188	ss715639176	G	A
glyma.Wm82.gnm2.scaffold_74	20102	ss715626277	G	A
glyma.Wm82.gnm2.scaffold_75	56474	ss715586962	T	C
glyma.Wm82.gnm2.scaffold_759	4974	ss715623959	C	T
glyma.Wm82.gnm2.scaffold_843	3015	ss715584606	C	T
glyma.Wm82.gnm2.scaffold_91	24874	ss715633065	G	A
glyma.Wm82.gnm2.scaffold_96	58570	ss715610100	G	A
